secid,date,days,volatility,index_flag
101594,2020-08-31,10,0.267962,0
101594,2020-08-31,14,0.304956,0
101594,2020-08-31,30,0.313118,0
101594,2020-08-31,60,0.375779,0
101594,2020-08-31,91,0.352131,0
101594,2020-08-31,122,0.318853,0
101594,2020-08-31,152,0.342692,0
101594,2020-08-31,182,0.521695,0
101594,2020-08-31,273,0.47112,0
101594,2020-08-31,365,0.418142,0
101594,2020-08-31,547,0.37347,0
101594,2020-08-31,730,0.375006,0
101594,2020-08-31,1825,0.290665,0
101594,2020-09-01,10,0.314391,0
101594,2020-09-01,14,0.332726,0
101594,2020-09-01,30,0.321704,0
101594,2020-09-01,60,0.378614,0
101594,2020-09-01,91,0.357629,0
101594,2020-09-01,122,0.321734,0
101594,2020-09-01,152,0.345923,0
101594,2020-09-01,182,0.52136,0
101594,2020-09-01,273,0.472226,0
101594,2020-09-01,365,0.418806,0
101594,2020-09-01,547,0.374628,0
101594,2020-09-01,730,0.375565,0
101594,2020-09-01,1825,0.291032,0
101594,2020-09-02,10,0.341378,0
101594,2020-09-02,14,0.374324,0
101594,2020-09-02,30,0.33456,0
101594,2020-09-02,60,0.381166,0
101594,2020-09-02,91,0.36217,0
101594,2020-09-02,122,0.323476,0
101594,2020-09-02,152,0.347061,0
101594,2020-09-02,182,0.519433,0
101594,2020-09-02,273,0.473065,0
101594,2020-09-02,365,0.419129,0
101594,2020-09-02,547,0.375116,0
101594,2020-09-02,730,0.375534,0
101594,2020-09-02,1825,0.291159,0
101594,2020-09-03,10,0.606972,0
101594,2020-09-03,14,0.604625,0
101594,2020-09-03,30,0.45732,0
101594,2020-09-03,60,0.436363,0
101594,2020-09-03,91,0.403585,0
101594,2020-09-03,122,0.358354,0
101594,2020-09-03,152,0.372757,0
101594,2020-09-03,182,0.53142,0
101594,2020-09-03,273,0.483538,0
101594,2020-09-03,365,0.427857,0
101594,2020-09-03,547,0.381609,0
101594,2020-09-03,730,0.38033,0
101594,2020-09-03,1825,0.293505,0
101594,2020-09-04,10,0.607341,0
101594,2020-09-04,14,0.542264,0
101594,2020-09-04,30,0.457499,0
101594,2020-09-04,60,0.433821,0
101594,2020-09-04,91,0.401345,0
101594,2020-09-04,122,0.358119,0
101594,2020-09-04,152,0.371107,0
101594,2020-09-04,182,0.530871,0
101594,2020-09-04,273,0.483192,0
101594,2020-09-04,365,0.427564,0
101594,2020-09-04,547,0.381432,0
101594,2020-09-04,730,0.380287,0
101594,2020-09-04,1825,0.293388,0
101594,2020-09-08,10,0.815464,0
101594,2020-09-08,14,0.666142,0
101594,2020-09-08,30,0.514423,0
101594,2020-09-08,60,0.484659,0
101594,2020-09-08,91,0.428581,0
101594,2020-09-08,122,0.383569,0
101594,2020-09-08,152,0.373048,0
101594,2020-09-08,182,0.52085,0
101594,2020-09-08,273,0.491398,0
101594,2020-09-08,365,0.434567,0
101594,2020-09-08,547,0.38563,0
101594,2020-09-08,730,0.383713,0
101594,2020-09-08,1825,0.294811,0
101594,2020-09-09,10,0.816586,0
101594,2020-09-09,14,0.708529,0
101594,2020-09-09,30,0.529589,0
101594,2020-09-09,60,0.486375,0
101594,2020-09-09,91,0.432182,0
101594,2020-09-09,122,0.385912,0
101594,2020-09-09,152,0.374981,0
101594,2020-09-09,182,0.520249,0
101594,2020-09-09,273,0.493159,0
101594,2020-09-09,365,0.43598,0
101594,2020-09-09,547,0.386723,0
101594,2020-09-09,730,0.384489,0
101594,2020-09-09,1825,0.29524,0
101594,2020-09-10,10,0.768376,0
101594,2020-09-10,14,0.720696,0
101594,2020-09-10,30,0.531976,0
101594,2020-09-10,60,0.489289,0
101594,2020-09-10,91,0.425217,0
101594,2020-09-10,122,0.390961,0
101594,2020-09-10,152,0.3779,0
101594,2020-09-10,182,0.499786,0
101594,2020-09-10,273,0.494943,0
101594,2020-09-10,365,0.436562,0
101594,2020-09-10,547,0.38782,0
101594,2020-09-10,730,0.384916,0
101594,2020-09-10,1825,0.295524,0
101594,2020-09-11,10,0.660841,0
101594,2020-09-11,14,0.718682,0
101594,2020-09-11,30,0.522016,0
101594,2020-09-11,60,0.490633,0
101594,2020-09-11,91,0.426663,0
101594,2020-09-11,122,0.391182,0
101594,2020-09-11,152,0.377152,0
101594,2020-09-11,182,0.47595,0
101594,2020-09-11,273,0.495132,0
101594,2020-09-11,365,0.436828,0
101594,2020-09-11,547,0.387968,0
101594,2020-09-11,730,0.384929,0
101594,2020-09-11,1825,0.295476,0
101594,2020-09-14,10,0.713485,0
101594,2020-09-14,14,0.711304,0
101594,2020-09-14,30,0.542536,0
101594,2020-09-14,60,0.504106,0
101594,2020-09-14,91,0.42933,0
101594,2020-09-14,122,0.396804,0
101594,2020-09-14,152,0.375061,0
101594,2020-09-14,182,0.432468,0
101594,2020-09-14,273,0.495837,0
101594,2020-09-14,365,0.437059,0
101594,2020-09-14,547,0.388504,0
101594,2020-09-14,730,0.38539,0
101594,2020-09-14,1825,0.295942,0
101594,2020-09-15,10,0.642196,0
101594,2020-09-15,14,0.6509,0
101594,2020-09-15,30,0.528822,0
101594,2020-09-15,60,0.503895,0
101594,2020-09-15,91,0.427154,0
101594,2020-09-15,122,0.394447,0
101594,2020-09-15,152,0.375055,0
101594,2020-09-15,182,0.429108,0
101594,2020-09-15,273,0.495838,0
101594,2020-09-15,365,0.437055,0
101594,2020-09-15,547,0.388454,0
101594,2020-09-15,730,0.385006,0
101594,2020-09-15,1825,0.295766,0
101594,2020-09-16,10,0.60134,0
101594,2020-09-16,14,0.654526,0
101594,2020-09-16,30,0.539079,0
101594,2020-09-16,60,0.50481,0
101594,2020-09-16,91,0.432501,0
101594,2020-09-16,122,0.39665,0
101594,2020-09-16,152,0.377816,0
101594,2020-09-16,182,0.429889,0
101594,2020-09-16,273,0.497253,0
101594,2020-09-16,365,0.438294,0
101594,2020-09-16,547,0.389261,0
101594,2020-09-16,730,0.385122,0
101594,2020-09-16,1825,0.296085,0
101594,2020-09-17,10,0.557516,0
101594,2020-09-17,14,0.525455,0
101594,2020-09-17,30,0.540374,0
101594,2020-09-17,60,0.501052,0
101594,2020-09-17,91,0.434297,0
101594,2020-09-17,122,0.396837,0
101594,2020-09-17,152,0.377342,0
101594,2020-09-17,182,0.430544,0
101594,2020-09-17,273,0.497721,0
101594,2020-09-17,365,0.438654,0
101594,2020-09-17,547,0.389518,0
101594,2020-09-17,730,0.385323,0
101594,2020-09-17,1825,0.296068,0
101594,2020-09-18,10,0.445152,0
101594,2020-09-18,14,0.532939,0
101594,2020-09-18,30,0.550041,0
101594,2020-09-18,60,0.506284,0
101594,2020-09-18,91,0.439819,0
101594,2020-09-18,122,0.401378,0
101594,2020-09-18,152,0.379707,0
101594,2020-09-18,182,0.422064,0
101594,2020-09-18,273,0.499323,0
101594,2020-09-18,365,0.439914,0
101594,2020-09-18,547,0.389547,0
101594,2020-09-18,730,0.38606,0
101594,2020-09-18,1825,0.296327,0
101594,2020-09-21,10,0.444027,0
101594,2020-09-21,14,0.548195,0
101594,2020-09-21,30,0.533447,0
101594,2020-09-21,60,0.50628,0
101594,2020-09-21,91,0.440738,0
101594,2020-09-21,122,0.407402,0
101594,2020-09-21,152,0.377524,0
101594,2020-09-21,182,0.421823,0
101594,2020-09-21,273,0.500091,0
101594,2020-09-21,365,0.440406,0
101594,2020-09-21,547,0.389746,0
101594,2020-09-21,730,0.386849,0
101594,2020-09-21,1825,0.29666,0
101594,2020-09-22,10,0.420224,0
101594,2020-09-22,14,0.442807,0
101594,2020-09-22,30,0.525344,0
101594,2020-09-22,60,0.506761,0
101594,2020-09-22,91,0.439967,0
101594,2020-09-22,122,0.405446,0
101594,2020-09-22,152,0.377684,0
101594,2020-09-22,182,0.402036,0
101594,2020-09-22,273,0.500323,0
101594,2020-09-22,365,0.440587,0
101594,2020-09-22,547,0.389718,0
101594,2020-09-22,730,0.386593,0
101594,2020-09-22,1825,0.296722,0
101594,2020-09-23,10,0.456672,0
101594,2020-09-23,14,0.42629,0
101594,2020-09-23,30,0.537169,0
101594,2020-09-23,60,0.513882,0
101594,2020-09-23,91,0.447609,0
101594,2020-09-23,122,0.411036,0
101594,2020-09-23,152,0.382922,0
101594,2020-09-23,182,0.40739,0
101594,2020-09-23,273,0.501733,0
101594,2020-09-23,365,0.442891,0
101594,2020-09-23,547,0.391325,0
101594,2020-09-23,730,0.387757,0
101594,2020-09-23,1825,0.297371,0
101594,2020-09-24,10,0.414163,0
101594,2020-09-24,14,0.413079,0
101594,2020-09-24,30,0.540718,0
101594,2020-09-24,60,0.507987,0
101594,2020-09-24,91,0.447368,0
101594,2020-09-24,122,0.408773,0
101594,2020-09-24,152,0.381215,0
101594,2020-09-24,182,0.401976,0
101594,2020-09-24,273,0.501411,0
101594,2020-09-24,365,0.442776,0
101594,2020-09-24,547,0.39134,0
101594,2020-09-24,730,0.387792,0
101594,2020-09-24,1825,0.297281,0
101594,2020-09-25,10,0.484694,0
101594,2020-09-25,14,0.458297,0
101594,2020-09-25,30,0.557527,0
101594,2020-09-25,60,0.512136,0
101594,2020-09-25,91,0.447075,0
101594,2020-09-25,122,0.412298,0
101594,2020-09-25,152,0.382732,0
101594,2020-09-25,182,0.399121,0
101594,2020-09-25,273,0.503004,0
101594,2020-09-25,365,0.444016,0
101594,2020-09-25,547,0.392357,0
101594,2020-09-25,730,0.388545,0
101594,2020-09-25,1825,0.297592,0
101594,2020-09-28,10,0.454289,0
101594,2020-09-28,14,0.448562,0
101594,2020-09-28,30,0.580647,0
101594,2020-09-28,60,0.522771,0
101594,2020-09-28,91,0.447217,0
101594,2020-09-28,122,0.418443,0
101594,2020-09-28,152,0.383701,0
101594,2020-09-28,182,0.398636,0
101594,2020-09-28,273,0.503588,0
101594,2020-09-28,365,0.444429,0
101594,2020-09-28,547,0.392726,0
101594,2020-09-28,730,0.389016,0
101594,2020-09-28,1825,0.297474,0
101594,2020-09-29,10,0.431397,0
101594,2020-09-29,14,0.44982,0
101594,2020-09-29,30,0.566074,0
101594,2020-09-29,60,0.464079,0
101594,2020-09-29,91,0.447701,0
101594,2020-09-29,122,0.416458,0
101594,2020-09-29,152,0.383293,0
101594,2020-09-29,182,0.398903,0
101594,2020-09-29,273,0.50369,0
101594,2020-09-29,365,0.444087,0
101594,2020-09-29,547,0.392794,0
101594,2020-09-29,730,0.388682,0
101594,2020-09-29,1825,0.29748,0
101594,2020-09-30,10,0.400623,0
101594,2020-09-30,14,0.425446,0
101594,2020-09-30,30,0.554133,0
101594,2020-09-30,60,0.45952,0
101594,2020-09-30,91,0.448132,0
101594,2020-09-30,122,0.414406,0
101594,2020-09-30,152,0.382302,0
101594,2020-09-30,182,0.390266,0
101594,2020-09-30,273,0.502559,0
101594,2020-09-30,365,0.444252,0
101594,2020-09-30,547,0.392805,0
101594,2020-09-30,730,0.388782,0
101594,2020-09-30,1825,0.297531,0
101594,2020-10-01,10,0.380022,0
101594,2020-10-01,14,0.411855,0
101594,2020-10-01,30,0.533099,0
101594,2020-10-01,60,0.454276,0
101594,2020-10-01,91,0.448155,0
101594,2020-10-01,122,0.414244,0
101594,2020-10-01,152,0.380525,0
101594,2020-10-01,182,0.389959,0
101594,2020-10-01,273,0.502065,0
101594,2020-10-01,365,0.443375,0
101594,2020-10-01,547,0.39282,0
101594,2020-10-01,730,0.388778,0
101594,2020-10-01,1825,0.29743,0
101594,2020-10-02,10,0.435496,0
101594,2020-10-02,14,0.413354,0
101594,2020-10-02,30,0.538679,0
101594,2020-10-02,60,0.458473,0
101594,2020-10-02,91,0.45054,0
101594,2020-10-02,122,0.4191,0
101594,2020-10-02,152,0.383046,0
101594,2020-10-02,182,0.392674,0
101594,2020-10-02,273,0.503516,0
101594,2020-10-02,365,0.444788,0
101594,2020-10-02,547,0.393867,0
101594,2020-10-02,730,0.38946,0
101594,2020-10-02,1825,0.297701,0
101594,2020-10-05,10,0.36742,0
101594,2020-10-05,14,0.414101,0
101594,2020-10-05,30,0.488554,0
101594,2020-10-05,60,0.467822,0
101594,2020-10-05,91,0.451408,0
101594,2020-10-05,122,0.423944,0
101594,2020-10-05,152,0.38807,0
101594,2020-10-05,182,0.378122,0
101594,2020-10-05,273,0.504517,0
101594,2020-10-05,365,0.444946,0
101594,2020-10-05,547,0.394517,0
101594,2020-10-05,730,0.389945,0
101594,2020-10-05,1825,0.298206,0
101594,2020-10-06,10,0.396484,0
101594,2020-10-06,14,0.443798,0
101594,2020-10-06,30,0.485423,0
101594,2020-10-06,60,0.470009,0
101594,2020-10-06,91,0.455845,0
101594,2020-10-06,122,0.425264,0
101594,2020-10-06,152,0.391358,0
101594,2020-10-06,182,0.380429,0
101594,2020-10-06,273,0.505759,0
101594,2020-10-06,365,0.446086,0
101594,2020-10-06,547,0.395199,0
101594,2020-10-06,730,0.390158,0
101594,2020-10-06,1825,0.298459,0
101594,2020-10-07,10,0.377513,0
101594,2020-10-07,14,0.373478,0
101594,2020-10-07,30,0.478536,0
101594,2020-10-07,60,0.465972,0
101594,2020-10-07,91,0.454924,0
101594,2020-10-07,122,0.423353,0
101594,2020-10-07,152,0.390687,0
101594,2020-10-07,182,0.379684,0
101594,2020-10-07,273,0.505792,0
101594,2020-10-07,365,0.446066,0
101594,2020-10-07,547,0.395355,0
101594,2020-10-07,730,0.3903,0
101594,2020-10-07,1825,0.298372,0
101594,2020-10-08,10,0.353904,0
101594,2020-10-08,14,0.375132,0
101594,2020-10-08,30,0.414641,0
101594,2020-10-08,60,0.460412,0
101594,2020-10-08,91,0.454989,0
101594,2020-10-08,122,0.423417,0
101594,2020-10-08,152,0.38889,0
101594,2020-10-08,182,0.379737,0
101594,2020-10-08,273,0.505335,0
101594,2020-10-08,365,0.445996,0
101594,2020-10-08,547,0.395355,0
101594,2020-10-08,730,0.390207,0
101594,2020-10-08,1825,0.298254,0
101594,2020-10-09,10,0.362052,0
101594,2020-10-09,14,0.341517,0
101594,2020-10-09,30,0.396647,0
101594,2020-10-09,60,0.460963,0
101594,2020-10-09,91,0.455878,0
101594,2020-10-09,122,0.421426,0
101594,2020-10-09,152,0.387607,0
101594,2020-10-09,182,0.378665,0
101594,2020-10-09,273,0.505636,0
101594,2020-10-09,365,0.446104,0
101594,2020-10-09,547,0.395449,0
101594,2020-10-09,730,0.388822,0
101594,2020-10-09,1825,0.298222,0
101594,2020-10-12,10,0.481808,0
101594,2020-10-12,14,0.441021,0
101594,2020-10-12,30,0.436224,0
101594,2020-10-12,60,0.481501,0
101594,2020-10-12,91,0.470083,0
101594,2020-10-12,122,0.426439,0
101594,2020-10-12,152,0.399421,0
101594,2020-10-12,182,0.386579,0
101594,2020-10-12,273,0.509806,0
101594,2020-10-12,365,0.449352,0
101594,2020-10-12,547,0.398392,0
101594,2020-10-12,730,0.390735,0
101594,2020-10-12,1825,0.29959,0
101594,2020-10-13,10,0.509536,0
101594,2020-10-13,14,0.469687,0
101594,2020-10-13,30,0.439176,0
101594,2020-10-13,60,0.486739,0
101594,2020-10-13,91,0.47341,0
101594,2020-10-13,122,0.427345,0
101594,2020-10-13,152,0.402378,0
101594,2020-10-13,182,0.383916,0
101594,2020-10-13,273,0.510596,0
101594,2020-10-13,365,0.450324,0
101594,2020-10-13,547,0.399113,0
101594,2020-10-13,730,0.390868,0
101594,2020-10-13,1825,0.299793,0
101594,2020-10-14,10,0.474509,0
101594,2020-10-14,14,0.467477,0
101594,2020-10-14,30,0.429452,0
101594,2020-10-14,60,0.480768,0
101594,2020-10-14,91,0.473391,0
101594,2020-10-14,122,0.424866,0
101594,2020-10-14,152,0.4021,0
101594,2020-10-14,182,0.383481,0
101594,2020-10-14,273,0.510541,0
101594,2020-10-14,365,0.450298,0
101594,2020-10-14,547,0.39911,0
101594,2020-10-14,730,0.390522,0
101594,2020-10-14,1825,0.299768,0
101594,2020-10-15,10,0.457019,0
101594,2020-10-15,14,0.468731,0
101594,2020-10-15,30,0.429965,0
101594,2020-10-15,60,0.475179,0
101594,2020-10-15,91,0.472564,0
101594,2020-10-15,122,0.424858,0
101594,2020-10-15,152,0.400386,0
101594,2020-10-15,182,0.383619,0
101594,2020-10-15,273,0.510459,0
101594,2020-10-15,365,0.450297,0
101594,2020-10-15,547,0.398904,0
101594,2020-10-15,730,0.39028,0
101594,2020-10-15,1825,0.299658,0
101594,2020-10-16,10,0.423983,0
101594,2020-10-16,14,0.436679,0
101594,2020-10-16,30,0.419036,0
101594,2020-10-16,60,0.476536,0
101594,2020-10-16,91,0.473737,0
101594,2020-10-16,122,0.424221,0
101594,2020-10-16,152,0.399489,0
101594,2020-10-16,182,0.38366,0
101594,2020-10-16,273,0.510707,0
101594,2020-10-16,365,0.450617,0
101594,2020-10-16,547,0.399129,0
101594,2020-10-16,730,0.390416,0
101594,2020-10-16,1825,0.299617,0
101594,2020-10-19,10,0.52111,0
101594,2020-10-19,14,0.437169,0
101594,2020-10-19,30,0.417666,0
101594,2020-10-19,60,0.489214,0
101594,2020-10-19,91,0.475894,0
101594,2020-10-19,122,0.431921,0
101594,2020-10-19,152,0.403833,0
101594,2020-10-19,182,0.384362,0
101594,2020-10-19,273,0.510377,0
101594,2020-10-19,365,0.451526,0
101594,2020-10-19,547,0.399261,0
101594,2020-10-19,730,0.390762,0
101594,2020-10-19,1825,0.299997,0
101594,2020-10-20,10,0.48362,0
101594,2020-10-20,14,0.410252,0
101594,2020-10-20,30,0.408787,0
101594,2020-10-20,60,0.47336,0
101594,2020-10-20,91,0.475164,0
101594,2020-10-20,122,0.429669,0
101594,2020-10-20,152,0.403727,0
101594,2020-10-20,182,0.381242,0
101594,2020-10-20,273,0.510433,0
101594,2020-10-20,365,0.451413,0
101594,2020-10-20,547,0.399359,0
101594,2020-10-20,730,0.390459,0
101594,2020-10-20,1825,0.299979,0
101594,2020-10-21,10,0.449061,0
101594,2020-10-21,14,0.405626,0
101594,2020-10-21,30,0.399679,0
101594,2020-10-21,60,0.467658,0
101594,2020-10-21,91,0.475463,0
101594,2020-10-21,122,0.427409,0
101594,2020-10-21,152,0.403957,0
101594,2020-10-21,182,0.37997,0
101594,2020-10-21,273,0.510505,0
101594,2020-10-21,365,0.451459,0
101594,2020-10-21,547,0.399286,0
101594,2020-10-21,730,0.390477,0
101594,2020-10-21,1825,0.299705,0
101594,2020-10-22,10,0.212339,0
101594,2020-10-22,14,0.409441,0
101594,2020-10-22,30,0.399046,0
101594,2020-10-22,60,0.462478,0
101594,2020-10-22,91,0.465632,0
101594,2020-10-22,122,0.4262,0
101594,2020-10-22,152,0.402551,0
101594,2020-10-22,182,0.3803,0
101594,2020-10-22,273,0.510672,0
101594,2020-10-22,365,0.451499,0
101594,2020-10-22,547,0.399391,0
101594,2020-10-22,730,0.390517,0
101594,2020-10-22,1825,0.299625,0
101594,2020-10-23,10,0.178724,0
101594,2020-10-23,14,0.399659,0
101594,2020-10-23,30,0.368153,0
101594,2020-10-23,60,0.461366,0
101594,2020-10-23,91,0.465877,0
101594,2020-10-23,122,0.425315,0
101594,2020-10-23,152,0.400924,0
101594,2020-10-23,182,0.378995,0
101594,2020-10-23,273,0.510728,0
101594,2020-10-23,365,0.451583,0
101594,2020-10-23,547,0.399342,0
101594,2020-10-23,730,0.389701,0
101594,2020-10-23,1825,0.299523,0
101594,2020-10-26,10,0.202026,0
101594,2020-10-26,14,0.192907,0
101594,2020-10-26,30,0.355619,0
101594,2020-10-26,60,0.470252,0
101594,2020-10-26,91,0.464166,0
101594,2020-10-26,122,0.424403,0
101594,2020-10-26,152,0.402546,0
101594,2020-10-26,182,0.379006,0
101594,2020-10-26,273,0.509403,0
101594,2020-10-26,365,0.451485,0
101594,2020-10-26,547,0.399306,0
101594,2020-10-26,730,0.389631,0
101594,2020-10-26,1825,0.298849,0
101594,2020-10-27,10,0.216929,0
101594,2020-10-27,14,0.187264,0
101594,2020-10-27,30,0.349505,0
101594,2020-10-27,60,0.471802,0
101594,2020-10-27,91,0.462906,0
101594,2020-10-27,122,0.422236,0
101594,2020-10-27,152,0.402804,0
101594,2020-10-27,182,0.37815,0
101594,2020-10-27,273,0.508698,0
101594,2020-10-27,365,0.451555,0
101594,2020-10-27,547,0.399409,0
101594,2020-10-27,730,0.389332,0
101594,2020-10-27,1825,0.29887,0
101594,2020-10-28,10,0.320421,0
101594,2020-10-28,14,0.285138,0
101594,2020-10-28,30,0.377669,0
101594,2020-10-28,60,0.479303,0
101594,2020-10-28,91,0.472682,0
101594,2020-10-28,122,0.428623,0
101594,2020-10-28,152,0.410371,0
101594,2020-10-28,182,0.382898,0
101594,2020-10-28,273,0.51141,0
101594,2020-10-28,365,0.453574,0
101594,2020-10-28,547,0.401069,0
101594,2020-10-28,730,0.390605,0
101594,2020-10-28,1825,0.299629,0
101594,2020-10-29,10,0.383216,0
101594,2020-10-29,14,0.36442,0
101594,2020-10-29,30,0.39795,0
101594,2020-10-29,60,0.482944,0
101594,2020-10-29,91,0.477099,0
101594,2020-10-29,122,0.431137,0
101594,2020-10-29,152,0.411595,0
101594,2020-10-29,182,0.384925,0
101594,2020-10-29,273,0.512953,0
101594,2020-10-29,365,0.454834,0
101594,2020-10-29,547,0.400301,0
101594,2020-10-29,730,0.391376,0
101594,2020-10-29,1825,0.299925,0
101594,2020-10-30,10,0.483889,0
101594,2020-10-30,14,0.451485,0
101594,2020-10-30,30,0.439921,0
101594,2020-10-30,60,0.493293,0
101594,2020-10-30,91,0.450912,0
101594,2020-10-30,122,0.443272,0
101594,2020-10-30,152,0.420179,0
101594,2020-10-30,182,0.393516,0
101594,2020-10-30,273,0.514656,0
101594,2020-10-30,365,0.458364,0
101594,2020-10-30,547,0.403196,0
101594,2020-10-30,730,0.393239,0
101594,2020-10-30,1825,0.300957,0
101594,2020-11-02,10,0.574635,0
101594,2020-11-02,14,0.442574,0
101594,2020-11-02,30,0.435967,0
101594,2020-11-02,60,0.449211,0
101594,2020-11-02,91,0.448207,0
101594,2020-11-02,122,0.445863,0
101594,2020-11-02,152,0.423923,0
101594,2020-11-02,182,0.393258,0
101594,2020-11-02,273,0.514638,0
101594,2020-11-02,365,0.457645,0
101594,2020-11-02,547,0.403114,0
101594,2020-11-02,730,0.39036,0
101594,2020-11-02,1825,0.301096,0
101594,2020-11-03,10,0.544901,0
101594,2020-11-03,14,0.445327,0
101594,2020-11-03,30,0.429361,0
101594,2020-11-03,60,0.451321,0
101594,2020-11-03,91,0.449039,0
101594,2020-11-03,122,0.443801,0
101594,2020-11-03,152,0.423979,0
101594,2020-11-03,182,0.393278,0
101594,2020-11-03,273,0.513652,0
101594,2020-11-03,365,0.457812,0
101594,2020-11-03,547,0.403004,0
101594,2020-11-03,730,0.390092,0
101594,2020-11-03,1825,0.301152,0
101594,2020-11-04,10,0.566333,0
101594,2020-11-04,14,0.502344,0
101594,2020-11-04,30,0.439012,0
101594,2020-11-04,60,0.457636,0
101594,2020-11-04,91,0.455925,0
101594,2020-11-04,122,0.445868,0
101594,2020-11-04,152,0.42607,0
101594,2020-11-04,182,0.396576,0
101594,2020-11-04,273,0.51549,0
101594,2020-11-04,365,0.459358,0
101594,2020-11-04,547,0.403475,0
101594,2020-11-04,730,0.390445,0
101594,2020-11-04,1825,0.301656,0
101594,2020-11-05,10,0.599438,0
101594,2020-11-05,14,0.531411,0
101594,2020-11-05,30,0.442582,0
101594,2020-11-05,60,0.460519,0
101594,2020-11-05,91,0.456099,0
101594,2020-11-05,122,0.447419,0
101594,2020-11-05,152,0.42685,0
101594,2020-11-05,182,0.398938,0
101594,2020-11-05,273,0.516768,0
101594,2020-11-05,365,0.460504,0
101594,2020-11-05,547,0.40435,0
101594,2020-11-05,730,0.391099,0
101594,2020-11-05,1825,0.301915,0
101594,2020-11-06,10,0.597009,0
101594,2020-11-06,14,0.529639,0
101594,2020-11-06,30,0.439673,0
101594,2020-11-06,60,0.455136,0
101594,2020-11-06,91,0.453617,0
101594,2020-11-06,122,0.447356,0
101594,2020-11-06,152,0.424907,0
101594,2020-11-06,182,0.39799,0
101594,2020-11-06,273,0.516462,0
101594,2020-11-06,365,0.46043,0
101594,2020-11-06,547,0.404218,0
101594,2020-11-06,730,0.390595,0
101594,2020-11-06,1825,0.301796,0
101594,2020-11-09,10,0.368111,0
101594,2020-11-09,14,0.542677,0
101594,2020-11-09,30,0.452708,0
101594,2020-11-09,60,0.416762,0
101594,2020-11-09,91,0.454732,0
101594,2020-11-09,122,0.452974,0
101594,2020-11-09,152,0.426798,0
101594,2020-11-09,182,0.398981,0
101594,2020-11-09,273,0.517089,0
101594,2020-11-09,365,0.460984,0
101594,2020-11-09,547,0.404419,0
101594,2020-11-09,730,0.390987,0
101594,2020-11-09,1825,0.301797,0
101594,2020-11-10,10,0.34689,0
101594,2020-11-10,14,0.538658,0
101594,2020-11-10,30,0.441902,0
101594,2020-11-10,60,0.415426,0
101594,2020-11-10,91,0.450569,0
101594,2020-11-10,122,0.450393,0
101594,2020-11-10,152,0.419206,0
101594,2020-11-10,182,0.398539,0
101594,2020-11-10,273,0.517038,0
101594,2020-11-10,365,0.460981,0
101594,2020-11-10,547,0.401235,0
101594,2020-11-10,730,0.390611,0
101594,2020-11-10,1825,0.301796,0
101594,2020-11-11,10,0.341366,0
101594,2020-11-11,14,0.486915,0
101594,2020-11-11,30,0.399637,0
101594,2020-11-11,60,0.416424,0
101594,2020-11-11,91,0.449815,0
101594,2020-11-11,122,0.450234,0
101594,2020-11-11,152,0.421162,0
101594,2020-11-11,182,0.399707,0
101594,2020-11-11,273,0.517447,0
101594,2020-11-11,365,0.461795,0
101594,2020-11-11,547,0.401714,0
101594,2020-11-11,730,0.389282,0
101594,2020-11-11,1825,0.301754,0
101594,2020-11-12,10,0.343498,0
101594,2020-11-12,14,0.460379,0
101594,2020-11-12,30,0.389622,0
101594,2020-11-12,60,0.411659,0
101594,2020-11-12,91,0.448601,0
101594,2020-11-12,122,0.450144,0
101594,2020-11-12,152,0.419259,0
101594,2020-11-12,182,0.399774,0
101594,2020-11-12,273,0.517363,0
101594,2020-11-12,365,0.461764,0
101594,2020-11-12,547,0.40166,0
101594,2020-11-12,730,0.389203,0
101594,2020-11-12,1825,0.301639,0
101594,2020-11-13,10,0.348,0
101594,2020-11-13,14,0.313227,0
101594,2020-11-13,30,0.389609,0
101594,2020-11-13,60,0.405885,0
101594,2020-11-13,91,0.448591,0
101594,2020-11-13,122,0.449527,0
101594,2020-11-13,152,0.417318,0
101594,2020-11-13,182,0.399577,0
101594,2020-11-13,273,0.517362,0
101594,2020-11-13,365,0.461674,0
101594,2020-11-13,547,0.401624,0
101594,2020-11-13,730,0.388602,0
101594,2020-11-13,1825,0.301519,0
101594,2020-11-16,10,0.261886,0
101594,2020-11-16,14,0.308218,0
101594,2020-11-16,30,0.39706,0
101594,2020-11-16,60,0.40639,0
101594,2020-11-16,91,0.448827,0
101594,2020-11-16,122,0.454108,0
101594,2020-11-16,152,0.419546,0
101594,2020-11-16,182,0.398657,0
101594,2020-11-16,273,0.516055,0
101594,2020-11-16,365,0.46162,0
101594,2020-11-16,547,0.4016,0
101594,2020-11-16,730,0.388639,0
101594,2020-11-16,1825,0.301394,0
101594,2020-11-17,10,0.246249,0
101594,2020-11-17,14,0.31899,0
101594,2020-11-17,30,0.38848,0
101594,2020-11-17,60,0.39799,0
101594,2020-11-17,91,0.44887,0
101594,2020-11-17,122,0.45177,0
101594,2020-11-17,152,0.419845,0
101594,2020-11-17,182,0.398748,0
101594,2020-11-17,273,0.515631,0
101594,2020-11-17,365,0.46172,0
101594,2020-11-17,547,0.400708,0
101594,2020-11-17,730,0.388309,0
101594,2020-11-17,1825,0.301376,0
101594,2020-11-18,10,0.238199,0
101594,2020-11-18,14,0.27589,0
101594,2020-11-18,30,0.379828,0
101594,2020-11-18,60,0.394711,0
101594,2020-11-18,91,0.449497,0
101594,2020-11-18,122,0.449767,0
101594,2020-11-18,152,0.420221,0
101594,2020-11-18,182,0.398645,0
101594,2020-11-18,273,0.515672,0
101594,2020-11-18,365,0.461895,0
101594,2020-11-18,547,0.400645,0
101594,2020-11-18,730,0.387265,0
101594,2020-11-18,1825,0.301425,0
101594,2020-11-19,10,0.203554,0
101594,2020-11-19,14,0.212161,0
101594,2020-11-19,30,0.377703,0
101594,2020-11-19,60,0.390152,0
101594,2020-11-19,91,0.447499,0
101594,2020-11-19,122,0.448669,0
101594,2020-11-19,152,0.418249,0
101594,2020-11-19,182,0.39837,0
101594,2020-11-19,273,0.515487,0
101594,2020-11-19,365,0.46169,0
101594,2020-11-19,547,0.400202,0
101594,2020-11-19,730,0.385588,0
101594,2020-11-19,1825,0.301311,0
101594,2020-11-20,10,0.215898,0
101594,2020-11-20,14,0.219125,0
101594,2020-11-20,30,0.379223,0
101594,2020-11-20,60,0.385535,0
101594,2020-11-20,91,0.436398,0
101594,2020-11-20,122,0.448393,0
101594,2020-11-20,152,0.416831,0
101594,2020-11-20,182,0.398846,0
101594,2020-11-20,273,0.514904,0
101594,2020-11-20,365,0.461833,0
101594,2020-11-20,547,0.40003,0
101594,2020-11-20,730,0.385692,0
101594,2020-11-20,1825,0.30124,0
101594,2020-11-23,10,0.220506,0
101594,2020-11-23,14,0.247442,0
101594,2020-11-23,30,0.401018,0
101594,2020-11-23,60,0.385055,0
101594,2020-11-23,91,0.439451,0
101594,2020-11-23,122,0.449184,0
101594,2020-11-23,152,0.420115,0
101594,2020-11-23,182,0.400005,0
101594,2020-11-23,273,0.51292,0
101594,2020-11-23,365,0.462968,0
101594,2020-11-23,547,0.400888,0
101594,2020-11-23,730,0.385866,0
101594,2020-11-23,1825,0.301693,0
101594,2020-11-24,10,0.23212,0
101594,2020-11-24,14,0.256612,0
101594,2020-11-24,30,0.393435,0
101594,2020-11-24,60,0.375555,0
101594,2020-11-24,91,0.439995,0
101594,2020-11-24,122,0.446803,0
101594,2020-11-24,152,0.420019,0
101594,2020-11-24,182,0.399958,0
101594,2020-11-24,273,0.511272,0
101594,2020-11-24,365,0.462812,0
101594,2020-11-24,547,0.400426,0
101594,2020-11-24,730,0.385542,0
101594,2020-11-24,1825,0.301609,0
101594,2020-11-25,10,0.225932,0
101594,2020-11-25,14,0.200205,0
101594,2020-11-25,30,0.394211,0
101594,2020-11-25,60,0.371422,0
101594,2020-11-25,91,0.439347,0
101594,2020-11-25,122,0.444275,0
101594,2020-11-25,152,0.416849,0
101594,2020-11-25,182,0.400003,0
101594,2020-11-25,273,0.511075,0
101594,2020-11-25,365,0.462731,0
101594,2020-11-25,547,0.400409,0
101594,2020-11-25,730,0.385476,0
101594,2020-11-25,1825,0.301619,0
101594,2020-11-27,10,0.235622,0
101594,2020-11-27,14,0.215799,0
101594,2020-11-27,30,0.362618,0
101594,2020-11-27,60,0.367269,0
101594,2020-11-27,91,0.442501,0
101594,2020-11-27,122,0.444232,0
101594,2020-11-27,152,0.414892,0
101594,2020-11-27,182,0.401539,0
101594,2020-11-27,273,0.505957,0
101594,2020-11-27,365,0.462605,0
101594,2020-11-27,547,0.400892,0
101594,2020-11-27,730,0.385021,0
101594,2020-11-27,1825,0.301503,0
101594,2020-11-30,10,0.309166,0
101594,2020-11-30,14,0.243599,0
101594,2020-11-30,30,0.280298,0
101594,2020-11-30,60,0.376996,0
101594,2020-11-30,91,0.439252,0
101594,2020-11-30,122,0.416067,0
101594,2020-11-30,152,0.418497,0
101594,2020-11-30,182,0.40212,0
101594,2020-11-30,273,0.49648,0
101594,2020-11-30,365,0.462959,0
101594,2020-11-30,547,0.400805,0
101594,2020-11-30,730,0.385541,0
101594,2020-11-30,1825,0.301806,0
101594,2020-12-01,10,0.328871,0
101594,2020-12-01,14,0.290336,0
101594,2020-12-01,30,0.287449,0
101594,2020-12-01,60,0.374341,0
101594,2020-12-01,91,0.436342,0
101594,2020-12-01,122,0.416579,0
101594,2020-12-01,152,0.42068,0
101594,2020-12-01,182,0.403944,0
101594,2020-12-01,273,0.495873,0
101594,2020-12-01,365,0.463592,0
101594,2020-12-01,547,0.401302,0
101594,2020-12-01,730,0.38568,0
101594,2020-12-01,1825,0.302051,0
101594,2020-12-02,10,0.301451,0
101594,2020-12-02,14,0.277374,0
101594,2020-12-02,30,0.286653,0
101594,2020-12-02,60,0.369754,0
101594,2020-12-02,91,0.434604,0
101594,2020-12-02,122,0.414127,0
101594,2020-12-02,152,0.418672,0
101594,2020-12-02,182,0.403932,0
101594,2020-12-02,273,0.493423,0
101594,2020-12-02,365,0.463135,0
101594,2020-12-02,547,0.400386,0
101594,2020-12-02,730,0.385,0
101594,2020-12-02,1825,0.301723,0
101594,2020-12-03,10,0.175839,0
101594,2020-12-03,14,0.279011,0
101594,2020-12-03,30,0.285592,0
101594,2020-12-03,60,0.365408,0
101594,2020-12-03,91,0.401026,0
101594,2020-12-03,122,0.412208,0
101594,2020-12-03,152,0.416738,0
101594,2020-12-03,182,0.403626,0
101594,2020-12-03,273,0.491722,0
101594,2020-12-03,365,0.463108,0
101594,2020-12-03,547,0.40025,0
101594,2020-12-03,730,0.383562,0
101594,2020-12-03,1825,0.301604,0
101594,2020-12-04,10,0.201784,0
101594,2020-12-04,14,0.271249,0
101594,2020-12-04,30,0.257866,0
101594,2020-12-04,60,0.358993,0
101594,2020-12-04,91,0.4012,0
101594,2020-12-04,122,0.412284,0
101594,2020-12-04,152,0.414988,0
101594,2020-12-04,182,0.402287,0
101594,2020-12-04,273,0.491465,0
101594,2020-12-04,365,0.463022,0
101594,2020-12-04,547,0.400188,0
101594,2020-12-04,730,0.38322,0
101594,2020-12-04,1825,0.3015,0
101594,2020-12-07,10,0.219513,0
101594,2020-12-07,14,0.176326,0
101594,2020-12-07,30,0.239145,0
101594,2020-12-07,60,0.358651,0
101594,2020-12-07,91,0.398714,0
101594,2020-12-07,122,0.411493,0
101594,2020-12-07,152,0.416271,0
101594,2020-12-07,182,0.402473,0
101594,2020-12-07,273,0.481575,0
101594,2020-12-07,365,0.462823,0
101594,2020-12-07,547,0.399797,0
101594,2020-12-07,730,0.382583,0
101594,2020-12-07,1825,0.301576,0
101594,2020-12-08,10,0.202494,0
101594,2020-12-08,14,0.17702,0
101594,2020-12-08,30,0.23332,0
101594,2020-12-08,60,0.35662,0
101594,2020-12-08,91,0.37294,0
101594,2020-12-08,122,0.409088,0
101594,2020-12-08,152,0.416287,0
101594,2020-12-08,182,0.400523,0
101594,2020-12-08,273,0.475434,0
101594,2020-12-08,365,0.462532,0
101594,2020-12-08,547,0.399717,0
101594,2020-12-08,730,0.382208,0
101594,2020-12-08,1825,0.301577,0
101594,2020-12-09,10,0.253357,0
101594,2020-12-09,14,0.237017,0
101594,2020-12-09,30,0.234496,0
101594,2020-12-09,60,0.356593,0
101594,2020-12-09,91,0.367793,0
101594,2020-12-09,122,0.40849,0
101594,2020-12-09,152,0.417879,0
101594,2020-12-09,182,0.400665,0
101594,2020-12-09,273,0.474187,0
101594,2020-12-09,365,0.463123,0
101594,2020-12-09,547,0.400114,0
101594,2020-12-09,730,0.382551,0
101594,2020-12-09,1825,0.301495,0
101594,2020-12-10,10,0.238242,0
101594,2020-12-10,14,0.225864,0
101594,2020-12-10,30,0.236025,0
101594,2020-12-10,60,0.353312,0
101594,2020-12-10,91,0.362058,0
101594,2020-12-10,122,0.408269,0
101594,2020-12-10,152,0.416165,0
101594,2020-12-10,182,0.394067,0
101594,2020-12-10,273,0.457816,0
101594,2020-12-10,365,0.463181,0
101594,2020-12-10,547,0.400162,0
101594,2020-12-10,730,0.382572,0
101594,2020-12-10,1825,0.301413,0
101594,2020-12-11,10,0.17485,0
101594,2020-12-11,14,0.234895,0
101594,2020-12-11,30,0.216532,0
101594,2020-12-11,60,0.320506,0
101594,2020-12-11,91,0.361247,0
101594,2020-12-11,122,0.404908,0
101594,2020-12-11,152,0.414451,0
101594,2020-12-11,182,0.394228,0
101594,2020-12-11,273,0.440055,0
101594,2020-12-11,365,0.463272,0
101594,2020-12-11,547,0.400227,0
101594,2020-12-11,730,0.382624,0
101594,2020-12-11,1825,0.301315,0
101594,2020-12-14,10,0.204853,0
101594,2020-12-14,14,0.221175,0
101594,2020-12-14,30,0.222957,0
101594,2020-12-14,60,0.321535,0
101594,2020-12-14,91,0.356986,0
101594,2020-12-14,122,0.405132,0
101594,2020-12-14,152,0.41776,0
101594,2020-12-14,182,0.394165,0
101594,2020-12-14,273,0.408914,0
101594,2020-12-14,365,0.463198,0
101594,2020-12-14,547,0.400196,0
101594,2020-12-14,730,0.382201,0
101594,2020-12-14,1825,0.301415,0
101594,2020-12-15,10,0.351062,0
101594,2020-12-15,14,0.294424,0
101594,2020-12-15,30,0.273272,0
101594,2020-12-15,60,0.341129,0
101594,2020-12-15,91,0.369478,0
101594,2020-12-15,122,0.411164,0
101594,2020-12-15,152,0.4233,0
101594,2020-12-15,182,0.398138,0
101594,2020-12-15,273,0.409718,0
101594,2020-12-15,365,0.465306,0
101594,2020-12-15,547,0.40197,0
101594,2020-12-15,730,0.383245,0
101594,2020-12-15,1825,0.301998,0
101594,2020-12-16,10,0.327372,0
101594,2020-12-16,14,0.295333,0
101594,2020-12-16,30,0.272861,0
101594,2020-12-16,60,0.336992,0
101594,2020-12-16,91,0.363994,0
101594,2020-12-16,122,0.40875,0
101594,2020-12-16,152,0.423267,0
101594,2020-12-16,182,0.398121,0
101594,2020-12-16,273,0.408417,0
101594,2020-12-16,365,0.465315,0
101594,2020-12-16,547,0.401624,0
101594,2020-12-16,730,0.383162,0
101594,2020-12-16,1825,0.301724,0
101594,2020-12-17,10,0.324856,0
101594,2020-12-17,14,0.294355,0
101594,2020-12-17,30,0.270464,0
101594,2020-12-17,60,0.333194,0
101594,2020-12-17,91,0.362262,0
101594,2020-12-17,122,0.408809,0
101594,2020-12-17,152,0.421316,0
101594,2020-12-17,182,0.398143,0
101594,2020-12-17,273,0.408212,0
101594,2020-12-17,365,0.465312,0
101594,2020-12-17,547,0.401615,0
101594,2020-12-17,730,0.383102,0
101594,2020-12-17,1825,0.301615,0
101594,2020-12-18,10,0.345374,0
101594,2020-12-18,14,0.308712,0
101594,2020-12-18,30,0.274095,0
101594,2020-12-18,60,0.329101,0
101594,2020-12-18,91,0.357451,0
101594,2020-12-18,122,0.409705,0
101594,2020-12-18,152,0.42032,0
101594,2020-12-18,182,0.398859,0
101594,2020-12-18,273,0.40088,0
101594,2020-12-18,365,0.465676,0
101594,2020-12-18,547,0.401876,0
101594,2020-12-18,730,0.382566,0
101594,2020-12-18,1825,0.301594,0
101594,2020-12-21,10,0.355933,0
101594,2020-12-21,14,0.308841,0
101594,2020-12-21,30,0.277603,0
101594,2020-12-21,60,0.335181,0
101594,2020-12-21,91,0.353793,0
101594,2020-12-21,122,0.404356,0
101594,2020-12-21,152,0.422859,0
101594,2020-12-21,182,0.397763,0
101594,2020-12-21,273,0.399882,0
101594,2020-12-21,365,0.465761,0
101594,2020-12-21,547,0.401927,0
101594,2020-12-21,730,0.381336,0
101594,2020-12-21,1825,0.30179,0
101594,2020-12-22,10,0.347053,0
101594,2020-12-22,14,0.332656,0
101594,2020-12-22,30,0.282685,0
101594,2020-12-22,60,0.340287,0
101594,2020-12-22,91,0.356507,0
101594,2020-12-22,122,0.404758,0
101594,2020-12-22,152,0.417636,0
101594,2020-12-22,182,0.398521,0
101594,2020-12-22,273,0.386686,0
101594,2020-12-22,365,0.466264,0
101594,2020-12-22,547,0.402454,0
101594,2020-12-22,730,0.381386,0
101594,2020-12-22,1825,0.302013,0
101594,2020-12-23,10,0.336225,0
101594,2020-12-23,14,0.307159,0
101594,2020-12-23,30,0.255865,0
101594,2020-12-23,60,0.337071,0
101594,2020-12-23,91,0.345139,0
101594,2020-12-23,122,0.402586,0
101594,2020-12-23,152,0.417845,0
101594,2020-12-23,182,0.397688,0
101594,2020-12-23,273,0.386739,0
101594,2020-12-23,365,0.466359,0
101594,2020-12-23,547,0.402266,0
101594,2020-12-23,730,0.380902,0
101594,2020-12-23,1825,0.301916,0
101594,2020-12-24,10,0.325066,0
101594,2020-12-24,14,0.306098,0
101594,2020-12-24,30,0.255291,0
101594,2020-12-24,60,0.333217,0
101594,2020-12-24,91,0.344968,0
101594,2020-12-24,122,0.402302,0
101594,2020-12-24,152,0.415924,0
101594,2020-12-24,182,0.397481,0
101594,2020-12-24,273,0.382875,0
101594,2020-12-24,365,0.465462,0
101594,2020-12-24,547,0.401995,0
101594,2020-12-24,730,0.380541,0
101594,2020-12-24,1825,0.30181,0
101594,2020-12-28,10,0.265707,0
101594,2020-12-28,14,0.331805,0
101594,2020-12-28,30,0.280846,0
101594,2020-12-28,60,0.318521,0
101594,2020-12-28,91,0.344584,0
101594,2020-12-28,122,0.412443,0
101594,2020-12-28,152,0.419801,0
101594,2020-12-28,182,0.397702,0
101594,2020-12-28,273,0.380828,0
101594,2020-12-28,365,0.467208,0
101594,2020-12-28,547,0.403279,0
101594,2020-12-28,730,0.37911,0
101594,2020-12-28,1825,0.302217,0
101594,2020-12-29,10,0.301603,0
101594,2020-12-29,14,0.277996,0
101594,2020-12-29,30,0.283556,0
101594,2020-12-29,60,0.27995,0
101594,2020-12-29,91,0.345489,0
101594,2020-12-29,122,0.410722,0
101594,2020-12-29,152,0.420397,0
101594,2020-12-29,182,0.398336,0
101594,2020-12-29,273,0.381298,0
101594,2020-12-29,365,0.467468,0
101594,2020-12-29,547,0.403295,0
101594,2020-12-29,730,0.378901,0
101594,2020-12-29,1825,0.302146,0
101594,2020-12-30,10,0.298078,0
101594,2020-12-30,14,0.286956,0
101594,2020-12-30,30,0.283656,0
101594,2020-12-30,60,0.278587,0
101594,2020-12-30,91,0.345294,0
101594,2020-12-30,122,0.408598,0
101594,2020-12-30,152,0.392844,0
101594,2020-12-30,182,0.398618,0
101594,2020-12-30,273,0.375588,0
101594,2020-12-30,365,0.467573,0
101594,2020-12-30,547,0.40339,0
101594,2020-12-30,730,0.378948,0
101594,2020-12-30,1825,0.302059,0
101594,2020-12-31,10,0.309212,0
101594,2020-12-31,14,0.294278,0
101594,2020-12-31,30,0.272104,0
101594,2020-12-31,60,0.276947,0
101594,2020-12-31,91,0.345643,0
101594,2020-12-31,122,0.404896,0
101594,2020-12-31,152,0.39127,0
101594,2020-12-31,182,0.398888,0
101594,2020-12-31,273,0.375569,0
101594,2020-12-31,365,0.466754,0
101594,2020-12-31,547,0.403452,0
101594,2020-12-31,730,0.37864,0
101594,2020-12-31,1825,0.301966,0
101594,2021-01-04,10,0.363509,0
101594,2021-01-04,14,0.331875,0
101594,2021-01-04,30,0.30354,0
101594,2021-01-04,60,0.267827,0
101594,2021-01-04,91,0.340743,0
101594,2021-01-04,122,0.37952,0
101594,2021-01-04,152,0.395568,0
101594,2021-01-04,182,0.399441,0
101594,2021-01-04,273,0.365933,0
101594,2021-01-04,365,0.467888,0
101594,2021-01-04,547,0.404071,0
101594,2021-01-04,730,0.371149,0
101594,2021-01-04,1825,0.302052,0
101594,2021-01-05,10,0.341674,0
101594,2021-01-05,14,0.295632,0
101594,2021-01-05,30,0.29728,0
101594,2021-01-05,60,0.268894,0
101594,2021-01-05,91,0.335456,0
101594,2021-01-05,122,0.377726,0
101594,2021-01-05,152,0.392588,0
101594,2021-01-05,182,0.39959,0
101594,2021-01-05,273,0.365634,0
101594,2021-01-05,365,0.467961,0
101594,2021-01-05,547,0.403697,0
101594,2021-01-05,730,0.370844,0
101594,2021-01-05,1825,0.301433,0
101594,2021-01-06,10,0.369521,0
101594,2021-01-06,14,0.350543,0
101594,2021-01-06,30,0.323706,0
101594,2021-01-06,60,0.281015,0
101594,2021-01-06,91,0.342111,0
101594,2021-01-06,122,0.380368,0
101594,2021-01-06,152,0.394687,0
101594,2021-01-06,182,0.401928,0
101594,2021-01-06,273,0.367406,0
101594,2021-01-06,365,0.469332,0
101594,2021-01-06,547,0.404805,0
101594,2021-01-06,730,0.37174,0
101594,2021-01-06,1825,0.30185,0
101594,2021-01-07,10,0.362161,0
101594,2021-01-07,14,0.407626,0
101594,2021-01-07,30,0.34348,0
101594,2021-01-07,60,0.288558,0
101594,2021-01-07,91,0.348082,0
101594,2021-01-07,122,0.382341,0
101594,2021-01-07,152,0.395956,0
101594,2021-01-07,182,0.404352,0
101594,2021-01-07,273,0.369032,0
101594,2021-01-07,365,0.470181,0
101594,2021-01-07,547,0.405556,0
101594,2021-01-07,730,0.372209,0
101594,2021-01-07,1825,0.302074,0
101594,2021-01-08,10,0.367693,0
101594,2021-01-08,14,0.384663,0
101594,2021-01-08,30,0.332315,0
101594,2021-01-08,60,0.28315,0
101594,2021-01-08,91,0.346964,0
101594,2021-01-08,122,0.362192,0
101594,2021-01-08,152,0.394215,0
101594,2021-01-08,182,0.404443,0
101594,2021-01-08,273,0.368094,0
101594,2021-01-08,365,0.469846,0
101594,2021-01-08,547,0.405505,0
101594,2021-01-08,730,0.372095,0
101594,2021-01-08,1825,0.301971,0
101594,2021-01-11,10,0.424119,0
101594,2021-01-11,14,0.338675,0
101594,2021-01-11,30,0.352509,0
101594,2021-01-11,60,0.28911,0
101594,2021-01-11,91,0.328503,0
101594,2021-01-11,122,0.357238,0
101594,2021-01-11,152,0.393321,0
101594,2021-01-11,182,0.406001,0
101594,2021-01-11,273,0.368962,0
101594,2021-01-11,365,0.470547,0
101594,2021-01-11,547,0.406043,0
101594,2021-01-11,730,0.372818,0
101594,2021-01-11,1825,0.302039,0
101594,2021-01-12,10,0.387681,0
101594,2021-01-12,14,0.336864,0
101594,2021-01-12,30,0.343422,0
101594,2021-01-12,60,0.289213,0
101594,2021-01-12,91,0.323673,0
101594,2021-01-12,122,0.355121,0
101594,2021-01-12,152,0.392511,0
101594,2021-01-12,182,0.405544,0
101594,2021-01-12,273,0.365136,0
101594,2021-01-12,365,0.470169,0
101594,2021-01-12,547,0.406017,0
101594,2021-01-12,730,0.372458,0
101594,2021-01-12,1825,0.301906,0
101594,2021-01-13,10,0.376652,0
101594,2021-01-13,14,0.353765,0
101594,2021-01-13,30,0.345381,0
101594,2021-01-13,60,0.287674,0
101594,2021-01-13,91,0.325095,0
101594,2021-01-13,122,0.353872,0
101594,2021-01-13,152,0.393189,0
101594,2021-01-13,182,0.405965,0
101594,2021-01-13,273,0.365161,0
101594,2021-01-13,365,0.47012,0
101594,2021-01-13,547,0.40614,0
101594,2021-01-13,730,0.372373,0
101594,2021-01-13,1825,0.301758,0
101594,2021-01-14,10,0.358398,0
101594,2021-01-14,14,0.359532,0
101594,2021-01-14,30,0.306748,0
101594,2021-01-14,60,0.287375,0
101594,2021-01-14,91,0.326637,0
101594,2021-01-14,122,0.351761,0
101594,2021-01-14,152,0.39213,0
101594,2021-01-14,182,0.406194,0
101594,2021-01-14,273,0.365744,0
101594,2021-01-14,365,0.470397,0
101594,2021-01-14,547,0.406345,0
101594,2021-01-14,730,0.372372,0
101594,2021-01-14,1825,0.30173,0
101594,2021-01-15,10,0.354847,0
101594,2021-01-15,14,0.343132,0
101594,2021-01-15,30,0.310885,0
101594,2021-01-15,60,0.289438,0
101594,2021-01-15,91,0.326585,0
101594,2021-01-15,122,0.352727,0
101594,2021-01-15,152,0.390937,0
101594,2021-01-15,182,0.406791,0
101594,2021-01-15,273,0.365754,0
101594,2021-01-15,365,0.470546,0
101594,2021-01-15,547,0.406499,0
101594,2021-01-15,730,0.372486,0
101594,2021-01-15,1825,0.301687,0
101594,2021-01-19,10,0.23453,0
101594,2021-01-19,14,0.33545,0
101594,2021-01-19,30,0.313241,0
101594,2021-01-19,60,0.296084,0
101594,2021-01-19,91,0.323771,0
101594,2021-01-19,122,0.346298,0
101594,2021-01-19,152,0.395112,0
101594,2021-01-19,182,0.40694,0
101594,2021-01-19,273,0.36343,0
101594,2021-01-19,365,0.470471,0
101594,2021-01-19,547,0.40646,0
101594,2021-01-19,730,0.372845,0
101594,2021-01-19,1825,0.301906,0
101594,2021-01-20,10,0.311633,0
101594,2021-01-20,14,0.323195,0
101594,2021-01-20,30,0.331734,0
101594,2021-01-20,60,0.301998,0
101594,2021-01-20,91,0.329464,0
101594,2021-01-20,122,0.348143,0
101594,2021-01-20,152,0.390536,0
101594,2021-01-20,182,0.409177,0
101594,2021-01-20,273,0.363821,0
101594,2021-01-20,365,0.47137,0
101594,2021-01-20,547,0.407171,0
101594,2021-01-20,730,0.373075,0
101594,2021-01-20,1825,0.301379,0
101594,2021-01-21,10,0.327356,0
101594,2021-01-21,14,0.330271,0
101594,2021-01-21,30,0.341727,0
101594,2021-01-21,60,0.30938,0
101594,2021-01-21,91,0.335679,0
101594,2021-01-21,122,0.349762,0
101594,2021-01-21,152,0.392524,0
101594,2021-01-21,182,0.405843,0
101594,2021-01-21,273,0.365659,0
101594,2021-01-21,365,0.472588,0
101594,2021-01-21,547,0.408082,0
101594,2021-01-21,730,0.373401,0
101594,2021-01-21,1825,0.301657,0
101594,2021-01-22,10,0.321868,0
101594,2021-01-22,14,0.33509,0
101594,2021-01-22,30,0.343522,0
101594,2021-01-22,60,0.298043,0
101594,2021-01-22,91,0.336215,0
101594,2021-01-22,122,0.349802,0
101594,2021-01-22,152,0.391323,0
101594,2021-01-22,182,0.406169,0
101594,2021-01-22,273,0.364803,0
101594,2021-01-22,365,0.472782,0
101594,2021-01-22,547,0.408135,0
101594,2021-01-22,730,0.37352,0
101594,2021-01-22,1825,0.301608,0
101594,2021-01-25,10,0.199683,0
101594,2021-01-25,14,0.301448,0
101594,2021-01-25,30,0.3544,0
101594,2021-01-25,60,0.306781,0
101594,2021-01-25,91,0.339711,0
101594,2021-01-25,122,0.342046,0
101594,2021-01-25,152,0.396166,0
101594,2021-01-25,182,0.406597,0
101594,2021-01-25,273,0.365815,0
101594,2021-01-25,365,0.473417,0
101594,2021-01-25,547,0.408632,0
101594,2021-01-25,730,0.373622,0
101594,2021-01-25,1825,0.30031,0
101594,2021-01-26,10,0.227409,0
101594,2021-01-26,14,0.297753,0
101594,2021-01-26,30,0.345063,0
101594,2021-01-26,60,0.30692,0
101594,2021-01-26,91,0.339126,0
101594,2021-01-26,122,0.339962,0
101594,2021-01-26,152,0.395615,0
101594,2021-01-26,182,0.405609,0
101594,2021-01-26,273,0.365074,0
101594,2021-01-26,365,0.472312,0
101594,2021-01-26,547,0.408597,0
101594,2021-01-26,730,0.373251,0
101594,2021-01-26,1825,0.300299,0
101594,2021-01-27,10,0.265153,0
101594,2021-01-27,14,0.313053,0
101594,2021-01-27,30,0.326936,0
101594,2021-01-27,60,0.304706,0
101594,2021-01-27,91,0.323377,0
101594,2021-01-27,122,0.338412,0
101594,2021-01-27,152,0.395842,0
101594,2021-01-27,182,0.405303,0
101594,2021-01-27,273,0.363809,0
101594,2021-01-27,365,0.47173,0
101594,2021-01-27,547,0.408646,0
101594,2021-01-27,730,0.373227,0
101594,2021-01-27,1825,0.299975,0
101594,2021-01-28,10,0.379064,0
101594,2021-01-28,14,0.375308,0
101594,2021-01-28,30,0.349475,0
101594,2021-01-28,60,0.317225,0
101594,2021-01-28,91,0.326233,0
101594,2021-01-28,122,0.342886,0
101594,2021-01-28,152,0.398079,0
101594,2021-01-28,182,0.408834,0
101594,2021-01-28,273,0.366077,0
101594,2021-01-28,365,0.472889,0
101594,2021-01-28,547,0.409591,0
101594,2021-01-28,730,0.374092,0
101594,2021-01-28,1825,0.300314,0
101594,2021-01-29,10,0.464755,0
101594,2021-01-29,14,0.434805,0
101594,2021-01-29,30,0.37485,0
101594,2021-01-29,60,0.330834,0
101594,2021-01-29,91,0.313184,0
101594,2021-01-29,122,0.34953,0
101594,2021-01-29,152,0.400754,0
101594,2021-01-29,182,0.388908,0
101594,2021-01-29,273,0.368526,0
101594,2021-01-29,365,0.474587,0
101594,2021-01-29,547,0.410455,0
101594,2021-01-29,730,0.372479,0
101594,2021-01-29,1825,0.300716,0
101594,2021-02-01,10,0.4249,0
101594,2021-02-01,14,0.414526,0
101594,2021-02-01,30,0.378574,0
101594,2021-02-01,60,0.33352,0
101594,2021-02-01,91,0.31421,0
101594,2021-02-01,122,0.348457,0
101594,2021-02-01,152,0.396084,0
101594,2021-02-01,182,0.388067,0
101594,2021-02-01,273,0.368629,0
101594,2021-02-01,365,0.472417,0
101594,2021-02-01,547,0.410144,0
101594,2021-02-01,730,0.372965,0
101594,2021-02-01,1825,0.300722,0
101594,2021-02-02,10,0.394873,0
101594,2021-02-02,14,0.414554,0
101594,2021-02-02,30,0.36953,0
101594,2021-02-02,60,0.333034,0
101594,2021-02-02,91,0.313329,0
101594,2021-02-02,122,0.346404,0
101594,2021-02-02,152,0.37348,0
101594,2021-02-02,182,0.388059,0
101594,2021-02-02,273,0.368397,0
101594,2021-02-02,365,0.472408,0
101594,2021-02-02,547,0.407542,0
101594,2021-02-02,730,0.372604,0
101594,2021-02-02,1825,0.300716,0
101594,2021-02-03,10,0.366125,0
101594,2021-02-03,14,0.389921,0
101594,2021-02-03,30,0.359018,0
101594,2021-02-03,60,0.329761,0
101594,2021-02-03,91,0.30476,0
101594,2021-02-03,122,0.344743,0
101594,2021-02-03,152,0.373739,0
101594,2021-02-03,182,0.388283,0
101594,2021-02-03,273,0.368524,0
101594,2021-02-03,365,0.471537,0
101594,2021-02-03,547,0.407422,0
101594,2021-02-03,730,0.372231,0
101594,2021-02-03,1825,0.300473,0
101594,2021-02-04,10,0.360327,0
101594,2021-02-04,14,0.366596,0
101594,2021-02-04,30,0.366734,0
101594,2021-02-04,60,0.330632,0
101594,2021-02-04,91,0.301132,0
101594,2021-02-04,122,0.343626,0
101594,2021-02-04,152,0.373858,0
101594,2021-02-04,182,0.386968,0
101594,2021-02-04,273,0.369338,0
101594,2021-02-04,365,0.472077,0
101594,2021-02-04,547,0.407799,0
101594,2021-02-04,730,0.372446,0
101594,2021-02-04,1825,0.300545,0
101594,2021-02-05,10,0.358163,0
101594,2021-02-05,14,0.356273,0
101594,2021-02-05,30,0.342758,0
101594,2021-02-05,60,0.330082,0
101594,2021-02-05,91,0.301255,0
101594,2021-02-05,122,0.339414,0
101594,2021-02-05,152,0.372117,0
101594,2021-02-05,182,0.385438,0
101594,2021-02-05,273,0.368653,0
101594,2021-02-05,365,0.47201,0
101594,2021-02-05,547,0.407527,0
101594,2021-02-05,730,0.372463,0
101594,2021-02-05,1825,0.300433,0
101594,2021-02-08,10,0.198546,0
101594,2021-02-08,14,0.319253,0
101594,2021-02-08,30,0.332779,0
101594,2021-02-08,60,0.332195,0
101594,2021-02-08,91,0.297658,0
101594,2021-02-08,122,0.341521,0
101594,2021-02-08,152,0.352118,0
101594,2021-02-08,182,0.385007,0
101594,2021-02-08,273,0.368369,0
101594,2021-02-08,365,0.471746,0
101594,2021-02-08,547,0.407431,0
101594,2021-02-08,730,0.372523,0
101594,2021-02-08,1825,0.300617,0
101594,2021-02-09,10,0.197276,0
101594,2021-02-09,14,0.317724,0
101594,2021-02-09,30,0.325679,0
101594,2021-02-09,60,0.332165,0
101594,2021-02-09,91,0.298036,0
101594,2021-02-09,122,0.339759,0
101594,2021-02-09,152,0.348115,0
101594,2021-02-09,182,0.3825,0
101594,2021-02-09,273,0.368153,0
101594,2021-02-09,365,0.47182,0
101594,2021-02-09,547,0.407479,0
101594,2021-02-09,730,0.372207,0
101594,2021-02-09,1825,0.300619,0
101594,2021-02-10,10,0.189651,0
101594,2021-02-10,14,0.317357,0
101594,2021-02-10,30,0.313745,0
101594,2021-02-10,60,0.328391,0
101594,2021-02-10,91,0.292984,0
101594,2021-02-10,122,0.33789,0
101594,2021-02-10,152,0.347464,0
101594,2021-02-10,182,0.380028,0
101594,2021-02-10,273,0.367838,0
101594,2021-02-10,365,0.471797,0
101594,2021-02-10,547,0.406278,0
101594,2021-02-10,730,0.372195,0
101594,2021-02-10,1825,0.300631,0
101594,2021-02-11,10,0.17147,0
101594,2021-02-11,14,0.266311,0
101594,2021-02-11,30,0.31383,0
101594,2021-02-11,60,0.32445,0
101594,2021-02-11,91,0.292959,0
101594,2021-02-11,122,0.321257,0
101594,2021-02-11,152,0.345839,0
101594,2021-02-11,182,0.37936,0
101594,2021-02-11,273,0.367865,0
101594,2021-02-11,365,0.471326,0
101594,2021-02-11,547,0.405406,0
101594,2021-02-11,730,0.372181,0
101594,2021-02-11,1825,0.300515,0
101594,2021-02-12,10,0.168369,0
101594,2021-02-12,14,0.169426,0
101594,2021-02-12,30,0.309825,0
101594,2021-02-12,60,0.323881,0
101594,2021-02-12,91,0.292939,0
101594,2021-02-12,122,0.317511,0
101594,2021-02-12,152,0.344188,0
101594,2021-02-12,182,0.379347,0
101594,2021-02-12,273,0.367721,0
101594,2021-02-12,365,0.471237,0
101594,2021-02-12,547,0.405358,0
101594,2021-02-12,730,0.372153,0
101594,2021-02-12,1825,0.300395,0
101594,2021-02-16,10,0.105153,0
101594,2021-02-16,14,0.180783,0
101594,2021-02-16,30,0.313331,0
101594,2021-02-16,60,0.313501,0
101594,2021-02-16,91,0.296818,0
101594,2021-02-16,122,0.321608,0
101594,2021-02-16,152,0.342888,0
101594,2021-02-16,182,0.381534,0
101594,2021-02-16,273,0.368484,0
101594,2021-02-16,365,0.471588,0
101594,2021-02-16,547,0.405626,0
101594,2021-02-16,730,0.37274,0
101594,2021-02-16,1825,0.300302,0
101594,2021-02-17,10,0.125187,0
101594,2021-02-17,14,0.198897,0
101594,2021-02-17,30,0.313312,0
101594,2021-02-17,60,0.313161,0
101594,2021-02-17,91,0.298314,0
101594,2021-02-17,122,0.321389,0
101594,2021-02-17,152,0.340074,0
101594,2021-02-17,182,0.382492,0
101594,2021-02-17,273,0.368762,0
101594,2021-02-17,365,0.471559,0
101594,2021-02-17,547,0.405962,0
101594,2021-02-17,730,0.372641,0
101594,2021-02-17,1825,0.300421,0
101594,2021-02-18,10,0.114106,0
101594,2021-02-18,14,0.110692,0
101594,2021-02-18,30,0.314856,0
101594,2021-02-18,60,0.310047,0
101594,2021-02-18,91,0.298984,0
101594,2021-02-18,122,0.318323,0
101594,2021-02-18,152,0.338827,0
101594,2021-02-18,182,0.381549,0
101594,2021-02-18,273,0.368809,0
101594,2021-02-18,365,0.471515,0
101594,2021-02-18,547,0.406006,0
101594,2021-02-18,730,0.37272,0
101594,2021-02-18,1825,0.300335,0
101594,2021-02-19,10,0.126349,0
101594,2021-02-19,14,0.116752,0
101594,2021-02-19,30,0.293268,0
101594,2021-02-19,60,0.308583,0
101594,2021-02-19,91,0.297843,0
101594,2021-02-19,122,0.317651,0
101594,2021-02-19,152,0.337196,0
101594,2021-02-19,182,0.374866,0
101594,2021-02-19,273,0.368787,0
101594,2021-02-19,365,0.471356,0
101594,2021-02-19,547,0.405999,0
101594,2021-02-19,730,0.372709,0
101594,2021-02-19,1825,0.300216,0
101594,2021-02-22,10,0.185021,0
101594,2021-02-22,14,0.166248,0
101594,2021-02-22,30,0.275652,0
101594,2021-02-22,60,0.316508,0
101594,2021-02-22,91,0.29787,0
101594,2021-02-22,122,0.325364,0
101594,2021-02-22,152,0.333344,0
101594,2021-02-22,182,0.377022,0
101594,2021-02-22,273,0.369765,0
101594,2021-02-22,365,0.471802,0
101594,2021-02-22,547,0.404832,0
101594,2021-02-22,730,0.373694,0
101594,2021-02-22,1825,0.300515,0
101594,2021-02-23,10,0.186393,0
101594,2021-02-23,14,0.171434,0
101594,2021-02-23,30,0.268986,0
101594,2021-02-23,60,0.312316,0
101594,2021-02-23,91,0.297217,0
101594,2021-02-23,122,0.323374,0
101594,2021-02-23,152,0.333092,0
101594,2021-02-23,182,0.376838,0
101594,2021-02-23,273,0.369632,0
101594,2021-02-23,365,0.469072,0
101594,2021-02-23,547,0.40462,0
101594,2021-02-23,730,0.373329,0
101594,2021-02-23,1825,0.300507,0
101594,2021-02-24,10,0.176924,0
101594,2021-02-24,14,0.171833,0
101594,2021-02-24,30,0.242641,0
101594,2021-02-24,60,0.308371,0
101594,2021-02-24,91,0.29717,0
101594,2021-02-24,122,0.321523,0
101594,2021-02-24,152,0.328484,0
101594,2021-02-24,182,0.376389,0
101594,2021-02-24,273,0.369703,0
101594,2021-02-24,365,0.467676,0
101594,2021-02-24,547,0.404497,0
101594,2021-02-24,730,0.373338,0
101594,2021-02-24,1825,0.300516,0
101594,2021-02-25,10,0.213562,0
101594,2021-02-25,14,0.216584,0
101594,2021-02-25,30,0.260836,0
101594,2021-02-25,60,0.316045,0
101594,2021-02-25,91,0.303985,0
101594,2021-02-25,122,0.327744,0
101594,2021-02-25,152,0.331788,0
101594,2021-02-25,182,0.379376,0
101594,2021-02-25,273,0.372285,0
101594,2021-02-25,365,0.468987,0
101594,2021-02-25,547,0.405665,0
101594,2021-02-25,730,0.374279,0
101594,2021-02-25,1825,0.300847,0
101594,2021-02-26,10,0.231143,0
101594,2021-02-26,14,0.217525,0
101594,2021-02-26,30,0.263208,0
101594,2021-02-26,60,0.301838,0
101594,2021-02-26,91,0.303884,0
101594,2021-02-26,122,0.326987,0
101594,2021-02-26,152,0.330196,0
101594,2021-02-26,182,0.379387,0
101594,2021-02-26,273,0.372266,0
101594,2021-02-26,365,0.463748,0
101594,2021-02-26,547,0.405491,0
101594,2021-02-26,730,0.374278,0
101594,2021-02-26,1825,0.300728,0
101594,2021-03-01,10,0.496893,0
101594,2021-03-01,14,0.384044,0
101594,2021-03-01,30,0.297003,0
101594,2021-03-01,60,0.337805,0
101594,2021-03-01,91,0.319098,0
101594,2021-03-01,122,0.30914,0
101594,2021-03-01,152,0.34029,0
101594,2021-03-01,182,0.3838,0
101594,2021-03-01,273,0.376603,0
101594,2021-03-01,365,0.466441,0
101594,2021-03-01,547,0.407555,0
101594,2021-03-01,730,0.376201,0
101594,2021-03-01,1825,0.301362,0
101594,2021-03-02,10,0.466875,0
101594,2021-03-02,14,0.388525,0
101594,2021-03-02,30,0.297326,0
101594,2021-03-02,60,0.337274,0
101594,2021-03-02,91,0.316472,0
101594,2021-03-02,122,0.309891,0
101594,2021-03-02,152,0.341828,0
101594,2021-03-02,182,0.380811,0
101594,2021-03-02,273,0.377584,0
101594,2021-03-02,365,0.458875,0
101594,2021-03-02,547,0.407467,0
101594,2021-03-02,730,0.376188,0
101594,2021-03-02,1825,0.301517,0
101594,2021-03-03,10,0.445797,0
101594,2021-03-03,14,0.39582,0
101594,2021-03-03,30,0.298622,0
101594,2021-03-03,60,0.338017,0
101594,2021-03-03,91,0.3205,0
101594,2021-03-03,122,0.311437,0
101594,2021-03-03,152,0.340106,0
101594,2021-03-03,182,0.38127,0
101594,2021-03-03,273,0.378867,0
101594,2021-03-03,365,0.458372,0
101594,2021-03-03,547,0.407833,0
101594,2021-03-03,730,0.376662,0
101594,2021-03-03,1825,0.301683,0
101594,2021-03-04,10,0.426616,0
101594,2021-03-04,14,0.39838,0
101594,2021-03-04,30,0.298489,0
101594,2021-03-04,60,0.33561,0
101594,2021-03-04,91,0.322107,0
101594,2021-03-04,122,0.312881,0
101594,2021-03-04,152,0.339449,0
101594,2021-03-04,182,0.362908,0
101594,2021-03-04,273,0.379242,0
101594,2021-03-04,365,0.456662,0
101594,2021-03-04,547,0.407932,0
101594,2021-03-04,730,0.376867,0
101594,2021-03-04,1825,0.301662,0
101594,2021-03-05,10,0.436465,0
101594,2021-03-05,14,0.407023,0
101594,2021-03-05,30,0.303503,0
101594,2021-03-05,60,0.332147,0
101594,2021-03-05,91,0.32269,0
101594,2021-03-05,122,0.312355,0
101594,2021-03-05,152,0.338173,0
101594,2021-03-05,182,0.363228,0
101594,2021-03-05,273,0.378172,0
101594,2021-03-05,365,0.455403,0
101594,2021-03-05,547,0.40775,0
101594,2021-03-05,730,0.376876,0
101594,2021-03-05,1825,0.301571,0
101594,2021-03-08,10,0.536293,0
101594,2021-03-08,14,0.430944,0
101594,2021-03-08,30,0.31762,0
101594,2021-03-08,60,0.332066,0
101594,2021-03-08,91,0.332968,0
101594,2021-03-08,122,0.311739,0
101594,2021-03-08,152,0.340801,0
101594,2021-03-08,182,0.366788,0
101594,2021-03-08,273,0.381656,0
101594,2021-03-08,365,0.457327,0
101594,2021-03-08,547,0.409386,0
101594,2021-03-08,730,0.378449,0
101594,2021-03-08,1825,0.302368,0
101594,2021-03-09,10,0.564017,0
101594,2021-03-09,14,0.493548,0
101594,2021-03-09,30,0.351211,0
101594,2021-03-09,60,0.347914,0
101594,2021-03-09,91,0.342955,0
101594,2021-03-09,122,0.317657,0
101594,2021-03-09,152,0.346395,0
101594,2021-03-09,182,0.357521,0
101594,2021-03-09,273,0.382689,0
101594,2021-03-09,365,0.450989,0
101594,2021-03-09,547,0.410542,0
101594,2021-03-09,730,0.379016,0
101594,2021-03-09,1825,0.30286,0
101594,2021-03-10,10,0.524595,0
101594,2021-03-10,14,0.494269,0
101594,2021-03-10,30,0.350471,0
101594,2021-03-10,60,0.343981,0
101594,2021-03-10,91,0.340777,0
101594,2021-03-10,122,0.316142,0
101594,2021-03-10,152,0.34571,0
101594,2021-03-10,182,0.353499,0
101594,2021-03-10,273,0.381914,0
101594,2021-03-10,365,0.446067,0
101594,2021-03-10,547,0.410572,0
101594,2021-03-10,730,0.378421,0
101594,2021-03-10,1825,0.302867,0
101594,2021-03-11,10,0.420117,0
101594,2021-03-11,14,0.471063,0
101594,2021-03-11,30,0.359136,0
101594,2021-03-11,60,0.342824,0
101594,2021-03-11,91,0.341561,0
101594,2021-03-11,122,0.315335,0
101594,2021-03-11,152,0.344938,0
101594,2021-03-11,182,0.350979,0
101594,2021-03-11,273,0.377667,0
101594,2021-03-11,365,0.444704,0
101594,2021-03-11,547,0.410042,0
101594,2021-03-11,730,0.378502,0
101594,2021-03-11,1825,0.302821,0
101594,2021-03-12,10,0.409144,0
101594,2021-03-12,14,0.472832,0
101594,2021-03-12,30,0.359228,0
101594,2021-03-12,60,0.33884,0
101594,2021-03-12,91,0.341639,0
101594,2021-03-12,122,0.315601,0
101594,2021-03-12,152,0.343504,0
101594,2021-03-12,182,0.350622,0
101594,2021-03-12,273,0.377754,0
101594,2021-03-12,365,0.431839,0
101594,2021-03-12,547,0.410104,0
101594,2021-03-12,730,0.37856,0
101594,2021-03-12,1825,0.302727,0
101594,2021-03-15,10,0.466481,0
101594,2021-03-15,14,0.40043,0
101594,2021-03-15,30,0.382512,0
101594,2021-03-15,60,0.348787,0
101594,2021-03-15,91,0.345019,0
101594,2021-03-15,122,0.317978,0
101594,2021-03-15,152,0.332581,0
101594,2021-03-15,182,0.349808,0
101594,2021-03-15,273,0.378442,0
101594,2021-03-15,365,0.417927,0
101594,2021-03-15,547,0.410113,0
101594,2021-03-15,730,0.379128,0
101594,2021-03-15,1825,0.302979,0
101594,2021-03-16,10,0.429378,0
101594,2021-03-16,14,0.39353,0
101594,2021-03-16,30,0.377477,0
101594,2021-03-16,60,0.348798,0
101594,2021-03-16,91,0.331187,0
101594,2021-03-16,122,0.316727,0
101594,2021-03-16,152,0.333077,0
101594,2021-03-16,182,0.350225,0
101594,2021-03-16,273,0.377602,0
101594,2021-03-16,365,0.39369,0
101594,2021-03-16,547,0.410195,0
101594,2021-03-16,730,0.378827,0
101594,2021-03-16,1825,0.303019,0
101594,2021-03-17,10,0.40253,0
101594,2021-03-17,14,0.370901,0
101594,2021-03-17,30,0.36851,0
101594,2021-03-17,60,0.344753,0
101594,2021-03-17,91,0.331427,0
101594,2021-03-17,122,0.315034,0
101594,2021-03-17,152,0.332469,0
101594,2021-03-17,182,0.347625,0
101594,2021-03-17,273,0.377708,0
101594,2021-03-17,365,0.391734,0
101594,2021-03-17,547,0.410255,0
101594,2021-03-17,730,0.37883,0
101594,2021-03-17,1825,0.303039,0
101594,2021-03-18,10,0.370631,0
101594,2021-03-18,14,0.406298,0
101594,2021-03-18,30,0.380929,0
101594,2021-03-18,60,0.350599,0
101594,2021-03-18,91,0.338218,0
101594,2021-03-18,122,0.320548,0
101594,2021-03-18,152,0.335302,0
101594,2021-03-18,182,0.350422,0
101594,2021-03-18,273,0.380047,0
101594,2021-03-18,365,0.392538,0
101594,2021-03-18,547,0.411307,0
101594,2021-03-18,730,0.379642,0
101594,2021-03-18,1825,0.303342,0
101594,2021-03-19,10,0.293708,0
101594,2021-03-19,14,0.402599,0
101594,2021-03-19,30,0.378021,0
101594,2021-03-19,60,0.34649,0
101594,2021-03-19,91,0.336884,0
101594,2021-03-19,122,0.320367,0
101594,2021-03-19,152,0.333764,0
101594,2021-03-19,182,0.347318,0
101594,2021-03-19,273,0.380017,0
101594,2021-03-19,365,0.392466,0
101594,2021-03-19,547,0.411257,0
101594,2021-03-19,730,0.379639,0
101594,2021-03-19,1825,0.303232,0
101594,2021-03-22,10,0.369884,0
101594,2021-03-22,14,0.352095,0
101594,2021-03-22,30,0.402038,0
101594,2021-03-22,60,0.338974,0
101594,2021-03-22,91,0.340917,0
101594,2021-03-22,122,0.326616,0
101594,2021-03-22,152,0.336575,0
101594,2021-03-22,182,0.347001,0
101594,2021-03-22,273,0.380205,0
101594,2021-03-22,365,0.387236,0
101594,2021-03-22,547,0.411567,0
101594,2021-03-22,730,0.379344,0
101594,2021-03-22,1825,0.303679,0
101594,2021-03-23,10,0.343085,0
101594,2021-03-23,14,0.300304,0
101594,2021-03-23,30,0.392642,0
101594,2021-03-23,60,0.335864,0
101594,2021-03-23,91,0.335938,0
101594,2021-03-23,122,0.324863,0
101594,2021-03-23,152,0.336399,0
101594,2021-03-23,182,0.346541,0
101594,2021-03-23,273,0.379663,0
101594,2021-03-23,365,0.386583,0
101594,2021-03-23,547,0.41163,0
101594,2021-03-23,730,0.379019,0
101594,2021-03-23,1825,0.303691,0
101594,2021-03-24,10,0.340724,0
101594,2021-03-24,14,0.315669,0
101594,2021-03-24,30,0.385567,0
101594,2021-03-24,60,0.334391,0
101594,2021-03-24,91,0.337963,0
101594,2021-03-24,122,0.324893,0
101594,2021-03-24,152,0.337808,0
101594,2021-03-24,182,0.342213,0
101594,2021-03-24,273,0.379837,0
101594,2021-03-24,365,0.37597,0
101594,2021-03-24,547,0.411997,0
101594,2021-03-24,730,0.379211,0
101594,2021-03-24,1825,0.303722,0
101594,2021-03-25,10,0.304123,0
101594,2021-03-25,14,0.303766,0
101594,2021-03-25,30,0.386154,0
101594,2021-03-25,60,0.3309,0
101594,2021-03-25,91,0.337641,0
101594,2021-03-25,122,0.320469,0
101594,2021-03-25,152,0.336214,0
101594,2021-03-25,182,0.341987,0
101594,2021-03-25,273,0.379608,0
101594,2021-03-25,365,0.375883,0
101594,2021-03-25,547,0.41186,0
101594,2021-03-25,730,0.379114,0
101594,2021-03-25,1825,0.303604,0
101594,2021-03-26,10,0.292446,0
101594,2021-03-26,14,0.302854,0
101594,2021-03-26,30,0.386802,0
101594,2021-03-26,60,0.322856,0
101594,2021-03-26,91,0.335124,0
101594,2021-03-26,122,0.319999,0
101594,2021-03-26,152,0.334671,0
101594,2021-03-26,182,0.338157,0
101594,2021-03-26,273,0.377714,0
101594,2021-03-26,365,0.372715,0
101594,2021-03-26,547,0.411824,0
101594,2021-03-26,730,0.379088,0
101594,2021-03-26,1825,0.303489,0
101594,2021-03-29,10,0.251974,0
101594,2021-03-29,14,0.272367,0
101594,2021-03-29,30,0.376717,0
101594,2021-03-29,60,0.320574,0
101594,2021-03-29,91,0.32675,0
101594,2021-03-29,122,0.321657,0
101594,2021-03-29,152,0.328759,0
101594,2021-03-29,182,0.336561,0
101594,2021-03-29,273,0.376916,0
101594,2021-03-29,365,0.369992,0
101594,2021-03-29,547,0.411785,0
101594,2021-03-29,730,0.379452,0
101594,2021-03-29,1825,0.303472,0
101594,2021-03-30,10,0.245467,0
101594,2021-03-30,14,0.263144,0
101594,2021-03-30,30,0.370026,0
101594,2021-03-30,60,0.308892,0
101594,2021-03-30,91,0.326604,0
101594,2021-03-30,122,0.320474,0
101594,2021-03-30,152,0.324569,0
101594,2021-03-30,182,0.33686,0
101594,2021-03-30,273,0.377179,0
101594,2021-03-30,365,0.369412,0
101594,2021-03-30,547,0.41159,0
101594,2021-03-30,730,0.379208,0
101594,2021-03-30,1825,0.303519,0
101594,2021-03-31,10,0.25032,0
101594,2021-03-31,14,0.287188,0
101594,2021-03-31,30,0.327126,0
101594,2021-03-31,60,0.309364,0
101594,2021-03-31,91,0.328886,0
101594,2021-03-31,122,0.3201,0
101594,2021-03-31,152,0.312562,0
101594,2021-03-31,182,0.337218,0
101594,2021-03-31,273,0.377677,0
101594,2021-03-31,365,0.369731,0
101594,2021-03-31,547,0.411812,0
101594,2021-03-31,730,0.379377,0
101594,2021-03-31,1825,0.303598,0
101594,2021-04-01,10,0.194093,0
101594,2021-04-01,14,0.224964,0
101594,2021-04-01,30,0.321233,0
101594,2021-04-01,60,0.30639,0
101594,2021-04-01,91,0.329055,0
101594,2021-04-01,122,0.31832,0
101594,2021-04-01,152,0.311171,0
101594,2021-04-01,182,0.337153,0
101594,2021-04-01,273,0.377723,0
101594,2021-04-01,365,0.365349,0
101594,2021-04-01,547,0.411213,0
101594,2021-04-01,730,0.37929,0
101594,2021-04-01,1825,0.303488,0
101594,2021-04-05,10,0.22496,0
101594,2021-04-05,14,0.220657,0
101594,2021-04-05,30,0.327943,0
101594,2021-04-05,60,0.312347,0
101594,2021-04-05,91,0.329023,0
101594,2021-04-05,122,0.322196,0
101594,2021-04-05,152,0.309324,0
101594,2021-04-05,182,0.334006,0
101594,2021-04-05,273,0.377467,0
101594,2021-04-05,365,0.365979,0
101594,2021-04-05,547,0.411564,0
101594,2021-04-05,730,0.380318,0
101594,2021-04-05,1825,0.303779,0
101594,2021-04-06,10,0.203943,0
101594,2021-04-06,14,0.213884,0
101594,2021-04-06,30,0.319647,0
101594,2021-04-06,60,0.312549,0
101594,2021-04-06,91,0.32805,0
101594,2021-04-06,122,0.320222,0
101594,2021-04-06,152,0.304607,0
101594,2021-04-06,182,0.331268,0
101594,2021-04-06,273,0.377428,0
101594,2021-04-06,365,0.356866,0
101594,2021-04-06,547,0.411561,0
101594,2021-04-06,730,0.379939,0
101594,2021-04-06,1825,0.3036,0
101594,2021-04-07,10,0.190294,0
101594,2021-04-07,14,0.166207,0
101594,2021-04-07,30,0.277681,0
101594,2021-04-07,60,0.310943,0
101594,2021-04-07,91,0.321839,0
101594,2021-04-07,122,0.319055,0
101594,2021-04-07,152,0.305245,0
101594,2021-04-07,182,0.330959,0
101594,2021-04-07,273,0.376853,0
101594,2021-04-07,365,0.356735,0
101594,2021-04-07,547,0.411502,0
101594,2021-04-07,730,0.379901,0
101594,2021-04-07,1825,0.303648,0
101594,2021-04-08,10,0.195412,0
101594,2021-04-08,14,0.176542,0
101594,2021-04-08,30,0.252613,0
101594,2021-04-08,60,0.311279,0
101594,2021-04-08,91,0.316918,0
101594,2021-04-08,122,0.320045,0
101594,2021-04-08,152,0.305092,0
101594,2021-04-08,182,0.331959,0
101594,2021-04-08,273,0.377389,0
101594,2021-04-08,365,0.356393,0
101594,2021-04-08,547,0.41166,0
101594,2021-04-08,730,0.380078,0
101594,2021-04-08,1825,0.303631,0
101594,2021-04-09,10,0.120954,0
101594,2021-04-09,14,0.184558,0
101594,2021-04-09,30,0.254372,0
101594,2021-04-09,60,0.315533,0
101594,2021-04-09,91,0.319033,0
101594,2021-04-09,122,0.321734,0
101594,2021-04-09,152,0.305057,0
101594,2021-04-09,182,0.332259,0
101594,2021-04-09,273,0.377985,0
101594,2021-04-09,365,0.356787,0
101594,2021-04-09,547,0.411817,0
101594,2021-04-09,730,0.380285,0
101594,2021-04-09,1825,0.303626,0
101594,2021-04-12,10,0.220551,0
101594,2021-04-12,14,0.219953,0
101594,2021-04-12,30,0.261667,0
101594,2021-04-12,60,0.324591,0
101594,2021-04-12,91,0.316554,0
101594,2021-04-12,122,0.323482,0
101594,2021-04-12,152,0.303597,0
101594,2021-04-12,182,0.321279,0
101594,2021-04-12,273,0.378315,0
101594,2021-04-12,365,0.356437,0
101594,2021-04-12,547,0.411541,0
101594,2021-04-12,730,0.380743,0
101594,2021-04-12,1825,0.303835,0
101594,2021-04-13,10,0.216371,0
101594,2021-04-13,14,0.19301,0
101594,2021-04-13,30,0.264253,0
101594,2021-04-13,60,0.330447,0
101594,2021-04-13,91,0.320116,0
101594,2021-04-13,122,0.324028,0
101594,2021-04-13,152,0.305707,0
101594,2021-04-13,182,0.320598,0
101594,2021-04-13,273,0.378815,0
101594,2021-04-13,365,0.356682,0
101594,2021-04-13,547,0.411919,0
101594,2021-04-13,730,0.380684,0
101594,2021-04-13,1825,0.304005,0
101594,2021-04-14,10,0.26426,0
101594,2021-04-14,14,0.247401,0
101594,2021-04-14,30,0.266101,0
101594,2021-04-14,60,0.329275,0
101594,2021-04-14,91,0.320731,0
101594,2021-04-14,122,0.323775,0
101594,2021-04-14,152,0.307193,0
101594,2021-04-14,182,0.321726,0
101594,2021-04-14,273,0.379458,0
101594,2021-04-14,365,0.354203,0
101594,2021-04-14,547,0.412235,0
101594,2021-04-14,730,0.380948,0
101594,2021-04-14,1825,0.303975,0
101594,2021-04-15,10,0.256104,0
101594,2021-04-15,14,0.252443,0
101594,2021-04-15,30,0.269545,0
101594,2021-04-15,60,0.328598,0
101594,2021-04-15,91,0.321256,0
101594,2021-04-15,122,0.325035,0
101594,2021-04-15,152,0.306909,0
101594,2021-04-15,182,0.322652,0
101594,2021-04-15,273,0.379608,0
101594,2021-04-15,365,0.354374,0
101594,2021-04-15,547,0.41242,0
101594,2021-04-15,730,0.381126,0
101594,2021-04-15,1825,0.303951,0
101594,2021-04-16,10,0.261644,0
101594,2021-04-16,14,0.24609,0
101594,2021-04-16,30,0.268093,0
101594,2021-04-16,60,0.324713,0
101594,2021-04-16,91,0.31995,0
101594,2021-04-16,122,0.314026,0
101594,2021-04-16,152,0.305471,0
101594,2021-04-16,182,0.321971,0
101594,2021-04-16,273,0.379615,0
101594,2021-04-16,365,0.354369,0
101594,2021-04-16,547,0.412437,0
101594,2021-04-16,730,0.380942,0
101594,2021-04-16,1825,0.303836,0
101594,2021-04-19,10,0.267674,0
101594,2021-04-19,14,0.232407,0
101594,2021-04-19,30,0.23292,0
101594,2021-04-19,60,0.326376,0
101594,2021-04-19,91,0.317468,0
101594,2021-04-19,122,0.316433,0
101594,2021-04-19,152,0.307347,0
101594,2021-04-19,182,0.319695,0
101594,2021-04-19,273,0.378986,0
101594,2021-04-19,365,0.354006,0
101594,2021-04-19,547,0.412438,0
101594,2021-04-19,730,0.380947,0
101594,2021-04-19,1825,0.30389,0
101594,2021-04-20,10,0.260836,0
101594,2021-04-20,14,0.2525,0
101594,2021-04-20,30,0.236129,0
101594,2021-04-20,60,0.328177,0
101594,2021-04-20,91,0.318537,0
101594,2021-04-20,122,0.31539,0
101594,2021-04-20,152,0.308095,0
101594,2021-04-20,182,0.319868,0
101594,2021-04-20,273,0.378933,0
101594,2021-04-20,365,0.353558,0
101594,2021-04-20,547,0.41244,0
101594,2021-04-20,730,0.380713,0
101594,2021-04-20,1825,0.303908,0
101594,2021-04-21,10,0.241999,0
101594,2021-04-21,14,0.248663,0
101594,2021-04-21,30,0.220832,0
101594,2021-04-21,60,0.3242,0
101594,2021-04-21,91,0.31202,0
101594,2021-04-21,122,0.313487,0
101594,2021-04-21,152,0.307501,0
101594,2021-04-21,182,0.319743,0
101594,2021-04-21,273,0.378933,0
101594,2021-04-21,365,0.351904,0
101594,2021-04-21,547,0.412425,0
101594,2021-04-21,730,0.380713,0
101594,2021-04-21,1825,0.303903,0
101594,2021-04-22,10,0.239002,0
101594,2021-04-22,14,0.245509,0
101594,2021-04-22,30,0.224386,0
101594,2021-04-22,60,0.321723,0
101594,2021-04-22,91,0.304269,0
101594,2021-04-22,122,0.313535,0
101594,2021-04-22,152,0.306668,0
101594,2021-04-22,182,0.319903,0
101594,2021-04-22,273,0.375077,0
101594,2021-04-22,365,0.351258,0
101594,2021-04-22,547,0.41248,0
101594,2021-04-22,730,0.380735,0
101594,2021-04-22,1825,0.303839,0
101594,2021-04-23,10,0.219064,0
101594,2021-04-23,14,0.241127,0
101594,2021-04-23,30,0.212109,0
101594,2021-04-23,60,0.315273,0
101594,2021-04-23,91,0.304719,0
101594,2021-04-23,122,0.311263,0
101594,2021-04-23,152,0.306284,0
101594,2021-04-23,182,0.320623,0
101594,2021-04-23,273,0.375498,0
101594,2021-04-23,365,0.351528,0
101594,2021-04-23,547,0.412682,0
101594,2021-04-23,730,0.380894,0
101594,2021-04-23,1825,0.303809,0
101594,2021-04-26,10,0.183017,0
101594,2021-04-26,14,0.22761,0
101594,2021-04-26,30,0.217744,0
101594,2021-04-26,60,0.308607,0
101594,2021-04-26,91,0.299527,0
101594,2021-04-26,122,0.312679,0
101594,2021-04-26,152,0.304691,0
101594,2021-04-26,182,0.320628,0
101594,2021-04-26,273,0.374671,0
101594,2021-04-26,365,0.350575,0
101594,2021-04-26,547,0.412599,0
101594,2021-04-26,730,0.381164,0
101594,2021-04-26,1825,0.302571,0
101594,2021-04-27,10,0.168135,0
101594,2021-04-27,14,0.194275,0
101594,2021-04-27,30,0.213916,0
101594,2021-04-27,60,0.308863,0
101594,2021-04-27,91,0.299495,0
101594,2021-04-27,122,0.310803,0
101594,2021-04-27,152,0.303257,0
101594,2021-04-27,182,0.3202,0
101594,2021-04-27,273,0.37409,0
101594,2021-04-27,365,0.350606,0
101594,2021-04-27,547,0.412565,0
101594,2021-04-27,730,0.380798,0
101594,2021-04-27,1825,0.302226,0
101594,2021-04-28,10,0.159616,0
101594,2021-04-28,14,0.171168,0
101594,2021-04-28,30,0.217006,0
101594,2021-04-28,60,0.305792,0
101594,2021-04-28,91,0.299361,0
101594,2021-04-28,122,0.309116,0
101594,2021-04-28,152,0.303434,0
101594,2021-04-28,182,0.31268,0
101594,2021-04-28,273,0.373678,0
101594,2021-04-28,365,0.350199,0
101594,2021-04-28,547,0.412089,0
101594,2021-04-28,730,0.38084,0
101594,2021-04-28,1825,0.302188,0
101594,2021-04-29,10,0.155561,0
101594,2021-04-29,14,0.141117,0
101594,2021-04-29,30,0.209198,0
101594,2021-04-29,60,0.30222,0
101594,2021-04-29,91,0.290958,0
101594,2021-04-29,122,0.302976,0
101594,2021-04-29,152,0.301975,0
101594,2021-04-29,182,0.30865,0
101594,2021-04-29,273,0.373501,0
101594,2021-04-29,365,0.348942,0
101594,2021-04-29,547,0.412092,0
101594,2021-04-29,730,0.380543,0
101594,2021-04-29,1825,0.30207,0
101594,2021-04-30,10,0.162264,0
101594,2021-04-30,14,0.158904,0
101594,2021-04-30,30,0.214495,0
101594,2021-04-30,60,0.278208,0
101594,2021-04-30,91,0.282366,0
101594,2021-04-30,122,0.303235,0
101594,2021-04-30,152,0.301613,0
101594,2021-04-30,182,0.297814,0
101594,2021-04-30,273,0.356246,0
101594,2021-04-30,365,0.348901,0
101594,2021-04-30,547,0.412001,0
101594,2021-04-30,730,0.379342,0
101594,2021-04-30,1825,0.302042,0
101594,2021-05-03,10,0.127348,0
101594,2021-05-03,14,0.163517,0
101594,2021-05-03,30,0.21479,0
101594,2021-05-03,60,0.268425,0
101594,2021-05-03,91,0.280899,0
101594,2021-05-03,122,0.30478,0
101594,2021-05-03,152,0.29959,0
101594,2021-05-03,182,0.297944,0
101594,2021-05-03,273,0.35527,0
101594,2021-05-03,365,0.34845,0
101594,2021-05-03,547,0.411481,0
101594,2021-05-03,730,0.379627,0
101594,2021-05-03,1825,0.302175,0
101594,2021-05-04,10,0.233774,0
101594,2021-05-04,14,0.233855,0
101594,2021-05-04,30,0.248769,0
101594,2021-05-04,60,0.283877,0
101594,2021-05-04,91,0.289559,0
101594,2021-05-04,122,0.3093,0
101594,2021-05-04,152,0.305049,0
101594,2021-05-04,182,0.302078,0
101594,2021-05-04,273,0.357794,0
101594,2021-05-04,365,0.350367,0
101594,2021-05-04,547,0.412638,0
101594,2021-05-04,730,0.380195,0
101594,2021-05-04,1825,0.30263,0
101594,2021-05-05,10,0.222257,0
101594,2021-05-05,14,0.233094,0
101594,2021-05-05,30,0.236785,0
101594,2021-05-05,60,0.280399,0
101594,2021-05-05,91,0.289262,0
101594,2021-05-05,122,0.30748,0
101594,2021-05-05,152,0.30491,0
101594,2021-05-05,182,0.296885,0
101594,2021-05-05,273,0.357781,0
101594,2021-05-05,365,0.350137,0
101594,2021-05-05,547,0.412629,0
101594,2021-05-05,730,0.379996,0
101594,2021-05-05,1825,0.302614,0
101594,2021-05-06,10,0.242152,0
101594,2021-05-06,14,0.242853,0
101594,2021-05-06,30,0.240177,0
101594,2021-05-06,60,0.278423,0
101594,2021-05-06,91,0.285693,0
101594,2021-05-06,122,0.30527,0
101594,2021-05-06,152,0.304025,0
101594,2021-05-06,182,0.293349,0
101594,2021-05-06,273,0.35593,0
101594,2021-05-06,365,0.350202,0
101594,2021-05-06,547,0.412723,0
101594,2021-05-06,730,0.379511,0
101594,2021-05-06,1825,0.302536,0
101594,2021-05-07,10,0.248581,0
101594,2021-05-07,14,0.221788,0
101594,2021-05-07,30,0.236866,0
101594,2021-05-07,60,0.256147,0
101594,2021-05-07,91,0.285923,0
101594,2021-05-07,122,0.304666,0
101594,2021-05-07,152,0.302648,0
101594,2021-05-07,182,0.293409,0
101594,2021-05-07,273,0.354899,0
101594,2021-05-07,365,0.350122,0
101594,2021-05-07,547,0.412658,0
101594,2021-05-07,730,0.379517,0
101594,2021-05-07,1825,0.302421,0
101594,2021-05-10,10,0.321383,0
101594,2021-05-10,14,0.246807,0
101594,2021-05-10,30,0.238484,0
101594,2021-05-10,60,0.2503,0
101594,2021-05-10,91,0.290363,0
101594,2021-05-10,122,0.299742,0
101594,2021-05-10,152,0.305947,0
101594,2021-05-10,182,0.294405,0
101594,2021-05-10,273,0.355917,0
101594,2021-05-10,365,0.350608,0
101594,2021-05-10,547,0.413295,0
101594,2021-05-10,730,0.380143,0
101594,2021-05-10,1825,0.302862,0
101594,2021-05-11,10,0.293573,0
101594,2021-05-11,14,0.246153,0
101594,2021-05-11,30,0.233418,0
101594,2021-05-11,60,0.250253,0
101594,2021-05-11,91,0.290431,0
101594,2021-05-11,122,0.298177,0
101594,2021-05-11,152,0.305649,0
101594,2021-05-11,182,0.294587,0
101594,2021-05-11,273,0.35423,0
101594,2021-05-11,365,0.350466,0
101594,2021-05-11,547,0.413334,0
101594,2021-05-11,730,0.379822,0
101594,2021-05-11,1825,0.302678,0
101594,2021-05-12,10,0.292656,0
101594,2021-05-12,14,0.263749,0
101594,2021-05-12,30,0.243411,0
101594,2021-05-12,60,0.255414,0
101594,2021-05-12,91,0.294328,0
101594,2021-05-12,122,0.299439,0
101594,2021-05-12,152,0.308055,0
101594,2021-05-12,182,0.293874,0
101594,2021-05-12,273,0.353547,0
101594,2021-05-12,365,0.351263,0
101594,2021-05-12,547,0.41392,0
101594,2021-05-12,730,0.377785,0
101594,2021-05-12,1825,0.302914,0
101594,2021-05-13,10,0.31612,0
101594,2021-05-13,14,0.293247,0
101594,2021-05-13,30,0.235899,0
101594,2021-05-13,60,0.255839,0
101594,2021-05-13,91,0.296842,0
101594,2021-05-13,122,0.298484,0
101594,2021-05-13,152,0.307792,0
101594,2021-05-13,182,0.294907,0
101594,2021-05-13,273,0.353561,0
101594,2021-05-13,365,0.351341,0
101594,2021-05-13,547,0.414079,0
101594,2021-05-13,730,0.377825,0
101594,2021-05-13,1825,0.302882,0
101594,2021-05-14,10,0.285975,0
101594,2021-05-14,14,0.315324,0
101594,2021-05-14,30,0.241956,0
101594,2021-05-14,60,0.253589,0
101594,2021-05-14,91,0.299713,0
101594,2021-05-14,122,0.300453,0
101594,2021-05-14,152,0.307782,0
101594,2021-05-14,182,0.29618,0
101594,2021-05-14,273,0.354254,0
101594,2021-05-14,365,0.351762,0
101594,2021-05-14,547,0.414277,0
101594,2021-05-14,730,0.377967,0
101594,2021-05-14,1825,0.302871,0
101594,2021-05-17,10,0.318074,0
101594,2021-05-17,14,0.310248,0
101594,2021-05-17,30,0.238149,0
101594,2021-05-17,60,0.243035,0
101594,2021-05-17,91,0.297788,0
101594,2021-05-17,122,0.30107,0
101594,2021-05-17,152,0.301456,0
101594,2021-05-17,182,0.29628,0
101594,2021-05-17,273,0.354419,0
101594,2021-05-17,365,0.351855,0
101594,2021-05-17,547,0.414295,0
101594,2021-05-17,730,0.378361,0
101594,2021-05-17,1825,0.3027,0
101594,2021-05-18,10,0.292725,0
101594,2021-05-18,14,0.26126,0
101594,2021-05-18,30,0.234184,0
101594,2021-05-18,60,0.244619,0
101594,2021-05-18,91,0.296943,0
101594,2021-05-18,122,0.299887,0
101594,2021-05-18,152,0.301756,0
101594,2021-05-18,182,0.296533,0
101594,2021-05-18,273,0.354568,0
101594,2021-05-18,365,0.351453,0
101594,2021-05-18,547,0.414424,0
101594,2021-05-18,730,0.378102,0
101594,2021-05-18,1825,0.302745,0
101594,2021-05-19,10,0.272304,0
101594,2021-05-19,14,0.260321,0
101594,2021-05-19,30,0.232482,0
101594,2021-05-19,60,0.241683,0
101594,2021-05-19,91,0.295004,0
101594,2021-05-19,122,0.298102,0
101594,2021-05-19,152,0.300734,0
101594,2021-05-19,182,0.296055,0
101594,2021-05-19,273,0.354572,0
101594,2021-05-19,365,0.351384,0
101594,2021-05-19,547,0.414413,0
101594,2021-05-19,730,0.377353,0
101594,2021-05-19,1825,0.302718,0
101594,2021-05-20,10,0.271102,0
101594,2021-05-20,14,0.276232,0
101594,2021-05-20,30,0.243786,0
101594,2021-05-20,60,0.24357,0
101594,2021-05-20,91,0.297612,0
101594,2021-05-20,122,0.298513,0
101594,2021-05-20,152,0.301036,0
101594,2021-05-20,182,0.297398,0
101594,2021-05-20,273,0.354481,0
101594,2021-05-20,365,0.351463,0
101594,2021-05-20,547,0.41456,0
101594,2021-05-20,730,0.377396,0
101594,2021-05-20,1825,0.302722,0
101594,2021-05-21,10,0.281897,0
101594,2021-05-21,14,0.280406,0
101594,2021-05-21,30,0.24694,0
101594,2021-05-21,60,0.237575,0
101594,2021-05-21,91,0.299001,0
101594,2021-05-21,122,0.299452,0
101594,2021-05-21,152,0.30048,0
101594,2021-05-21,182,0.297758,0
101594,2021-05-21,273,0.350136,0
101594,2021-05-21,365,0.351739,0
101594,2021-05-21,547,0.414753,0
101594,2021-05-21,730,0.377243,0
101594,2021-05-21,1825,0.30269,0
101594,2021-05-24,10,0.229328,0
101594,2021-05-24,14,0.261331,0
101594,2021-05-24,30,0.24668,0
101594,2021-05-24,60,0.23871,0
101594,2021-05-24,91,0.294113,0
101594,2021-05-24,122,0.290206,0
101594,2021-05-24,152,0.30005,0
101594,2021-05-24,182,0.29499,0
101594,2021-05-24,273,0.3502,0
101594,2021-05-24,365,0.351893,0
101594,2021-05-24,547,0.414854,0
101594,2021-05-24,730,0.377431,0
101594,2021-05-24,1825,0.302787,0
101594,2021-05-25,10,0.209454,0
101594,2021-05-25,14,0.258174,0
101594,2021-05-25,30,0.240758,0
101594,2021-05-25,60,0.238615,0
101594,2021-05-25,91,0.294122,0
101594,2021-05-25,122,0.288475,0
101594,2021-05-25,152,0.299794,0
101594,2021-05-25,182,0.294615,0
101594,2021-05-25,273,0.350072,0
101594,2021-05-25,365,0.351211,0
101594,2021-05-25,547,0.414665,0
101594,2021-05-25,730,0.377064,0
101594,2021-05-25,1825,0.302775,0
101594,2021-05-26,10,0.193921,0
101594,2021-05-26,14,0.214426,0
101594,2021-05-26,30,0.240107,0
101594,2021-05-26,60,0.235718,0
101594,2021-05-26,91,0.294002,0
101594,2021-05-26,122,0.286775,0
101594,2021-05-26,152,0.298335,0
101594,2021-05-26,182,0.294465,0
101594,2021-05-26,273,0.349725,0
101594,2021-05-26,365,0.351112,0
101594,2021-05-26,547,0.414594,0
101594,2021-05-26,730,0.376694,0
101594,2021-05-26,1825,0.302775,0
101594,2021-05-27,10,0.199739,0
101594,2021-05-27,14,0.210865,0
101594,2021-05-27,30,0.242379,0
101594,2021-05-27,60,0.235203,0
101594,2021-05-27,91,0.286309,0
101594,2021-05-27,122,0.28318,0
101594,2021-05-27,152,0.297489,0
101594,2021-05-27,182,0.293874,0
101594,2021-05-27,273,0.349745,0
101594,2021-05-27,365,0.351394,0
101594,2021-05-27,547,0.414648,0
101594,2021-05-27,730,0.376809,0
101594,2021-05-27,1825,0.302718,0
101594,2021-05-28,10,0.191281,0
101594,2021-05-28,14,0.181804,0
101594,2021-05-28,30,0.242291,0
101594,2021-05-28,60,0.235668,0
101594,2021-05-28,91,0.286529,0
101594,2021-05-28,122,0.283203,0
101594,2021-05-28,152,0.296165,0
101594,2021-05-28,182,0.293935,0
101594,2021-05-28,273,0.349796,0
101594,2021-05-28,365,0.351465,0
101594,2021-05-28,547,0.414137,0
101594,2021-05-28,730,0.376814,0
101594,2021-05-28,1825,0.302612,0
101594,2021-06-01,10,0.133633,0
101594,2021-06-01,14,0.179382,0
101594,2021-06-01,30,0.244225,0
101594,2021-06-01,60,0.234543,0
101594,2021-06-01,91,0.265535,0
101594,2021-06-01,122,0.272475,0
101594,2021-06-01,152,0.294046,0
101594,2021-06-01,182,0.290531,0
101594,2021-06-01,273,0.345562,0
101594,2021-06-01,365,0.352026,0
101594,2021-06-01,547,0.414548,0
101594,2021-06-01,730,0.376921,0
101594,2021-06-01,1825,0.30274,0
101594,2021-06-02,10,0.130641,0
101594,2021-06-02,14,0.182761,0
101594,2021-06-02,30,0.243243,0
101594,2021-06-02,60,0.232126,0
101594,2021-06-02,91,0.261026,0
101594,2021-06-02,122,0.271112,0
101594,2021-06-02,152,0.29281,0
101594,2021-06-02,182,0.290635,0
101594,2021-06-02,273,0.344812,0
101594,2021-06-02,365,0.352043,0
101594,2021-06-02,547,0.414248,0
101594,2021-06-02,730,0.376832,0
101594,2021-06-02,1825,0.302748,0
101594,2021-06-03,10,0.105879,0
101594,2021-06-03,14,0.146148,0
101594,2021-06-03,30,0.214403,0
101594,2021-06-03,60,0.231386,0
101594,2021-06-03,91,0.260185,0
101594,2021-06-03,122,0.270211,0
101594,2021-06-03,152,0.291961,0
101594,2021-06-03,182,0.291166,0
101594,2021-06-03,273,0.331169,0
101594,2021-06-03,365,0.3523,0
101594,2021-06-03,547,0.414366,0
101594,2021-06-03,730,0.376207,0
101594,2021-06-03,1825,0.302689,0
101594,2021-06-04,10,0.174582,0
101594,2021-06-04,14,0.169376,0
101594,2021-06-04,30,0.225575,0
101594,2021-06-04,60,0.228946,0
101594,2021-06-04,91,0.261993,0
101594,2021-06-04,122,0.272073,0
101594,2021-06-04,152,0.292117,0
101594,2021-06-04,182,0.292274,0
101594,2021-06-04,273,0.331879,0
101594,2021-06-04,365,0.352563,0
101594,2021-06-04,547,0.41447,0
101594,2021-06-04,730,0.376265,0
101594,2021-06-04,1825,0.30267,0
101594,2021-06-07,10,0.182658,0
101594,2021-06-07,14,0.15136,0
101594,2021-06-07,30,0.224605,0
101594,2021-06-07,60,0.226781,0
101594,2021-06-07,91,0.246881,0
101594,2021-06-07,122,0.271186,0
101594,2021-06-07,152,0.286836,0
101594,2021-06-07,182,0.29177,0
101594,2021-06-07,273,0.330991,0
101594,2021-06-07,365,0.351578,0
101594,2021-06-07,547,0.414226,0
101594,2021-06-07,730,0.376144,0
101594,2021-06-07,1825,0.302895,0
101594,2021-06-08,10,0.16606,0
101594,2021-06-08,14,0.156633,0
101594,2021-06-08,30,0.220813,0
101594,2021-06-08,60,0.221408,0
101594,2021-06-08,91,0.234443,0
101594,2021-06-08,122,0.269871,0
101594,2021-06-08,152,0.28215,0
101594,2021-06-08,182,0.291833,0
101594,2021-06-08,273,0.32091,0
101594,2021-06-08,365,0.351587,0
101594,2021-06-08,547,0.414043,0
101594,2021-06-08,730,0.375785,0
101594,2021-06-08,1825,0.302894,0
101594,2021-06-09,10,0.151599,0
101594,2021-06-09,14,0.157528,0
101594,2021-06-09,30,0.201743,0
101594,2021-06-09,60,0.218934,0
101594,2021-06-09,91,0.233615,0
101594,2021-06-09,122,0.268346,0
101594,2021-06-09,152,0.281856,0
101594,2021-06-09,182,0.290248,0
101594,2021-06-09,273,0.317786,0
101594,2021-06-09,365,0.350349,0
101594,2021-06-09,547,0.414031,0
101594,2021-06-09,730,0.375709,0
101594,2021-06-09,1825,0.302864,0
101594,2021-06-10,10,0.153142,0
101594,2021-06-10,14,0.147776,0
101594,2021-06-10,30,0.202045,0
101594,2021-06-10,60,0.216979,0
101594,2021-06-10,91,0.232164,0
101594,2021-06-10,122,0.268611,0
101594,2021-06-10,152,0.280753,0
101594,2021-06-10,182,0.290017,0
101594,2021-06-10,273,0.315524,0
101594,2021-06-10,365,0.349662,0
101594,2021-06-10,547,0.414071,0
101594,2021-06-10,730,0.375715,0
101594,2021-06-10,1825,0.302773,0
101594,2021-06-11,10,0.156878,0
101594,2021-06-11,14,0.149815,0
101594,2021-06-11,30,0.182178,0
101594,2021-06-11,60,0.216455,0
101594,2021-06-11,91,0.232276,0
101594,2021-06-11,122,0.269058,0
101594,2021-06-11,152,0.279854,0
101594,2021-06-11,182,0.290162,0
101594,2021-06-11,273,0.315292,0
101594,2021-06-11,365,0.346041,0
101594,2021-06-11,547,0.414124,0
101594,2021-06-11,730,0.375738,0
101594,2021-06-11,1825,0.302676,0
101594,2021-06-14,10,0.172457,0
101594,2021-06-14,14,0.178878,0
101594,2021-06-14,30,0.184203,0
101594,2021-06-14,60,0.212271,0
101594,2021-06-14,91,0.232325,0
101594,2021-06-14,122,0.275658,0
101594,2021-06-14,152,0.281628,0
101594,2021-06-14,182,0.292047,0
101594,2021-06-14,273,0.314705,0
101594,2021-06-14,365,0.34671,0
101594,2021-06-14,547,0.414424,0
101594,2021-06-14,730,0.376383,0
101594,2021-06-14,1825,0.302993,0
101594,2021-06-15,10,0.174195,0
101594,2021-06-15,14,0.184144,0
101594,2021-06-15,30,0.181476,0
101594,2021-06-15,60,0.212708,0
101594,2021-06-15,91,0.231515,0
101594,2021-06-15,122,0.274192,0
101594,2021-06-15,152,0.280795,0
101594,2021-06-15,182,0.283838,0
101594,2021-06-15,273,0.314812,0
101594,2021-06-15,365,0.346645,0
101594,2021-06-15,547,0.414289,0
101594,2021-06-15,730,0.376057,0
101594,2021-06-15,1825,0.30301,0
101594,2021-06-16,10,0.161281,0
101594,2021-06-16,14,0.183794,0
101594,2021-06-16,30,0.177939,0
101594,2021-06-16,60,0.210416,0
101594,2021-06-16,91,0.23117,0
101594,2021-06-16,122,0.272661,0
101594,2021-06-16,152,0.280002,0
101594,2021-06-16,182,0.283887,0
101594,2021-06-16,273,0.312812,0
101594,2021-06-16,365,0.345779,0
101594,2021-06-16,547,0.414293,0
101594,2021-06-16,730,0.376049,0
101594,2021-06-16,1825,0.302815,0
101594,2021-06-17,10,0.165023,0
101594,2021-06-17,14,0.163521,0
101594,2021-06-17,30,0.175556,0
101594,2021-06-17,60,0.210339,0
101594,2021-06-17,91,0.220978,0
101594,2021-06-17,122,0.271959,0
101594,2021-06-17,152,0.2793,0
101594,2021-06-17,182,0.284271,0
101594,2021-06-17,273,0.312481,0
101594,2021-06-17,365,0.345939,0
101594,2021-06-17,547,0.414374,0
101594,2021-06-17,730,0.375822,0
101594,2021-06-17,1825,0.302735,0
101594,2021-06-18,10,0.187045,0
101594,2021-06-18,14,0.166788,0
101594,2021-06-18,30,0.18062,0
101594,2021-06-18,60,0.2112,0
101594,2021-06-18,91,0.221883,0
101594,2021-06-18,122,0.271099,0
101594,2021-06-18,152,0.278439,0
101594,2021-06-18,182,0.283707,0
101594,2021-06-18,273,0.310357,0
101594,2021-06-18,365,0.346138,0
101594,2021-06-18,547,0.414488,0
101594,2021-06-18,730,0.375903,0
101594,2021-06-18,1825,0.302659,0
101594,2021-06-21,10,0.208212,0
101594,2021-06-21,14,0.173166,0
101594,2021-06-21,30,0.166368,0
101594,2021-06-21,60,0.215029,0
101594,2021-06-21,91,0.216788,0
101594,2021-06-21,122,0.273247,0
101594,2021-06-21,152,0.275979,0
101594,2021-06-21,182,0.28386,0
101594,2021-06-21,273,0.308914,0
101594,2021-06-21,365,0.346281,0
101594,2021-06-21,547,0.414599,0
101594,2021-06-21,730,0.376331,0
101594,2021-06-21,1825,0.302922,0
101594,2021-06-22,10,0.19375,0
101594,2021-06-22,14,0.17734,0
101594,2021-06-22,30,0.16578,0
101594,2021-06-22,60,0.212674,0
101594,2021-06-22,91,0.21736,0
101594,2021-06-22,122,0.272451,0
101594,2021-06-22,152,0.270929,0
101594,2021-06-22,182,0.281607,0
101594,2021-06-22,273,0.308744,0
101594,2021-06-22,365,0.345607,0
101594,2021-06-22,547,0.414525,0
101594,2021-06-22,730,0.376032,0
101594,2021-06-22,1825,0.302958,0
101594,2021-06-23,10,0.186883,0
101594,2021-06-23,14,0.181218,0
101594,2021-06-23,30,0.162497,0
101594,2021-06-23,60,0.210125,0
101594,2021-06-23,91,0.213006,0
101594,2021-06-23,122,0.270876,0
101594,2021-06-23,152,0.269767,0
101594,2021-06-23,182,0.281438,0
101594,2021-06-23,273,0.304522,0
101594,2021-06-23,365,0.345071,0
101594,2021-06-23,547,0.414537,0
101594,2021-06-23,730,0.376037,0
101594,2021-06-23,1825,0.302665,0
101594,2021-06-24,10,0.149355,0
101594,2021-06-24,14,0.171457,0
101594,2021-06-24,30,0.162695,0
101594,2021-06-24,60,0.207671,0
101594,2021-06-24,91,0.213089,0
101594,2021-06-24,122,0.265684,0
101594,2021-06-24,152,0.268494,0
101594,2021-06-24,182,0.281252,0
101594,2021-06-24,273,0.304366,0
101594,2021-06-24,365,0.344546,0
101594,2021-06-24,547,0.413997,0
101594,2021-06-24,730,0.375849,0
101594,2021-06-24,1825,0.302549,0
101594,2021-06-25,10,0.141658,0
101594,2021-06-25,14,0.173913,0
101594,2021-06-25,30,0.16322,0
101594,2021-06-25,60,0.20759,0
101594,2021-06-25,91,0.213108,0
101594,2021-06-25,122,0.265714,0
101594,2021-06-25,152,0.267241,0
101594,2021-06-25,182,0.280135,0
101594,2021-06-25,273,0.30154,0
101594,2021-06-25,365,0.34437,0
101594,2021-06-25,547,0.413748,0
101594,2021-06-25,730,0.375611,0
101594,2021-06-25,1825,0.302433,0
101594,2021-06-28,10,0.132456,0
101594,2021-06-28,14,0.14362,0
101594,2021-06-28,30,0.158272,0
101594,2021-06-28,60,0.214363,0
101594,2021-06-28,91,0.214231,0
101594,2021-06-28,122,0.26193,0
101594,2021-06-28,152,0.266816,0
101594,2021-06-28,182,0.276193,0
101594,2021-06-28,273,0.300688,0
101594,2021-06-28,365,0.342968,0
101594,2021-06-28,547,0.413839,0
101594,2021-06-28,730,0.375971,0
101594,2021-06-28,1825,0.302534,0
101594,2021-06-29,10,0.126169,0
101594,2021-06-29,14,0.137747,0
101594,2021-06-29,30,0.156443,0
101594,2021-06-29,60,0.212385,0
101594,2021-06-29,91,0.213175,0
101594,2021-06-29,122,0.260953,0
101594,2021-06-29,152,0.261707,0
101594,2021-06-29,182,0.27601,0
101594,2021-06-29,273,0.300773,0
101594,2021-06-29,365,0.342455,0
101594,2021-06-29,547,0.413902,0
101594,2021-06-29,730,0.375656,0
101594,2021-06-29,1825,0.302526,0
101594,2021-06-30,10,0.117188,0
101594,2021-06-30,14,0.137636,0
101594,2021-06-30,30,0.152677,0
101594,2021-06-30,60,0.209973,0
101594,2021-06-30,91,0.210588,0
101594,2021-06-30,122,0.259472,0
101594,2021-06-30,152,0.254912,0
101594,2021-06-30,182,0.275803,0
101594,2021-06-30,273,0.300363,0
101594,2021-06-30,365,0.342403,0
101594,2021-06-30,547,0.413883,0
101594,2021-06-30,730,0.375486,0
101594,2021-06-30,1825,0.302528,0
101594,2021-07-01,10,0.106651,0
101594,2021-07-01,14,0.131652,0
101594,2021-07-01,30,0.15089,0
101594,2021-07-01,60,0.20748,0
101594,2021-07-01,91,0.210336,0
101594,2021-07-01,122,0.243977,0
101594,2021-07-01,152,0.253712,0
101594,2021-07-01,182,0.275582,0
101594,2021-07-01,273,0.30024,0
101594,2021-07-01,365,0.342385,0
101594,2021-07-01,547,0.413334,0
101594,2021-07-01,730,0.375477,0
101594,2021-07-01,1825,0.302408,0
101594,2021-07-02,10,0.129385,0
101594,2021-07-02,14,0.12574,0
101594,2021-07-02,30,0.15905,0
101594,2021-07-02,60,0.211537,0
101594,2021-07-02,91,0.211575,0
101594,2021-07-02,122,0.243019,0
101594,2021-07-02,152,0.254191,0
101594,2021-07-02,182,0.275805,0
101594,2021-07-02,273,0.298423,0
101594,2021-07-02,365,0.34284,0
101594,2021-07-02,547,0.413236,0
101594,2021-07-02,730,0.375652,0
101594,2021-07-02,1825,0.302394,0
101594,2021-07-06,10,0.101153,0
101594,2021-07-06,14,0.13036,0
101594,2021-07-06,30,0.146388,0
101594,2021-07-06,60,0.197957,0
101594,2021-07-06,91,0.210439,0
101594,2021-07-06,122,0.24021,0
101594,2021-07-06,152,0.254142,0
101594,2021-07-06,182,0.274723,0
101594,2021-07-06,273,0.295612,0
101594,2021-07-06,365,0.342191,0
101594,2021-07-06,547,0.413782,0
101594,2021-07-06,730,0.375752,0
101594,2021-07-06,1825,0.302645,0
101594,2021-07-07,10,0.101436,0
101594,2021-07-07,14,0.131659,0
101594,2021-07-07,30,0.15056,0
101594,2021-07-07,60,0.199269,0
101594,2021-07-07,91,0.211618,0
101594,2021-07-07,122,0.240342,0
101594,2021-07-07,152,0.255526,0
101594,2021-07-07,182,0.271197,0
101594,2021-07-07,273,0.295683,0
101594,2021-07-07,365,0.342535,0
101594,2021-07-07,547,0.413956,0
101594,2021-07-07,730,0.375565,0
101594,2021-07-07,1825,0.30272,0
101594,2021-07-08,10,0.161357,0
101594,2021-07-08,14,0.153526,0
101594,2021-07-08,30,0.160228,0
101594,2021-07-08,60,0.198932,0
101594,2021-07-08,91,0.209895,0
101594,2021-07-08,122,0.228322,0
101594,2021-07-08,152,0.254747,0
101594,2021-07-08,182,0.267568,0
101594,2021-07-08,273,0.295923,0
101594,2021-07-08,365,0.342044,0
101594,2021-07-08,547,0.413891,0
101594,2021-07-08,730,0.375641,0
101594,2021-07-08,1825,0.302638,0
101594,2021-07-09,10,0.162709,0
101594,2021-07-09,14,0.142562,0
101594,2021-07-09,30,0.161745,0
101594,2021-07-09,60,0.187327,0
101594,2021-07-09,91,0.207836,0
101594,2021-07-09,122,0.219668,0
101594,2021-07-09,152,0.254264,0
101594,2021-07-09,182,0.267901,0
101594,2021-07-09,273,0.295651,0
101594,2021-07-09,365,0.342227,0
101594,2021-07-09,547,0.413692,0
101594,2021-07-09,730,0.37568,0
101594,2021-07-09,1825,0.302561,0
101594,2021-07-12,10,0.19406,0
101594,2021-07-12,14,0.158401,0
101594,2021-07-12,30,0.161585,0
101594,2021-07-12,60,0.172816,0
101594,2021-07-12,91,0.206013,0
101594,2021-07-12,122,0.219648,0
101594,2021-07-12,152,0.256455,0
101594,2021-07-12,182,0.265735,0
101594,2021-07-12,273,0.287183,0
101594,2021-07-12,365,0.342277,0
101594,2021-07-12,547,0.41372,0
101594,2021-07-12,730,0.376001,0
101594,2021-07-12,1825,0.302792,0
101594,2021-07-13,10,0.173835,0
101594,2021-07-13,14,0.156895,0
101594,2021-07-13,30,0.157584,0
101594,2021-07-13,60,0.168226,0
101594,2021-07-13,91,0.201335,0
101594,2021-07-13,122,0.218544,0
101594,2021-07-13,152,0.256668,0
101594,2021-07-13,182,0.265895,0
101594,2021-07-13,273,0.285467,0
101594,2021-07-13,365,0.342274,0
101594,2021-07-13,547,0.413443,0
101594,2021-07-13,730,0.375649,0
101594,2021-07-13,1825,0.302696,0
101594,2021-07-14,10,0.189244,0
101594,2021-07-14,14,0.177877,0
101594,2021-07-14,30,0.156924,0
101594,2021-07-14,60,0.173696,0
101594,2021-07-14,91,0.202404,0
101594,2021-07-14,122,0.220397,0
101594,2021-07-14,152,0.259167,0
101594,2021-07-14,182,0.267008,0
101594,2021-07-14,273,0.286692,0
101594,2021-07-14,365,0.342674,0
101594,2021-07-14,547,0.41365,0
101594,2021-07-14,730,0.375927,0
101594,2021-07-14,1825,0.302861,0
101594,2021-07-15,10,0.191083,0
101594,2021-07-15,14,0.189721,0
101594,2021-07-15,30,0.155044,0
101594,2021-07-15,60,0.172776,0
101594,2021-07-15,91,0.199967,0
101594,2021-07-15,122,0.217443,0
101594,2021-07-15,152,0.258056,0
101594,2021-07-15,182,0.266109,0
101594,2021-07-15,273,0.286705,0
101594,2021-07-15,365,0.342691,0
101594,2021-07-15,547,0.413652,0
101594,2021-07-15,730,0.375936,0
101594,2021-07-15,1825,0.302752,0
101594,2021-07-16,10,0.218272,0
101594,2021-07-16,14,0.212054,0
101594,2021-07-16,30,0.170668,0
101594,2021-07-16,60,0.175412,0
101594,2021-07-16,91,0.202286,0
101594,2021-07-16,122,0.218455,0
101594,2021-07-16,152,0.257873,0
101594,2021-07-16,182,0.266149,0
101594,2021-07-16,273,0.286711,0
101594,2021-07-16,365,0.34277,0
101594,2021-07-16,547,0.413763,0
101594,2021-07-16,730,0.376073,0
101594,2021-07-16,1825,0.302713,0
101594,2021-07-19,10,0.279967,0
101594,2021-07-19,14,0.257331,0
101594,2021-07-19,30,0.20173,0
101594,2021-07-19,60,0.18668,0
101594,2021-07-19,91,0.210107,0
101594,2021-07-19,122,0.216991,0
101594,2021-07-19,152,0.259823,0
101594,2021-07-19,182,0.268116,0
101594,2021-07-19,273,0.286895,0
101594,2021-07-19,365,0.343973,0
101594,2021-07-19,547,0.414368,0
101594,2021-07-19,730,0.376771,0
101594,2021-07-19,1825,0.303199,0
101594,2021-07-20,10,0.308261,0
101594,2021-07-20,14,0.27789,0
101594,2021-07-20,30,0.209945,0
101594,2021-07-20,60,0.189557,0
101594,2021-07-20,91,0.213922,0
101594,2021-07-20,122,0.219505,0
101594,2021-07-20,152,0.26221,0
101594,2021-07-20,182,0.270315,0
101594,2021-07-20,273,0.287971,0
101594,2021-07-20,365,0.344275,0
101594,2021-07-20,547,0.414285,0
101594,2021-07-20,730,0.376764,0
101594,2021-07-20,1825,0.303377,0
101594,2021-07-21,10,0.287484,0
101594,2021-07-21,14,0.267031,0
101594,2021-07-21,30,0.210544,0
101594,2021-07-21,60,0.188488,0
101594,2021-07-21,91,0.214313,0
101594,2021-07-21,122,0.218577,0
101594,2021-07-21,152,0.262392,0
101594,2021-07-21,182,0.266756,0
101594,2021-07-21,273,0.287962,0
101594,2021-07-21,365,0.343991,0
101594,2021-07-21,547,0.414265,0
101594,2021-07-21,730,0.37652,0
101594,2021-07-21,1825,0.303364,0
101594,2021-07-22,10,0.290189,0
101594,2021-07-22,14,0.264365,0
101594,2021-07-22,30,0.209328,0
101594,2021-07-22,60,0.18675,0
101594,2021-07-22,91,0.213243,0
101594,2021-07-22,122,0.214356,0
101594,2021-07-22,152,0.261467,0
101594,2021-07-22,182,0.262305,0
101594,2021-07-22,273,0.287847,0
101594,2021-07-22,365,0.344081,0
101594,2021-07-22,547,0.414312,0
101594,2021-07-22,730,0.376536,0
101594,2021-07-22,1825,0.303265,0
101594,2021-07-23,10,0.294021,0
101594,2021-07-23,14,0.263243,0
101594,2021-07-23,30,0.20952,0
101594,2021-07-23,60,0.186369,0
101594,2021-07-23,91,0.211736,0
101594,2021-07-23,122,0.214443,0
101594,2021-07-23,152,0.260753,0
101594,2021-07-23,182,0.261891,0
101594,2021-07-23,273,0.287978,0
101594,2021-07-23,365,0.340803,0
101594,2021-07-23,547,0.414389,0
101594,2021-07-23,730,0.376595,0
101594,2021-07-23,1825,0.30318,0
101594,2021-07-26,10,0.285648,0
101594,2021-07-26,14,0.260688,0
101594,2021-07-26,30,0.211617,0
101594,2021-07-26,60,0.185583,0
101594,2021-07-26,91,0.211734,0
101594,2021-07-26,122,0.213324,0
101594,2021-07-26,152,0.258412,0
101594,2021-07-26,182,0.259123,0
101594,2021-07-26,273,0.287979,0
101594,2021-07-26,365,0.340776,0
101594,2021-07-26,547,0.414374,0
101594,2021-07-26,730,0.376901,0
101594,2021-07-26,1825,0.302073,0
101594,2021-07-27,10,0.282118,0
101594,2021-07-27,14,0.273851,0
101594,2021-07-27,30,0.218308,0
101594,2021-07-27,60,0.19036,0
101594,2021-07-27,91,0.214192,0
101594,2021-07-27,122,0.214195,0
101594,2021-07-27,152,0.253204,0
101594,2021-07-27,182,0.260025,0
101594,2021-07-27,273,0.288266,0
101594,2021-07-27,365,0.340508,0
101594,2021-07-27,547,0.413796,0
101594,2021-07-27,730,0.376722,0
101594,2021-07-27,1825,0.302115,0
101594,2021-07-28,10,0.270655,0
101594,2021-07-28,14,0.24748,0
101594,2021-07-28,30,0.223897,0
101594,2021-07-28,60,0.192293,0
101594,2021-07-28,91,0.215433,0
101594,2021-07-28,122,0.214389,0
101594,2021-07-28,152,0.254147,0
101594,2021-07-28,182,0.260385,0
101594,2021-07-28,273,0.283065,0
101594,2021-07-28,365,0.340303,0
101594,2021-07-28,547,0.413397,0
101594,2021-07-28,730,0.376824,0
101594,2021-07-28,1825,0.302175,0
101594,2021-07-29,10,0.213105,0
101594,2021-07-29,14,0.249927,0
101594,2021-07-29,30,0.222075,0
101594,2021-07-29,60,0.189945,0
101594,2021-07-29,91,0.215486,0
101594,2021-07-29,122,0.214426,0
101594,2021-07-29,152,0.252971,0
101594,2021-07-29,182,0.2554,0
101594,2021-07-29,273,0.280139,0
101594,2021-07-29,365,0.339876,0
101594,2021-07-29,547,0.413109,0
101594,2021-07-29,730,0.376801,0
101594,2021-07-29,1825,0.302058,0
101594,2021-07-30,10,0.154964,0
101594,2021-07-30,14,0.240641,0
101594,2021-07-30,30,0.222077,0
101594,2021-07-30,60,0.187746,0
101594,2021-07-30,91,0.21281,0
101594,2021-07-30,122,0.212935,0
101594,2021-07-30,152,0.251776,0
101594,2021-07-30,182,0.24939,0
101594,2021-07-30,273,0.271568,0
101594,2021-07-30,365,0.339718,0
101594,2021-07-30,547,0.413101,0
101594,2021-07-30,730,0.376582,0
101594,2021-07-30,1825,0.301938,0
101594,2021-08-02,10,0.131177,0
101594,2021-08-02,14,0.189688,0
101594,2021-08-02,30,0.220046,0
101594,2021-08-02,60,0.187948,0
101594,2021-08-02,91,0.212542,0
101594,2021-08-02,122,0.212278,0
101594,2021-08-02,152,0.23548,0
101594,2021-08-02,182,0.248438,0
101594,2021-08-02,273,0.271591,0
101594,2021-08-02,365,0.325213,0
101594,2021-08-02,547,0.411323,0
101594,2021-08-02,730,0.376221,0
101594,2021-08-02,1825,0.301968,0
101594,2021-08-03,10,0.153519,0
101594,2021-08-03,14,0.151901,0
101594,2021-08-03,30,0.217605,0
101594,2021-08-03,60,0.185451,0
101594,2021-08-03,91,0.199479,0
101594,2021-08-03,122,0.21179,0
101594,2021-08-03,152,0.234448,0
101594,2021-08-03,182,0.248881,0
101594,2021-08-03,273,0.271427,0
101594,2021-08-03,365,0.324548,0
101594,2021-08-03,547,0.411403,0
101594,2021-08-03,730,0.375919,0
101594,2021-08-03,1825,0.302002,0
101594,2021-08-04,10,0.142424,0
101594,2021-08-04,14,0.149752,0
101594,2021-08-04,30,0.213099,0
101594,2021-08-04,60,0.183894,0
101594,2021-08-04,91,0.199736,0
101594,2021-08-04,122,0.21071,0
101594,2021-08-04,152,0.234162,0
101594,2021-08-04,182,0.248635,0
101594,2021-08-04,273,0.267734,0
101594,2021-08-04,365,0.324527,0
101594,2021-08-04,547,0.410648,0
101594,2021-08-04,730,0.373843,0
101594,2021-08-04,1825,0.301945,0
101594,2021-08-05,10,0.140617,0
101594,2021-08-05,14,0.142043,0
101594,2021-08-05,30,0.208539,0
101594,2021-08-05,60,0.18183,0
101594,2021-08-05,91,0.198606,0
101594,2021-08-05,122,0.20749,0
101594,2021-08-05,152,0.23305,0
101594,2021-08-05,182,0.246136,0
101594,2021-08-05,273,0.264857,0
101594,2021-08-05,365,0.324518,0
101594,2021-08-05,547,0.410615,0
101594,2021-08-05,730,0.373661,0
101594,2021-08-05,1825,0.301825,0
101594,2021-08-06,10,0.114931,0
101594,2021-08-06,14,0.127367,0
101594,2021-08-06,30,0.201351,0
101594,2021-08-06,60,0.182773,0
101594,2021-08-06,91,0.19895,0
101594,2021-08-06,122,0.207793,0
101594,2021-08-06,152,0.232169,0
101594,2021-08-06,182,0.246197,0
101594,2021-08-06,273,0.264934,0
101594,2021-08-06,365,0.322862,0
101594,2021-08-06,547,0.410566,0
101594,2021-08-06,730,0.37365,0
101594,2021-08-06,1825,0.301718,0
101594,2021-08-09,10,0.098614,0
101594,2021-08-09,14,0.125269,0
101594,2021-08-09,30,0.198546,0
101594,2021-08-09,60,0.185095,0
101594,2021-08-09,91,0.190713,0
101594,2021-08-09,122,0.204488,0
101594,2021-08-09,152,0.215377,0
101594,2021-08-09,182,0.246199,0
101594,2021-08-09,273,0.263771,0
101594,2021-08-09,365,0.321967,0
101594,2021-08-09,547,0.41038,0
101594,2021-08-09,730,0.373694,0
101594,2021-08-09,1825,0.301915,0
101594,2021-08-10,10,0.092973,0
101594,2021-08-10,14,0.10248,0
101594,2021-08-10,30,0.194177,0
101594,2021-08-10,60,0.185207,0
101594,2021-08-10,91,0.190043,0
101594,2021-08-10,122,0.203416,0
101594,2021-08-10,152,0.214333,0
101594,2021-08-10,182,0.246053,0
101594,2021-08-10,273,0.263778,0
101594,2021-08-10,365,0.32172,0
101594,2021-08-10,547,0.410392,0
101594,2021-08-10,730,0.373343,0
101594,2021-08-10,1825,0.301921,0
101594,2021-08-11,10,0.086683,0
101594,2021-08-11,14,0.079584,0
101594,2021-08-11,30,0.193593,0
101594,2021-08-11,60,0.182973,0
101594,2021-08-11,91,0.181597,0
101594,2021-08-11,122,0.202219,0
101594,2021-08-11,152,0.213831,0
101594,2021-08-11,182,0.245949,0
101594,2021-08-11,273,0.26165,0
101594,2021-08-11,365,0.320188,0
101594,2021-08-11,547,0.410344,0
101594,2021-08-11,730,0.373328,0
101594,2021-08-11,1825,0.301921,0
101594,2021-08-12,10,0.140953,0
101594,2021-08-12,14,0.127265,0
101594,2021-08-12,30,0.203891,0
101594,2021-08-12,60,0.185566,0
101594,2021-08-12,91,0.18262,0
101594,2021-08-12,122,0.203372,0
101594,2021-08-12,152,0.214765,0
101594,2021-08-12,182,0.247532,0
101594,2021-08-12,273,0.262592,0
101594,2021-08-12,365,0.319217,0
101594,2021-08-12,547,0.410247,0
101594,2021-08-12,730,0.372516,0
101594,2021-08-12,1825,0.301923,0
101594,2021-08-13,10,0.127063,0
101594,2021-08-13,14,0.127284,0
101594,2021-08-13,30,0.187329,0
101594,2021-08-13,60,0.178447,0
101594,2021-08-13,91,0.179396,0
101594,2021-08-13,122,0.1996,0
101594,2021-08-13,152,0.213752,0
101594,2021-08-13,182,0.247529,0
101594,2021-08-13,273,0.262591,0
101594,2021-08-13,365,0.318791,0
101594,2021-08-13,547,0.410185,0
101594,2021-08-13,730,0.371812,0
101594,2021-08-13,1825,0.301803,0
101594,2021-08-16,10,0.14777,0
101594,2021-08-16,14,0.135445,0
101594,2021-08-16,30,0.188882,0
101594,2021-08-16,60,0.181529,0
101594,2021-08-16,91,0.179078,0
101594,2021-08-16,122,0.197901,0
101594,2021-08-16,152,0.212701,0
101594,2021-08-16,182,0.24719,0
101594,2021-08-16,273,0.262833,0
101594,2021-08-16,365,0.319026,0
101594,2021-08-16,547,0.410297,0
101594,2021-08-16,730,0.371932,0
101594,2021-08-16,1825,0.30205,0
101594,2021-08-17,10,0.152229,0
101594,2021-08-17,14,0.134643,0
101594,2021-08-17,30,0.186191,0
101594,2021-08-17,60,0.179926,0
101594,2021-08-17,91,0.177714,0
101594,2021-08-17,122,0.197157,0
101594,2021-08-17,152,0.205373,0
101594,2021-08-17,182,0.2462,0
101594,2021-08-17,273,0.262773,0
101594,2021-08-17,365,0.319088,0
101594,2021-08-17,547,0.409803,0
101594,2021-08-17,730,0.371609,0
101594,2021-08-17,1825,0.302066,0
101594,2021-08-18,10,0.218445,0
101594,2021-08-18,14,0.194313,0
101594,2021-08-18,30,0.183569,0
101594,2021-08-18,60,0.191667,0
101594,2021-08-18,91,0.186652,0
101594,2021-08-18,122,0.201448,0
101594,2021-08-18,152,0.209655,0
101594,2021-08-18,182,0.24768,0
101594,2021-08-18,273,0.264241,0
101594,2021-08-18,365,0.320138,0
101594,2021-08-18,547,0.410088,0
101594,2021-08-18,730,0.371954,0
101594,2021-08-18,1825,0.302312,0
101594,2021-08-19,10,0.218723,0
101594,2021-08-19,14,0.194699,0
101594,2021-08-19,30,0.16218,0
101594,2021-08-19,60,0.189374,0
101594,2021-08-19,91,0.182939,0
101594,2021-08-19,122,0.201341,0
101594,2021-08-19,152,0.208655,0
101594,2021-08-19,182,0.247313,0
101594,2021-08-19,273,0.264204,0
101594,2021-08-19,365,0.320141,0
101594,2021-08-19,547,0.409956,0
101594,2021-08-19,730,0.371951,0
101594,2021-08-19,1825,0.302192,0
101594,2021-08-20,10,0.223135,0
101594,2021-08-20,14,0.19897,0
101594,2021-08-20,30,0.164304,0
101594,2021-08-20,60,0.188217,0
101594,2021-08-20,91,0.180222,0
101594,2021-08-20,122,0.200473,0
101594,2021-08-20,152,0.208048,0
101594,2021-08-20,182,0.247646,0
101594,2021-08-20,273,0.264022,0
101594,2021-08-20,365,0.31958,0
101594,2021-08-20,547,0.409898,0
101594,2021-08-20,730,0.371944,0
101594,2021-08-20,1825,0.302097,0
101594,2021-08-23,10,0.234959,0
101594,2021-08-23,14,0.20339,0
101594,2021-08-23,30,0.164016,0
101594,2021-08-23,60,0.191396,0
101594,2021-08-23,91,0.179603,0
101594,2021-08-23,122,0.200096,0
101594,2021-08-23,152,0.203121,0
101594,2021-08-23,182,0.243943,0
101594,2021-08-23,273,0.261653,0
101594,2021-08-23,365,0.315862,0
101594,2021-08-23,547,0.409465,0
101594,2021-08-23,730,0.3707,0
101594,2021-08-23,1825,0.302308,0
101594,2021-08-24,10,0.214625,0
101594,2021-08-24,14,0.201648,0
101594,2021-08-24,30,0.160102,0
101594,2021-08-24,60,0.191162,0
101594,2021-08-24,91,0.179521,0
101594,2021-08-24,122,0.19893,0
101594,2021-08-24,152,0.20314,0
101594,2021-08-24,182,0.243934,0
101594,2021-08-24,273,0.261402,0
101594,2021-08-24,365,0.315667,0
101594,2021-08-24,547,0.407391,0
101594,2021-08-24,730,0.370337,0
101594,2021-08-24,1825,0.302298,0
101594,2021-08-25,10,0.204961,0
101594,2021-08-25,14,0.209389,0
101594,2021-08-25,30,0.162564,0
101594,2021-08-25,60,0.190851,0
101594,2021-08-25,91,0.180795,0
101594,2021-08-25,122,0.198461,0
101594,2021-08-25,152,0.203736,0
101594,2021-08-25,182,0.244209,0
101594,2021-08-25,273,0.261558,0
101594,2021-08-25,365,0.315673,0
101594,2021-08-25,547,0.406396,0
101594,2021-08-25,730,0.370225,0
101594,2021-08-25,1825,0.302313,0
101594,2021-08-26,10,0.184717,0
101594,2021-08-26,14,0.182876,0
101594,2021-08-26,30,0.155147,0
101594,2021-08-26,60,0.189597,0
101594,2021-08-26,91,0.178989,0
101594,2021-08-26,122,0.19877,0
101594,2021-08-26,152,0.203093,0
101594,2021-08-26,182,0.238783,0
101594,2021-08-26,273,0.260979,0
101594,2021-08-26,365,0.315473,0
101594,2021-08-26,547,0.406285,0
101594,2021-08-26,730,0.370142,0
101594,2021-08-26,1825,0.302209,0
101594,2021-08-27,10,0.191495,0
101594,2021-08-27,14,0.187147,0
101594,2021-08-27,30,0.150099,0
101594,2021-08-27,60,0.188342,0
101594,2021-08-27,91,0.17847,0
101594,2021-08-27,122,0.198942,0
101594,2021-08-27,152,0.202295,0
101594,2021-08-27,182,0.23891,0
101594,2021-08-27,273,0.261035,0
101594,2021-08-27,365,0.315283,0
101594,2021-08-27,547,0.402315,0
101594,2021-08-27,730,0.370145,0
101594,2021-08-27,1825,0.3021,0
101594,2021-08-30,10,0.221938,0
101594,2021-08-30,14,0.233752,0
101594,2021-08-30,30,0.183215,0
101594,2021-08-30,60,0.203634,0
101594,2021-08-30,91,0.185061,0
101594,2021-08-30,122,0.204798,0
101594,2021-08-30,152,0.205988,0
101594,2021-08-30,182,0.231322,0
101594,2021-08-30,273,0.262162,0
101594,2021-08-30,365,0.316628,0
101594,2021-08-30,547,0.402951,0
101594,2021-08-30,730,0.370884,0
101594,2021-08-30,1825,0.30258,0
101594,2021-08-31,10,0.219129,0
101594,2021-08-31,14,0.236074,0
101594,2021-08-31,30,0.182528,0
101594,2021-08-31,60,0.200933,0
101594,2021-08-31,91,0.186157,0
101594,2021-08-31,122,0.204348,0
101594,2021-08-31,152,0.206507,0
101594,2021-08-31,182,0.229533,0
101594,2021-08-31,273,0.260221,0
101594,2021-08-31,365,0.315074,0
101594,2021-08-31,547,0.396734,0
101594,2021-08-31,730,0.370591,0
101594,2021-08-31,1825,0.302606,0
101594,2021-09-01,10,0.202952,0
101594,2021-09-01,14,0.182188,0
101594,2021-09-01,30,0.18209,0
101594,2021-09-01,60,0.198558,0
101594,2021-09-01,91,0.186071,0
101594,2021-09-01,122,0.203197,0
101594,2021-09-01,152,0.205556,0
101594,2021-09-01,182,0.226505,0
101594,2021-09-01,273,0.260242,0
101594,2021-09-01,365,0.312733,0
101594,2021-09-01,547,0.395754,0
101594,2021-09-01,730,0.370227,0
101594,2021-09-01,1825,0.302588,0
101594,2021-09-02,10,0.20029,0
101594,2021-09-02,14,0.182591,0
101594,2021-09-02,30,0.179398,0
101594,2021-09-02,60,0.19661,0
101594,2021-09-02,91,0.183658,0
101594,2021-09-02,122,0.203132,0
101594,2021-09-02,152,0.204751,0
101594,2021-09-02,182,0.225239,0
101594,2021-09-02,273,0.260329,0
101594,2021-09-02,365,0.312064,0
101594,2021-09-02,547,0.394191,0
101594,2021-09-02,730,0.370054,0
101594,2021-09-02,1825,0.30248,0
101594,2021-09-03,10,0.198777,0
101594,2021-09-03,14,0.18002,0
101594,2021-09-03,30,0.178736,0
101594,2021-09-03,60,0.19437,0
101594,2021-09-03,91,0.181023,0
101594,2021-09-03,122,0.192335,0
101594,2021-09-03,152,0.203817,0
101594,2021-09-03,182,0.224922,0
101594,2021-09-03,273,0.26023,0
101594,2021-09-03,365,0.300443,0
101594,2021-09-03,547,0.393163,0
101594,2021-09-03,730,0.369912,0
101594,2021-09-03,1825,0.302362,0
101594,2021-09-07,10,0.204596,0
101594,2021-09-07,14,0.195677,0
101594,2021-09-07,30,0.186444,0
101594,2021-09-07,60,0.193976,0
101594,2021-09-07,91,0.183855,0
101594,2021-09-07,122,0.195052,0
101594,2021-09-07,152,0.202611,0
101594,2021-09-07,182,0.21088,0
101594,2021-09-07,273,0.261097,0
101594,2021-09-07,365,0.300786,0
101594,2021-09-07,547,0.387512,0
101594,2021-09-07,730,0.370194,0
101594,2021-09-07,1825,0.302399,0
101594,2021-09-08,10,0.218719,0
101594,2021-09-08,14,0.199511,0
101594,2021-09-08,30,0.191874,0
101594,2021-09-08,60,0.193854,0
101594,2021-09-08,91,0.185834,0
101594,2021-09-08,122,0.195051,0
101594,2021-09-08,152,0.201418,0
101594,2021-09-08,182,0.210989,0
101594,2021-09-08,273,0.260131,0
101594,2021-09-08,365,0.292512,0
101594,2021-09-08,547,0.383711,0
101594,2021-09-08,730,0.370293,0
101594,2021-09-08,1825,0.302246,0
101594,2021-09-09,10,0.151099,0
101594,2021-09-09,14,0.201561,0
101594,2021-09-09,30,0.193595,0
101594,2021-09-09,60,0.192596,0
101594,2021-09-09,91,0.185527,0
101594,2021-09-09,122,0.189407,0
101594,2021-09-09,152,0.200857,0
101594,2021-09-09,182,0.210359,0
101594,2021-09-09,273,0.260002,0
101594,2021-09-09,365,0.290143,0
101594,2021-09-09,547,0.382555,0
101594,2021-09-09,730,0.370284,0
101594,2021-09-09,1825,0.302148,0
101594,2021-09-10,10,0.255883,0
101594,2021-09-10,14,0.285042,0
101594,2021-09-10,30,0.231014,0
101594,2021-09-10,60,0.210165,0
101594,2021-09-10,91,0.199113,0
101594,2021-09-10,122,0.198612,0
101594,2021-09-10,152,0.207029,0
101594,2021-09-10,182,0.215879,0
101594,2021-09-10,273,0.262979,0
101594,2021-09-10,365,0.290199,0
101594,2021-09-10,547,0.373721,0
101594,2021-09-10,730,0.370567,0
101594,2021-09-10,1825,0.302437,0
101594,2021-09-13,10,0.290218,0
101594,2021-09-13,14,0.226973,0
101594,2021-09-13,30,0.225873,0
101594,2021-09-13,60,0.206207,0
101594,2021-09-13,91,0.194167,0
101594,2021-09-13,122,0.190829,0
101594,2021-09-13,152,0.202587,0
101594,2021-09-13,182,0.213512,0
101594,2021-09-13,273,0.262898,0
101594,2021-09-13,365,0.289856,0
101594,2021-09-13,547,0.362546,0
101594,2021-09-13,730,0.370609,0
101594,2021-09-13,1825,0.302005,0
101594,2021-09-14,10,0.260488,0
101594,2021-09-14,14,0.227982,0
101594,2021-09-14,30,0.222734,0
101594,2021-09-14,60,0.204503,0
101594,2021-09-14,91,0.194838,0
101594,2021-09-14,122,0.190728,0
101594,2021-09-14,152,0.201446,0
101594,2021-09-14,182,0.21349,0
101594,2021-09-14,273,0.25721,0
101594,2021-09-14,365,0.288653,0
101594,2021-09-14,547,0.344158,0
101594,2021-09-14,730,0.370332,0
101594,2021-09-14,1825,0.301704,0
101594,2021-09-15,10,0.250141,0
101594,2021-09-15,14,0.229795,0
101594,2021-09-15,30,0.218429,0
101594,2021-09-15,60,0.202493,0
101594,2021-09-15,91,0.19497,0
101594,2021-09-15,122,0.189735,0
101594,2021-09-15,152,0.20153,0
101594,2021-09-15,182,0.213305,0
101594,2021-09-15,273,0.257279,0
101594,2021-09-15,365,0.288697,0
101594,2021-09-15,547,0.34256,0
101594,2021-09-15,730,0.370337,0
101594,2021-09-15,1825,0.301695,0
101594,2021-09-16,10,0.232349,0
101594,2021-09-16,14,0.222238,0
101594,2021-09-16,30,0.217549,0
101594,2021-09-16,60,0.20013,0
101594,2021-09-16,91,0.193967,0
101594,2021-09-16,122,0.188838,0
101594,2021-09-16,152,0.20061,0
101594,2021-09-16,182,0.207118,0
101594,2021-09-16,273,0.257196,0
101594,2021-09-16,365,0.287029,0
101594,2021-09-16,547,0.341858,0
101594,2021-09-16,730,0.370344,0
101594,2021-09-16,1825,0.301578,0
101594,2021-09-17,10,0.203881,0
101594,2021-09-17,14,0.229575,0
101594,2021-09-17,30,0.208064,0
101594,2021-09-17,60,0.19388,0
101594,2021-09-17,91,0.196792,0
101594,2021-09-17,122,0.190755,0
101594,2021-09-17,152,0.201897,0
101594,2021-09-17,182,0.208905,0
101594,2021-09-17,273,0.257434,0
101594,2021-09-17,365,0.287185,0
101594,2021-09-17,547,0.342185,0
101594,2021-09-17,730,0.370591,0
101594,2021-09-17,1825,0.301589,0
101594,2021-09-20,10,0.184053,0
101594,2021-09-20,14,0.229997,0
101594,2021-09-20,30,0.222412,0
101594,2021-09-20,60,0.193712,0
101594,2021-09-20,91,0.200671,0
101594,2021-09-20,122,0.192234,0
101594,2021-09-20,152,0.205541,0
101594,2021-09-20,182,0.20805,0
101594,2021-09-20,273,0.258382,0
101594,2021-09-20,365,0.286139,0
101594,2021-09-20,547,0.33821,0
101594,2021-09-20,730,0.371078,0
101594,2021-09-20,1825,0.301946,0
101594,2021-09-21,10,0.17904,0
101594,2021-09-21,14,0.202718,0
101594,2021-09-21,30,0.217535,0
101594,2021-09-21,60,0.191381,0
101594,2021-09-21,91,0.199393,0
101594,2021-09-21,122,0.191099,0
101594,2021-09-21,152,0.204659,0
101594,2021-09-21,182,0.207751,0
101594,2021-09-21,273,0.256409,0
101594,2021-09-21,365,0.284695,0
101594,2021-09-21,547,0.337643,0
101594,2021-09-21,730,0.37071,0
101594,2021-09-21,1825,0.301926,0
101594,2021-09-22,10,0.207183,0
101594,2021-09-22,14,0.239457,0
101594,2021-09-22,30,0.223084,0
101594,2021-09-22,60,0.19386,0
101594,2021-09-22,91,0.201707,0
101594,2021-09-22,122,0.191733,0
101594,2021-09-22,152,0.204436,0
101594,2021-09-22,182,0.206618,0
101594,2021-09-22,273,0.256952,0
101594,2021-09-22,365,0.284755,0
101594,2021-09-22,547,0.329141,0
101594,2021-09-22,730,0.370853,0
101594,2021-09-22,1825,0.301895,0
101594,2021-09-23,10,0.210939,0
101594,2021-09-23,14,0.247893,0
101594,2021-09-23,30,0.224775,0
101594,2021-09-23,60,0.192308,0
101594,2021-09-23,91,0.201847,0
101594,2021-09-23,122,0.190893,0
101594,2021-09-23,152,0.203662,0
101594,2021-09-23,182,0.206714,0
101594,2021-09-23,273,0.256917,0
101594,2021-09-23,365,0.281371,0
101594,2021-09-23,547,0.329098,0
101594,2021-09-23,730,0.370837,0
101594,2021-09-23,1825,0.301784,0
101594,2021-09-24,10,0.205922,0
101594,2021-09-24,14,0.188898,0
101594,2021-09-24,30,0.223121,0
101594,2021-09-24,60,0.192164,0
101594,2021-09-24,91,0.20171,0
101594,2021-09-24,122,0.190817,0
101594,2021-09-24,152,0.202699,0
101594,2021-09-24,182,0.206656,0
101594,2021-09-24,273,0.256229,0
101594,2021-09-24,365,0.281229,0
101594,2021-09-24,547,0.326652,0
101594,2021-09-24,730,0.370719,0
101594,2021-09-24,1825,0.301664,0
101594,2021-09-27,10,0.214378,0
101594,2021-09-27,14,0.191564,0
101594,2021-09-27,30,0.229233,0
101594,2021-09-27,60,0.192371,0
101594,2021-09-27,91,0.201931,0
101594,2021-09-27,122,0.192288,0
101594,2021-09-27,152,0.205043,0
101594,2021-09-27,182,0.20737,0
101594,2021-09-27,273,0.253376,0
101594,2021-09-27,365,0.279195,0
101594,2021-09-27,547,0.324787,0
101594,2021-09-27,730,0.371129,0
101594,2021-09-27,1825,0.301939,0
101594,2021-09-28,10,0.240504,0
101594,2021-09-28,14,0.217885,0
101594,2021-09-28,30,0.237198,0
101594,2021-09-28,60,0.201357,0
101594,2021-09-28,91,0.207064,0
101594,2021-09-28,122,0.196345,0
101594,2021-09-28,152,0.208637,0
101594,2021-09-28,182,0.209599,0
101594,2021-09-28,273,0.254458,0
101594,2021-09-28,365,0.279402,0
101594,2021-09-28,547,0.324808,0
101594,2021-09-28,730,0.371217,0
101594,2021-09-28,1825,0.302058,0
101594,2021-09-29,10,0.230445,0
101594,2021-09-29,14,0.218342,0
101594,2021-09-29,30,0.209395,0
101594,2021-09-29,60,0.199644,0
101594,2021-09-29,91,0.207241,0
101594,2021-09-29,122,0.195355,0
101594,2021-09-29,152,0.207344,0
101594,2021-09-29,182,0.208286,0
101594,2021-09-29,273,0.254347,0
101594,2021-09-29,365,0.279328,0
101594,2021-09-29,547,0.324809,0
101594,2021-09-29,730,0.370924,0
101594,2021-09-29,1825,0.302053,0
101594,2021-09-30,10,0.203126,0
101594,2021-09-30,14,0.219182,0
101594,2021-09-30,30,0.209695,0
101594,2021-09-30,60,0.198424,0
101594,2021-09-30,91,0.208183,0
101594,2021-09-30,122,0.19511,0
101594,2021-09-30,152,0.20695,0
101594,2021-09-30,182,0.208666,0
101594,2021-09-30,273,0.254424,0
101594,2021-09-30,365,0.279159,0
101594,2021-09-30,547,0.321672,0
101594,2021-09-30,730,0.371008,0
101594,2021-09-30,1825,0.301971,0
101594,2021-10-01,10,0.208626,0
101594,2021-10-01,14,0.213955,0
101594,2021-10-01,30,0.211765,0
101594,2021-10-01,60,0.199502,0
101594,2021-10-01,91,0.205216,0
101594,2021-10-01,122,0.1953,0
101594,2021-10-01,152,0.206282,0
101594,2021-10-01,182,0.208068,0
101594,2021-10-01,273,0.253903,0
101594,2021-10-01,365,0.27915,0
101594,2021-10-01,547,0.321496,0
101594,2021-10-01,730,0.370531,0
101594,2021-10-01,1825,0.301866,0
101594,2021-10-04,10,0.226164,0
101594,2021-10-04,14,0.22278,0
101594,2021-10-04,30,0.224039,0
101594,2021-10-04,60,0.210377,0
101594,2021-10-04,91,0.209651,0
101594,2021-10-04,122,0.199016,0
101594,2021-10-04,152,0.203841,0
101594,2021-10-04,182,0.208904,0
101594,2021-10-04,273,0.253888,0
101594,2021-10-04,365,0.278305,0
101594,2021-10-04,547,0.321972,0
101594,2021-10-04,730,0.370907,0
101594,2021-10-04,1825,0.30232,0
101594,2021-10-05,10,0.248757,0
101594,2021-10-05,14,0.236908,0
101594,2021-10-05,30,0.228301,0
101594,2021-10-05,60,0.213583,0
101594,2021-10-05,91,0.209499,0
101594,2021-10-05,122,0.199061,0
101594,2021-10-05,152,0.204041,0
101594,2021-10-05,182,0.209724,0
101594,2021-10-05,273,0.254007,0
101594,2021-10-05,365,0.277048,0
101594,2021-10-05,547,0.315153,0
101594,2021-10-05,730,0.370639,0
101594,2021-10-05,1825,0.302361,0
101594,2021-10-06,10,0.240031,0
101594,2021-10-06,14,0.219396,0
101594,2021-10-06,30,0.225638,0
101594,2021-10-06,60,0.211686,0
101594,2021-10-06,91,0.206799,0
101594,2021-10-06,122,0.198066,0
101594,2021-10-06,152,0.204099,0
101594,2021-10-06,182,0.209126,0
101594,2021-10-06,273,0.250886,0
101594,2021-10-06,365,0.275472,0
101594,2021-10-06,547,0.314972,0
101594,2021-10-06,730,0.370651,0
101594,2021-10-06,1825,0.302369,0
101594,2021-10-07,10,0.246568,0
101594,2021-10-07,14,0.222497,0
101594,2021-10-07,30,0.220144,0
101594,2021-10-07,60,0.210472,0
101594,2021-10-07,91,0.206804,0
101594,2021-10-07,122,0.198481,0
101594,2021-10-07,152,0.203518,0
101594,2021-10-07,182,0.207856,0
101594,2021-10-07,273,0.248156,0
101594,2021-10-07,365,0.275131,0
101594,2021-10-07,547,0.314452,0
101594,2021-10-07,730,0.370559,0
101594,2021-10-07,1825,0.302269,0
101594,2021-10-08,10,0.202213,0
101594,2021-10-08,14,0.221845,0
101594,2021-10-08,30,0.219118,0
101594,2021-10-08,60,0.210543,0
101594,2021-10-08,91,0.205215,0
101594,2021-10-08,122,0.198411,0
101594,2021-10-08,152,0.202633,0
101594,2021-10-08,182,0.206106,0
101594,2021-10-08,273,0.248006,0
101594,2021-10-08,365,0.275148,0
101594,2021-10-08,547,0.314448,0
101594,2021-10-08,730,0.370509,0
101594,2021-10-08,1825,0.302154,0
101594,2021-10-11,10,0.2185,0
101594,2021-10-11,14,0.217595,0
101594,2021-10-11,30,0.195833,0
101594,2021-10-11,60,0.2088,0
101594,2021-10-11,91,0.205059,0
101594,2021-10-11,122,0.199587,0
101594,2021-10-11,152,0.195395,0
101594,2021-10-11,182,0.205171,0
101594,2021-10-11,273,0.246444,0
101594,2021-10-11,365,0.274662,0
101594,2021-10-11,547,0.31404,0
101594,2021-10-11,730,0.370387,0
101594,2021-10-11,1825,0.302292,0
101594,2021-10-12,10,0.207171,0
101594,2021-10-12,14,0.18521,0
101594,2021-10-12,30,0.192633,0
101594,2021-10-12,60,0.209665,0
101594,2021-10-12,91,0.205175,0
101594,2021-10-12,122,0.199221,0
101594,2021-10-12,152,0.194397,0
101594,2021-10-12,182,0.202936,0
101594,2021-10-12,273,0.246689,0
101594,2021-10-12,365,0.267977,0
101594,2021-10-12,547,0.313848,0
101594,2021-10-12,730,0.3701,0
101594,2021-10-12,1825,0.302322,0
101594,2021-10-13,10,0.192592,0
101594,2021-10-13,14,0.182068,0
101594,2021-10-13,30,0.191444,0
101594,2021-10-13,60,0.20722,0
101594,2021-10-13,91,0.199388,0
101594,2021-10-13,122,0.19827,0
101594,2021-10-13,152,0.192416,0
101594,2021-10-13,182,0.201354,0
101594,2021-10-13,273,0.246085,0
101594,2021-10-13,365,0.266603,0
101594,2021-10-13,547,0.311494,0
101594,2021-10-13,730,0.370117,0
101594,2021-10-13,1825,0.302326,0
101594,2021-10-14,10,0.158297,0
101594,2021-10-14,14,0.20429,0
101594,2021-10-14,30,0.204448,0
101594,2021-10-14,60,0.211173,0
101594,2021-10-14,91,0.203495,0
101594,2021-10-14,122,0.19693,0
101594,2021-10-14,152,0.193738,0
101594,2021-10-14,182,0.201631,0
101594,2021-10-14,273,0.246447,0
101594,2021-10-14,365,0.267308,0
101594,2021-10-14,547,0.311717,0
101594,2021-10-14,730,0.370331,0
101594,2021-10-14,1825,0.302322,0
101594,2021-10-15,10,0.1473,0
101594,2021-10-15,14,0.203768,0
101594,2021-10-15,30,0.205096,0
101594,2021-10-15,60,0.209231,0
101594,2021-10-15,91,0.202199,0
101594,2021-10-15,122,0.19678,0
101594,2021-10-15,152,0.193067,0
101594,2021-10-15,182,0.201819,0
101594,2021-10-15,273,0.246003,0
101594,2021-10-15,365,0.267353,0
101594,2021-10-15,547,0.311712,0
101594,2021-10-15,730,0.370329,0
101594,2021-10-15,1825,0.302214,0
101594,2021-10-18,10,0.172555,0
101594,2021-10-18,14,0.145298,0
101594,2021-10-18,30,0.204961,0
101594,2021-10-18,60,0.206447,0
101594,2021-10-18,91,0.195978,0
101594,2021-10-18,122,0.197946,0
101594,2021-10-18,152,0.193824,0
101594,2021-10-18,182,0.202331,0
101594,2021-10-18,273,0.245679,0
101594,2021-10-18,365,0.26716,0
101594,2021-10-18,547,0.311555,0
101594,2021-10-18,730,0.370756,0
101594,2021-10-18,1825,0.302482,0
101594,2021-10-19,10,0.170246,0
101594,2021-10-19,14,0.146914,0
101594,2021-10-19,30,0.206204,0
101594,2021-10-19,60,0.208294,0
101594,2021-10-19,91,0.191589,0
101594,2021-10-19,122,0.198146,0
101594,2021-10-19,152,0.192629,0
101594,2021-10-19,182,0.202396,0
101594,2021-10-19,273,0.246166,0
101594,2021-10-19,365,0.266178,0
101594,2021-10-19,547,0.31117,0
101594,2021-10-19,730,0.370503,0
101594,2021-10-19,1825,0.302543,0
101594,2021-10-20,10,0.158185,0
101594,2021-10-20,14,0.147088,0
101594,2021-10-20,30,0.190322,0
101594,2021-10-20,60,0.205893,0
101594,2021-10-20,91,0.191365,0
101594,2021-10-20,122,0.197001,0
101594,2021-10-20,152,0.190937,0
101594,2021-10-20,182,0.202405,0
101594,2021-10-20,273,0.243468,0
101594,2021-10-20,365,0.265912,0
101594,2021-10-20,547,0.309968,0
101594,2021-10-20,730,0.370346,0
101594,2021-10-20,1825,0.302535,0
101594,2021-10-21,10,0.1557,0
101594,2021-10-21,14,0.146147,0
101594,2021-10-21,30,0.190257,0
101594,2021-10-21,60,0.203451,0
101594,2021-10-21,91,0.190488,0
101594,2021-10-21,122,0.195822,0
101594,2021-10-21,152,0.190025,0
101594,2021-10-21,182,0.201607,0
101594,2021-10-21,273,0.24001,0
101594,2021-10-21,365,0.265834,0
101594,2021-10-21,547,0.309224,0
101594,2021-10-21,730,0.370334,0
101594,2021-10-21,1825,0.302414,0
101594,2021-10-22,10,0.143514,0
101594,2021-10-22,14,0.150094,0
101594,2021-10-22,30,0.184129,0
101594,2021-10-22,60,0.202337,0
101594,2021-10-22,91,0.189351,0
101594,2021-10-22,122,0.19519,0
101594,2021-10-22,152,0.189429,0
101594,2021-10-22,182,0.200368,0
101594,2021-10-22,273,0.239432,0
101594,2021-10-22,365,0.265695,0
101594,2021-10-22,547,0.309245,0
101594,2021-10-22,730,0.370279,0
101594,2021-10-22,1825,0.302309,0
101594,2021-10-25,10,0.121235,0
101594,2021-10-25,14,0.149849,0
101594,2021-10-25,30,0.187516,0
101594,2021-10-25,60,0.205766,0
101594,2021-10-25,91,0.189264,0
101594,2021-10-25,122,0.197273,0
101594,2021-10-25,152,0.190314,0
101594,2021-10-25,182,0.200351,0
101594,2021-10-25,273,0.237394,0
101594,2021-10-25,365,0.265601,0
101594,2021-10-25,547,0.308496,0
101594,2021-10-25,730,0.370577,0
101594,2021-10-25,1825,0.302334,0
101594,2021-10-26,10,0.110682,0
101594,2021-10-26,14,0.130762,0
101594,2021-10-26,30,0.183499,0
101594,2021-10-26,60,0.205312,0
101594,2021-10-26,91,0.187032,0
101594,2021-10-26,122,0.196174,0
101594,2021-10-26,152,0.189108,0
101594,2021-10-26,182,0.200367,0
101594,2021-10-26,273,0.237441,0
101594,2021-10-26,365,0.265623,0
101594,2021-10-26,547,0.308502,0
101594,2021-10-26,730,0.370214,0
101594,2021-10-26,1825,0.302297,0
101594,2021-10-27,10,0.110789,0
101594,2021-10-27,14,0.128601,0
101594,2021-10-27,30,0.179665,0
101594,2021-10-27,60,0.202951,0
101594,2021-10-27,91,0.18545,0
101594,2021-10-27,122,0.195171,0
101594,2021-10-27,152,0.188939,0
101594,2021-10-27,182,0.200209,0
101594,2021-10-27,273,0.237295,0
101594,2021-10-27,365,0.265367,0
101594,2021-10-27,547,0.308166,0
101594,2021-10-27,730,0.370185,0
101594,2021-10-27,1825,0.302282,0
101594,2021-10-28,10,0.159104,0
101594,2021-10-28,14,0.144503,0
101594,2021-10-28,30,0.173411,0
101594,2021-10-28,60,0.209207,0
101594,2021-10-28,91,0.191445,0
101594,2021-10-28,122,0.198335,0
101594,2021-10-28,152,0.191346,0
101594,2021-10-28,182,0.202982,0
101594,2021-10-28,273,0.23529,0
101594,2021-10-28,365,0.261934,0
101594,2021-10-28,547,0.307729,0
101594,2021-10-28,730,0.370109,0
101594,2021-10-28,1825,0.302342,0
101594,2021-10-29,10,0.190811,0
101594,2021-10-29,14,0.188264,0
101594,2021-10-29,30,0.187676,0
101594,2021-10-29,60,0.20106,0
101594,2021-10-29,91,0.195139,0
101594,2021-10-29,122,0.200428,0
101594,2021-10-29,152,0.192959,0
101594,2021-10-29,182,0.203522,0
101594,2021-10-29,273,0.232026,0
101594,2021-10-29,365,0.260281,0
101594,2021-10-29,547,0.307787,0
101594,2021-10-29,730,0.370381,0
101594,2021-10-29,1825,0.302351,0
101594,2021-11-01,10,0.225283,0
101594,2021-11-01,14,0.186819,0
101594,2021-11-01,30,0.188758,0
101594,2021-11-01,60,0.204064,0
101594,2021-11-01,91,0.195435,0
101594,2021-11-01,122,0.200469,0
101594,2021-11-01,152,0.193962,0
101594,2021-11-01,182,0.203484,0
101594,2021-11-01,273,0.231424,0
101594,2021-11-01,365,0.253613,0
101594,2021-11-01,547,0.307492,0
101594,2021-11-01,730,0.370034,0
101594,2021-11-01,1825,0.302477,0
101594,2021-11-02,10,0.209649,0
101594,2021-11-02,14,0.174877,0
101594,2021-11-02,30,0.184994,0
101594,2021-11-02,60,0.204628,0
101594,2021-11-02,91,0.19437,0
101594,2021-11-02,122,0.19957,0
101594,2021-11-02,152,0.192925,0
101594,2021-11-02,182,0.19677,0
101594,2021-11-02,273,0.231452,0
101594,2021-11-02,365,0.253671,0
101594,2021-11-02,547,0.307361,0
101594,2021-11-02,730,0.369685,0
101594,2021-11-02,1825,0.302439,0
101594,2021-11-03,10,0.199846,0
101594,2021-11-03,14,0.180312,0
101594,2021-11-03,30,0.159233,0
101594,2021-11-03,60,0.203728,0
101594,2021-11-03,91,0.195163,0
101594,2021-11-03,122,0.198979,0
101594,2021-11-03,152,0.191507,0
101594,2021-11-03,182,0.197129,0
101594,2021-11-03,273,0.231487,0
101594,2021-11-03,365,0.253428,0
101594,2021-11-03,547,0.307245,0
101594,2021-11-03,730,0.369713,0
101594,2021-11-03,1825,0.302426,0
101594,2021-11-04,10,0.202146,0
101594,2021-11-04,14,0.182043,0
101594,2021-11-04,30,0.156818,0
101594,2021-11-04,60,0.201425,0
101594,2021-11-04,91,0.195324,0
101594,2021-11-04,122,0.197963,0
101594,2021-11-04,152,0.190773,0
101594,2021-11-04,182,0.196581,0
101594,2021-11-04,273,0.229752,0
101594,2021-11-04,365,0.250467,0
101594,2021-11-04,547,0.3072,0
101594,2021-11-04,730,0.369725,0
101594,2021-11-04,1825,0.302314,0
101594,2021-11-05,10,0.201758,0
101594,2021-11-05,14,0.178887,0
101594,2021-11-05,30,0.156417,0
101594,2021-11-05,60,0.199308,0
101594,2021-11-05,91,0.195136,0
101594,2021-11-05,122,0.196608,0
101594,2021-11-05,152,0.1899,0
101594,2021-11-05,182,0.196524,0
101594,2021-11-05,273,0.229741,0
101594,2021-11-05,365,0.248175,0
101594,2021-11-05,547,0.307126,0
101594,2021-11-05,730,0.369726,0
101594,2021-11-05,1825,0.302195,0
101594,2021-11-08,10,0.107096,0
101594,2021-11-08,14,0.182586,0
101594,2021-11-08,30,0.160252,0
101594,2021-11-08,60,0.198655,0
101594,2021-11-08,91,0.195508,0
101594,2021-11-08,122,0.195074,0
101594,2021-11-08,152,0.191845,0
101594,2021-11-08,182,0.192901,0
101594,2021-11-08,273,0.229848,0
101594,2021-11-08,365,0.248253,0
101594,2021-11-08,547,0.306677,0
101594,2021-11-08,730,0.370065,0
101594,2021-11-08,1825,0.302387,0
101594,2021-11-09,10,0.09818,0
101594,2021-11-09,14,0.181851,0
101594,2021-11-09,30,0.15639,0
101594,2021-11-09,60,0.180505,0
101594,2021-11-09,91,0.195392,0
101594,2021-11-09,122,0.193953,0
101594,2021-11-09,152,0.191257,0
101594,2021-11-09,182,0.192501,0
101594,2021-11-09,273,0.229711,0
101594,2021-11-09,365,0.247348,0
101594,2021-11-09,547,0.306468,0
101594,2021-11-09,730,0.369698,0
101594,2021-11-09,1825,0.302095,0
101594,2021-11-10,10,0.146703,0
101594,2021-11-10,14,0.20874,0
101594,2021-11-10,30,0.172872,0
101594,2021-11-10,60,0.184595,0
101594,2021-11-10,91,0.199328,0
101594,2021-11-10,122,0.195754,0
101594,2021-11-10,152,0.193568,0
101594,2021-11-10,182,0.191037,0
101594,2021-11-10,273,0.230779,0
101594,2021-11-10,365,0.248156,0
101594,2021-11-10,547,0.306761,0
101594,2021-11-10,730,0.369971,0
101594,2021-11-10,1825,0.302231,0
101594,2021-11-11,10,0.144199,0
101594,2021-11-11,14,0.155199,0
101594,2021-11-11,30,0.168785,0
101594,2021-11-11,60,0.182436,0
101594,2021-11-11,91,0.195075,0
101594,2021-11-11,122,0.195606,0
101594,2021-11-11,152,0.192672,0
101594,2021-11-11,182,0.18965,0
101594,2021-11-11,273,0.230765,0
101594,2021-11-11,365,0.246456,0
101594,2021-11-11,547,0.306556,0
101594,2021-11-11,730,0.369969,0
101594,2021-11-11,1825,0.302112,0
101594,2021-11-12,10,0.162566,0
101594,2021-11-12,14,0.151105,0
101594,2021-11-12,30,0.17205,0
101594,2021-11-12,60,0.18543,0
101594,2021-11-12,91,0.197117,0
101594,2021-11-12,122,0.196626,0
101594,2021-11-12,152,0.192766,0
101594,2021-11-12,182,0.188757,0
101594,2021-11-12,273,0.231302,0
101594,2021-11-12,365,0.246796,0
101594,2021-11-12,547,0.306705,0
101594,2021-11-12,730,0.370034,0
101594,2021-11-12,1825,0.302046,0
101594,2021-11-15,10,0.174208,0
101594,2021-11-15,14,0.147547,0
101594,2021-11-15,30,0.163904,0
101594,2021-11-15,60,0.187715,0
101594,2021-11-15,91,0.195275,0
101594,2021-11-15,122,0.192944,0
101594,2021-11-15,152,0.190934,0
101594,2021-11-15,182,0.188164,0
101594,2021-11-15,273,0.230693,0
101594,2021-11-15,365,0.246797,0
101594,2021-11-15,547,0.306643,0
101594,2021-11-15,730,0.370284,0
101594,2021-11-15,1825,0.301793,0
101594,2021-11-16,10,0.166221,0
101594,2021-11-16,14,0.147034,0
101594,2021-11-16,30,0.160815,0
101594,2021-11-16,60,0.182311,0
101594,2021-11-16,91,0.195335,0
101594,2021-11-16,122,0.19211,0
101594,2021-11-16,152,0.190324,0
101594,2021-11-16,182,0.187441,0
101594,2021-11-16,273,0.22998,0
101594,2021-11-16,365,0.246741,0
101594,2021-11-16,547,0.306165,0
101594,2021-11-16,730,0.369933,0
101594,2021-11-16,1825,0.301801,0
101594,2021-11-17,10,0.179955,0
101594,2021-11-17,14,0.161339,0
101594,2021-11-17,30,0.164892,0
101594,2021-11-17,60,0.184009,0
101594,2021-11-17,91,0.190812,0
101594,2021-11-17,122,0.192912,0
101594,2021-11-17,152,0.190881,0
101594,2021-11-17,182,0.188557,0
101594,2021-11-17,273,0.229685,0
101594,2021-11-17,365,0.247073,0
101594,2021-11-17,547,0.306335,0
101594,2021-11-17,730,0.370071,0
101594,2021-11-17,1825,0.301875,0
101594,2021-11-18,10,0.224179,0
101594,2021-11-18,14,0.206077,0
101594,2021-11-18,30,0.182266,0
101594,2021-11-18,60,0.192954,0
101594,2021-11-18,91,0.19838,0
101594,2021-11-18,122,0.192516,0
101594,2021-11-18,152,0.194307,0
101594,2021-11-18,182,0.190322,0
101594,2021-11-18,273,0.231543,0
101594,2021-11-18,365,0.248235,0
101594,2021-11-18,547,0.306757,0
101594,2021-11-18,730,0.370528,0
101594,2021-11-18,1825,0.301992,0
101594,2021-11-19,10,0.230374,0
101594,2021-11-19,14,0.214757,0
101594,2021-11-19,30,0.188393,0
101594,2021-11-19,60,0.187489,0
101594,2021-11-19,91,0.200034,0
101594,2021-11-19,122,0.189806,0
101594,2021-11-19,152,0.194753,0
101594,2021-11-19,182,0.190034,0
101594,2021-11-19,273,0.232251,0
101594,2021-11-19,365,0.248697,0
101594,2021-11-19,547,0.306906,0
101594,2021-11-19,730,0.370559,0
101594,2021-11-19,1825,0.301951,0
101594,2021-11-22,10,0.167401,0
101594,2021-11-22,14,0.206063,0
101594,2021-11-22,30,0.190296,0
101594,2021-11-22,60,0.188412,0
101594,2021-11-22,91,0.199254,0
101594,2021-11-22,122,0.19028,0
101594,2021-11-22,152,0.194898,0
101594,2021-11-22,182,0.189366,0
101594,2021-11-22,273,0.229414,0
101594,2021-11-22,365,0.248399,0
101594,2021-11-22,547,0.306885,0
101594,2021-11-22,730,0.370897,0
101594,2021-11-22,1825,0.302116,0
101594,2021-11-23,10,0.162907,0
101594,2021-11-23,14,0.206085,0
101594,2021-11-23,30,0.185774,0
101594,2021-11-23,60,0.188369,0
101594,2021-11-23,91,0.199238,0
101594,2021-11-23,122,0.189173,0
101594,2021-11-23,152,0.194803,0
101594,2021-11-23,182,0.189304,0
101594,2021-11-23,273,0.2294,0
101594,2021-11-23,365,0.246383,0
101594,2021-11-23,547,0.30648,0
101594,2021-11-23,730,0.370528,0
101594,2021-11-23,1825,0.301996,0
101594,2021-11-24,10,0.156149,0
101594,2021-11-24,14,0.149158,0
101594,2021-11-24,30,0.185211,0
101594,2021-11-24,60,0.186128,0
101594,2021-11-24,91,0.198319,0
101594,2021-11-24,122,0.18811,0
101594,2021-11-24,152,0.194712,0
101594,2021-11-24,182,0.189285,0
101594,2021-11-24,273,0.229326,0
101594,2021-11-24,365,0.246181,0
101594,2021-11-24,547,0.3064,0
101594,2021-11-24,730,0.370365,0
101594,2021-11-24,1825,0.301993,0
101594,2021-11-26,10,0.303995,0
101594,2021-11-26,14,0.264943,0
101594,2021-11-26,30,0.226532,0
101594,2021-11-26,60,0.201783,0
101594,2021-11-26,91,0.21012,0
101594,2021-11-26,122,0.195672,0
101594,2021-11-26,152,0.20072,0
101594,2021-11-26,182,0.194773,0
101594,2021-11-26,273,0.229274,0
101594,2021-11-26,365,0.248381,0
101594,2021-11-26,547,0.308053,0
101594,2021-11-26,730,0.371361,0
101594,2021-11-26,1825,0.302247,0
101594,2021-11-29,10,0.310352,0
101594,2021-11-29,14,0.276767,0
101594,2021-11-29,30,0.215321,0
101594,2021-11-29,60,0.199179,0
101594,2021-11-29,91,0.206056,0
101594,2021-11-29,122,0.199834,0
101594,2021-11-29,152,0.203697,0
101594,2021-11-29,182,0.195991,0
101594,2021-11-29,273,0.222776,0
101594,2021-11-29,365,0.249194,0
101594,2021-11-29,547,0.308468,0
101594,2021-11-29,730,0.371617,0
101594,2021-11-29,1825,0.302585,0
101594,2021-11-30,10,0.344478,0
101594,2021-11-30,14,0.30375,0
101594,2021-11-30,30,0.23069,0
101594,2021-11-30,60,0.210662,0
101594,2021-11-30,91,0.213907,0
101594,2021-11-30,122,0.205219,0
101594,2021-11-30,152,0.208783,0
101594,2021-11-30,182,0.200108,0
101594,2021-11-30,273,0.223909,0
101594,2021-11-30,365,0.250207,0
101594,2021-11-30,547,0.309273,0
101594,2021-11-30,730,0.371826,0
101594,2021-11-30,1825,0.302837,0
101594,2021-12-01,10,0.318171,0
101594,2021-12-01,14,0.30857,0
101594,2021-12-01,30,0.229471,0
101594,2021-12-01,60,0.20875,0
101594,2021-12-01,91,0.214007,0
101594,2021-12-01,122,0.204168,0
101594,2021-12-01,152,0.207094,0
101594,2021-12-01,182,0.200175,0
101594,2021-12-01,273,0.221907,0
101594,2021-12-01,365,0.248542,0
101594,2021-12-01,547,0.309293,0
101594,2021-12-01,730,0.371721,0
101594,2021-12-01,1825,0.302843,0
101594,2021-12-02,10,0.323716,0
101594,2021-12-02,14,0.290473,0
101594,2021-12-02,30,0.232423,0
101594,2021-12-02,60,0.20756,0
101594,2021-12-02,91,0.214134,0
101594,2021-12-02,122,0.204482,0
101594,2021-12-02,152,0.20645,0
101594,2021-12-02,182,0.199481,0
101594,2021-12-02,273,0.22116,0
101594,2021-12-02,365,0.248644,0
101594,2021-12-02,547,0.309349,0
101594,2021-12-02,730,0.371499,0
101594,2021-12-02,1825,0.302741,0
101594,2021-12-03,10,0.334745,0
101594,2021-12-03,14,0.290348,0
101594,2021-12-03,30,0.237907,0
101594,2021-12-03,60,0.19914,0
101594,2021-12-03,91,0.215556,0
101594,2021-12-03,122,0.204793,0
101594,2021-12-03,152,0.206486,0
101594,2021-12-03,182,0.19905,0
101594,2021-12-03,273,0.221452,0
101594,2021-12-03,365,0.248971,0
101594,2021-12-03,547,0.309431,0
101594,2021-12-03,730,0.371592,0
101594,2021-12-03,1825,0.302679,0
101594,2021-12-06,10,0.284777,0
101594,2021-12-06,14,0.309973,0
101594,2021-12-06,30,0.250813,0
101594,2021-12-06,60,0.206605,0
101594,2021-12-06,91,0.217671,0
101594,2021-12-06,122,0.209756,0
101594,2021-12-06,152,0.20718,0
101594,2021-12-06,182,0.200871,0
101594,2021-12-06,273,0.216652,0
101594,2021-12-06,365,0.249692,0
101594,2021-12-06,547,0.309096,0
101594,2021-12-06,730,0.371905,0
101594,2021-12-06,1825,0.30299,0
101594,2021-12-07,10,0.303255,0
101594,2021-12-07,14,0.352791,0
101594,2021-12-07,30,0.266173,0
101594,2021-12-07,60,0.219997,0
101594,2021-12-07,91,0.22604,0
101594,2021-12-07,122,0.216266,0
101594,2021-12-07,152,0.212868,0
101594,2021-12-07,182,0.205987,0
101594,2021-12-07,273,0.215565,0
101594,2021-12-07,365,0.251709,0
101594,2021-12-07,547,0.310247,0
101594,2021-12-07,730,0.372269,0
101594,2021-12-07,1825,0.303335,0
101594,2021-12-08,10,0.286316,0
101594,2021-12-08,14,0.361791,0
101594,2021-12-08,30,0.268722,0
101594,2021-12-08,60,0.221768,0
101594,2021-12-08,91,0.228647,0
101594,2021-12-08,122,0.217876,0
101594,2021-12-08,152,0.214585,0
101594,2021-12-08,182,0.207929,0
101594,2021-12-08,273,0.216494,0
101594,2021-12-08,365,0.252574,0
101594,2021-12-08,547,0.309789,0
101594,2021-12-08,730,0.372383,0
101594,2021-12-08,1825,0.30341,0
101594,2021-12-09,10,0.295172,0
101594,2021-12-09,14,0.346071,0
101594,2021-12-09,30,0.270588,0
101594,2021-12-09,60,0.219934,0
101594,2021-12-09,91,0.2282,0
101594,2021-12-09,122,0.218011,0
101594,2021-12-09,152,0.213696,0
101594,2021-12-09,182,0.207534,0
101594,2021-12-09,273,0.215929,0
101594,2021-12-09,365,0.251601,0
101594,2021-12-09,547,0.309217,0
101594,2021-12-09,730,0.372389,0
101594,2021-12-09,1825,0.303296,0
101594,2021-12-10,10,0.287093,0
101594,2021-12-10,14,0.277426,0
101594,2021-12-10,30,0.26182,0
101594,2021-12-10,60,0.226378,0
101594,2021-12-10,91,0.222246,0
101594,2021-12-10,122,0.22213,0
101594,2021-12-10,152,0.216336,0
101594,2021-12-10,182,0.210276,0
101594,2021-12-10,273,0.217661,0
101594,2021-12-10,365,0.252745,0
101594,2021-12-10,547,0.307104,0
101594,2021-12-10,730,0.372803,0
101594,2021-12-10,1825,0.303401,0
101594,2021-12-13,10,0.336782,0
101594,2021-12-13,14,0.321139,0
101594,2021-12-13,30,0.286689,0
101594,2021-12-13,60,0.234185,0
101594,2021-12-13,91,0.227203,0
101594,2021-12-13,122,0.226112,0
101594,2021-12-13,152,0.218145,0
101594,2021-12-13,182,0.210642,0
101594,2021-12-13,273,0.217756,0
101594,2021-12-13,365,0.253603,0
101594,2021-12-13,547,0.307624,0
101594,2021-12-13,730,0.373434,0
101594,2021-12-13,1825,0.303715,0
101594,2021-12-14,10,0.334079,0
101594,2021-12-14,14,0.306323,0
101594,2021-12-14,30,0.284859,0
101594,2021-12-14,60,0.236278,0
101594,2021-12-14,91,0.226892,0
101594,2021-12-14,122,0.225424,0
101594,2021-12-14,152,0.218451,0
101594,2021-12-14,182,0.210788,0
101594,2021-12-14,273,0.217693,0
101594,2021-12-14,365,0.253695,0
101594,2021-12-14,547,0.307616,0
101594,2021-12-14,730,0.373129,0
101594,2021-12-14,1825,0.30374,0
101594,2021-12-15,10,0.324501,0
101594,2021-12-15,14,0.32186,0
101594,2021-12-15,30,0.292521,0
101594,2021-12-15,60,0.240406,0
101594,2021-12-15,91,0.232398,0
101594,2021-12-15,122,0.228556,0
101594,2021-12-15,152,0.220865,0
101594,2021-12-15,182,0.213878,0
101594,2021-12-15,273,0.219586,0
101594,2021-12-15,365,0.250629,0
101594,2021-12-15,547,0.307723,0
101594,2021-12-15,730,0.373438,0
101594,2021-12-15,1825,0.303974,0
101594,2021-12-16,10,0.43173,0
101594,2021-12-16,14,0.400359,0
101594,2021-12-16,30,0.337518,0
101594,2021-12-16,60,0.26149,0
101594,2021-12-16,91,0.247425,0
101594,2021-12-16,122,0.238841,0
101594,2021-12-16,152,0.229074,0
101594,2021-12-16,182,0.221655,0
101594,2021-12-16,273,0.220906,0
101594,2021-12-16,365,0.254023,0
101594,2021-12-16,547,0.309608,0
101594,2021-12-16,730,0.374614,0
101594,2021-12-16,1825,0.304421,0
101594,2021-12-17,10,0.389683,0
101594,2021-12-17,14,0.394984,0
101594,2021-12-17,30,0.338211,0
101594,2021-12-17,60,0.262012,0
101594,2021-12-17,91,0.244514,0
101594,2021-12-17,122,0.238875,0
101594,2021-12-17,152,0.228335,0
101594,2021-12-17,182,0.221313,0
101594,2021-12-17,273,0.220997,0
101594,2021-12-17,365,0.254075,0
101594,2021-12-17,547,0.30968,0
101594,2021-12-17,730,0.374649,0
101594,2021-12-17,1825,0.304321,0
101594,2021-12-20,10,0.354278,0
101594,2021-12-20,14,0.389852,0
101594,2021-12-20,30,0.335342,0
101594,2021-12-20,60,0.268431,0
101594,2021-12-20,91,0.240641,0
101594,2021-12-20,122,0.237108,0
101594,2021-12-20,152,0.223295,0
101594,2021-12-20,182,0.221142,0
101594,2021-12-20,273,0.219227,0
101594,2021-12-20,365,0.253662,0
101594,2021-12-20,547,0.309726,0
101594,2021-12-20,730,0.375078,0
101594,2021-12-20,1825,0.304587,0
101594,2021-12-21,10,0.36491,0
101594,2021-12-21,14,0.360097,0
101594,2021-12-21,30,0.331587,0
101594,2021-12-21,60,0.27034,0
101594,2021-12-21,91,0.242777,0
101594,2021-12-21,122,0.237561,0
101594,2021-12-21,152,0.224565,0
101594,2021-12-21,182,0.221923,0
101594,2021-12-21,273,0.219889,0
101594,2021-12-21,365,0.254036,0
101594,2021-12-21,547,0.309419,0
101594,2021-12-21,730,0.3749,0
101594,2021-12-21,1825,0.304666,0
101594,2021-12-22,10,0.356788,0
101594,2021-12-22,14,0.34959,0
101594,2021-12-22,30,0.334013,0
101594,2021-12-22,60,0.268498,0
101594,2021-12-22,91,0.242449,0
101594,2021-12-22,122,0.237265,0
101594,2021-12-22,152,0.224985,0
101594,2021-12-22,182,0.222615,0
101594,2021-12-22,273,0.218936,0
101594,2021-12-22,365,0.252995,0
101594,2021-12-22,547,0.309209,0
101594,2021-12-22,730,0.374882,0
101594,2021-12-22,1825,0.304728,0
101594,2021-12-23,10,0.337775,0
101594,2021-12-23,14,0.349421,0
101594,2021-12-23,30,0.33396,0
101594,2021-12-23,60,0.265284,0
101594,2021-12-23,91,0.242334,0
101594,2021-12-23,122,0.236857,0
101594,2021-12-23,152,0.223943,0
101594,2021-12-23,182,0.222539,0
101594,2021-12-23,273,0.218931,0
101594,2021-12-23,365,0.252874,0
101594,2021-12-23,547,0.3088,0
101594,2021-12-23,730,0.374883,0
101594,2021-12-23,1825,0.304609,0
101594,2021-12-27,10,0.200343,0
101594,2021-12-27,14,0.337334,0
101594,2021-12-27,30,0.319858,0
101594,2021-12-27,60,0.273535,0
101594,2021-12-27,91,0.245827,0
101594,2021-12-27,122,0.242549,0
101594,2021-12-27,152,0.225812,0
101594,2021-12-27,182,0.224747,0
101594,2021-12-27,273,0.22078,0
101594,2021-12-27,365,0.253706,0
101594,2021-12-27,547,0.308358,0
101594,2021-12-27,730,0.375333,0
101594,2021-12-27,1825,0.304859,0
101594,2021-12-28,10,0.207832,0
101594,2021-12-28,14,0.335225,0
101594,2021-12-28,30,0.314882,0
101594,2021-12-28,60,0.268626,0
101594,2021-12-28,91,0.240154,0
101594,2021-12-28,122,0.241494,0
101594,2021-12-28,152,0.226109,0
101594,2021-12-28,182,0.224661,0
101594,2021-12-28,273,0.220333,0
101594,2021-12-28,365,0.25151,0
101594,2021-12-28,547,0.307947,0
101594,2021-12-28,730,0.374998,0
101594,2021-12-28,1825,0.304876,0
101594,2021-12-29,10,0.194649,0
101594,2021-12-29,14,0.300411,0
101594,2021-12-29,30,0.310459,0
101594,2021-12-29,60,0.265435,0
101594,2021-12-29,91,0.240175,0
101594,2021-12-29,122,0.240072,0
101594,2021-12-29,152,0.226119,0
101594,2021-12-29,182,0.224647,0
101594,2021-12-29,273,0.219512,0
101594,2021-12-29,365,0.251089,0
101594,2021-12-29,547,0.307903,0
101594,2021-12-29,730,0.374988,0
101594,2021-12-29,1825,0.304848,0
101594,2021-12-30,10,0.189822,0
101594,2021-12-30,14,0.192502,0
101594,2021-12-30,30,0.298338,0
101594,2021-12-30,60,0.263567,0
101594,2021-12-30,91,0.239631,0
101594,2021-12-30,122,0.235614,0
101594,2021-12-30,152,0.22543,0
101594,2021-12-30,182,0.224989,0
101594,2021-12-30,273,0.219666,0
101594,2021-12-30,365,0.251021,0
101594,2021-12-30,547,0.307965,0
101594,2021-12-30,730,0.375015,0
101594,2021-12-30,1825,0.304748,0
101594,2021-12-31,10,0.177787,0
101594,2021-12-31,14,0.188078,0
101594,2021-12-31,30,0.298435,0
101594,2021-12-31,60,0.26314,0
101594,2021-12-31,91,0.239891,0
101594,2021-12-31,122,0.235123,0
101594,2021-12-31,152,0.224521,0
101594,2021-12-31,182,0.223766,0
101594,2021-12-31,273,0.219176,0
101594,2021-12-31,365,0.250907,0
101594,2021-12-31,547,0.307993,0
101594,2021-12-31,730,0.374662,0
101594,2021-12-31,1825,0.304635,0
101594,2022-01-03,10,0.229513,0
101594,2022-01-03,14,0.200578,0
101594,2022-01-03,30,0.3064,0
101594,2022-01-03,60,0.273503,0
101594,2022-01-03,91,0.236504,0
101594,2022-01-03,122,0.241028,0
101594,2022-01-03,152,0.228603,0
101594,2022-01-03,182,0.225175,0
101594,2022-01-03,273,0.219363,0
101594,2022-01-03,365,0.251506,0
101594,2022-01-03,547,0.308151,0
101594,2022-01-03,730,0.375007,0
101594,2022-01-03,1825,0.30493,0
101594,2022-01-04,10,0.236,0
101594,2022-01-04,14,0.214621,0
101594,2022-01-04,30,0.305547,0
101594,2022-01-04,60,0.276998,0
101594,2022-01-04,91,0.23808,0
101594,2022-01-04,122,0.240935,0
101594,2022-01-04,152,0.229748,0
101594,2022-01-04,182,0.225434,0
101594,2022-01-04,273,0.220018,0
101594,2022-01-04,365,0.250519,0
101594,2022-01-04,547,0.307726,0
101594,2022-01-04,730,0.374777,0
101594,2022-01-04,1825,0.304993,0
101594,2022-01-05,10,0.274836,0
101594,2022-01-05,14,0.258238,0
101594,2022-01-05,30,0.318555,0
101594,2022-01-05,60,0.284284,0
101594,2022-01-05,91,0.245862,0
101594,2022-01-05,122,0.244574,0
101594,2022-01-05,152,0.233853,0
101594,2022-01-05,182,0.227915,0
101594,2022-01-05,273,0.222108,0
101594,2022-01-05,365,0.25186,0
101594,2022-01-05,547,0.308591,0
101594,2022-01-05,730,0.3753,0
101594,2022-01-05,1825,0.305228,0
101594,2022-01-06,10,0.239514,0
101594,2022-01-06,14,0.270447,0
101594,2022-01-06,30,0.302751,0
101594,2022-01-06,60,0.285196,0
101594,2022-01-06,91,0.248848,0
101594,2022-01-06,122,0.245147,0
101594,2022-01-06,152,0.23449,0
101594,2022-01-06,182,0.228881,0
101594,2022-01-06,273,0.222209,0
101594,2022-01-06,365,0.250005,0
101594,2022-01-06,547,0.308465,0
101594,2022-01-06,730,0.375501,0
101594,2022-01-06,1825,0.305217,0
101594,2022-01-07,10,0.242639,0
101594,2022-01-07,14,0.255662,0
101594,2022-01-07,30,0.291756,0
101594,2022-01-07,60,0.284429,0
101594,2022-01-07,91,0.248616,0
101594,2022-01-07,122,0.243929,0
101594,2022-01-07,152,0.233383,0
101594,2022-01-07,182,0.228298,0
101594,2022-01-07,273,0.221171,0
101594,2022-01-07,365,0.247899,0
101594,2022-01-07,547,0.308461,0
101594,2022-01-07,730,0.375366,0
101594,2022-01-07,1825,0.305096,0
101594,2022-01-10,10,0.286317,0
101594,2022-01-10,14,0.215641,0
101594,2022-01-10,30,0.280012,0
101594,2022-01-10,60,0.285736,0
101594,2022-01-10,91,0.248576,0
101594,2022-01-10,122,0.237897,0
101594,2022-01-10,152,0.235483,0
101594,2022-01-10,182,0.228168,0
101594,2022-01-10,273,0.220524,0
101594,2022-01-10,365,0.247787,0
101594,2022-01-10,547,0.308463,0
101594,2022-01-10,730,0.375489,0
101594,2022-01-10,1825,0.305315,0
101594,2022-01-11,10,0.292198,0
101594,2022-01-11,14,0.240238,0
101594,2022-01-11,30,0.280512,0
101594,2022-01-11,60,0.286367,0
101594,2022-01-11,91,0.248809,0
101594,2022-01-11,122,0.237865,0
101594,2022-01-11,152,0.234796,0
101594,2022-01-11,182,0.228999,0
101594,2022-01-11,273,0.21968,0
101594,2022-01-11,365,0.247042,0
101594,2022-01-11,547,0.308665,0
101594,2022-01-11,730,0.375267,0
101594,2022-01-11,1825,0.30538,0
101594,2022-01-12,10,0.271744,0
101594,2022-01-12,14,0.241153,0
101594,2022-01-12,30,0.271358,0
101594,2022-01-12,60,0.282784,0
101594,2022-01-12,91,0.24833,0
101594,2022-01-12,122,0.236464,0
101594,2022-01-12,152,0.234801,0
101594,2022-01-12,182,0.226798,0
101594,2022-01-12,273,0.218529,0
101594,2022-01-12,365,0.247031,0
101594,2022-01-12,547,0.30843,0
101594,2022-01-12,730,0.375014,0
101594,2022-01-12,1825,0.305377,0
101594,2022-01-13,10,0.227887,0
101594,2022-01-13,14,0.255522,0
101594,2022-01-13,30,0.278167,0
101594,2022-01-13,60,0.284961,0
101594,2022-01-13,91,0.250117,0
101594,2022-01-13,122,0.239186,0
101594,2022-01-13,152,0.235866,0
101594,2022-01-13,182,0.228492,0
101594,2022-01-13,273,0.218934,0
101594,2022-01-13,365,0.247422,0
101594,2022-01-13,547,0.308865,0
101594,2022-01-13,730,0.375148,0
101594,2022-01-13,1825,0.305396,0
101594,2022-01-14,10,0.233405,0
101594,2022-01-14,14,0.259073,0
101594,2022-01-14,30,0.259016,0
101594,2022-01-14,60,0.284879,0
101594,2022-01-14,91,0.249984,0
101594,2022-01-14,122,0.238456,0
101594,2022-01-14,152,0.234821,0
101594,2022-01-14,182,0.22751,0
101594,2022-01-14,273,0.218932,0
101594,2022-01-14,365,0.24691,0
101594,2022-01-14,547,0.308669,0
101594,2022-01-14,730,0.375133,0
101594,2022-01-14,1825,0.305279,0
101594,2022-01-18,10,0.225679,0
101594,2022-01-18,14,0.231203,0
101594,2022-01-18,30,0.233132,0
101594,2022-01-18,60,0.288925,0
101594,2022-01-18,91,0.253864,0
101594,2022-01-18,122,0.241266,0
101594,2022-01-18,152,0.235499,0
101594,2022-01-18,182,0.223984,0
101594,2022-01-18,273,0.220122,0
101594,2022-01-18,365,0.247285,0
101594,2022-01-18,547,0.309119,0
101594,2022-01-18,730,0.375652,0
101594,2022-01-18,1825,0.305641,0
101594,2022-01-19,10,0.235276,0
101594,2022-01-19,14,0.216641,0
101594,2022-01-19,30,0.243325,0
101594,2022-01-19,60,0.290825,0
101594,2022-01-19,91,0.258193,0
101594,2022-01-19,122,0.243089,0
101594,2022-01-19,152,0.237717,0
101594,2022-01-19,182,0.226054,0
101594,2022-01-19,273,0.221649,0
101594,2022-01-19,365,0.248257,0
101594,2022-01-19,547,0.309422,0
101594,2022-01-19,730,0.375624,0
101594,2022-01-19,1825,0.30581,0
101594,2022-01-20,10,0.234101,0
101594,2022-01-20,14,0.20872,0
101594,2022-01-20,30,0.233487,0
101594,2022-01-20,60,0.288523,0
101594,2022-01-20,91,0.259355,0
101594,2022-01-20,122,0.240646,0
101594,2022-01-20,152,0.237244,0
101594,2022-01-20,182,0.226306,0
101594,2022-01-20,273,0.221549,0
101594,2022-01-20,365,0.246532,0
101594,2022-01-20,547,0.309571,0
101594,2022-01-20,730,0.375672,0
101594,2022-01-20,1825,0.305734,0
101594,2022-01-21,10,0.16951,0
101594,2022-01-21,14,0.209166,0
101594,2022-01-21,30,0.226381,0
101594,2022-01-21,60,0.290364,0
101594,2022-01-21,91,0.260624,0
101594,2022-01-21,122,0.241918,0
101594,2022-01-21,152,0.237076,0
101594,2022-01-21,182,0.226592,0
101594,2022-01-21,273,0.221288,0
101594,2022-01-21,365,0.244387,0
101594,2022-01-21,547,0.307291,0
101594,2022-01-21,730,0.375806,0
101594,2022-01-21,1825,0.305679,0
101594,2022-01-24,10,0.105104,0
101594,2022-01-24,14,0.205845,0
101594,2022-01-24,30,0.224624,0
101594,2022-01-24,60,0.294161,0
101594,2022-01-24,91,0.260913,0
101594,2022-01-24,122,0.243413,0
101594,2022-01-24,152,0.238633,0
101594,2022-01-24,182,0.226709,0
101594,2022-01-24,273,0.221381,0
101594,2022-01-24,365,0.243971,0
101594,2022-01-24,547,0.307318,0
101594,2022-01-24,730,0.376186,0
101594,2022-01-24,1825,0.305865,0
101594,2022-01-25,10,0.095122,0
101594,2022-01-25,14,0.15018,0
101594,2022-01-25,30,0.220317,0
101594,2022-01-25,60,0.283947,0
101594,2022-01-25,91,0.262099,0
101594,2022-01-25,122,0.242927,0
101594,2022-01-25,152,0.239196,0
101594,2022-01-25,182,0.226267,0
101594,2022-01-25,273,0.221812,0
101594,2022-01-25,365,0.242794,0
101594,2022-01-25,547,0.306974,0
101594,2022-01-25,730,0.375922,0
101594,2022-01-25,1825,0.305918,0
101594,2022-01-26,10,0.115737,0
101594,2022-01-26,14,0.142543,0
101594,2022-01-26,30,0.197413,0
101594,2022-01-26,60,0.280387,0
101594,2022-01-26,91,0.261976,0
101594,2022-01-26,122,0.241492,0
101594,2022-01-26,152,0.238994,0
101594,2022-01-26,182,0.225519,0
101594,2022-01-26,273,0.221671,0
101594,2022-01-26,365,0.242794,0
101594,2022-01-26,547,0.306626,0
101594,2022-01-26,730,0.375274,0
101594,2022-01-26,1825,0.305919,0
101594,2022-01-27,10,0.117399,0
101594,2022-01-27,14,0.13714,0
101594,2022-01-27,30,0.197658,0
101594,2022-01-27,60,0.277071,0
101594,2022-01-27,91,0.257611,0
101594,2022-01-27,122,0.240747,0
101594,2022-01-27,152,0.237909,0
101594,2022-01-27,182,0.225517,0
101594,2022-01-27,273,0.221708,0
101594,2022-01-27,365,0.24268,0
101594,2022-01-27,547,0.30631,0
101594,2022-01-27,730,0.37482,0
101594,2022-01-27,1825,0.305803,0
101594,2022-01-28,10,0.442418,0
101594,2022-01-28,14,0.426468,0
101594,2022-01-28,30,0.321309,0
101594,2022-01-28,60,0.318343,0
101594,2022-01-28,91,0.287711,0
101594,2022-01-28,122,0.262629,0
101594,2022-01-28,152,0.258193,0
101594,2022-01-28,182,0.244461,0
101594,2022-01-28,273,0.233838,0
101594,2022-01-28,365,0.249068,0
101594,2022-01-28,547,0.310905,0
101594,2022-01-28,730,0.377468,0
101594,2022-01-28,1825,0.307107,0
101594,2022-01-31,10,0.475209,0
101594,2022-01-31,14,0.42522,0
101594,2022-01-31,30,0.343914,0
101594,2022-01-31,60,0.322753,0
101594,2022-01-31,91,0.291179,0
101594,2022-01-31,122,0.267911,0
101594,2022-01-31,152,0.259148,0
101594,2022-01-31,182,0.246853,0
101594,2022-01-31,273,0.235402,0
101594,2022-01-31,365,0.247218,0
101594,2022-01-31,547,0.301035,0
101594,2022-01-31,730,0.376765,0
101594,2022-01-31,1825,0.306445,0
101594,2022-02-01,10,0.440983,0
101594,2022-02-01,14,0.410776,0
101594,2022-02-01,30,0.335207,0
101594,2022-02-01,60,0.320983,0
101594,2022-02-01,91,0.291119,0
101594,2022-02-01,122,0.266358,0
101594,2022-02-01,152,0.258993,0
101594,2022-02-01,182,0.246369,0
101594,2022-02-01,273,0.231359,0
101594,2022-02-01,365,0.246753,0
101594,2022-02-01,547,0.300423,0
101594,2022-02-01,730,0.376395,0
101594,2022-02-01,1825,0.306444,0
101594,2022-02-02,10,0.408697,0
101594,2022-02-02,14,0.388349,0
101594,2022-02-02,30,0.323659,0
101594,2022-02-02,60,0.3172,0
101594,2022-02-02,91,0.290889,0
101594,2022-02-02,122,0.264886,0
101594,2022-02-02,152,0.259108,0
101594,2022-02-02,182,0.246426,0
101594,2022-02-02,273,0.231441,0
101594,2022-02-02,365,0.246769,0
101594,2022-02-02,547,0.300428,0
101594,2022-02-02,730,0.376402,0
101594,2022-02-02,1825,0.306452,0
101594,2022-02-03,10,0.429344,0
101594,2022-02-03,14,0.397067,0
101594,2022-02-03,30,0.325734,0
101594,2022-02-03,60,0.316704,0
101594,2022-02-03,91,0.293251,0
101594,2022-02-03,122,0.262743,0
101594,2022-02-03,152,0.259385,0
101594,2022-02-03,182,0.247781,0
101594,2022-02-03,273,0.232073,0
101594,2022-02-03,365,0.24726,0
101594,2022-02-03,547,0.300786,0
101594,2022-02-03,730,0.375995,0
101594,2022-02-03,1825,0.306439,0
101594,2022-02-04,10,0.416359,0
101594,2022-02-04,14,0.386858,0
101594,2022-02-04,30,0.312676,0
101594,2022-02-04,60,0.312896,0
101594,2022-02-04,91,0.293341,0
101594,2022-02-04,122,0.262075,0
101594,2022-02-04,152,0.258182,0
101594,2022-02-04,182,0.247667,0
101594,2022-02-04,273,0.232061,0
101594,2022-02-04,365,0.246062,0
101594,2022-02-04,547,0.299574,0
101594,2022-02-04,730,0.375973,0
101594,2022-02-04,1825,0.30632,0
101594,2022-02-07,10,0.225264,0
101594,2022-02-07,14,0.386369,0
101594,2022-02-07,30,0.315419,0
101594,2022-02-07,60,0.303501,0
101594,2022-02-07,91,0.29321,0
101594,2022-02-07,122,0.265,0
101594,2022-02-07,152,0.258004,0
101594,2022-02-07,182,0.247781,0
101594,2022-02-07,273,0.229932,0
101594,2022-02-07,365,0.246084,0
101594,2022-02-07,547,0.298957,0
101594,2022-02-07,730,0.376148,0
101594,2022-02-07,1825,0.30653,0
101594,2022-02-08,10,0.228986,0
101594,2022-02-08,14,0.377167,0
101594,2022-02-08,30,0.313958,0
101594,2022-02-08,60,0.298803,0
101594,2022-02-08,91,0.295013,0
101594,2022-02-08,122,0.264863,0
101594,2022-02-08,152,0.2591,0
101594,2022-02-08,182,0.248851,0
101594,2022-02-08,273,0.230492,0
101594,2022-02-08,365,0.246694,0
101594,2022-02-08,547,0.299089,0
101594,2022-02-08,730,0.375961,0
101594,2022-02-08,1825,0.306612,0
101594,2022-02-09,10,0.213402,0
101594,2022-02-09,14,0.3734,0
101594,2022-02-09,30,0.315003,0
101594,2022-02-09,60,0.295864,0
101594,2022-02-09,91,0.291836,0
101594,2022-02-09,122,0.263473,0
101594,2022-02-09,152,0.2535,0
101594,2022-02-09,182,0.249035,0
101594,2022-02-09,273,0.228467,0
101594,2022-02-09,365,0.246683,0
101594,2022-02-09,547,0.298038,0
101594,2022-02-09,730,0.375984,0
101594,2022-02-09,1825,0.306623,0
101594,2022-02-10,10,0.216667,0
101594,2022-02-10,14,0.407017,0
101594,2022-02-10,30,0.321156,0
101594,2022-02-10,60,0.297839,0
101594,2022-02-10,91,0.296718,0
101594,2022-02-10,122,0.267316,0
101594,2022-02-10,152,0.255338,0
101594,2022-02-10,182,0.250116,0
101594,2022-02-10,273,0.229658,0
101594,2022-02-10,365,0.247873,0
101594,2022-02-10,547,0.297633,0
101594,2022-02-10,730,0.376376,0
101594,2022-02-10,1825,0.30671,0
101594,2022-02-11,10,0.240344,0
101594,2022-02-11,14,0.259419,0
101594,2022-02-11,30,0.327967,0
101594,2022-02-11,60,0.29765,0
101594,2022-02-11,91,0.299258,0
101594,2022-02-11,122,0.269453,0
101594,2022-02-11,152,0.256326,0
101594,2022-02-11,182,0.251973,0
101594,2022-02-11,273,0.230124,0
101594,2022-02-11,365,0.248775,0
101594,2022-02-11,547,0.297848,0
101594,2022-02-11,730,0.376374,0
101594,2022-02-11,1825,0.306743,0
101594,2022-02-14,10,0.259886,0
101594,2022-02-14,14,0.2142,0
101594,2022-02-14,30,0.329548,0
101594,2022-02-14,60,0.278298,0
101594,2022-02-14,91,0.299236,0
101594,2022-02-14,122,0.27049,0
101594,2022-02-14,152,0.258084,0
101594,2022-02-14,182,0.251348,0
101594,2022-02-14,273,0.229782,0
101594,2022-02-14,365,0.248774,0
101594,2022-02-14,547,0.297844,0
101594,2022-02-14,730,0.376698,0
101594,2022-02-14,1825,0.306923,0
101594,2022-02-15,10,0.284986,0
101594,2022-02-15,14,0.25169,0
101594,2022-02-15,30,0.331832,0
101594,2022-02-15,60,0.283895,0
101594,2022-02-15,91,0.302071,0
101594,2022-02-15,122,0.271306,0
101594,2022-02-15,152,0.260215,0
101594,2022-02-15,182,0.253053,0
101594,2022-02-15,273,0.230606,0
101594,2022-02-15,365,0.249246,0
101594,2022-02-15,547,0.298362,0
101594,2022-02-15,730,0.376628,0
101594,2022-02-15,1825,0.307073,0
101594,2022-02-16,10,0.264023,0
101594,2022-02-16,14,0.247772,0
101594,2022-02-16,30,0.323868,0
101594,2022-02-16,60,0.280354,0
101594,2022-02-16,91,0.30075,0
101594,2022-02-16,122,0.269754,0
101594,2022-02-16,152,0.258377,0
101594,2022-02-16,182,0.250146,0
101594,2022-02-16,273,0.230608,0
101594,2022-02-16,365,0.248663,0
101594,2022-02-16,547,0.298311,0
101594,2022-02-16,730,0.37626,0
101594,2022-02-16,1825,0.307074,0
101594,2022-02-17,10,0.290694,0
101594,2022-02-17,14,0.256621,0
101594,2022-02-17,30,0.325673,0
101594,2022-02-17,60,0.281983,0
101594,2022-02-17,91,0.299513,0
101594,2022-02-17,122,0.272248,0
101594,2022-02-17,152,0.259601,0
101594,2022-02-17,182,0.252215,0
101594,2022-02-17,273,0.231095,0
101594,2022-02-17,365,0.248969,0
101594,2022-02-17,547,0.29888,0
101594,2022-02-17,730,0.376347,0
101594,2022-02-17,1825,0.307122,0
101594,2022-02-18,10,0.260974,0
101594,2022-02-18,14,0.259076,0
101594,2022-02-18,30,0.318876,0
101594,2022-02-18,60,0.282213,0
101594,2022-02-18,91,0.29849,0
101594,2022-02-18,122,0.271918,0
101594,2022-02-18,152,0.258904,0
101594,2022-02-18,182,0.252325,0
101594,2022-02-18,273,0.23066,0
101594,2022-02-18,365,0.248998,0
101594,2022-02-18,547,0.298509,0
101594,2022-02-18,730,0.376315,0
101594,2022-02-18,1825,0.307038,0
101594,2022-02-22,10,0.254901,0
101594,2022-02-22,14,0.252879,0
101594,2022-02-22,30,0.327607,0
101594,2022-02-22,60,0.28493,0
101594,2022-02-22,91,0.303273,0
101594,2022-02-22,122,0.27702,0
101594,2022-02-22,152,0.260646,0
101594,2022-02-22,182,0.254406,0
101594,2022-02-22,273,0.231947,0
101594,2022-02-22,365,0.24825,0
101594,2022-02-22,547,0.296418,0
101594,2022-02-22,730,0.376452,0
101594,2022-02-22,1825,0.307381,0
101594,2022-02-23,10,0.267168,0
101594,2022-02-23,14,0.253604,0
101594,2022-02-23,30,0.340203,0
101594,2022-02-23,60,0.287818,0
101594,2022-02-23,91,0.307947,0
101594,2022-02-23,122,0.279418,0
101594,2022-02-23,152,0.26409,0
101594,2022-02-23,182,0.25695,0
101594,2022-02-23,273,0.23413,0
101594,2022-02-23,365,0.24973,0
101594,2022-02-23,547,0.297146,0
101594,2022-02-23,730,0.375289,0
101594,2022-02-23,1825,0.307627,0
101594,2022-02-24,10,0.301462,0
101594,2022-02-24,14,0.27667,0
101594,2022-02-24,30,0.342557,0
101594,2022-02-24,60,0.288017,0
101594,2022-02-24,91,0.307265,0
101594,2022-02-24,122,0.280716,0
101594,2022-02-24,152,0.26394,0
101594,2022-02-24,182,0.257784,0
101594,2022-02-24,273,0.234248,0
101594,2022-02-24,365,0.25016,0
101594,2022-02-24,547,0.297244,0
101594,2022-02-24,730,0.374571,0
101594,2022-02-24,1825,0.307581,0
101594,2022-02-25,10,0.266079,0
101594,2022-02-25,14,0.278952,0
101594,2022-02-25,30,0.344974,0
101594,2022-02-25,60,0.283834,0
101594,2022-02-25,91,0.301071,0
101594,2022-02-25,122,0.281395,0
101594,2022-02-25,152,0.263318,0
101594,2022-02-25,182,0.258198,0
101594,2022-02-25,273,0.234489,0
101594,2022-02-25,365,0.247754,0
101594,2022-02-25,547,0.297227,0
101594,2022-02-25,730,0.374523,0
101594,2022-02-25,1825,0.307502,0
101594,2022-02-28,10,0.298844,0
101594,2022-02-28,14,0.27905,0
101594,2022-02-28,30,0.254854,0
101594,2022-02-28,60,0.290703,0
101594,2022-02-28,91,0.298045,0
101594,2022-02-28,122,0.279604,0
101594,2022-02-28,152,0.262105,0
101594,2022-02-28,182,0.254818,0
101594,2022-02-28,273,0.233865,0
101594,2022-02-28,365,0.247752,0
101594,2022-02-28,547,0.297221,0
101594,2022-02-28,730,0.371668,0
101594,2022-02-28,1825,0.307629,0
101594,2022-03-01,10,0.273685,0
101594,2022-03-01,14,0.236724,0
101594,2022-03-01,30,0.250905,0
101594,2022-03-01,60,0.291724,0
101594,2022-03-01,91,0.292334,0
101594,2022-03-01,122,0.278804,0
101594,2022-03-01,152,0.262366,0
101594,2022-03-01,182,0.255094,0
101594,2022-03-01,273,0.234314,0
101594,2022-03-01,365,0.242714,0
101594,2022-03-01,547,0.296192,0
101594,2022-03-01,730,0.371421,0
101594,2022-03-01,1825,0.307667,0
101594,2022-03-02,10,0.289921,0
101594,2022-03-02,14,0.275866,0
101594,2022-03-02,30,0.243964,0
101594,2022-03-02,60,0.293385,0
101594,2022-03-02,91,0.295181,0
101594,2022-03-02,122,0.279131,0
101594,2022-03-02,152,0.263826,0
101594,2022-03-02,182,0.25658,0
101594,2022-03-02,273,0.235266,0
101594,2022-03-02,365,0.242467,0
101594,2022-03-02,547,0.294959,0
101594,2022-03-02,730,0.366489,0
101594,2022-03-02,1825,0.307779,0
101594,2022-03-03,10,0.268522,0
101594,2022-03-03,14,0.255266,0
101594,2022-03-03,30,0.243923,0
101594,2022-03-03,60,0.289787,0
101594,2022-03-03,91,0.29493,0
101594,2022-03-03,122,0.278928,0
101594,2022-03-03,152,0.262611,0
101594,2022-03-03,182,0.256427,0
101594,2022-03-03,273,0.23476,0
101594,2022-03-03,365,0.241095,0
101594,2022-03-03,547,0.294438,0
101594,2022-03-03,730,0.365713,0
101594,2022-03-03,1825,0.30766,0
101594,2022-03-04,10,0.269937,0
101594,2022-03-04,14,0.268217,0
101594,2022-03-04,30,0.247715,0
101594,2022-03-04,60,0.285054,0
101594,2022-03-04,91,0.29639,0
101594,2022-03-04,122,0.280858,0
101594,2022-03-04,152,0.263181,0
101594,2022-03-04,182,0.257822,0
101594,2022-03-04,273,0.23505,0
101594,2022-03-04,365,0.241297,0
101594,2022-03-04,547,0.286696,0
101594,2022-03-04,730,0.364683,0
101594,2022-03-04,1825,0.307666,0
101594,2022-03-07,10,0.25445,0
101594,2022-03-07,14,0.27441,0
101594,2022-03-07,30,0.260198,0
101594,2022-03-07,60,0.287122,0
101594,2022-03-07,91,0.297116,0
101594,2022-03-07,122,0.287089,0
101594,2022-03-07,152,0.264629,0
101594,2022-03-07,182,0.259111,0
101594,2022-03-07,273,0.236869,0
101594,2022-03-07,365,0.24242,0
101594,2022-03-07,547,0.287413,0
101594,2022-03-07,730,0.364521,0
101594,2022-03-07,1825,0.308104,0
101594,2022-03-08,10,0.235087,0
101594,2022-03-08,14,0.267803,0
101594,2022-03-08,30,0.255043,0
101594,2022-03-08,60,0.288076,0
101594,2022-03-08,91,0.288909,0
101594,2022-03-08,122,0.286149,0
101594,2022-03-08,152,0.265086,0
101594,2022-03-08,182,0.258763,0
101594,2022-03-08,273,0.237261,0
101594,2022-03-08,365,0.238793,0
101594,2022-03-08,547,0.287213,0
101594,2022-03-08,730,0.364281,0
101594,2022-03-08,1825,0.308155,0
101594,2022-03-09,10,0.316611,0
101594,2022-03-09,14,0.299759,0
101594,2022-03-09,30,0.288167,0
101594,2022-03-09,60,0.298576,0
101594,2022-03-09,91,0.293907,0
101594,2022-03-09,122,0.290418,0
101594,2022-03-09,152,0.270085,0
101594,2022-03-09,182,0.262858,0
101594,2022-03-09,273,0.240335,0
101594,2022-03-09,365,0.237979,0
101594,2022-03-09,547,0.282699,0
101594,2022-03-09,730,0.360141,0
101594,2022-03-09,1825,0.308511,0
101594,2022-03-10,10,0.347293,0
101594,2022-03-10,14,0.320035,0
101594,2022-03-10,30,0.290286,0
101594,2022-03-10,60,0.301841,0
101594,2022-03-10,91,0.298683,0
101594,2022-03-10,122,0.294377,0
101594,2022-03-10,152,0.272474,0
101594,2022-03-10,182,0.265636,0
101594,2022-03-10,273,0.242403,0
101594,2022-03-10,365,0.239483,0
101594,2022-03-10,547,0.281931,0
101594,2022-03-10,730,0.357531,0
101594,2022-03-10,1825,0.308658,0
101594,2022-03-11,10,0.362596,0
101594,2022-03-11,14,0.323831,0
101594,2022-03-11,30,0.293834,0
101594,2022-03-11,60,0.306663,0
101594,2022-03-11,91,0.296043,0
101594,2022-03-11,122,0.297481,0
101594,2022-03-11,152,0.273946,0
101594,2022-03-11,182,0.263529,0
101594,2022-03-11,273,0.243967,0
101594,2022-03-11,365,0.240322,0
101594,2022-03-11,547,0.281301,0
101594,2022-03-11,730,0.357041,0
101594,2022-03-11,1825,0.308745,0
101594,2022-03-14,10,0.382304,0
101594,2022-03-14,14,0.335663,0
101594,2022-03-14,30,0.299444,0
101594,2022-03-14,60,0.313382,0
101594,2022-03-14,91,0.297846,0
101594,2022-03-14,122,0.301936,0
101594,2022-03-14,152,0.27941,0
101594,2022-03-14,182,0.266277,0
101594,2022-03-14,273,0.244596,0
101594,2022-03-14,365,0.241778,0
101594,2022-03-14,547,0.28198,0
101594,2022-03-14,730,0.341057,0
101594,2022-03-14,1825,0.309217,0
101594,2022-03-15,10,0.432527,0
101594,2022-03-15,14,0.386222,0
101594,2022-03-15,30,0.315905,0
101594,2022-03-15,60,0.323276,0
101594,2022-03-15,91,0.304377,0
101594,2022-03-15,122,0.304366,0
101594,2022-03-15,152,0.281335,0
101594,2022-03-15,182,0.269082,0
101594,2022-03-15,273,0.246645,0
101594,2022-03-15,365,0.24232,0
101594,2022-03-15,547,0.281962,0
101594,2022-03-15,730,0.341279,0
101594,2022-03-15,1825,0.309471,0
101594,2022-03-16,10,0.44817,0
101594,2022-03-16,14,0.403241,0
101594,2022-03-16,30,0.335212,0
101594,2022-03-16,60,0.328513,0
101594,2022-03-16,91,0.304579,0
101594,2022-03-16,122,0.30644,0
101594,2022-03-16,152,0.284474,0
101594,2022-03-16,182,0.271911,0
101594,2022-03-16,273,0.248679,0
101594,2022-03-16,365,0.243612,0
101594,2022-03-16,547,0.282873,0
101594,2022-03-16,730,0.327265,0
101594,2022-03-16,1825,0.309701,0
101594,2022-03-17,10,0.428384,0
101594,2022-03-17,14,0.406778,0
101594,2022-03-17,30,0.324049,0
101594,2022-03-17,60,0.325131,0
101594,2022-03-17,91,0.294755,0
101594,2022-03-17,122,0.306595,0
101594,2022-03-17,152,0.28323,0
101594,2022-03-17,182,0.272019,0
101594,2022-03-17,273,0.248404,0
101594,2022-03-17,365,0.243558,0
101594,2022-03-17,547,0.28178,0
101594,2022-03-17,730,0.325987,0
101594,2022-03-17,1825,0.309587,0
101594,2022-03-18,10,0.432238,0
101594,2022-03-18,14,0.413565,0
101594,2022-03-18,30,0.334705,0
101594,2022-03-18,60,0.325802,0
101594,2022-03-18,91,0.297784,0
101594,2022-03-18,122,0.308366,0
101594,2022-03-18,152,0.283509,0
101594,2022-03-18,182,0.272109,0
101594,2022-03-18,273,0.24909,0
101594,2022-03-18,365,0.241732,0
101594,2022-03-18,547,0.281892,0
101594,2022-03-18,730,0.32571,0
101594,2022-03-18,1825,0.309586,0
101594,2022-03-21,10,0.333137,0
101594,2022-03-21,14,0.391238,0
101594,2022-03-21,30,0.33635,0
101594,2022-03-21,60,0.32633,0
101594,2022-03-21,91,0.297947,0
101594,2022-03-21,122,0.30612,0
101594,2022-03-21,152,0.285154,0
101594,2022-03-21,182,0.270408,0
101594,2022-03-21,273,0.248793,0
101594,2022-03-21,365,0.241772,0
101594,2022-03-21,547,0.280634,0
101594,2022-03-21,730,0.322459,0
101594,2022-03-21,1825,0.309737,0
101594,2022-03-22,10,0.309399,0
101594,2022-03-22,14,0.389054,0
101594,2022-03-22,30,0.335931,0
101594,2022-03-22,60,0.328455,0
101594,2022-03-22,91,0.298416,0
101594,2022-03-22,122,0.306279,0
101594,2022-03-22,152,0.286777,0
101594,2022-03-22,182,0.271781,0
101594,2022-03-22,273,0.249452,0
101594,2022-03-22,365,0.241072,0
101594,2022-03-22,547,0.280101,0
101594,2022-03-22,730,0.322402,0
101594,2022-03-22,1825,0.30985,0
101594,2022-03-23,10,0.287439,0
101594,2022-03-23,14,0.358373,0
101594,2022-03-23,30,0.328888,0
101594,2022-03-23,60,0.324907,0
101594,2022-03-23,91,0.297238,0
101594,2022-03-23,122,0.304711,0
101594,2022-03-23,152,0.286799,0
101594,2022-03-23,182,0.271072,0
101594,2022-03-23,273,0.24955,0
101594,2022-03-23,365,0.241031,0
101594,2022-03-23,547,0.279911,0
101594,2022-03-23,730,0.321996,0
101594,2022-03-23,1825,0.309862,0
101594,2022-03-24,10,0.146041,0
101594,2022-03-24,14,0.319439,0
101594,2022-03-24,30,0.329659,0
101594,2022-03-24,60,0.325122,0
101594,2022-03-24,91,0.300707,0
101594,2022-03-24,122,0.307004,0
101594,2022-03-24,152,0.287282,0
101594,2022-03-24,182,0.272618,0
101594,2022-03-24,273,0.250705,0
101594,2022-03-24,365,0.240979,0
101594,2022-03-24,547,0.278123,0
101594,2022-03-24,730,0.315468,0
101594,2022-03-24,1825,0.309883,0
101594,2022-03-25,10,0.146079,0
101594,2022-03-25,14,0.263088,0
101594,2022-03-25,30,0.313418,0
101594,2022-03-25,60,0.324754,0
101594,2022-03-25,91,0.298375,0
101594,2022-03-25,122,0.307032,0
101594,2022-03-25,152,0.285931,0
101594,2022-03-25,182,0.272636,0
101594,2022-03-25,273,0.250683,0
101594,2022-03-25,365,0.240975,0
101594,2022-03-25,547,0.278035,0
101594,2022-03-25,730,0.315424,0
101594,2022-03-25,1825,0.309762,0
101594,2022-03-28,10,0.12781,0
101594,2022-03-28,14,0.158224,0
101594,2022-03-28,30,0.3161,0
101594,2022-03-28,60,0.33079,0
101594,2022-03-28,91,0.29495,0
101594,2022-03-28,122,0.303365,0
101594,2022-03-28,152,0.288596,0
101594,2022-03-28,182,0.272144,0
101594,2022-03-28,273,0.250392,0
101594,2022-03-28,365,0.240973,0
101594,2022-03-28,547,0.276526,0
101594,2022-03-28,730,0.312243,0
101594,2022-03-28,1825,0.309893,0
101594,2022-03-29,10,0.125144,0
101594,2022-03-29,14,0.14033,0
101594,2022-03-29,30,0.313167,0
101594,2022-03-29,60,0.290068,0
101594,2022-03-29,91,0.297256,0
101594,2022-03-29,122,0.303064,0
101594,2022-03-29,152,0.287611,0
101594,2022-03-29,182,0.270783,0
101594,2022-03-29,273,0.250945,0
101594,2022-03-29,365,0.241603,0
101594,2022-03-29,547,0.276301,0
101594,2022-03-29,730,0.31216,0
101594,2022-03-29,1825,0.309991,0
101594,2022-03-30,10,0.158075,0
101594,2022-03-30,14,0.151085,0
101594,2022-03-30,30,0.315091,0
101594,2022-03-30,60,0.287163,0
101594,2022-03-30,91,0.297552,0
101594,2022-03-30,122,0.301591,0
101594,2022-03-30,152,0.286209,0
101594,2022-03-30,182,0.27097,0
101594,2022-03-30,273,0.251093,0
101594,2022-03-30,365,0.241342,0
101594,2022-03-30,547,0.276282,0
101594,2022-03-30,730,0.311678,0
101594,2022-03-30,1825,0.310008,0
101594,2022-03-31,10,0.223682,0
101594,2022-03-31,14,0.209128,0
101594,2022-03-31,30,0.319347,0
101594,2022-03-31,60,0.287421,0
101594,2022-03-31,91,0.299413,0
101594,2022-03-31,122,0.301357,0
101594,2022-03-31,152,0.286445,0
101594,2022-03-31,182,0.271949,0
101594,2022-03-31,273,0.252082,0
101594,2022-03-31,365,0.241521,0
101594,2022-03-31,547,0.276492,0
101594,2022-03-31,730,0.311984,0
101594,2022-03-31,1825,0.310005,0
101594,2022-04-01,10,0.208677,0
101594,2022-04-01,14,0.202225,0
101594,2022-04-01,30,0.313683,0
101594,2022-04-01,60,0.280594,0
101594,2022-04-01,91,0.299355,0
101594,2022-04-01,122,0.296798,0
101594,2022-04-01,152,0.28512,0
101594,2022-04-01,182,0.271837,0
101594,2022-04-01,273,0.251226,0
101594,2022-04-01,365,0.241478,0
101594,2022-04-01,547,0.276437,0
101594,2022-04-01,730,0.309461,0
101594,2022-04-01,1825,0.309885,0
101594,2022-04-04,10,0.248782,0
101594,2022-04-04,14,0.220226,0
101594,2022-04-04,30,0.319702,0
101594,2022-04-04,60,0.289571,0
101594,2022-04-04,91,0.298931,0
101594,2022-04-04,122,0.301815,0
101594,2022-04-04,152,0.289272,0
101594,2022-04-04,182,0.270921,0
101594,2022-04-04,273,0.251865,0
101594,2022-04-04,365,0.241996,0
101594,2022-04-04,547,0.27564,0
101594,2022-04-04,730,0.309743,0
101594,2022-04-04,1825,0.310263,0
101594,2022-04-05,10,0.264616,0
101594,2022-04-05,14,0.243637,0
101594,2022-04-05,30,0.321878,0
101594,2022-04-05,60,0.293712,0
101594,2022-04-05,91,0.300276,0
101594,2022-04-05,122,0.302047,0
101594,2022-04-05,152,0.290963,0
101594,2022-04-05,182,0.272005,0
101594,2022-04-05,273,0.252484,0
101594,2022-04-05,365,0.241877,0
101594,2022-04-05,547,0.275107,0
101594,2022-04-05,730,0.309801,0
101594,2022-04-05,1825,0.310393,0
101594,2022-04-06,10,0.266967,0
101594,2022-04-06,14,0.265753,0
101594,2022-04-06,30,0.316899,0
101594,2022-04-06,60,0.293817,0
101594,2022-04-06,91,0.29773,0
101594,2022-04-06,122,0.30213,0
101594,2022-04-06,152,0.292614,0
101594,2022-04-06,182,0.273441,0
101594,2022-04-06,273,0.252761,0
101594,2022-04-06,365,0.242688,0
101594,2022-04-06,547,0.274472,0
101594,2022-04-06,730,0.30473,0
101594,2022-04-06,1825,0.310517,0
101594,2022-04-07,10,0.26448,0
101594,2022-04-07,14,0.237779,0
101594,2022-04-07,30,0.312393,0
101594,2022-04-07,60,0.290334,0
101594,2022-04-07,91,0.295841,0
101594,2022-04-07,122,0.300008,0
101594,2022-04-07,152,0.291205,0
101594,2022-04-07,182,0.273232,0
101594,2022-04-07,273,0.252488,0
101594,2022-04-07,365,0.242389,0
101594,2022-04-07,547,0.274171,0
101594,2022-04-07,730,0.304578,0
101594,2022-04-07,1825,0.310394,0
101594,2022-04-08,10,0.228774,0
101594,2022-04-08,14,0.241862,0
101594,2022-04-08,30,0.297415,0
101594,2022-04-08,60,0.291608,0
101594,2022-04-08,91,0.296806,0
101594,2022-04-08,122,0.294714,0
101594,2022-04-08,152,0.290531,0
101594,2022-04-08,182,0.273832,0
101594,2022-04-08,273,0.252545,0
101594,2022-04-08,365,0.242082,0
101594,2022-04-08,547,0.274374,0
101594,2022-04-08,730,0.304289,0
101594,2022-04-08,1825,0.310327,0
101594,2022-04-11,10,0.28865,0
101594,2022-04-11,14,0.26303,0
101594,2022-04-11,30,0.28733,0
101594,2022-04-11,60,0.295224,0
101594,2022-04-11,91,0.301213,0
101594,2022-04-11,122,0.294737,0
101594,2022-04-11,152,0.294427,0
101594,2022-04-11,182,0.276518,0
101594,2022-04-11,273,0.254346,0
101594,2022-04-11,365,0.242816,0
101594,2022-04-11,547,0.27493,0
101594,2022-04-11,730,0.304896,0
101594,2022-04-11,1825,0.310762,0
101594,2022-04-12,10,0.289166,0
101594,2022-04-12,14,0.2454,0
101594,2022-04-12,30,0.281769,0
101594,2022-04-12,60,0.292522,0
101594,2022-04-12,91,0.300184,0
101594,2022-04-12,122,0.293742,0
101594,2022-04-12,152,0.294858,0
101594,2022-04-12,182,0.276499,0
101594,2022-04-12,273,0.254514,0
101594,2022-04-12,365,0.242628,0
101594,2022-04-12,547,0.270552,0
101594,2022-04-12,730,0.30467,0
101594,2022-04-12,1825,0.310782,0
101594,2022-04-13,10,0.294273,0
101594,2022-04-13,14,0.2706,0
101594,2022-04-13,30,0.262791,0
101594,2022-04-13,60,0.291696,0
101594,2022-04-13,91,0.302016,0
101594,2022-04-13,122,0.293453,0
101594,2022-04-13,152,0.295087,0
101594,2022-04-13,182,0.277174,0
101594,2022-04-13,273,0.253746,0
101594,2022-04-13,365,0.242014,0
101594,2022-04-13,547,0.26989,0
101594,2022-04-13,730,0.304585,0
101594,2022-04-13,1825,0.31073,0
101594,2022-04-14,10,0.275997,0
101594,2022-04-14,14,0.294566,0
101594,2022-04-14,30,0.275701,0
101594,2022-04-14,60,0.297628,0
101594,2022-04-14,91,0.305667,0
101594,2022-04-14,122,0.295887,0
101594,2022-04-14,152,0.29774,0
101594,2022-04-14,182,0.279565,0
101594,2022-04-14,273,0.256205,0
101594,2022-04-14,365,0.243298,0
101594,2022-04-14,547,0.271103,0
101594,2022-04-14,730,0.303584,0
101594,2022-04-14,1825,0.310931,0
101594,2022-04-18,10,0.337816,0
101594,2022-04-18,14,0.261825,0
101594,2022-04-18,30,0.263378,0
101594,2022-04-18,60,0.298307,0
101594,2022-04-18,91,0.305448,0
101594,2022-04-18,122,0.288269,0
101594,2022-04-18,152,0.299529,0
101594,2022-04-18,182,0.280147,0
101594,2022-04-18,273,0.254264,0
101594,2022-04-18,365,0.243126,0
101594,2022-04-18,547,0.271164,0
101594,2022-04-18,730,0.303871,0
101594,2022-04-18,1825,0.311156,0
101594,2022-04-19,10,0.3288,0
101594,2022-04-19,14,0.278288,0
101594,2022-04-19,30,0.26105,0
101594,2022-04-19,60,0.299616,0
101594,2022-04-19,91,0.304539,0
101594,2022-04-19,122,0.287608,0
101594,2022-04-19,152,0.297141,0
101594,2022-04-19,182,0.280054,0
101594,2022-04-19,273,0.253093,0
101594,2022-04-19,365,0.243446,0
101594,2022-04-19,547,0.270485,0
101594,2022-04-19,730,0.303694,0
101594,2022-04-19,1825,0.311168,0
101594,2022-04-20,10,0.300313,0
101594,2022-04-20,14,0.266423,0
101594,2022-04-20,30,0.259675,0
101594,2022-04-20,60,0.295858,0
101594,2022-04-20,91,0.30153,0
101594,2022-04-20,122,0.285874,0
101594,2022-04-20,152,0.296039,0
101594,2022-04-20,182,0.280047,0
101594,2022-04-20,273,0.253009,0
101594,2022-04-20,365,0.243061,0
101594,2022-04-20,547,0.270308,0
101594,2022-04-20,730,0.303274,0
101594,2022-04-20,1825,0.311168,0
101594,2022-04-21,10,0.254454,0
101594,2022-04-21,14,0.264956,0
101594,2022-04-21,30,0.249678,0
101594,2022-04-21,60,0.292468,0
101594,2022-04-21,91,0.300947,0
101594,2022-04-21,122,0.285654,0
101594,2022-04-21,152,0.294712,0
101594,2022-04-21,182,0.280166,0
101594,2022-04-21,273,0.252884,0
101594,2022-04-21,365,0.243121,0
101594,2022-04-21,547,0.270299,0
101594,2022-04-21,730,0.302401,0
101594,2022-04-21,1825,0.311056,0
101594,2022-04-22,10,0.2918,0
101594,2022-04-22,14,0.29325,0
101594,2022-04-22,30,0.264767,0
101594,2022-04-22,60,0.296859,0
101594,2022-04-22,91,0.305196,0
101594,2022-04-22,122,0.287727,0
101594,2022-04-22,152,0.296613,0
101594,2022-04-22,182,0.283068,0
101594,2022-04-22,273,0.254734,0
101594,2022-04-22,365,0.244529,0
101594,2022-04-22,547,0.271212,0
101594,2022-04-22,730,0.302558,0
101594,2022-04-22,1825,0.311212,0
101594,2022-04-25,10,0.22763,0
101594,2022-04-25,14,0.272146,0
101594,2022-04-25,30,0.256701,0
101594,2022-04-25,60,0.291367,0
101594,2022-04-25,91,0.30533,0
101594,2022-04-25,122,0.288301,0
101594,2022-04-25,152,0.29959,0
101594,2022-04-25,182,0.283192,0
101594,2022-04-25,273,0.254821,0
101594,2022-04-25,365,0.244004,0
101594,2022-04-25,547,0.271192,0
101594,2022-04-25,730,0.302261,0
101594,2022-04-25,1825,0.311423,0
101594,2022-04-26,10,0.297978,0
101594,2022-04-26,14,0.317629,0
101594,2022-04-26,30,0.27733,0
101594,2022-04-26,60,0.304272,0
101594,2022-04-26,91,0.313944,0
101594,2022-04-26,122,0.293678,0
101594,2022-04-26,152,0.303978,0
101594,2022-04-26,182,0.28844,0
101594,2022-04-26,273,0.258066,0
101594,2022-04-26,365,0.24705,0
101594,2022-04-26,547,0.273058,0
101594,2022-04-26,730,0.303262,0
101594,2022-04-26,1825,0.311919,0
101594,2022-04-27,10,0.277966,0
101594,2022-04-27,14,0.288614,0
101594,2022-04-27,30,0.275232,0
101594,2022-04-27,60,0.30054,0
101594,2022-04-27,91,0.313953,0
101594,2022-04-27,122,0.291924,0
101594,2022-04-27,152,0.299825,0
101594,2022-04-27,182,0.288408,0
101594,2022-04-27,273,0.257658,0
101594,2022-04-27,365,0.24704,0
101594,2022-04-27,547,0.272871,0
101594,2022-04-27,730,0.303269,0
101594,2022-04-27,1825,0.31192,0
101594,2022-04-28,10,0.400376,0
101594,2022-04-28,14,0.37452,0
101594,2022-04-28,30,0.314473,0
101594,2022-04-28,60,0.316621,0
101594,2022-04-28,91,0.326234,0
101594,2022-04-28,122,0.299475,0
101594,2022-04-28,152,0.306125,0
101594,2022-04-28,182,0.293027,0
101594,2022-04-28,273,0.262522,0
101594,2022-04-28,365,0.250739,0
101594,2022-04-28,547,0.272296,0
101594,2022-04-28,730,0.304489,0
101594,2022-04-28,1825,0.312387,0
101594,2022-04-29,10,0.43293,0
101594,2022-04-29,14,0.397066,0
101594,2022-04-29,30,0.334669,0
101594,2022-04-29,60,0.329067,0
101594,2022-04-29,91,0.305399,0
101594,2022-04-29,122,0.305792,0
101594,2022-04-29,152,0.310163,0
101594,2022-04-29,182,0.296729,0
101594,2022-04-29,273,0.266148,0
101594,2022-04-29,365,0.253604,0
101594,2022-04-29,547,0.272551,0
101594,2022-04-29,730,0.304961,0
101594,2022-04-29,1825,0.312738,0
101594,2022-05-02,10,0.488974,0
101594,2022-05-02,14,0.398199,0
101594,2022-05-02,30,0.341061,0
101594,2022-05-02,60,0.331865,0
101594,2022-05-02,91,0.300516,0
101594,2022-05-02,122,0.309384,0
101594,2022-05-02,152,0.307416,0
101594,2022-05-02,182,0.29661,0
101594,2022-05-02,273,0.266134,0
101594,2022-05-02,365,0.253104,0
101594,2022-05-02,547,0.268299,0
101594,2022-05-02,730,0.304698,0
101594,2022-05-02,1825,0.312858,0
101594,2022-05-03,10,0.453734,0
101594,2022-05-03,14,0.393039,0
101594,2022-05-03,30,0.336199,0
101594,2022-05-03,60,0.329935,0
101594,2022-05-03,91,0.301343,0
101594,2022-05-03,122,0.308101,0
101594,2022-05-03,152,0.30767,0
101594,2022-05-03,182,0.296743,0
101594,2022-05-03,273,0.265975,0
101594,2022-05-03,365,0.253149,0
101594,2022-05-03,547,0.268386,0
101594,2022-05-03,730,0.304448,0
101594,2022-05-03,1825,0.312873,0
101594,2022-05-04,10,0.482367,0
101594,2022-05-04,14,0.45399,0
101594,2022-05-04,30,0.357901,0
101594,2022-05-04,60,0.340829,0
101594,2022-05-04,91,0.312224,0
101594,2022-05-04,122,0.314469,0
101594,2022-05-04,152,0.313481,0
101594,2022-05-04,182,0.301774,0
101594,2022-05-04,273,0.269876,0
101594,2022-05-04,365,0.253503,0
101594,2022-05-04,547,0.270041,0
101594,2022-05-04,730,0.305541,0
101594,2022-05-04,1825,0.313285,0
101594,2022-05-05,10,0.588039,0
101594,2022-05-05,14,0.536309,0
101594,2022-05-05,30,0.400889,0
101594,2022-05-05,60,0.364606,0
101594,2022-05-05,91,0.330587,0
101594,2022-05-05,122,0.326038,0
101594,2022-05-05,152,0.324475,0
101594,2022-05-05,182,0.312793,0
101594,2022-05-05,273,0.278061,0
101594,2022-05-05,365,0.260111,0
101594,2022-05-05,547,0.272358,0
101594,2022-05-05,730,0.308223,0
101594,2022-05-05,1825,0.314254,0
101594,2022-05-06,10,0.548611,0
101594,2022-05-06,14,0.523388,0
101594,2022-05-06,30,0.39923,0
101594,2022-05-06,60,0.360304,0
101594,2022-05-06,91,0.330822,0
101594,2022-05-06,122,0.325653,0
101594,2022-05-06,152,0.323018,0
101594,2022-05-06,182,0.312822,0
101594,2022-05-06,273,0.278042,0
101594,2022-05-06,365,0.259867,0
101594,2022-05-06,547,0.270945,0
101594,2022-05-06,730,0.308169,0
101594,2022-05-06,1825,0.314133,0
101594,2022-05-09,10,0.548016,0
101594,2022-05-09,14,0.542135,0
101594,2022-05-09,30,0.421436,0
101594,2022-05-09,60,0.360761,0
101594,2022-05-09,91,0.337047,0
101594,2022-05-09,122,0.330302,0
101594,2022-05-09,152,0.321563,0
101594,2022-05-09,182,0.316441,0
101594,2022-05-09,273,0.280826,0
101594,2022-05-09,365,0.262103,0
101594,2022-05-09,547,0.272407,0
101594,2022-05-09,730,0.309021,0
101594,2022-05-09,1825,0.314542,0
101594,2022-05-10,10,0.517019,0
101594,2022-05-10,14,0.522229,0
101594,2022-05-10,30,0.41747,0
101594,2022-05-10,60,0.358213,0
101594,2022-05-10,91,0.336515,0
101594,2022-05-10,122,0.329694,0
101594,2022-05-10,152,0.322678,0
101594,2022-05-10,182,0.317227,0
101594,2022-05-10,273,0.281382,0
101594,2022-05-10,365,0.261169,0
101594,2022-05-10,547,0.272155,0
101594,2022-05-10,730,0.308888,0
101594,2022-05-10,1825,0.314595,0
101594,2022-05-11,10,0.556481,0
101594,2022-05-11,14,0.583664,0
101594,2022-05-11,30,0.444984,0
101594,2022-05-11,60,0.377081,0
101594,2022-05-11,91,0.351098,0
101594,2022-05-11,122,0.339726,0
101594,2022-05-11,152,0.329513,0
101594,2022-05-11,182,0.325026,0
101594,2022-05-11,273,0.288094,0
101594,2022-05-11,365,0.266558,0
101594,2022-05-11,547,0.275698,0
101594,2022-05-11,730,0.311123,0
101594,2022-05-11,1825,0.315483,0
101594,2022-05-12,10,0.559942,0
101594,2022-05-12,14,0.5163,0
101594,2022-05-12,30,0.446266,0
101594,2022-05-12,60,0.377843,0
101594,2022-05-12,91,0.351983,0
101594,2022-05-12,122,0.342506,0
101594,2022-05-12,152,0.330266,0
101594,2022-05-12,182,0.327314,0
101594,2022-05-12,273,0.288821,0
101594,2022-05-12,365,0.26676,0
101594,2022-05-12,547,0.275594,0
101594,2022-05-12,730,0.311645,0
101594,2022-05-12,1825,0.315613,0
101594,2022-05-13,10,0.602908,0
101594,2022-05-13,14,0.542721,0
101594,2022-05-13,30,0.459427,0
101594,2022-05-13,60,0.381017,0
101594,2022-05-13,91,0.356771,0
101594,2022-05-13,122,0.345871,0
101594,2022-05-13,152,0.332743,0
101594,2022-05-13,182,0.329761,0
101594,2022-05-13,273,0.291115,0
101594,2022-05-13,365,0.267983,0
101594,2022-05-13,547,0.276741,0
101594,2022-05-13,730,0.312229,0
101594,2022-05-13,1825,0.315779,0
101594,2022-05-16,10,0.505543,0
101594,2022-05-16,14,0.540736,0
101594,2022-05-16,30,0.451722,0
101594,2022-05-16,60,0.375469,0
101594,2022-05-16,91,0.357105,0
101594,2022-05-16,122,0.348782,0
101594,2022-05-16,152,0.33148,0
101594,2022-05-16,182,0.330104,0
101594,2022-05-16,273,0.290951,0
101594,2022-05-16,365,0.267546,0
101594,2022-05-16,547,0.276895,0
101594,2022-05-16,730,0.312595,0
101594,2022-05-16,1825,0.315674,0
101594,2022-05-17,10,0.514836,0
101594,2022-05-17,14,0.560173,0
101594,2022-05-17,30,0.453224,0
101594,2022-05-17,60,0.377327,0
101594,2022-05-17,91,0.357768,0
101594,2022-05-17,122,0.349851,0
101594,2022-05-17,152,0.328675,0
101594,2022-05-17,182,0.33192,0
101594,2022-05-17,273,0.292325,0
101594,2022-05-17,365,0.268481,0
101594,2022-05-17,547,0.277543,0
101594,2022-05-17,730,0.312738,0
101594,2022-05-17,1825,0.315794,0
101594,2022-05-18,10,0.55477,0
101594,2022-05-18,14,0.547949,0
101594,2022-05-18,30,0.487721,0
101594,2022-05-18,60,0.396979,0
101594,2022-05-18,91,0.374739,0
101594,2022-05-18,122,0.36104,0
101594,2022-05-18,152,0.34025,0
101594,2022-05-18,182,0.341129,0
101594,2022-05-18,273,0.298449,0
101594,2022-05-18,365,0.274558,0
101594,2022-05-18,547,0.281581,0
101594,2022-05-18,730,0.315154,0
101594,2022-05-18,1825,0.316902,0
101594,2022-05-19,10,0.545506,0
101594,2022-05-19,14,0.502299,0
101594,2022-05-19,30,0.485247,0
101594,2022-05-19,60,0.395618,0
101594,2022-05-19,91,0.375487,0
101594,2022-05-19,122,0.360981,0
101594,2022-05-19,152,0.340497,0
101594,2022-05-19,182,0.340346,0
101594,2022-05-19,273,0.2998,0
101594,2022-05-19,365,0.275725,0
101594,2022-05-19,547,0.282179,0
101594,2022-05-19,730,0.315656,0
101594,2022-05-19,1825,0.31699,0
101594,2022-05-20,10,0.523965,0
101594,2022-05-20,14,0.499574,0
101594,2022-05-20,30,0.485876,0
101594,2022-05-20,60,0.394666,0
101594,2022-05-20,91,0.375408,0
101594,2022-05-20,122,0.359932,0
101594,2022-05-20,152,0.338922,0
101594,2022-05-20,182,0.339404,0
101594,2022-05-20,273,0.299566,0
101594,2022-05-20,365,0.274971,0
101594,2022-05-20,547,0.282154,0
101594,2022-05-20,730,0.315396,0
101594,2022-05-20,1825,0.316864,0
101594,2022-05-23,10,0.557376,0
101594,2022-05-23,14,0.548438,0
101594,2022-05-23,30,0.51933,0
101594,2022-05-23,60,0.407565,0
101594,2022-05-23,91,0.381808,0
101594,2022-05-23,122,0.368968,0
101594,2022-05-23,152,0.345532,0
101594,2022-05-23,182,0.34421,0
101594,2022-05-23,273,0.302815,0
101594,2022-05-23,365,0.277286,0
101594,2022-05-23,547,0.283785,0
101594,2022-05-23,730,0.316783,0
101594,2022-05-23,1825,0.317564,0
101594,2022-05-24,10,0.516512,0
101594,2022-05-24,14,0.537257,0
101594,2022-05-24,30,0.508909,0
101594,2022-05-24,60,0.40857,0
101594,2022-05-24,91,0.382052,0
101594,2022-05-24,122,0.368063,0
101594,2022-05-24,152,0.346482,0
101594,2022-05-24,182,0.345173,0
101594,2022-05-24,273,0.303624,0
101594,2022-05-24,365,0.277706,0
101594,2022-05-24,547,0.283138,0
101594,2022-05-24,730,0.316803,0
101594,2022-05-24,1825,0.317694,0
101594,2022-05-25,10,0.480222,0
101594,2022-05-25,14,0.479899,0
101594,2022-05-25,30,0.507534,0
101594,2022-05-25,60,0.403865,0
101594,2022-05-25,91,0.37909,0
101594,2022-05-25,122,0.365923,0
101594,2022-05-25,152,0.34485,0
101594,2022-05-25,182,0.345131,0
101594,2022-05-25,273,0.303482,0
101594,2022-05-25,365,0.277699,0
101594,2022-05-25,547,0.282996,0
101594,2022-05-25,730,0.316489,0
101594,2022-05-25,1825,0.317692,0
101594,2022-05-26,10,0.504173,0
101594,2022-05-26,14,0.478414,0
101594,2022-05-26,30,0.504215,0
101594,2022-05-26,60,0.40478,0
101594,2022-05-26,91,0.380551,0
101594,2022-05-26,122,0.368286,0
101594,2022-05-26,152,0.345373,0
101594,2022-05-26,182,0.345426,0
101594,2022-05-26,273,0.304597,0
101594,2022-05-26,365,0.278605,0
101594,2022-05-26,547,0.283532,0
101594,2022-05-26,730,0.316812,0
101594,2022-05-26,1825,0.317716,0
101594,2022-05-27,10,0.538132,0
101594,2022-05-27,14,0.495293,0
101594,2022-05-27,30,0.525616,0
101594,2022-05-27,60,0.418313,0
101594,2022-05-27,91,0.388467,0
101594,2022-05-27,122,0.374554,0
101594,2022-05-27,152,0.349688,0
101594,2022-05-27,182,0.347321,0
101594,2022-05-27,273,0.307981,0
101594,2022-05-27,365,0.281063,0
101594,2022-05-27,547,0.284973,0
101594,2022-05-27,730,0.317982,0
101594,2022-05-27,1825,0.318065,0
101594,2022-05-31,10,0.391822,0
101594,2022-05-31,14,0.504277,0
101594,2022-05-31,30,0.497557,0
101594,2022-05-31,60,0.428654,0
101594,2022-05-31,91,0.391073,0
101594,2022-05-31,122,0.359758,0
101594,2022-05-31,152,0.352584,0
101594,2022-05-31,182,0.344397,0
101594,2022-05-31,273,0.306743,0
101594,2022-05-31,365,0.281063,0
101594,2022-05-31,547,0.284894,0
101594,2022-05-31,730,0.318328,0
101594,2022-05-31,1825,0.318315,0
101594,2022-06-01,10,0.367377,0
101594,2022-06-01,14,0.371092,0
101594,2022-06-01,30,0.497321,0
101594,2022-06-01,60,0.423329,0
101594,2022-06-01,91,0.388555,0
101594,2022-06-01,122,0.357612,0
101594,2022-06-01,152,0.352575,0
101594,2022-06-01,182,0.34438,0
101594,2022-06-01,273,0.306698,0
101594,2022-06-01,365,0.281047,0
101594,2022-06-01,547,0.28385,0
101594,2022-06-01,730,0.318237,0
101594,2022-06-01,1825,0.318258,0
101594,2022-06-02,10,0.315768,0
101594,2022-06-02,14,0.323896,0
101594,2022-06-02,30,0.500145,0
101594,2022-06-02,60,0.421142,0
101594,2022-06-02,91,0.390302,0
101594,2022-06-02,122,0.35586,0
101594,2022-06-02,152,0.352026,0
101594,2022-06-02,182,0.345183,0
101594,2022-06-02,273,0.30719,0
101594,2022-06-02,365,0.281444,0
101594,2022-06-02,547,0.28415,0
101594,2022-06-02,730,0.318415,0
101594,2022-06-02,1825,0.318207,0
101594,2022-06-03,10,0.399506,0
101594,2022-06-03,14,0.41862,0
101594,2022-06-03,30,0.490447,0
101594,2022-06-03,60,0.424656,0
101594,2022-06-03,91,0.396155,0
101594,2022-06-03,122,0.361711,0
101594,2022-06-03,152,0.355164,0
101594,2022-06-03,182,0.349183,0
101594,2022-06-03,273,0.31049,0
101594,2022-06-03,365,0.283982,0
101594,2022-06-03,547,0.286013,0
101594,2022-06-03,730,0.319688,0
101594,2022-06-03,1825,0.318595,0
101594,2022-06-06,10,0.333794,0
101594,2022-06-06,14,0.369377,0
101594,2022-06-06,30,0.465815,0
101594,2022-06-06,60,0.432717,0
101594,2022-06-06,91,0.393805,0
101594,2022-06-06,122,0.365049,0
101594,2022-06-06,152,0.353763,0
101594,2022-06-06,182,0.347859,0
101594,2022-06-06,273,0.309729,0
101594,2022-06-06,365,0.283435,0
101594,2022-06-06,547,0.285995,0
101594,2022-06-06,730,0.319375,0
101594,2022-06-06,1825,0.318807,0
101594,2022-06-07,10,0.331318,0
101594,2022-06-07,14,0.35214,0
101594,2022-06-07,30,0.45987,0
101594,2022-06-07,60,0.435526,0
101594,2022-06-07,91,0.394995,0
101594,2022-06-07,122,0.364397,0
101594,2022-06-07,152,0.354198,0
101594,2022-06-07,182,0.345086,0
101594,2022-06-07,273,0.309877,0
101594,2022-06-07,365,0.283931,0
101594,2022-06-07,547,0.286171,0
101594,2022-06-07,730,0.319266,0
101594,2022-06-07,1825,0.318887,0
101594,2022-06-08,10,0.30341,0
101594,2022-06-08,14,0.356565,0
101594,2022-06-08,30,0.445963,0
101594,2022-06-08,60,0.430069,0
101594,2022-06-08,91,0.3885,0
101594,2022-06-08,122,0.362266,0
101594,2022-06-08,152,0.354225,0
101594,2022-06-08,182,0.343466,0
101594,2022-06-08,273,0.309716,0
101594,2022-06-08,365,0.283926,0
101594,2022-06-08,547,0.286182,0
101594,2022-06-08,730,0.319278,0
101594,2022-06-08,1825,0.318378,0
101594,2022-06-09,10,0.34279,0
101594,2022-06-09,14,0.40237,0
101594,2022-06-09,30,0.457355,0
101594,2022-06-09,60,0.432531,0
101594,2022-06-09,91,0.39138,0
101594,2022-06-09,122,0.367182,0
101594,2022-06-09,152,0.356707,0
101594,2022-06-09,182,0.347097,0
101594,2022-06-09,273,0.312467,0
101594,2022-06-09,365,0.286338,0
101594,2022-06-09,547,0.287245,0
101594,2022-06-09,730,0.319687,0
101594,2022-06-09,1825,0.3187,0
101594,2022-06-10,10,0.390453,0
101594,2022-06-10,14,0.366147,0
101594,2022-06-10,30,0.440721,0
101594,2022-06-10,60,0.437946,0
101594,2022-06-10,91,0.396089,0
101594,2022-06-10,122,0.370956,0
101594,2022-06-10,152,0.359714,0
101594,2022-06-10,182,0.348671,0
101594,2022-06-10,273,0.313355,0
101594,2022-06-10,365,0.288968,0
101594,2022-06-10,547,0.288929,0
101594,2022-06-10,730,0.320493,0
101594,2022-06-10,1825,0.319088,0
101594,2022-06-13,10,0.40099,0
101594,2022-06-13,14,0.375308,0
101594,2022-06-13,30,0.443349,0
101594,2022-06-13,60,0.447498,0
101594,2022-06-13,91,0.399923,0
101594,2022-06-13,122,0.377225,0
101594,2022-06-13,152,0.366362,0
101594,2022-06-13,182,0.351595,0
101594,2022-06-13,273,0.316469,0
101594,2022-06-13,365,0.291472,0
101594,2022-06-13,547,0.290659,0
101594,2022-06-13,730,0.320049,0
101594,2022-06-13,1825,0.319594,0
101594,2022-06-14,10,0.390976,0
101594,2022-06-14,14,0.386502,0
101594,2022-06-14,30,0.434156,0
101594,2022-06-14,60,0.442913,0
101594,2022-06-14,91,0.395254,0
101594,2022-06-14,122,0.375313,0
101594,2022-06-14,152,0.365726,0
101594,2022-06-14,182,0.351724,0
101594,2022-06-14,273,0.316408,0
101594,2022-06-14,365,0.290542,0
101594,2022-06-14,547,0.290672,0
101594,2022-06-14,730,0.319758,0
101594,2022-06-14,1825,0.319588,0
101594,2022-06-15,10,0.406311,0
101594,2022-06-15,14,0.415406,0
101594,2022-06-15,30,0.441868,0
101594,2022-06-15,60,0.441819,0
101594,2022-06-15,91,0.392855,0
101594,2022-06-15,122,0.375122,0
101594,2022-06-15,152,0.3672,0
101594,2022-06-15,182,0.350481,0
101594,2022-06-15,273,0.317198,0
101594,2022-06-15,365,0.291139,0
101594,2022-06-15,547,0.288381,0
101594,2022-06-15,730,0.319938,0
101594,2022-06-15,1825,0.319627,0
101594,2022-06-16,10,0.429546,0
101594,2022-06-16,14,0.414183,0
101594,2022-06-16,30,0.446865,0
101594,2022-06-16,60,0.445024,0
101594,2022-06-16,91,0.399617,0
101594,2022-06-16,122,0.380678,0
101594,2022-06-16,152,0.370174,0
101594,2022-06-16,182,0.35057,0
101594,2022-06-16,273,0.320537,0
101594,2022-06-16,365,0.293927,0
101594,2022-06-16,547,0.290288,0
101594,2022-06-16,730,0.320772,0
101594,2022-06-16,1825,0.32004,0
101594,2022-06-17,10,0.414588,0
101594,2022-06-17,14,0.409356,0
101594,2022-06-17,30,0.409181,0
101594,2022-06-17,60,0.446825,0
101594,2022-06-17,91,0.397782,0
101594,2022-06-17,122,0.378846,0
101594,2022-06-17,152,0.369053,0
101594,2022-06-17,182,0.351052,0
101594,2022-06-17,273,0.320172,0
101594,2022-06-17,365,0.293884,0
101594,2022-06-17,547,0.290383,0
101594,2022-06-17,730,0.320856,0
101594,2022-06-17,1825,0.319947,0
101594,2022-06-21,10,0.489694,0
101594,2022-06-21,14,0.462291,0
101594,2022-06-21,30,0.429585,0
101594,2022-06-21,60,0.466849,0
101594,2022-06-21,91,0.403867,0
101594,2022-06-21,122,0.386779,0
101594,2022-06-21,152,0.374156,0
101594,2022-06-21,182,0.354497,0
101594,2022-06-21,273,0.322286,0
101594,2022-06-21,365,0.295721,0
101594,2022-06-21,547,0.291486,0
101594,2022-06-21,730,0.321908,0
101594,2022-06-21,1825,0.32036,0
101594,2022-06-22,10,0.44724,0
101594,2022-06-22,14,0.46275,0
101594,2022-06-22,30,0.402816,0
101594,2022-06-22,60,0.460978,0
101594,2022-06-22,91,0.403157,0
101594,2022-06-22,122,0.384449,0
101594,2022-06-22,152,0.373769,0
101594,2022-06-22,182,0.35365,0
101594,2022-06-22,273,0.321703,0
101594,2022-06-22,365,0.295481,0
101594,2022-06-22,547,0.290604,0
101594,2022-06-22,730,0.32144,0
101594,2022-06-22,1825,0.320364,0
101594,2022-06-23,10,0.377818,0
101594,2022-06-23,14,0.458949,0
101594,2022-06-23,30,0.406475,0
101594,2022-06-23,60,0.459639,0
101594,2022-06-23,91,0.402874,0
101594,2022-06-23,122,0.384354,0
101594,2022-06-23,152,0.37368,0
101594,2022-06-23,182,0.355134,0
101594,2022-06-23,273,0.322583,0
101594,2022-06-23,365,0.296238,0
101594,2022-06-23,547,0.291065,0
101594,2022-06-23,730,0.321447,0
101594,2022-06-23,1825,0.320365,0
101594,2022-06-24,10,0.392046,0
101594,2022-06-24,14,0.42417,0
101594,2022-06-24,30,0.416043,0
101594,2022-06-24,60,0.464058,0
101594,2022-06-24,91,0.406535,0
101594,2022-06-24,122,0.38603,0
101594,2022-06-24,152,0.374007,0
101594,2022-06-24,182,0.355644,0
101594,2022-06-24,273,0.323828,0
101594,2022-06-24,365,0.297204,0
101594,2022-06-24,547,0.291666,0
101594,2022-06-24,730,0.321599,0
101594,2022-06-24,1825,0.320404,0
101594,2022-06-27,10,0.251233,0
101594,2022-06-27,14,0.343079,0
101594,2022-06-27,30,0.388375,0
101594,2022-06-27,60,0.451737,0
101594,2022-06-27,91,0.406233,0
101594,2022-06-27,122,0.386184,0
101594,2022-06-27,152,0.377239,0
101594,2022-06-27,182,0.353929,0
101594,2022-06-27,273,0.323601,0
101594,2022-06-27,365,0.297193,0
101594,2022-06-27,547,0.291278,0
101594,2022-06-27,730,0.320996,0
101594,2022-06-27,1825,0.320522,0
101594,2022-06-28,10,0.368347,0
101594,2022-06-28,14,0.398536,0
101594,2022-06-28,30,0.390291,0
101594,2022-06-28,60,0.448673,0
101594,2022-06-28,91,0.407136,0
101594,2022-06-28,122,0.386997,0
101594,2022-06-28,152,0.379944,0
101594,2022-06-28,182,0.35617,0
101594,2022-06-28,273,0.324293,0
101594,2022-06-28,365,0.298499,0
101594,2022-06-28,547,0.290928,0
101594,2022-06-28,730,0.321435,0
101594,2022-06-28,1825,0.32075,0
101594,2022-06-29,10,0.337959,0
101594,2022-06-29,14,0.391326,0
101594,2022-06-29,30,0.385042,0
101594,2022-06-29,60,0.444875,0
101594,2022-06-29,91,0.408568,0
101594,2022-06-29,122,0.385563,0
101594,2022-06-29,152,0.36496,0
101594,2022-06-29,182,0.356793,0
101594,2022-06-29,273,0.324557,0
101594,2022-06-29,365,0.29856,0
101594,2022-06-29,547,0.290909,0
101594,2022-06-29,730,0.321175,0
101594,2022-06-29,1825,0.320794,0
101594,2022-06-30,10,0.345929,0
101594,2022-06-30,14,0.325499,0
101594,2022-06-30,30,0.388402,0
101594,2022-06-30,60,0.440991,0
101594,2022-06-30,91,0.408605,0
101594,2022-06-30,122,0.386517,0
101594,2022-06-30,152,0.364076,0
101594,2022-06-30,182,0.357475,0
101594,2022-06-30,273,0.325057,0
101594,2022-06-30,365,0.299085,0
101594,2022-06-30,547,0.291208,0
101594,2022-06-30,730,0.321414,0
101594,2022-06-30,1825,0.320782,0
101594,2022-07-01,10,0.309746,0
101594,2022-07-01,14,0.328994,0
101594,2022-07-01,30,0.39451,0
101594,2022-07-01,60,0.443375,0
101594,2022-07-01,91,0.410564,0
101594,2022-07-01,122,0.387422,0
101594,2022-07-01,152,0.363412,0
101594,2022-07-01,182,0.358394,0
101594,2022-07-01,273,0.325459,0
101594,2022-07-01,365,0.299506,0
101594,2022-07-01,547,0.291429,0
101594,2022-07-01,730,0.321588,0
101594,2022-07-01,1825,0.320724,0
101594,2022-07-05,10,0.31921,0
101594,2022-07-05,14,0.301812,0
101594,2022-07-05,30,0.383088,0
101594,2022-07-05,60,0.426414,0
101594,2022-07-05,91,0.411568,0
101594,2022-07-05,122,0.390738,0
101594,2022-07-05,152,0.366552,0
101594,2022-07-05,182,0.358711,0
101594,2022-07-05,273,0.325367,0
101594,2022-07-05,365,0.299464,0
101594,2022-07-05,547,0.291092,0
101594,2022-07-05,730,0.321836,0
101594,2022-07-05,1825,0.321032,0
101594,2022-07-06,10,0.297128,0
101594,2022-07-06,14,0.298383,0
101594,2022-07-06,30,0.384381,0
101594,2022-07-06,60,0.422035,0
101594,2022-07-06,91,0.411192,0
101594,2022-07-06,122,0.388866,0
101594,2022-07-06,152,0.366991,0
101594,2022-07-06,182,0.357259,0
101594,2022-07-06,273,0.325474,0
101594,2022-07-06,365,0.299261,0
101594,2022-07-06,547,0.291025,0
101594,2022-07-06,730,0.321388,0
101594,2022-07-06,1825,0.321029,0
101594,2022-07-07,10,0.325596,0
101594,2022-07-07,14,0.302449,0
101594,2022-07-07,30,0.389021,0
101594,2022-07-07,60,0.421723,0
101594,2022-07-07,91,0.414664,0
101594,2022-07-07,122,0.389288,0
101594,2022-07-07,152,0.36736,0
101594,2022-07-07,182,0.358393,0
101594,2022-07-07,273,0.326467,0
101594,2022-07-07,365,0.299671,0
101594,2022-07-07,547,0.290278,0
101594,2022-07-07,730,0.321781,0
101594,2022-07-07,1825,0.32106,0
101594,2022-07-08,10,0.218044,0
101594,2022-07-08,14,0.283051,0
101594,2022-07-08,30,0.389148,0
101594,2022-07-08,60,0.414049,0
101594,2022-07-08,91,0.414472,0
101594,2022-07-08,122,0.388951,0
101594,2022-07-08,152,0.365718,0
101594,2022-07-08,182,0.35848,0
101594,2022-07-08,273,0.326493,0
101594,2022-07-08,365,0.299561,0
101594,2022-07-08,547,0.289025,0
101594,2022-07-08,730,0.321411,0
101594,2022-07-08,1825,0.320936,0
101594,2022-07-11,10,0.237876,0
101594,2022-07-11,14,0.300311,0
101594,2022-07-11,30,0.346771,0
101594,2022-07-11,60,0.395788,0
101594,2022-07-11,91,0.412455,0
101594,2022-07-11,122,0.384509,0
101594,2022-07-11,152,0.368175,0
101594,2022-07-11,182,0.358999,0
101594,2022-07-11,273,0.326959,0
101594,2022-07-11,365,0.299656,0
101594,2022-07-11,547,0.289212,0
101594,2022-07-11,730,0.321916,0
101594,2022-07-11,1825,0.321263,0
101594,2022-07-12,10,0.213004,0
101594,2022-07-12,14,0.228519,0
101594,2022-07-12,30,0.337809,0
101594,2022-07-12,60,0.387868,0
101594,2022-07-12,91,0.411917,0
101594,2022-07-12,122,0.382387,0
101594,2022-07-12,152,0.366773,0
101594,2022-07-12,182,0.358261,0
101594,2022-07-12,273,0.326872,0
101594,2022-07-12,365,0.299702,0
101594,2022-07-12,547,0.288603,0
101594,2022-07-12,730,0.321624,0
101594,2022-07-12,1825,0.321223,0
101594,2022-07-13,10,0.204681,0
101594,2022-07-13,14,0.229683,0
101594,2022-07-13,30,0.300197,0
101594,2022-07-13,60,0.382908,0
101594,2022-07-13,91,0.410145,0
101594,2022-07-13,122,0.38009,0
101594,2022-07-13,152,0.365569,0
101594,2022-07-13,182,0.358218,0
101594,2022-07-13,273,0.326847,0
101594,2022-07-13,365,0.299611,0
101594,2022-07-13,547,0.288609,0
101594,2022-07-13,730,0.321609,0
101594,2022-07-13,1825,0.32121,0
101594,2022-07-14,10,0.20447,0
101594,2022-07-14,14,0.195593,0
101594,2022-07-14,30,0.3051,0
101594,2022-07-14,60,0.381509,0
101594,2022-07-14,91,0.408618,0
101594,2022-07-14,122,0.378999,0
101594,2022-07-14,152,0.365354,0
101594,2022-07-14,182,0.358639,0
101594,2022-07-14,273,0.326868,0
101594,2022-07-14,365,0.29935,0
101594,2022-07-14,547,0.288782,0
101594,2022-07-14,730,0.321715,0
101594,2022-07-14,1825,0.321196,0
101594,2022-07-15,10,0.194867,0
101594,2022-07-15,14,0.191959,0
101594,2022-07-15,30,0.301269,0
101594,2022-07-15,60,0.381448,0
101594,2022-07-15,91,0.406117,0
101594,2022-07-15,122,0.376044,0
101594,2022-07-15,152,0.364116,0
101594,2022-07-15,182,0.358976,0
101594,2022-07-15,273,0.327017,0
101594,2022-07-15,365,0.299531,0
101594,2022-07-15,547,0.288638,0
101594,2022-07-15,730,0.321773,0
101594,2022-07-15,1825,0.321101,0
101594,2022-07-18,10,0.250968,0
101594,2022-07-18,14,0.233858,0
101594,2022-07-18,30,0.274698,0
101594,2022-07-18,60,0.353181,0
101594,2022-07-18,91,0.407983,0
101594,2022-07-18,122,0.376622,0
101594,2022-07-18,152,0.366959,0
101594,2022-07-18,182,0.358622,0
101594,2022-07-18,273,0.32765,0
101594,2022-07-18,365,0.299925,0
101594,2022-07-18,547,0.288928,0
101594,2022-07-18,730,0.322318,0
101594,2022-07-18,1825,0.321496,0
101594,2022-07-19,10,0.278314,0
101594,2022-07-19,14,0.248441,0
101594,2022-07-19,30,0.277102,0
101594,2022-07-19,60,0.358682,0
101594,2022-07-19,91,0.410718,0
101594,2022-07-19,122,0.377413,0
101594,2022-07-19,152,0.368162,0
101594,2022-07-19,182,0.359842,0
101594,2022-07-19,273,0.328619,0
101594,2022-07-19,365,0.299816,0
101594,2022-07-19,547,0.289322,0
101594,2022-07-19,730,0.322502,0
101594,2022-07-19,1825,0.321685,0
101594,2022-07-20,10,0.263268,0
101594,2022-07-20,14,0.250538,0
101594,2022-07-20,30,0.27103,0
101594,2022-07-20,60,0.355135,0
101594,2022-07-20,91,0.411838,0
101594,2022-07-20,122,0.375961,0
101594,2022-07-20,152,0.368617,0
101594,2022-07-20,182,0.359228,0
101594,2022-07-20,273,0.328962,0
101594,2022-07-20,365,0.299025,0
101594,2022-07-20,547,0.289487,0
101594,2022-07-20,730,0.322314,0
101594,2022-07-20,1825,0.321731,0
101594,2022-07-21,10,0.233834,0
101594,2022-07-21,14,0.237566,0
101594,2022-07-21,30,0.257187,0
101594,2022-07-21,60,0.351996,0
101594,2022-07-21,91,0.413091,0
101594,2022-07-21,122,0.376615,0
101594,2022-07-21,152,0.36765,0
101594,2022-07-21,182,0.359634,0
101594,2022-07-21,273,0.329409,0
101594,2022-07-21,365,0.299341,0
101594,2022-07-21,547,0.288558,0
101594,2022-07-21,730,0.322297,0
101594,2022-07-21,1825,0.321662,0
101594,2022-07-22,10,0.252567,0
101594,2022-07-22,14,0.248005,0
101594,2022-07-22,30,0.259764,0
101594,2022-07-22,60,0.340582,0
101594,2022-07-22,91,0.409613,0
101594,2022-07-22,122,0.374962,0
101594,2022-07-22,152,0.36606,0
101594,2022-07-22,182,0.359366,0
101594,2022-07-22,273,0.32949,0
101594,2022-07-22,365,0.299313,0
101594,2022-07-22,547,0.28717,0
101594,2022-07-22,730,0.322358,0
101594,2022-07-22,1825,0.321562,0
101594,2022-07-25,10,0.284012,0
101594,2022-07-25,14,0.233996,0
101594,2022-07-25,30,0.254277,0
101594,2022-07-25,60,0.341625,0
101594,2022-07-25,91,0.409539,0
101594,2022-07-25,122,0.376914,0
101594,2022-07-25,152,0.364791,0
101594,2022-07-25,182,0.359448,0
101594,2022-07-25,273,0.329609,0
101594,2022-07-25,365,0.299178,0
101594,2022-07-25,547,0.286955,0
101594,2022-07-25,730,0.32096,0
101594,2022-07-25,1825,0.321797,0
101594,2022-07-26,10,0.268955,0
101594,2022-07-26,14,0.244403,0
101594,2022-07-26,30,0.251713,0
101594,2022-07-26,60,0.327516,0
101594,2022-07-26,91,0.402803,0
101594,2022-07-26,122,0.374822,0
101594,2022-07-26,152,0.364043,0
101594,2022-07-26,182,0.359306,0
101594,2022-07-26,273,0.329735,0
101594,2022-07-26,365,0.299301,0
101594,2022-07-26,547,0.286196,0
101594,2022-07-26,730,0.320718,0
101594,2022-07-26,1825,0.3217,0
101594,2022-07-27,10,0.30803,0
101594,2022-07-27,14,0.282462,0
101594,2022-07-27,30,0.272429,0
101594,2022-07-27,60,0.333938,0
101594,2022-07-27,91,0.408645,0
101594,2022-07-27,122,0.377556,0
101594,2022-07-27,152,0.367357,0
101594,2022-07-27,182,0.362546,0
101594,2022-07-27,273,0.332004,0
101594,2022-07-27,365,0.300789,0
101594,2022-07-27,547,0.287497,0
101594,2022-07-27,730,0.321157,0
101594,2022-07-27,1825,0.322008,0
101594,2022-07-28,10,0.259824,0
101594,2022-07-28,14,0.273583,0
101594,2022-07-28,30,0.240938,0
101594,2022-07-28,60,0.329791,0
101594,2022-07-28,91,0.398611,0
101594,2022-07-28,122,0.377491,0
101594,2022-07-28,152,0.36564,0
101594,2022-07-28,182,0.36256,0
101594,2022-07-28,273,0.330806,0
101594,2022-07-28,365,0.300542,0
101594,2022-07-28,547,0.287435,0
101594,2022-07-28,730,0.320921,0
101594,2022-07-28,1825,0.321882,0
101594,2022-07-29,10,0.276067,0
101594,2022-07-29,14,0.303903,0
101594,2022-07-29,30,0.256317,0
101594,2022-07-29,60,0.3345,0
101594,2022-07-29,91,0.39683,0
101594,2022-07-29,122,0.380352,0
101594,2022-07-29,152,0.36737,0
101594,2022-07-29,182,0.352547,0
101594,2022-07-29,273,0.33218,0
101594,2022-07-29,365,0.302205,0
101594,2022-07-29,547,0.28711,0
101594,2022-07-29,730,0.321429,0
101594,2022-07-29,1825,0.322054,0
101594,2022-08-01,10,0.316709,0
101594,2022-08-01,14,0.272289,0
101594,2022-08-01,30,0.248836,0
101594,2022-08-01,60,0.340931,0
101594,2022-08-01,91,0.397047,0
101594,2022-08-01,122,0.383838,0
101594,2022-08-01,152,0.369189,0
101594,2022-08-01,182,0.350646,0
101594,2022-08-01,273,0.332195,0
101594,2022-08-01,365,0.302275,0
101594,2022-08-01,547,0.285418,0
101594,2022-08-01,730,0.314018,0
101594,2022-08-01,1825,0.321666,0
101594,2022-08-02,10,0.306919,0
101594,2022-08-02,14,0.268818,0
101594,2022-08-02,30,0.249469,0
101594,2022-08-02,60,0.325613,0
101594,2022-08-02,91,0.397068,0
101594,2022-08-02,122,0.381772,0
101594,2022-08-02,152,0.369449,0
101594,2022-08-02,182,0.350864,0
101594,2022-08-02,273,0.332297,0
101594,2022-08-02,365,0.302421,0
101594,2022-08-02,547,0.285237,0
101594,2022-08-02,730,0.313789,0
101594,2022-08-02,1825,0.321662,0
101594,2022-08-03,10,0.336599,0
101594,2022-08-03,14,0.31179,0
101594,2022-08-03,30,0.264845,0
101594,2022-08-03,60,0.333109,0
101594,2022-08-03,91,0.395994,0
101594,2022-08-03,122,0.385294,0
101594,2022-08-03,152,0.372985,0
101594,2022-08-03,182,0.354877,0
101594,2022-08-03,273,0.334915,0
101594,2022-08-03,365,0.304453,0
101594,2022-08-03,547,0.286798,0
101594,2022-08-03,730,0.314401,0
101594,2022-08-03,1825,0.322068,0
101594,2022-08-04,10,0.328008,0
101594,2022-08-04,14,0.313056,0
101594,2022-08-04,30,0.264136,0
101594,2022-08-04,60,0.329266,0
101594,2022-08-04,91,0.378192,0
101594,2022-08-04,122,0.383001,0
101594,2022-08-04,152,0.371202,0
101594,2022-08-04,182,0.354104,0
101594,2022-08-04,273,0.334895,0
101594,2022-08-04,365,0.304445,0
101594,2022-08-04,547,0.286723,0
101594,2022-08-04,730,0.31438,0
101594,2022-08-04,1825,0.321943,0
101594,2022-08-05,10,0.314872,0
101594,2022-08-05,14,0.305954,0
101594,2022-08-05,30,0.265551,0
101594,2022-08-05,60,0.329407,0
101594,2022-08-05,91,0.37814,0
101594,2022-08-05,122,0.381662,0
101594,2022-08-05,152,0.369438,0
101594,2022-08-05,182,0.354102,0
101594,2022-08-05,273,0.334883,0
101594,2022-08-05,365,0.304451,0
101594,2022-08-05,547,0.286005,0
101594,2022-08-05,730,0.314378,0
101594,2022-08-05,1825,0.321817,0
101594,2022-08-08,10,0.275544,0
101594,2022-08-08,14,0.300705,0
101594,2022-08-08,30,0.266715,0
101594,2022-08-08,60,0.319813,0
101594,2022-08-08,91,0.371542,0
101594,2022-08-08,122,0.384489,0
101594,2022-08-08,152,0.366762,0
101594,2022-08-08,182,0.354077,0
101594,2022-08-08,273,0.334832,0
101594,2022-08-08,365,0.304424,0
101594,2022-08-08,547,0.286004,0
101594,2022-08-08,730,0.313355,0
101594,2022-08-08,1825,0.321994,0
101594,2022-08-09,10,0.251925,0
101594,2022-08-09,14,0.28994,0
101594,2022-08-09,30,0.260884,0
101594,2022-08-09,60,0.300205,0
101594,2022-08-09,91,0.37033,0
101594,2022-08-09,122,0.382139,0
101594,2022-08-09,152,0.364168,0
101594,2022-08-09,182,0.353077,0
101594,2022-08-09,273,0.334824,0
101594,2022-08-09,365,0.304423,0
101594,2022-08-09,547,0.286003,0
101594,2022-08-09,730,0.313043,0
101594,2022-08-09,1825,0.321646,0
101594,2022-08-10,10,0.268101,0
101594,2022-08-10,14,0.273185,0
101594,2022-08-10,30,0.25955,0
101594,2022-08-10,60,0.301056,0
101594,2022-08-10,91,0.356484,0
101594,2022-08-10,122,0.38253,0
101594,2022-08-10,152,0.364229,0
101594,2022-08-10,182,0.354838,0
101594,2022-08-10,273,0.335305,0
101594,2022-08-10,365,0.305451,0
101594,2022-08-10,547,0.28669,0
101594,2022-08-10,730,0.313397,0
101594,2022-08-10,1825,0.321786,0
101594,2022-08-11,10,0.265611,0
101594,2022-08-11,14,0.279527,0
101594,2022-08-11,30,0.262494,0
101594,2022-08-11,60,0.298292,0
101594,2022-08-11,91,0.351588,0
101594,2022-08-11,122,0.379931,0
101594,2022-08-11,152,0.362567,0
101594,2022-08-11,182,0.353283,0
101594,2022-08-11,273,0.335357,0
101594,2022-08-11,365,0.305491,0
101594,2022-08-11,547,0.286689,0
101594,2022-08-11,730,0.312648,0
101594,2022-08-11,1825,0.321668,0
101594,2022-08-12,10,0.2596,0
101594,2022-08-12,14,0.256026,0
101594,2022-08-12,30,0.26484,0
101594,2022-08-12,60,0.279621,0
101594,2022-08-12,91,0.348734,0
101594,2022-08-12,122,0.381178,0
101594,2022-08-12,152,0.3622,0
101594,2022-08-12,182,0.353371,0
101594,2022-08-12,273,0.335835,0
101594,2022-08-12,365,0.305533,0
101594,2022-08-12,547,0.287174,0
101594,2022-08-12,730,0.312167,0
101594,2022-08-12,1825,0.321665,0
101594,2022-08-15,10,0.204342,0
101594,2022-08-15,14,0.247095,0
101594,2022-08-15,30,0.267058,0
101594,2022-08-15,60,0.258198,0
101594,2022-08-15,91,0.347744,0
101594,2022-08-15,122,0.37878,0
101594,2022-08-15,152,0.357873,0
101594,2022-08-15,182,0.353474,0
101594,2022-08-15,273,0.335895,0
101594,2022-08-15,365,0.305586,0
101594,2022-08-15,547,0.28721,0
101594,2022-08-15,730,0.312275,0
101594,2022-08-15,1825,0.321832,0
101594,2022-08-16,10,0.193615,0
101594,2022-08-16,14,0.234716,0
101594,2022-08-16,30,0.261949,0
101594,2022-08-16,60,0.258746,0
101594,2022-08-16,91,0.344802,0
101594,2022-08-16,122,0.3765,0
101594,2022-08-16,152,0.357774,0
101594,2022-08-16,182,0.351985,0
101594,2022-08-16,273,0.335832,0
101594,2022-08-16,365,0.305317,0
101594,2022-08-16,547,0.286833,0
101594,2022-08-16,730,0.311967,0
101594,2022-08-16,1825,0.321701,0
101594,2022-08-17,10,0.179701,0
101594,2022-08-17,14,0.16823,0
101594,2022-08-17,30,0.243341,0
101594,2022-08-17,60,0.255533,0
101594,2022-08-17,91,0.32194,0
101594,2022-08-17,122,0.374517,0
101594,2022-08-17,152,0.356624,0
101594,2022-08-17,182,0.352196,0
101594,2022-08-17,273,0.335469,0
101594,2022-08-17,365,0.305351,0
101594,2022-08-17,547,0.286574,0
101594,2022-08-17,730,0.312008,0
101594,2022-08-17,1825,0.321715,0
101594,2022-08-18,10,0.178542,0
101594,2022-08-18,14,0.168667,0
101594,2022-08-18,30,0.236399,0
101594,2022-08-18,60,0.253407,0
101594,2022-08-18,91,0.316873,0
101594,2022-08-18,122,0.374536,0
101594,2022-08-18,152,0.354934,0
101594,2022-08-18,182,0.350854,0
101594,2022-08-18,273,0.333954,0
101594,2022-08-18,365,0.304209,0
101594,2022-08-18,547,0.286184,0
101594,2022-08-18,730,0.311971,0
101594,2022-08-18,1825,0.321591,0
101594,2022-08-19,10,0.216276,0
101594,2022-08-19,14,0.195578,0
101594,2022-08-19,30,0.246078,0
101594,2022-08-19,60,0.255937,0
101594,2022-08-19,91,0.319176,0
101594,2022-08-19,122,0.374792,0
101594,2022-08-19,152,0.354081,0
101594,2022-08-19,182,0.351277,0
101594,2022-08-19,273,0.333909,0
101594,2022-08-19,365,0.304622,0
101594,2022-08-19,547,0.286378,0
101594,2022-08-19,730,0.312178,0
101594,2022-08-19,1825,0.321547,0
101594,2022-08-22,10,0.198053,0
101594,2022-08-22,14,0.237134,0
101594,2022-08-22,30,0.264619,0
101594,2022-08-22,60,0.259513,0
101594,2022-08-22,91,0.315141,0
101594,2022-08-22,122,0.378172,0
101594,2022-08-22,152,0.3575,0
101594,2022-08-22,182,0.351446,0
101594,2022-08-22,273,0.335024,0
101594,2022-08-22,365,0.30541,0
101594,2022-08-22,547,0.287049,0
101594,2022-08-22,730,0.310612,0
101594,2022-08-22,1825,0.321917,0
101594,2022-08-23,10,0.181377,0
101594,2022-08-23,14,0.237787,0
101594,2022-08-23,30,0.259063,0
101594,2022-08-23,60,0.255211,0
101594,2022-08-23,91,0.312069,0
101594,2022-08-23,122,0.375912,0
101594,2022-08-23,152,0.355749,0
101594,2022-08-23,182,0.350522,0
101594,2022-08-23,273,0.335024,0
101594,2022-08-23,365,0.305265,0
101594,2022-08-23,547,0.285941,0
101594,2022-08-23,730,0.310309,0
101594,2022-08-23,1825,0.321911,0
101594,2022-08-24,10,0.171149,0
101594,2022-08-24,14,0.195358,0
101594,2022-08-24,30,0.256139,0
101594,2022-08-24,60,0.252142,0
101594,2022-08-24,91,0.312057,0
101594,2022-08-24,122,0.373675,0
101594,2022-08-24,152,0.355707,0
101594,2022-08-24,182,0.348506,0
101594,2022-08-24,273,0.33501,0
101594,2022-08-24,365,0.305266,0
101594,2022-08-24,547,0.285938,0
101594,2022-08-24,730,0.310207,0
101594,2022-08-24,1825,0.321909,0
101594,2022-08-25,10,0.193621,0
101594,2022-08-25,14,0.209315,0
101594,2022-08-25,30,0.254172,0
101594,2022-08-25,60,0.250487,0
101594,2022-08-25,91,0.310323,0
101594,2022-08-25,122,0.374342,0
101594,2022-08-25,152,0.354774,0
101594,2022-08-25,182,0.348353,0
101594,2022-08-25,273,0.334541,0
101594,2022-08-25,365,0.30547,0
101594,2022-08-25,547,0.286139,0
101594,2022-08-25,730,0.310307,0
101594,2022-08-25,1825,0.321838,0
101594,2022-08-26,10,0.27942,0
101594,2022-08-26,14,0.256243,0
101594,2022-08-26,30,0.273905,0
101594,2022-08-26,60,0.27087,0
101594,2022-08-26,91,0.311713,0
101594,2022-08-26,122,0.374462,0
101594,2022-08-26,152,0.357959,0
101594,2022-08-26,182,0.352175,0
101594,2022-08-26,273,0.335434,0
101594,2022-08-26,365,0.30789,0
101594,2022-08-26,547,0.286405,0
101594,2022-08-26,730,0.311399,0
101594,2022-08-26,1825,0.322198,0
101594,2022-08-29,10,0.302652,0
101594,2022-08-29,14,0.251092,0
101594,2022-08-29,30,0.262645,0
101594,2022-08-29,60,0.261036,0
101594,2022-08-29,91,0.310689,0
101594,2022-08-29,122,0.36606,0
101594,2022-08-29,152,0.360446,0
101594,2022-08-29,182,0.352702,0
101594,2022-08-29,273,0.334897,0
101594,2022-08-29,365,0.308143,0
101594,2022-08-29,547,0.28665,0
101594,2022-08-29,730,0.311743,0
101594,2022-08-29,1825,0.32248,0
101594,2022-08-30,10,0.278084,0
101594,2022-08-30,14,0.251716,0
101594,2022-08-30,30,0.261399,0
101594,2022-08-30,60,0.263596,0
101594,2022-08-30,91,0.312204,0
101594,2022-08-30,122,0.364868,0
101594,2022-08-30,152,0.360177,0
101594,2022-08-30,182,0.352987,0
101594,2022-08-30,273,0.333415,0
101594,2022-08-30,365,0.307105,0
101594,2022-08-30,547,0.283822,0
101594,2022-08-30,730,0.311638,0
101594,2022-08-30,1825,0.322563,0
101594,2022-08-31,10,0.257458,0
101594,2022-08-31,14,0.232584,0
101594,2022-08-31,30,0.262924,0
101594,2022-08-31,60,0.262612,0
101594,2022-08-31,91,0.313067,0
101594,2022-08-31,122,0.363168,0
101594,2022-08-31,152,0.360499,0
101594,2022-08-31,182,0.352071,0
101594,2022-08-31,273,0.333619,0
101594,2022-08-31,365,0.307176,0
101594,2022-08-31,547,0.283417,0
101594,2022-08-31,730,0.310867,0
101594,2022-08-31,1825,0.322606,0
101594,2022-09-01,10,0.256794,0
101594,2022-09-01,14,0.241913,0
101594,2022-09-01,30,0.261978,0
101594,2022-09-01,60,0.2595,0
101594,2022-09-01,91,0.311528,0
101594,2022-09-01,122,0.363243,0
101594,2022-09-01,152,0.358869,0
101594,2022-09-01,182,0.352138,0
101594,2022-09-01,273,0.333596,0
101594,2022-09-01,365,0.307179,0
101594,2022-09-01,547,0.282675,0
101594,2022-09-01,730,0.309674,0
101594,2022-09-01,1825,0.322482,0
101594,2022-09-02,10,0.256395,0
101594,2022-09-02,14,0.241074,0
101594,2022-09-02,30,0.227827,0
101594,2022-09-02,60,0.259568,0
101594,2022-09-02,91,0.302223,0
101594,2022-09-02,122,0.363619,0
101594,2022-09-02,152,0.3577,0
101594,2022-09-02,182,0.351698,0
101594,2022-09-02,273,0.333693,0
101594,2022-09-02,365,0.307404,0
101594,2022-09-02,547,0.282593,0
101594,2022-09-02,730,0.309467,0
101594,2022-09-02,1825,0.322422,0
101594,2022-09-06,10,0.117864,0
101594,2022-09-06,14,0.239856,0
101594,2022-09-06,30,0.23408,0
101594,2022-09-06,60,0.260597,0
101594,2022-09-06,91,0.303268,0
101594,2022-09-06,122,0.347169,0
101594,2022-09-06,152,0.358847,0
101594,2022-09-06,182,0.351286,0
101594,2022-09-06,273,0.331245,0
101594,2022-09-06,365,0.307488,0
101594,2022-09-06,547,0.280722,0
101594,2022-09-06,730,0.304083,0
101594,2022-09-06,1825,0.322642,0
101594,2022-09-07,10,0.155616,0
101594,2022-09-07,14,0.253005,0
101594,2022-09-07,30,0.238017,0
101594,2022-09-07,60,0.258138,0
101594,2022-09-07,91,0.303524,0
101594,2022-09-07,122,0.345456,0
101594,2022-09-07,152,0.358779,0
101594,2022-09-07,182,0.348061,0
101594,2022-09-07,273,0.330349,0
101594,2022-09-07,365,0.307241,0
101594,2022-09-07,547,0.278985,0
101594,2022-09-07,730,0.303843,0
101594,2022-09-07,1825,0.322566,0
101594,2022-09-08,10,0.149757,0
101594,2022-09-08,14,0.213737,0
101594,2022-09-08,30,0.238963,0
101594,2022-09-08,60,0.256458,0
101594,2022-09-08,91,0.294501,0
101594,2022-09-08,122,0.340816,0
101594,2022-09-08,152,0.357299,0
101594,2022-09-08,182,0.346137,0
101594,2022-09-08,273,0.330505,0
101594,2022-09-08,365,0.307226,0
101594,2022-09-08,547,0.278997,0
101594,2022-09-08,730,0.299834,0
101594,2022-09-08,1825,0.322474,0
101594,2022-09-09,10,0.194993,0
101594,2022-09-09,14,0.192649,0
101594,2022-09-09,30,0.229067,0
101594,2022-09-09,60,0.256718,0
101594,2022-09-09,91,0.284442,0
101594,2022-09-09,122,0.341224,0
101594,2022-09-09,152,0.356866,0
101594,2022-09-09,182,0.345443,0
101594,2022-09-09,273,0.32963,0
101594,2022-09-09,365,0.307716,0
101594,2022-09-09,547,0.27909,0
101594,2022-09-09,730,0.298867,0
101594,2022-09-09,1825,0.322442,0
101594,2022-09-12,10,0.314139,0
101594,2022-09-12,14,0.284345,0
101594,2022-09-12,30,0.263657,0
101594,2022-09-12,60,0.273589,0
101594,2022-09-12,91,0.280523,0
101594,2022-09-12,122,0.330355,0
101594,2022-09-12,152,0.361731,0
101594,2022-09-12,182,0.347347,0
101594,2022-09-12,273,0.331786,0
101594,2022-09-12,365,0.308138,0
101594,2022-09-12,547,0.280642,0
101594,2022-09-12,730,0.299193,0
101594,2022-09-12,1825,0.322996,0
101594,2022-09-13,10,0.533733,0
101594,2022-09-13,14,0.430611,0
101594,2022-09-13,30,0.32596,0
101594,2022-09-13,60,0.313735,0
101594,2022-09-13,91,0.308623,0
101594,2022-09-13,122,0.345527,0
101594,2022-09-13,152,0.370832,0
101594,2022-09-13,182,0.355611,0
101594,2022-09-13,273,0.338934,0
101594,2022-09-13,365,0.314069,0
101594,2022-09-13,547,0.284419,0
101594,2022-09-13,730,0.302017,0
101594,2022-09-13,1825,0.324144,0
101594,2022-09-14,10,0.492201,0
101594,2022-09-14,14,0.433395,0
101594,2022-09-14,30,0.327584,0
101594,2022-09-14,60,0.310649,0
101594,2022-09-14,91,0.306892,0
101594,2022-09-14,122,0.343789,0
101594,2022-09-14,152,0.369367,0
101594,2022-09-14,182,0.353512,0
101594,2022-09-14,273,0.337481,0
101594,2022-09-14,365,0.314055,0
101594,2022-09-14,547,0.284341,0
101594,2022-09-14,730,0.30139,0
101594,2022-09-14,1825,0.324141,0
101594,2022-09-15,10,0.46756,0
101594,2022-09-15,14,0.441158,0
101594,2022-09-15,30,0.330645,0
101594,2022-09-15,60,0.310703,0
101594,2022-09-15,91,0.297499,0
101594,2022-09-15,122,0.344937,0
101594,2022-09-15,152,0.368707,0
101594,2022-09-15,182,0.354399,0
101594,2022-09-15,273,0.335043,0
101594,2022-09-15,365,0.314592,0
101594,2022-09-15,547,0.284738,0
101594,2022-09-15,730,0.301712,0
101594,2022-09-15,1825,0.324138,0
101594,2022-09-16,10,0.468981,0
101594,2022-09-16,14,0.439525,0
101594,2022-09-16,30,0.326561,0
101594,2022-09-16,60,0.307567,0
101594,2022-09-16,91,0.298176,0
101594,2022-09-16,122,0.342802,0
101594,2022-09-16,152,0.367289,0
101594,2022-09-16,182,0.353421,0
101594,2022-09-16,273,0.33519,0
101594,2022-09-16,365,0.314784,0
101594,2022-09-16,547,0.283449,0
101594,2022-09-16,730,0.301048,0
101594,2022-09-16,1825,0.324055,0
101594,2022-09-19,10,0.559816,0
101594,2022-09-19,14,0.438356,0
101594,2022-09-19,30,0.351605,0
101594,2022-09-19,60,0.310417,0
101594,2022-09-19,91,0.299183,0
101594,2022-09-19,122,0.33071,0
101594,2022-09-19,152,0.372267,0
101594,2022-09-19,182,0.355029,0
101594,2022-09-19,273,0.33637,0
101594,2022-09-19,365,0.315194,0
101594,2022-09-19,547,0.284103,0
101594,2022-09-19,730,0.300693,0
101594,2022-09-19,1825,0.324362,0
101594,2022-09-20,10,0.523126,0
101594,2022-09-20,14,0.443365,0
101594,2022-09-20,30,0.350178,0
101594,2022-09-20,60,0.312102,0
101594,2022-09-20,91,0.294279,0
101594,2022-09-20,122,0.329606,0
101594,2022-09-20,152,0.373068,0
101594,2022-09-20,182,0.354491,0
101594,2022-09-20,273,0.33613,0
101594,2022-09-20,365,0.314798,0
101594,2022-09-20,547,0.283488,0
101594,2022-09-20,730,0.300576,0
101594,2022-09-20,1825,0.32432,0
101594,2022-09-21,10,0.49722,0
101594,2022-09-21,14,0.453871,0
101594,2022-09-21,30,0.348374,0
101594,2022-09-21,60,0.312514,0
101594,2022-09-21,91,0.297554,0
101594,2022-09-21,122,0.329838,0
101594,2022-09-21,152,0.371855,0
101594,2022-09-21,182,0.355388,0
101594,2022-09-21,273,0.336423,0
101594,2022-09-21,365,0.315474,0
101594,2022-09-21,547,0.283946,0
101594,2022-09-21,730,0.300243,0
101594,2022-09-21,1825,0.324428,0
101594,2022-09-22,10,0.423306,0
101594,2022-09-22,14,0.452508,0
101594,2022-09-22,30,0.348374,0
101594,2022-09-22,60,0.309157,0
101594,2022-09-22,91,0.295405,0
101594,2022-09-22,122,0.323288,0
101594,2022-09-22,152,0.370177,0
101594,2022-09-22,182,0.353914,0
101594,2022-09-22,273,0.33645,0
101594,2022-09-22,365,0.315111,0
101594,2022-09-22,547,0.283493,0
101594,2022-09-22,730,0.300099,0
101594,2022-09-22,1825,0.324316,0
101594,2022-09-23,10,0.272461,0
101594,2022-09-23,14,0.442908,0
101594,2022-09-23,30,0.349605,0
101594,2022-09-23,60,0.310831,0
101594,2022-09-23,91,0.293661,0
101594,2022-09-23,122,0.322578,0
101594,2022-09-23,152,0.369109,0
101594,2022-09-23,182,0.354421,0
101594,2022-09-23,273,0.335969,0
101594,2022-09-23,365,0.315421,0
101594,2022-09-23,547,0.283775,0
101594,2022-09-23,730,0.298726,0
101594,2022-09-23,1825,0.32427,0
101594,2022-09-26,10,0.279753,0
101594,2022-09-26,14,0.379246,0
101594,2022-09-26,30,0.330323,0
101594,2022-09-26,60,0.305837,0
101594,2022-09-26,91,0.293665,0
101594,2022-09-26,122,0.316573,0
101594,2022-09-26,152,0.367868,0
101594,2022-09-26,182,0.354345,0
101594,2022-09-26,273,0.33487,0
101594,2022-09-26,365,0.315428,0
101594,2022-09-26,547,0.283754,0
101594,2022-09-26,730,0.297848,0
101594,2022-09-26,1825,0.324408,0
101594,2022-09-27,10,0.258309,0
101594,2022-09-27,14,0.245601,0
101594,2022-09-27,30,0.324059,0
101594,2022-09-27,60,0.29465,0
101594,2022-09-27,91,0.286891,0
101594,2022-09-27,122,0.314836,0
101594,2022-09-27,152,0.361337,0
101594,2022-09-27,182,0.353347,0
101594,2022-09-27,273,0.334934,0
101594,2022-09-27,365,0.315308,0
101594,2022-09-27,547,0.283795,0
101594,2022-09-27,730,0.297581,0
101594,2022-09-27,1825,0.324401,0
101594,2022-09-28,10,0.251263,0
101594,2022-09-28,14,0.243405,0
101594,2022-09-28,30,0.323662,0
101594,2022-09-28,60,0.292301,0
101594,2022-09-28,91,0.287359,0
101594,2022-09-28,122,0.313733,0
101594,2022-09-28,152,0.357251,0
101594,2022-09-28,182,0.353639,0
101594,2022-09-28,273,0.335211,0
101594,2022-09-28,365,0.314634,0
101594,2022-09-28,547,0.283807,0
101594,2022-09-28,730,0.297285,0
101594,2022-09-28,1825,0.324455,0
101594,2022-09-29,10,0.321069,0
101594,2022-09-29,14,0.333224,0
101594,2022-09-29,30,0.360388,0
101594,2022-09-29,60,0.311724,0
101594,2022-09-29,91,0.302959,0
101594,2022-09-29,122,0.323708,0
101594,2022-09-29,152,0.363838,0
101594,2022-09-29,182,0.359678,0
101594,2022-09-29,273,0.340004,0
101594,2022-09-29,365,0.318612,0
101594,2022-09-29,547,0.286459,0
101594,2022-09-29,730,0.299403,0
101594,2022-09-29,1825,0.325143,0
101594,2022-09-30,10,0.29125,0
101594,2022-09-30,14,0.353979,0
101594,2022-09-30,30,0.370581,0
101594,2022-09-30,60,0.318683,0
101594,2022-09-30,91,0.307631,0
101594,2022-09-30,122,0.327696,0
101594,2022-09-30,152,0.364959,0
101594,2022-09-30,182,0.36201,0
101594,2022-09-30,273,0.341686,0
101594,2022-09-30,365,0.319936,0
101594,2022-09-30,547,0.28752,0
101594,2022-09-30,730,0.300025,0
101594,2022-09-30,1825,0.325321,0
101594,2022-10-03,10,0.454539,0
101594,2022-10-03,14,0.369315,0
101594,2022-10-03,30,0.398892,0
101594,2022-10-03,60,0.320915,0
101594,2022-10-03,91,0.311065,0
101594,2022-10-03,122,0.32771,0
101594,2022-10-03,152,0.36564,0
101594,2022-10-03,182,0.363114,0
101594,2022-10-03,273,0.34232,0
101594,2022-10-03,365,0.321271,0
101594,2022-10-03,547,0.288176,0
101594,2022-10-03,730,0.300092,0
101594,2022-10-03,1825,0.325819,0
101594,2022-10-04,10,0.463395,0
101594,2022-10-04,14,0.389506,0
101594,2022-10-04,30,0.402247,0
101594,2022-10-04,60,0.328834,0
101594,2022-10-04,91,0.312875,0
101594,2022-10-04,122,0.328718,0
101594,2022-10-04,152,0.357269,0
101594,2022-10-04,182,0.364278,0
101594,2022-10-04,273,0.343434,0
101594,2022-10-04,365,0.321283,0
101594,2022-10-04,547,0.288287,0
101594,2022-10-04,730,0.300307,0
101594,2022-10-04,1825,0.32596,0
101594,2022-10-05,10,0.43044,0
101594,2022-10-05,14,0.384277,0
101594,2022-10-05,30,0.392935,0
101594,2022-10-05,60,0.325036,0
101594,2022-10-05,91,0.312361,0
101594,2022-10-05,122,0.326773,0
101594,2022-10-05,152,0.357196,0
101594,2022-10-05,182,0.363476,0
101594,2022-10-05,273,0.342128,0
101594,2022-10-05,365,0.320988,0
101594,2022-10-05,547,0.288285,0
101594,2022-10-05,730,0.299566,0
101594,2022-10-05,1825,0.32596,0
101594,2022-10-06,10,0.42913,0
101594,2022-10-06,14,0.384307,0
101594,2022-10-06,30,0.392707,0
101594,2022-10-06,60,0.321271,0
101594,2022-10-06,91,0.309088,0
101594,2022-10-06,122,0.326854,0
101594,2022-10-06,152,0.355594,0
101594,2022-10-06,182,0.36353,0
101594,2022-10-06,273,0.341692,0
101594,2022-10-06,365,0.321001,0
101594,2022-10-06,547,0.288149,0
101594,2022-10-06,730,0.298876,0
101594,2022-10-06,1825,0.325848,0
101594,2022-10-07,10,0.458293,0
101594,2022-10-07,14,0.415824,0
101594,2022-10-07,30,0.40709,0
101594,2022-10-07,60,0.331903,0
101594,2022-10-07,91,0.317661,0
101594,2022-10-07,122,0.331663,0
101594,2022-10-07,152,0.358387,0
101594,2022-10-07,182,0.366823,0
101594,2022-10-07,273,0.344293,0
101594,2022-10-07,365,0.323059,0
101594,2022-10-07,547,0.289383,0
101594,2022-10-07,730,0.299853,0
101594,2022-10-07,1825,0.326174,0
101594,2022-10-10,10,0.386807,0
101594,2022-10-10,14,0.415885,0
101594,2022-10-10,30,0.409042,0
101594,2022-10-10,60,0.331886,0
101594,2022-10-10,91,0.316431,0
101594,2022-10-10,122,0.322229,0
101594,2022-10-10,152,0.347657,0
101594,2022-10-10,182,0.365205,0
101594,2022-10-10,273,0.344313,0
101594,2022-10-10,365,0.323057,0
101594,2022-10-10,547,0.288936,0
101594,2022-10-10,730,0.299915,0
101594,2022-10-10,1825,0.326429,0
101594,2022-10-11,10,0.36157,0
101594,2022-10-11,14,0.408936,0
101594,2022-10-11,30,0.399526,0
101594,2022-10-11,60,0.325683,0
101594,2022-10-11,91,0.31668,0
101594,2022-10-11,122,0.320809,0
101594,2022-10-11,152,0.345446,0
101594,2022-10-11,182,0.364967,0
101594,2022-10-11,273,0.343859,0
101594,2022-10-11,365,0.323219,0
101594,2022-10-11,547,0.288854,0
101594,2022-10-11,730,0.299713,0
101594,2022-10-11,1825,0.326462,0
101594,2022-10-12,10,0.336128,0
101594,2022-10-12,14,0.408779,0
101594,2022-10-12,30,0.368802,0
101594,2022-10-12,60,0.32169,0
101594,2022-10-12,91,0.316754,0
101594,2022-10-12,122,0.319,0
101594,2022-10-12,152,0.341905,0
101594,2022-10-12,182,0.364113,0
101594,2022-10-12,273,0.343853,0
101594,2022-10-12,365,0.323124,0
101594,2022-10-12,547,0.288221,0
101594,2022-10-12,730,0.296577,0
101594,2022-10-12,1825,0.326464,0
101594,2022-10-13,10,0.345315,0
101594,2022-10-13,14,0.380122,0
101594,2022-10-13,30,0.342759,0
101594,2022-10-13,60,0.331058,0
101594,2022-10-13,91,0.321137,0
101594,2022-10-13,122,0.316596,0
101594,2022-10-13,152,0.344225,0
101594,2022-10-13,182,0.365067,0
101594,2022-10-13,273,0.345494,0
101594,2022-10-13,365,0.324789,0
101594,2022-10-13,547,0.289089,0
101594,2022-10-13,730,0.29686,0
101594,2022-10-13,1825,0.326648,0
101594,2022-10-14,10,0.348802,0
101594,2022-10-14,14,0.385419,0
101594,2022-10-14,30,0.353464,0
101594,2022-10-14,60,0.337001,0
101594,2022-10-14,91,0.326473,0
101594,2022-10-14,122,0.321709,0
101594,2022-10-14,152,0.34623,0
101594,2022-10-14,182,0.366346,0
101594,2022-10-14,273,0.347375,0
101594,2022-10-14,365,0.325823,0
101594,2022-10-14,547,0.289949,0
101594,2022-10-14,730,0.297782,0
101594,2022-10-14,1825,0.326869,0
101594,2022-10-17,10,0.39394,0
101594,2022-10-17,14,0.382019,0
101594,2022-10-17,30,0.375691,0
101594,2022-10-17,60,0.35366,0
101594,2022-10-17,91,0.32937,0
101594,2022-10-17,122,0.318945,0
101594,2022-10-17,152,0.337969,0
101594,2022-10-17,182,0.36881,0
101594,2022-10-17,273,0.348164,0
101594,2022-10-17,365,0.32701,0
101594,2022-10-17,547,0.290878,0
101594,2022-10-17,730,0.298565,0
101594,2022-10-17,1825,0.327262,0
101594,2022-10-18,10,0.361808,0
101594,2022-10-18,14,0.360188,0
101594,2022-10-18,30,0.368902,0
101594,2022-10-18,60,0.354395,0
101594,2022-10-18,91,0.325531,0
101594,2022-10-18,122,0.317351,0
101594,2022-10-18,152,0.335956,0
101594,2022-10-18,182,0.368483,0
101594,2022-10-18,273,0.347734,0
101594,2022-10-18,365,0.326933,0
101594,2022-10-18,547,0.290947,0
101594,2022-10-18,730,0.298336,0
101594,2022-10-18,1825,0.327091,0
101594,2022-10-19,10,0.33537,0
101594,2022-10-19,14,0.359879,0
101594,2022-10-19,30,0.356623,0
101594,2022-10-19,60,0.350267,0
101594,2022-10-19,91,0.324294,0
101594,2022-10-19,122,0.315457,0
101594,2022-10-19,152,0.33595,0
101594,2022-10-19,182,0.368493,0
101594,2022-10-19,273,0.346932,0
101594,2022-10-19,365,0.326586,0
101594,2022-10-19,547,0.29075,0
101594,2022-10-19,730,0.297755,0
101594,2022-10-19,1825,0.327091,0
101594,2022-10-20,10,0.337433,0
101594,2022-10-20,14,0.35899,0
101594,2022-10-20,30,0.350362,0
101594,2022-10-20,60,0.346079,0
101594,2022-10-20,91,0.322727,0
101594,2022-10-20,122,0.313684,0
101594,2022-10-20,152,0.334381,0
101594,2022-10-20,182,0.368468,0
101594,2022-10-20,273,0.346764,0
101594,2022-10-20,365,0.326583,0
101594,2022-10-20,547,0.290756,0
101594,2022-10-20,730,0.297631,0
101594,2022-10-20,1825,0.326967,0
101594,2022-10-21,10,0.350093,0
101594,2022-10-21,14,0.321266,0
101594,2022-10-21,30,0.360135,0
101594,2022-10-21,60,0.35063,0
101594,2022-10-21,91,0.327118,0
101594,2022-10-21,122,0.31219,0
101594,2022-10-21,152,0.335245,0
101594,2022-10-21,182,0.368523,0
101594,2022-10-21,273,0.347912,0
101594,2022-10-21,365,0.32768,0
101594,2022-10-21,547,0.291391,0
101594,2022-10-21,730,0.298181,0
101594,2022-10-21,1825,0.327038,0
101594,2022-10-24,10,0.208768,0
101594,2022-10-24,14,0.324379,0
101594,2022-10-24,30,0.369442,0
101594,2022-10-24,60,0.359035,0
101594,2022-10-24,91,0.328238,0
101594,2022-10-24,122,0.312067,0
101594,2022-10-24,152,0.332277,0
101594,2022-10-24,182,0.36902,0
101594,2022-10-24,273,0.348316,0
101594,2022-10-24,365,0.327967,0
101594,2022-10-24,547,0.291274,0
101594,2022-10-24,730,0.298523,0
101594,2022-10-24,1825,0.327337,0
101594,2022-10-25,10,0.194322,0
101594,2022-10-25,14,0.31592,0
101594,2022-10-25,30,0.366507,0
101594,2022-10-25,60,0.351692,0
101594,2022-10-25,91,0.33003,0
101594,2022-10-25,122,0.311834,0
101594,2022-10-25,152,0.331706,0
101594,2022-10-25,182,0.366194,0
101594,2022-10-25,273,0.348806,0
101594,2022-10-25,365,0.328523,0
101594,2022-10-25,547,0.291672,0
101594,2022-10-25,730,0.298517,0
101594,2022-10-25,1825,0.327429,0
101594,2022-10-26,10,0.260438,0
101594,2022-10-26,14,0.342607,0
101594,2022-10-26,30,0.372853,0
101594,2022-10-26,60,0.350188,0
101594,2022-10-26,91,0.325303,0
101594,2022-10-26,122,0.312012,0
101594,2022-10-26,152,0.327366,0
101594,2022-10-26,182,0.36724,0
101594,2022-10-26,273,0.349538,0
101594,2022-10-26,365,0.329097,0
101594,2022-10-26,547,0.292127,0
101594,2022-10-26,730,0.298865,0
101594,2022-10-26,1825,0.327206,0
101594,2022-10-27,10,0.312354,0
101594,2022-10-27,14,0.359938,0
101594,2022-10-27,30,0.385796,0
101594,2022-10-27,60,0.352933,0
101594,2022-10-27,91,0.330639,0
101594,2022-10-27,122,0.316658,0
101594,2022-10-27,152,0.329294,0
101594,2022-10-27,182,0.364233,0
101594,2022-10-27,273,0.351309,0
101594,2022-10-27,365,0.330536,0
101594,2022-10-27,547,0.29319,0
101594,2022-10-27,730,0.299553,0
101594,2022-10-27,1825,0.32739,0
101594,2022-10-28,10,0.507689,0
101594,2022-10-28,14,0.457553,0
101594,2022-10-28,30,0.459283,0
101594,2022-10-28,60,0.396431,0
101594,2022-10-28,91,0.355933,0
101594,2022-10-28,122,0.335792,0
101594,2022-10-28,152,0.34658,0
101594,2022-10-28,182,0.375211,0
101594,2022-10-28,273,0.352756,0
101594,2022-10-28,365,0.337591,0
101594,2022-10-28,547,0.299106,0
101594,2022-10-28,730,0.301984,0
101594,2022-10-28,1825,0.328832,0
101594,2022-10-31,10,0.602691,0
101594,2022-10-31,14,0.465652,0
101594,2022-10-31,30,0.418584,0
101594,2022-10-31,60,0.405249,0
101594,2022-10-31,91,0.356998,0
101594,2022-10-31,122,0.337807,0
101594,2022-10-31,152,0.349,0
101594,2022-10-31,182,0.375835,0
101594,2022-10-31,273,0.351862,0
101594,2022-10-31,365,0.337449,0
101594,2022-10-31,547,0.299115,0
101594,2022-10-31,730,0.298597,0
101594,2022-10-31,1825,0.328933,0
101594,2022-11-01,10,0.56937,0
101594,2022-11-01,14,0.481978,0
101594,2022-11-01,30,0.415626,0
101594,2022-11-01,60,0.406175,0
101594,2022-11-01,91,0.358183,0
101594,2022-11-01,122,0.337362,0
101594,2022-11-01,152,0.349156,0
101594,2022-11-01,182,0.376382,0
101594,2022-11-01,273,0.352411,0
101594,2022-11-01,365,0.337871,0
101594,2022-11-01,547,0.299413,0
101594,2022-11-01,730,0.298584,0
101594,2022-11-01,1825,0.329028,0
101594,2022-11-02,10,0.575757,0
101594,2022-11-02,14,0.527948,0
101594,2022-11-02,30,0.427742,0
101594,2022-11-02,60,0.411408,0
101594,2022-11-02,91,0.357111,0
101594,2022-11-02,122,0.341947,0
101594,2022-11-02,152,0.348807,0
101594,2022-11-02,182,0.375616,0
101594,2022-11-02,273,0.354906,0
101594,2022-11-02,365,0.339935,0
101594,2022-11-02,547,0.299578,0
101594,2022-11-02,730,0.299833,0
101594,2022-11-02,1825,0.329307,0
101594,2022-11-03,10,0.606761,0
101594,2022-11-03,14,0.572995,0
101594,2022-11-03,30,0.443381,0
101594,2022-11-03,60,0.418783,0
101594,2022-11-03,91,0.366361,0
101594,2022-11-03,122,0.348047,0
101594,2022-11-03,152,0.35351,0
101594,2022-11-03,182,0.371891,0
101594,2022-11-03,273,0.357797,0
101594,2022-11-03,365,0.342523,0
101594,2022-11-03,547,0.301686,0
101594,2022-11-03,730,0.301256,0
101594,2022-11-03,1825,0.329773,0
101594,2022-11-04,10,0.582372,0
101594,2022-11-04,14,0.548676,0
101594,2022-11-04,30,0.443116,0
101594,2022-11-04,60,0.413889,0
101594,2022-11-04,91,0.366355,0
101594,2022-11-04,122,0.346561,0
101594,2022-11-04,152,0.351846,0
101594,2022-11-04,182,0.371806,0
101594,2022-11-04,273,0.357797,0
101594,2022-11-04,365,0.342512,0
101594,2022-11-04,547,0.301518,0
101594,2022-11-04,730,0.299955,0
101594,2022-11-04,1825,0.329645,0
101594,2022-11-07,10,0.299696,0
101594,2022-11-07,14,0.539845,0
101594,2022-11-07,30,0.435724,0
101594,2022-11-07,60,0.42256,0
101594,2022-11-07,91,0.366592,0
101594,2022-11-07,122,0.347697,0
101594,2022-11-07,152,0.353998,0
101594,2022-11-07,182,0.36892,0
101594,2022-11-07,273,0.357826,0
101594,2022-11-07,365,0.342516,0
101594,2022-11-07,547,0.301504,0
101594,2022-11-07,730,0.299265,0
101594,2022-11-07,1825,0.329867,0
101594,2022-11-08,10,0.30625,0
101594,2022-11-08,14,0.524429,0
101594,2022-11-08,30,0.425494,0
101594,2022-11-08,60,0.419582,0
101594,2022-11-08,91,0.366797,0
101594,2022-11-08,122,0.345743,0
101594,2022-11-08,152,0.349546,0
101594,2022-11-08,182,0.368221,0
101594,2022-11-08,273,0.357171,0
101594,2022-11-08,365,0.342504,0
101594,2022-11-08,547,0.300751,0
101594,2022-11-08,730,0.298979,0
101594,2022-11-08,1825,0.329867,0
101594,2022-11-09,10,0.301483,0
101594,2022-11-09,14,0.537254,0
101594,2022-11-09,30,0.440271,0
101594,2022-11-09,60,0.421261,0
101594,2022-11-09,91,0.367376,0
101594,2022-11-09,122,0.348334,0
101594,2022-11-09,152,0.348118,0
101594,2022-11-09,182,0.363629,0
101594,2022-11-09,273,0.358974,0
101594,2022-11-09,365,0.344124,0
101594,2022-11-09,547,0.301964,0
101594,2022-11-09,730,0.2996,0
101594,2022-11-09,1825,0.330228,0
101594,2022-11-10,10,0.653485,0
101594,2022-11-10,14,0.701956,0
101594,2022-11-10,30,0.528013,0
101594,2022-11-10,60,0.46742,0
101594,2022-11-10,91,0.407395,0
101594,2022-11-10,122,0.377097,0
101594,2022-11-10,152,0.370617,0
101594,2022-11-10,182,0.381391,0
101594,2022-11-10,273,0.371698,0
101594,2022-11-10,365,0.354097,0
101594,2022-11-10,547,0.30911,0
101594,2022-11-10,730,0.305548,0
101594,2022-11-10,1825,0.332246,0
101594,2022-11-11,10,0.660691,0
101594,2022-11-11,14,0.592527,0
101594,2022-11-11,30,0.530222,0
101594,2022-11-11,60,0.46029,0
101594,2022-11-11,91,0.406933,0
101594,2022-11-11,122,0.378305,0
101594,2022-11-11,152,0.369945,0
101594,2022-11-11,182,0.379755,0
101594,2022-11-11,273,0.371704,0
101594,2022-11-11,365,0.354611,0
101594,2022-11-11,547,0.309161,0
101594,2022-11-11,730,0.305122,0
101594,2022-11-11,1825,0.332212,0
101594,2022-11-14,10,0.638794,0
101594,2022-11-14,14,0.589959,0
101594,2022-11-14,30,0.519373,0
101594,2022-11-14,60,0.445448,0
101594,2022-11-14,91,0.406829,0
101594,2022-11-14,122,0.381024,0
101594,2022-11-14,152,0.367335,0
101594,2022-11-14,182,0.379689,0
101594,2022-11-14,273,0.371839,0
101594,2022-11-14,365,0.354454,0
101594,2022-11-14,547,0.308872,0
101594,2022-11-14,730,0.305501,0
101594,2022-11-14,1825,0.332361,0
101594,2022-11-15,10,0.583139,0
101594,2022-11-15,14,0.588227,0
101594,2022-11-15,30,0.507659,0
101594,2022-11-15,60,0.445676,0
101594,2022-11-15,91,0.407796,0
101594,2022-11-15,122,0.379324,0
101594,2022-11-15,152,0.361962,0
101594,2022-11-15,182,0.378392,0
101594,2022-11-15,273,0.371117,0
101594,2022-11-15,365,0.354651,0
101594,2022-11-15,547,0.308908,0
101594,2022-11-15,730,0.305303,0
101594,2022-11-15,1825,0.33236,0
101594,2022-11-16,10,0.55134,0
101594,2022-11-16,14,0.552662,0
101594,2022-11-16,30,0.501256,0
101594,2022-11-16,60,0.440797,0
101594,2022-11-16,91,0.407372,0
101594,2022-11-16,122,0.377383,0
101594,2022-11-16,152,0.361928,0
101594,2022-11-16,182,0.369418,0
101594,2022-11-16,273,0.371221,0
101594,2022-11-16,365,0.354688,0
101594,2022-11-16,547,0.308843,0
101594,2022-11-16,730,0.305311,0
101594,2022-11-16,1825,0.332374,0
101594,2022-11-17,10,0.550613,0
101594,2022-11-17,14,0.489985,0
101594,2022-11-17,30,0.502012,0
101594,2022-11-17,60,0.436776,0
101594,2022-11-17,91,0.40851,0
101594,2022-11-17,122,0.376304,0
101594,2022-11-17,152,0.360651,0
101594,2022-11-17,182,0.368044,0
101594,2022-11-17,273,0.370769,0
101594,2022-11-17,365,0.354544,0
101594,2022-11-17,547,0.309005,0
101594,2022-11-17,730,0.305385,0
101594,2022-11-17,1825,0.332284,0
101594,2022-11-18,10,0.550772,0
101594,2022-11-18,14,0.487455,0
101594,2022-11-18,30,0.502011,0
101594,2022-11-18,60,0.432679,0
101594,2022-11-18,91,0.407833,0
101594,2022-11-18,122,0.373676,0
101594,2022-11-18,152,0.358966,0
101594,2022-11-18,182,0.368066,0
101594,2022-11-18,273,0.370661,0
101594,2022-11-18,365,0.353434,0
101594,2022-11-18,547,0.308572,0
101594,2022-11-18,730,0.305276,0
101594,2022-11-18,1825,0.332154,0
101594,2022-11-21,10,0.217585,0
101594,2022-11-21,14,0.511535,0
101594,2022-11-21,30,0.512908,0
101594,2022-11-21,60,0.44148,0
101594,2022-11-21,91,0.407553,0
101594,2022-11-21,122,0.378073,0
101594,2022-11-21,152,0.359126,0
101594,2022-11-21,182,0.365313,0
101594,2022-11-21,273,0.370501,0
101594,2022-11-21,365,0.35369,0
101594,2022-11-21,547,0.308858,0
101594,2022-11-21,730,0.305866,0
101594,2022-11-21,1825,0.332458,0
101594,2022-11-22,10,0.22179,0
101594,2022-11-22,14,0.512956,0
101594,2022-11-22,30,0.502861,0
101594,2022-11-22,60,0.441485,0
101594,2022-11-22,91,0.408861,0
101594,2022-11-22,122,0.376718,0
101594,2022-11-22,152,0.358349,0
101594,2022-11-22,182,0.364779,0
101594,2022-11-22,273,0.370364,0
101594,2022-11-22,365,0.353987,0
101594,2022-11-22,547,0.308897,0
101594,2022-11-22,730,0.305724,0
101594,2022-11-22,1825,0.332381,0
101594,2022-11-23,10,0.207605,0
101594,2022-11-23,14,0.459795,0
101594,2022-11-23,30,0.500858,0
101594,2022-11-23,60,0.436432,0
101594,2022-11-23,91,0.409081,0
101594,2022-11-23,122,0.374668,0
101594,2022-11-23,152,0.356585,0
101594,2022-11-23,182,0.364856,0
101594,2022-11-23,273,0.369231,0
101594,2022-11-23,365,0.354031,0
101594,2022-11-23,547,0.308924,0
101594,2022-11-23,730,0.304972,0
101594,2022-11-23,1825,0.332388,0
101594,2022-11-25,10,0.237689,0
101594,2022-11-25,14,0.22355,0
101594,2022-11-25,30,0.508748,0
101594,2022-11-25,60,0.439045,0
101594,2022-11-25,91,0.405934,0
101594,2022-11-25,122,0.377872,0
101594,2022-11-25,152,0.356281,0
101594,2022-11-25,182,0.361619,0
101594,2022-11-25,273,0.370051,0
101594,2022-11-25,365,0.354552,0
101594,2022-11-25,547,0.309596,0
101594,2022-11-25,730,0.305477,0
101594,2022-11-25,1825,0.332386,0
101594,2022-11-28,10,0.293683,0
101594,2022-11-28,14,0.259091,0
101594,2022-11-28,30,0.441663,0
101594,2022-11-28,60,0.435427,0
101594,2022-11-28,91,0.40831,0
101594,2022-11-28,122,0.375851,0
101594,2022-11-28,152,0.358454,0
101594,2022-11-28,182,0.362123,0
101594,2022-11-28,273,0.371264,0
101594,2022-11-28,365,0.354092,0
101594,2022-11-28,547,0.310349,0
101594,2022-11-28,730,0.306064,0
101594,2022-11-28,1825,0.33271,0
101594,2022-11-29,10,0.273589,0
101594,2022-11-29,14,0.258526,0
101594,2022-11-29,30,0.434783,0
101594,2022-11-29,60,0.43193,0
101594,2022-11-29,91,0.409292,0
101594,2022-11-29,122,0.37519,0
101594,2022-11-29,152,0.358886,0
101594,2022-11-29,182,0.363283,0
101594,2022-11-29,273,0.371816,0
101594,2022-11-29,365,0.354028,0
101594,2022-11-29,547,0.310447,0
101594,2022-11-29,730,0.306149,0
101594,2022-11-29,1825,0.332811,0
101594,2022-11-30,10,0.433181,0
101594,2022-11-30,14,0.385303,0
101594,2022-11-30,30,0.468278,0
101594,2022-11-30,60,0.441821,0
101594,2022-11-30,91,0.420552,0
101594,2022-11-30,122,0.382318,0
101594,2022-11-30,152,0.365456,0
101594,2022-11-30,182,0.369529,0
101594,2022-11-30,273,0.375176,0
101594,2022-11-30,365,0.355866,0
101594,2022-11-30,547,0.312803,0
101594,2022-11-30,730,0.307613,0
101594,2022-11-30,1825,0.333451,0
101594,2022-12-01,10,0.412844,0
101594,2022-12-01,14,0.37752,0
101594,2022-12-01,30,0.464695,0
101594,2022-12-01,60,0.43653,0
101594,2022-12-01,91,0.420437,0
101594,2022-12-01,122,0.382246,0
101594,2022-12-01,152,0.363717,0
101594,2022-12-01,182,0.368774,0
101594,2022-12-01,273,0.375184,0
101594,2022-12-01,365,0.355862,0
101594,2022-12-01,547,0.312769,0
101594,2022-12-01,730,0.306884,0
101594,2022-12-01,1825,0.333318,0
101594,2022-12-02,10,0.400659,0
101594,2022-12-02,14,0.376093,0
101594,2022-12-02,30,0.444674,0
101594,2022-12-02,60,0.430863,0
101594,2022-12-02,91,0.419672,0
101594,2022-12-02,122,0.381996,0
101594,2022-12-02,152,0.36205,0
101594,2022-12-02,182,0.364553,0
101594,2022-12-02,273,0.374616,0
101594,2022-12-02,365,0.355828,0
101594,2022-12-02,547,0.312613,0
101594,2022-12-02,730,0.30689,0
101594,2022-12-02,1825,0.333192,0
101594,2022-12-05,10,0.41875,0
101594,2022-12-05,14,0.36045,0
101594,2022-12-05,30,0.426717,0
101594,2022-12-05,60,0.437259,0
101594,2022-12-05,91,0.416574,0
101594,2022-12-05,122,0.380835,0
101594,2022-12-05,152,0.362623,0
101594,2022-12-05,182,0.364663,0
101594,2022-12-05,273,0.373726,0
101594,2022-12-05,365,0.355727,0
101594,2022-12-05,547,0.312329,0
101594,2022-12-05,730,0.307222,0
101594,2022-12-05,1825,0.333453,0
101594,2022-12-06,10,0.408537,0
101594,2022-12-06,14,0.368432,0
101594,2022-12-06,30,0.427544,0
101594,2022-12-06,60,0.431836,0
101594,2022-12-06,91,0.419231,0
101594,2022-12-06,122,0.380864,0
101594,2022-12-06,152,0.362959,0
101594,2022-12-06,182,0.365618,0
101594,2022-12-06,273,0.374639,0
101594,2022-12-06,365,0.355958,0
101594,2022-12-06,547,0.313054,0
101594,2022-12-06,730,0.30747,0
101594,2022-12-06,1825,0.333667,0
101594,2022-12-07,10,0.381425,0
101594,2022-12-07,14,0.363961,0
101594,2022-12-07,30,0.430729,0
101594,2022-12-07,60,0.427995,0
101594,2022-12-07,91,0.419443,0
101594,2022-12-07,122,0.379191,0
101594,2022-12-07,152,0.363488,0
101594,2022-12-07,182,0.366063,0
101594,2022-12-07,273,0.372755,0
101594,2022-12-07,365,0.354426,0
101594,2022-12-07,547,0.313227,0
101594,2022-12-07,730,0.307519,0
101594,2022-12-07,1825,0.333733,0
101594,2022-12-08,10,0.368457,0
101594,2022-12-08,14,0.357211,0
101594,2022-12-08,30,0.432397,0
101594,2022-12-08,60,0.423845,0
101594,2022-12-08,91,0.419978,0
101594,2022-12-08,122,0.37993,0
101594,2022-12-08,152,0.362272,0
101594,2022-12-08,182,0.362802,0
101594,2022-12-08,273,0.371741,0
101594,2022-12-08,365,0.35389,0
101594,2022-12-08,547,0.313365,0
101594,2022-12-08,730,0.307613,0
101594,2022-12-08,1825,0.333637,0
101594,2022-12-09,10,0.346493,0
101594,2022-12-09,14,0.348525,0
101594,2022-12-09,30,0.414003,0
101594,2022-12-09,60,0.423922,0
101594,2022-12-09,91,0.418078,0
101594,2022-12-09,122,0.379927,0
101594,2022-12-09,152,0.360608,0
101594,2022-12-09,182,0.358463,0
101594,2022-12-09,273,0.370741,0
101594,2022-12-09,365,0.353893,0
101594,2022-12-09,547,0.313306,0
101594,2022-12-09,730,0.30725,0
101594,2022-12-09,1825,0.333511,0
101594,2022-12-12,10,0.251282,0
101594,2022-12-12,14,0.337243,0
101594,2022-12-12,30,0.289225,0
101594,2022-12-12,60,0.427407,0
101594,2022-12-12,91,0.412114,0
101594,2022-12-12,122,0.380589,0
101594,2022-12-12,152,0.364023,0
101594,2022-12-12,182,0.354737,0
101594,2022-12-12,273,0.369956,0
101594,2022-12-12,365,0.353159,0
101594,2022-12-12,547,0.31348,0
101594,2022-12-12,730,0.307612,0
101594,2022-12-12,1825,0.333731,0
101594,2022-12-13,10,0.237955,0
101594,2022-12-13,14,0.315765,0
101594,2022-12-13,30,0.283446,0
101594,2022-12-13,60,0.419299,0
101594,2022-12-13,91,0.395135,0
101594,2022-12-13,122,0.378621,0
101594,2022-12-13,152,0.362807,0
101594,2022-12-13,182,0.354741,0
101594,2022-12-13,273,0.368465,0
101594,2022-12-13,365,0.352664,0
101594,2022-12-13,547,0.312914,0
101594,2022-12-13,730,0.307339,0
101594,2022-12-13,1825,0.33374,0
101594,2022-12-14,10,0.232747,0
101594,2022-12-14,14,0.207323,0
101594,2022-12-14,30,0.286449,0
101594,2022-12-14,60,0.416222,0
101594,2022-12-14,91,0.395652,0
101594,2022-12-14,122,0.377117,0
101594,2022-12-14,152,0.363137,0
101594,2022-12-14,182,0.354434,0
101594,2022-12-14,273,0.367352,0
101594,2022-12-14,365,0.352905,0
101594,2022-12-14,547,0.313136,0
101594,2022-12-14,730,0.307524,0
101594,2022-12-14,1825,0.333799,0
101594,2022-12-15,10,0.340875,0
101594,2022-12-15,14,0.30191,0
101594,2022-12-15,30,0.323533,0
101594,2022-12-15,60,0.427899,0
101594,2022-12-15,91,0.40491,0
101594,2022-12-15,122,0.384894,0
101594,2022-12-15,152,0.368719,0
101594,2022-12-15,182,0.356341,0
101594,2022-12-15,273,0.371319,0
101594,2022-12-15,365,0.354854,0
101594,2022-12-15,547,0.315586,0
101594,2022-12-15,730,0.307493,0
101594,2022-12-15,1825,0.334385,0
101594,2022-12-16,10,0.326705,0
101594,2022-12-16,14,0.302086,0
101594,2022-12-16,30,0.32522,0
101594,2022-12-16,60,0.42313,0
101594,2022-12-16,91,0.405313,0
101594,2022-12-16,122,0.385421,0
101594,2022-12-16,152,0.367599,0
101594,2022-12-16,182,0.356624,0
101594,2022-12-16,273,0.370815,0
101594,2022-12-16,365,0.352957,0
101594,2022-12-16,547,0.315654,0
101594,2022-12-16,730,0.307671,0
101594,2022-12-16,1825,0.334325,0
101594,2022-12-19,10,0.353707,0
101594,2022-12-19,14,0.303715,0
101594,2022-12-19,30,0.327028,0
101594,2022-12-19,60,0.43416,0
101594,2022-12-19,91,0.402712,0
101594,2022-12-19,122,0.38958,0
101594,2022-12-19,152,0.367386,0
101594,2022-12-19,182,0.355942,0
101594,2022-12-19,273,0.371053,0
101594,2022-12-19,365,0.353236,0
101594,2022-12-19,547,0.315818,0
101594,2022-12-19,730,0.30794,0
101594,2022-12-19,1825,0.334585,0
101594,2022-12-20,10,0.330008,0
101594,2022-12-20,14,0.293951,0
101594,2022-12-20,30,0.319459,0
101594,2022-12-20,60,0.428061,0
101594,2022-12-20,91,0.401109,0
101594,2022-12-20,122,0.387278,0
101594,2022-12-20,152,0.36651,0
101594,2022-12-20,182,0.353001,0
101594,2022-12-20,273,0.370194,0
101594,2022-12-20,365,0.353163,0
101594,2022-12-20,547,0.315613,0
101594,2022-12-20,730,0.307634,0
101594,2022-12-20,1825,0.334583,0
101594,2022-12-21,10,0.359628,0
101594,2022-12-21,14,0.329785,0
101594,2022-12-21,30,0.330231,0
101594,2022-12-21,60,0.427617,0
101594,2022-12-21,91,0.402783,0
101594,2022-12-21,122,0.38767,0
101594,2022-12-21,152,0.368378,0
101594,2022-12-21,182,0.354536,0
101594,2022-12-21,273,0.371142,0
101594,2022-12-21,365,0.353454,0
101594,2022-12-21,547,0.316028,0
101594,2022-12-21,730,0.307959,0
101594,2022-12-21,1825,0.334736,0
101594,2022-12-22,10,0.340292,0
101594,2022-12-22,14,0.330461,0
101594,2022-12-22,30,0.329657,0
101594,2022-12-22,60,0.425871,0
101594,2022-12-22,91,0.405081,0
101594,2022-12-22,122,0.387792,0
101594,2022-12-22,152,0.368312,0
101594,2022-12-22,182,0.354846,0
101594,2022-12-22,273,0.37106,0
101594,2022-12-22,365,0.353834,0
101594,2022-12-22,547,0.316634,0
101594,2022-12-22,730,0.307795,0
101594,2022-12-22,1825,0.33479,0
101594,2022-12-23,10,0.326182,0
101594,2022-12-23,14,0.330701,0
101594,2022-12-23,30,0.327042,0
101594,2022-12-23,60,0.423742,0
101594,2022-12-23,91,0.404234,0
101594,2022-12-23,122,0.38779,0
101594,2022-12-23,152,0.366594,0
101594,2022-12-23,182,0.353144,0
101594,2022-12-23,273,0.371015,0
101594,2022-12-23,365,0.353806,0
101594,2022-12-23,547,0.316638,0
101594,2022-12-23,730,0.307762,0
101594,2022-12-23,1825,0.334661,0
101594,2022-12-27,10,0.265818,0
101594,2022-12-27,14,0.305248,0
101594,2022-12-27,30,0.324672,0
101594,2022-12-27,60,0.382612,0
101594,2022-12-27,91,0.407684,0
101594,2022-12-27,122,0.386682,0
101594,2022-12-27,152,0.367901,0
101594,2022-12-27,182,0.352547,0
101594,2022-12-27,273,0.371442,0
101594,2022-12-27,365,0.353225,0
101594,2022-12-27,547,0.317092,0
101594,2022-12-27,730,0.307873,0
101594,2022-12-27,1825,0.33478,0
101594,2022-12-28,10,0.28693,0
101594,2022-12-28,14,0.320979,0
101594,2022-12-28,30,0.328636,0
101594,2022-12-28,60,0.383553,0
101594,2022-12-28,91,0.41123,0
101594,2022-12-28,122,0.387482,0
101594,2022-12-28,152,0.366796,0
101594,2022-12-28,182,0.35469,0
101594,2022-12-28,273,0.372965,0
101594,2022-12-28,365,0.35446,0
101594,2022-12-28,547,0.317965,0
101594,2022-12-28,730,0.307651,0
101594,2022-12-28,1825,0.335047,0
101594,2022-12-29,10,0.356382,0
101594,2022-12-29,14,0.320563,0
101594,2022-12-29,30,0.344366,0
101594,2022-12-29,60,0.3874,0
101594,2022-12-29,91,0.40411,0
101594,2022-12-29,122,0.39066,0
101594,2022-12-29,152,0.368027,0
101594,2022-12-29,182,0.356117,0
101594,2022-12-29,273,0.374071,0
101594,2022-12-29,365,0.355665,0
101594,2022-12-29,547,0.318769,0
101594,2022-12-29,730,0.308146,0
101594,2022-12-29,1825,0.335132,0
101594,2022-12-30,10,0.357708,0
101594,2022-12-30,14,0.31835,0
101594,2022-12-30,30,0.290636,0
101594,2022-12-30,60,0.38671,0
101594,2022-12-30,91,0.399843,0
101594,2022-12-30,122,0.390106,0
101594,2022-12-30,152,0.366354,0
101594,2022-12-30,182,0.35537,0
101594,2022-12-30,273,0.3741,0
101594,2022-12-30,365,0.355644,0
101594,2022-12-30,547,0.318771,0
101594,2022-12-30,730,0.308092,0
101594,2022-12-30,1825,0.334999,0
101594,2023-01-03,10,0.423521,0
101594,2023-01-03,14,0.386604,0
101594,2023-01-03,30,0.316587,0
101594,2023-01-03,60,0.386468,0
101594,2023-01-03,91,0.400907,0
101594,2023-01-03,122,0.398805,0
101594,2023-01-03,152,0.370408,0
101594,2023-01-03,182,0.358247,0
101594,2023-01-03,273,0.375819,0
101594,2023-01-03,365,0.3573,0
101594,2023-01-03,547,0.319874,0
101594,2023-01-03,730,0.30922,0
101594,2023-01-03,1825,0.335632,0
101594,2023-01-04,10,0.402154,0
101594,2023-01-04,14,0.354708,0
101594,2023-01-04,30,0.323419,0
101594,2023-01-04,60,0.382843,0
101594,2023-01-04,91,0.401631,0
101594,2023-01-04,122,0.397023,0
101594,2023-01-04,152,0.370951,0
101594,2023-01-04,182,0.35829,0
101594,2023-01-04,273,0.37556,0
101594,2023-01-04,365,0.357311,0
101594,2023-01-04,547,0.319758,0
101594,2023-01-04,730,0.308801,0
101594,2023-01-04,1825,0.335626,0
101594,2023-01-05,10,0.367736,0
101594,2023-01-05,14,0.341525,0
101594,2023-01-05,30,0.316491,0
101594,2023-01-05,60,0.378599,0
101594,2023-01-05,91,0.40189,0
101594,2023-01-05,122,0.394904,0
101594,2023-01-05,152,0.369376,0
101594,2023-01-05,182,0.356813,0
101594,2023-01-05,273,0.375685,0
101594,2023-01-05,365,0.356507,0
101594,2023-01-05,547,0.319526,0
101594,2023-01-05,730,0.308769,0
101594,2023-01-05,1825,0.335532,0
101594,2023-01-06,10,0.4459,0
101594,2023-01-06,14,0.419743,0
101594,2023-01-06,30,0.349486,0
101594,2023-01-06,60,0.390274,0
101594,2023-01-06,91,0.402782,0
101594,2023-01-06,122,0.400346,0
101594,2023-01-06,152,0.372444,0
101594,2023-01-06,182,0.360614,0
101594,2023-01-06,273,0.378043,0
101594,2023-01-06,365,0.358129,0
101594,2023-01-06,547,0.320829,0
101594,2023-01-06,730,0.308877,0
101594,2023-01-06,1825,0.335769,0
101594,2023-01-09,10,0.434303,0
101594,2023-01-09,14,0.394012,0
101594,2023-01-09,30,0.355139,0
101594,2023-01-09,60,0.320753,0
101594,2023-01-09,91,0.40286,0
101594,2023-01-09,122,0.402993,0
101594,2023-01-09,152,0.373549,0
101594,2023-01-09,182,0.360138,0
101594,2023-01-09,273,0.377019,0
101594,2023-01-09,365,0.358161,0
101594,2023-01-09,547,0.320666,0
101594,2023-01-09,730,0.308224,0
101594,2023-01-09,1825,0.336032,0
101594,2023-01-10,10,0.389364,0
101594,2023-01-10,14,0.387571,0
101594,2023-01-10,30,0.34717,0
101594,2023-01-10,60,0.316165,0
101594,2023-01-10,91,0.40258,0
101594,2023-01-10,122,0.400727,0
101594,2023-01-10,152,0.373693,0
101594,2023-01-10,182,0.360053,0
101594,2023-01-10,273,0.376786,0
101594,2023-01-10,365,0.358202,0
101594,2023-01-10,547,0.320673,0
101594,2023-01-10,730,0.307934,0
101594,2023-01-10,1825,0.336029,0
101594,2023-01-11,10,0.3749,0
101594,2023-01-11,14,0.349175,0
101594,2023-01-11,30,0.351158,0
101594,2023-01-11,60,0.318021,0
101594,2023-01-11,91,0.404901,0
101594,2023-01-11,122,0.400312,0
101594,2023-01-11,152,0.373646,0
101594,2023-01-11,182,0.361353,0
101594,2023-01-11,273,0.37712,0
101594,2023-01-11,365,0.358439,0
101594,2023-01-11,547,0.321069,0
101594,2023-01-11,730,0.307835,0
101594,2023-01-11,1825,0.336122,0
101594,2023-01-12,10,0.347991,0
101594,2023-01-12,14,0.325546,0
101594,2023-01-12,30,0.349145,0
101594,2023-01-12,60,0.314071,0
101594,2023-01-12,91,0.399002,0
101594,2023-01-12,122,0.394302,0
101594,2023-01-12,152,0.371856,0
101594,2023-01-12,182,0.360119,0
101594,2023-01-12,273,0.375581,0
101594,2023-01-12,365,0.358421,0
101594,2023-01-12,547,0.320466,0
101594,2023-01-12,730,0.307834,0
101594,2023-01-12,1825,0.335989,0
101594,2023-01-13,10,0.224754,0
101594,2023-01-13,14,0.327478,0
101594,2023-01-13,30,0.350013,0
101594,2023-01-13,60,0.315186,0
101594,2023-01-13,91,0.39427,0
101594,2023-01-13,122,0.381621,0
101594,2023-01-13,152,0.370581,0
101594,2023-01-13,182,0.360034,0
101594,2023-01-13,273,0.3748,0
101594,2023-01-13,365,0.358127,0
101594,2023-01-13,547,0.320559,0
101594,2023-01-13,730,0.307706,0
101594,2023-01-13,1825,0.335881,0
101594,2023-01-17,10,0.117284,0
101594,2023-01-17,14,0.210263,0
101594,2023-01-17,30,0.312453,0
101594,2023-01-17,60,0.323617,0
101594,2023-01-17,91,0.392899,0
101594,2023-01-17,122,0.384556,0
101594,2023-01-17,152,0.375736,0
101594,2023-01-17,182,0.358519,0
101594,2023-01-17,273,0.375568,0
101594,2023-01-17,365,0.358207,0
101594,2023-01-17,547,0.320093,0
101594,2023-01-17,730,0.307722,0
101594,2023-01-17,1825,0.336084,0
101594,2023-01-18,10,0.1336,0
101594,2023-01-18,14,0.22378,0
101594,2023-01-18,30,0.306892,0
101594,2023-01-18,60,0.319397,0
101594,2023-01-18,91,0.392989,0
101594,2023-01-18,122,0.382301,0
101594,2023-01-18,152,0.375221,0
101594,2023-01-18,182,0.357995,0
101594,2023-01-18,273,0.375601,0
101594,2023-01-18,365,0.357771,0
101594,2023-01-18,547,0.319425,0
101594,2023-01-18,730,0.307441,0
101594,2023-01-18,1825,0.336087,0
101594,2023-01-19,10,0.137555,0
101594,2023-01-19,14,0.202014,0
101594,2023-01-19,30,0.306839,0
101594,2023-01-19,60,0.315386,0
101594,2023-01-19,91,0.392971,0
101594,2023-01-19,122,0.379581,0
101594,2023-01-19,152,0.37342,0
101594,2023-01-19,182,0.357273,0
101594,2023-01-19,273,0.37558,0
101594,2023-01-19,365,0.357186,0
101594,2023-01-19,547,0.3194,0
101594,2023-01-19,730,0.307418,0
101594,2023-01-19,1825,0.335954,0
101594,2023-01-20,10,0.158998,0
101594,2023-01-20,14,0.139666,0
101594,2023-01-20,30,0.302664,0
101594,2023-01-20,60,0.316096,0
101594,2023-01-20,91,0.391012,0
101594,2023-01-20,122,0.380107,0
101594,2023-01-20,152,0.373083,0
101594,2023-01-20,182,0.358265,0
101594,2023-01-20,273,0.37496,0
101594,2023-01-20,365,0.357606,0
101594,2023-01-20,547,0.319687,0
101594,2023-01-20,730,0.306864,0
101594,2023-01-20,1825,0.335918,0
101594,2023-01-23,10,0.191682,0
101594,2023-01-23,14,0.162557,0
101594,2023-01-23,30,0.304555,0
101594,2023-01-23,60,0.323313,0
101594,2023-01-23,91,0.392836,0
101594,2023-01-23,122,0.384746,0
101594,2023-01-23,152,0.377235,0
101594,2023-01-23,182,0.359765,0
101594,2023-01-23,273,0.3759,0
101594,2023-01-23,365,0.358196,0
101594,2023-01-23,547,0.320106,0
101594,2023-01-23,730,0.306346,0
101594,2023-01-23,1825,0.336222,0
101594,2023-01-24,10,0.171525,0
101594,2023-01-24,14,0.160316,0
101594,2023-01-24,30,0.296847,0
101594,2023-01-24,60,0.321154,0
101594,2023-01-24,91,0.391311,0
101594,2023-01-24,122,0.382853,0
101594,2023-01-24,152,0.376792,0
101594,2023-01-24,182,0.359884,0
101594,2023-01-24,273,0.373571,0
101594,2023-01-24,365,0.358324,0
101594,2023-01-24,547,0.320204,0
101594,2023-01-24,730,0.306123,0
101594,2023-01-24,1825,0.336138,0
101594,2023-01-25,10,0.177844,0
101594,2023-01-25,14,0.160764,0
101594,2023-01-25,30,0.290616,0
101594,2023-01-25,60,0.317148,0
101594,2023-01-25,91,0.38947,0
101594,2023-01-25,122,0.380606,0
101594,2023-01-25,152,0.372336,0
101594,2023-01-25,182,0.356598,0
101594,2023-01-25,273,0.373602,0
101594,2023-01-25,365,0.35818,0
101594,2023-01-25,547,0.319993,0
101594,2023-01-25,730,0.305532,0
101594,2023-01-25,1825,0.336147,0
101594,2023-01-26,10,0.169754,0
101594,2023-01-26,14,0.15908,0
101594,2023-01-26,30,0.285318,0
101594,2023-01-26,60,0.31559,0
101594,2023-01-26,91,0.385672,0
101594,2023-01-26,122,0.381505,0
101594,2023-01-26,152,0.371367,0
101594,2023-01-26,182,0.357223,0
101594,2023-01-26,273,0.37038,0
101594,2023-01-26,365,0.358501,0
101594,2023-01-26,547,0.320063,0
101594,2023-01-26,730,0.305707,0
101594,2023-01-26,1825,0.33607,0
101594,2023-01-27,10,0.172415,0
101594,2023-01-27,14,0.161282,0
101594,2023-01-27,30,0.252199,0
101594,2023-01-27,60,0.310485,0
101594,2023-01-27,91,0.356319,0
101594,2023-01-27,122,0.382097,0
101594,2023-01-27,152,0.370288,0
101594,2023-01-27,182,0.354697,0
101594,2023-01-27,273,0.368267,0
101594,2023-01-27,365,0.358765,0
101594,2023-01-27,547,0.320235,0
101594,2023-01-27,730,0.305807,0
101594,2023-01-27,1825,0.335983,0
101594,2023-01-30,10,0.25116,0
101594,2023-01-30,14,0.210964,0
101594,2023-01-30,30,0.264859,0
101594,2023-01-30,60,0.293283,0
101594,2023-01-30,91,0.35726,0
101594,2023-01-30,122,0.373625,0
101594,2023-01-30,152,0.37359,0
101594,2023-01-30,182,0.355692,0
101594,2023-01-30,273,0.368979,0
101594,2023-01-30,365,0.352779,0
101594,2023-01-30,547,0.320662,0
101594,2023-01-30,730,0.304199,0
101594,2023-01-30,1825,0.336227,0
101594,2023-01-31,10,0.229932,0
101594,2023-01-31,14,0.211065,0
101594,2023-01-31,30,0.258173,0
101594,2023-01-31,60,0.294281,0
101594,2023-01-31,91,0.356173,0
101594,2023-01-31,122,0.371638,0
101594,2023-01-31,152,0.373809,0
101594,2023-01-31,182,0.355766,0
101594,2023-01-31,273,0.368957,0
101594,2023-01-31,365,0.351909,0
101594,2023-01-31,547,0.320741,0
101594,2023-01-31,730,0.30396,0
101594,2023-01-31,1825,0.336246,0
101594,2023-02-01,10,0.213014,0
101594,2023-02-01,14,0.201381,0
101594,2023-02-01,30,0.2518,0
101594,2023-02-01,60,0.291264,0
101594,2023-02-01,91,0.348089,0
101594,2023-02-01,122,0.369611,0
101594,2023-02-01,152,0.373501,0
101594,2023-02-01,182,0.35174,0
101594,2023-02-01,273,0.366023,0
101594,2023-02-01,365,0.352014,0
101594,2023-02-01,547,0.320641,0
101594,2023-02-01,730,0.303793,0
101594,2023-02-01,1825,0.335644,0
101594,2023-02-02,10,0.257924,0
101594,2023-02-02,14,0.243608,0
101594,2023-02-02,30,0.219933,0
101594,2023-02-02,60,0.301722,0
101594,2023-02-02,91,0.34403,0
101594,2023-02-02,122,0.371245,0
101594,2023-02-02,152,0.37613,0
101594,2023-02-02,182,0.355729,0
101594,2023-02-02,273,0.362525,0
101594,2023-02-02,365,0.35389,0
101594,2023-02-02,547,0.322011,0
101594,2023-02-02,730,0.304839,0
101594,2023-02-02,1825,0.335883,0
101594,2023-02-03,10,0.27295,0
101594,2023-02-03,14,0.249614,0
101594,2023-02-03,30,0.226143,0
101594,2023-02-03,60,0.306489,0
101594,2023-02-03,91,0.347034,0
101594,2023-02-03,122,0.371011,0
101594,2023-02-03,152,0.376222,0
101594,2023-02-03,182,0.357471,0
101594,2023-02-03,273,0.363577,0
101594,2023-02-03,365,0.354371,0
101594,2023-02-03,547,0.322609,0
101594,2023-02-03,730,0.305252,0
101594,2023-02-03,1825,0.335907,0
101594,2023-02-06,10,0.357344,0
101594,2023-02-06,14,0.279168,0
101594,2023-02-06,30,0.220071,0
101594,2023-02-06,60,0.306958,0
101594,2023-02-06,91,0.349348,0
101594,2023-02-06,122,0.370719,0
101594,2023-02-06,152,0.378588,0
101594,2023-02-06,182,0.358325,0
101594,2023-02-06,273,0.362064,0
101594,2023-02-06,365,0.354811,0
101594,2023-02-06,547,0.322929,0
101594,2023-02-06,730,0.305303,0
101594,2023-02-06,1825,0.335448,0
101594,2023-02-07,10,0.334808,0
101594,2023-02-07,14,0.285299,0
101594,2023-02-07,30,0.217971,0
101594,2023-02-07,60,0.309832,0
101594,2023-02-07,91,0.351143,0
101594,2023-02-07,122,0.369794,0
101594,2023-02-07,152,0.37948,0
101594,2023-02-07,182,0.359415,0
101594,2023-02-07,273,0.362265,0
101594,2023-02-07,365,0.355331,0
101594,2023-02-07,547,0.323299,0
101594,2023-02-07,730,0.30529,0
101594,2023-02-07,1825,0.335292,0
101594,2023-02-08,10,0.342846,0
101594,2023-02-08,14,0.308483,0
101594,2023-02-08,30,0.2359,0
101594,2023-02-08,60,0.309914,0
101594,2023-02-08,91,0.345839,0
101594,2023-02-08,122,0.369033,0
101594,2023-02-08,152,0.379345,0
101594,2023-02-08,182,0.358253,0
101594,2023-02-08,273,0.357513,0
101594,2023-02-08,365,0.355257,0
101594,2023-02-08,547,0.323621,0
101594,2023-02-08,730,0.305557,0
101594,2023-02-08,1825,0.335363,0
101594,2023-02-09,10,0.314375,0
101594,2023-02-09,14,0.312172,0
101594,2023-02-09,30,0.240916,0
101594,2023-02-09,60,0.306757,0
101594,2023-02-09,91,0.300364,0
101594,2023-02-09,122,0.369279,0
101594,2023-02-09,152,0.377656,0
101594,2023-02-09,182,0.358321,0
101594,2023-02-09,273,0.356173,0
101594,2023-02-09,365,0.355204,0
101594,2023-02-09,547,0.32367,0
101594,2023-02-09,730,0.305561,0
101594,2023-02-09,1825,0.335249,0
101594,2023-02-10,10,0.314804,0
101594,2023-02-10,14,0.30826,0
101594,2023-02-10,30,0.235762,0
101594,2023-02-10,60,0.304459,0
101594,2023-02-10,91,0.29792,0
101594,2023-02-10,122,0.368767,0
101594,2023-02-10,152,0.375878,0
101594,2023-02-10,182,0.356961,0
101594,2023-02-10,273,0.354329,0
101594,2023-02-10,365,0.354444,0
101594,2023-02-10,547,0.323241,0
101594,2023-02-10,730,0.305546,0
101594,2023-02-10,1825,0.335117,0
101594,2023-02-13,10,0.266381,0
101594,2023-02-13,14,0.284952,0
101594,2023-02-13,30,0.244334,0
101594,2023-02-13,60,0.283755,0
101594,2023-02-13,91,0.299564,0
101594,2023-02-13,122,0.365298,0
101594,2023-02-13,152,0.36366,0
101594,2023-02-13,182,0.357902,0
101594,2023-02-13,273,0.354745,0
101594,2023-02-13,365,0.354391,0
101594,2023-02-13,547,0.323596,0
101594,2023-02-13,730,0.306121,0
101594,2023-02-13,1825,0.334922,0
101594,2023-02-14,10,0.24423,0
101594,2023-02-14,14,0.290649,0
101594,2023-02-14,30,0.24114,0
101594,2023-02-14,60,0.280635,0
101594,2023-02-14,91,0.298825,0
101594,2023-02-14,122,0.363193,0
101594,2023-02-14,152,0.362489,0
101594,2023-02-14,182,0.357933,0
101594,2023-02-14,273,0.353601,0
101594,2023-02-14,365,0.354408,0
101594,2023-02-14,547,0.32343,0
101594,2023-02-14,730,0.305833,0
101594,2023-02-14,1825,0.334624,0
101594,2023-02-15,10,0.240882,0
101594,2023-02-15,14,0.293154,0
101594,2023-02-15,30,0.236741,0
101594,2023-02-15,60,0.278248,0
101594,2023-02-15,91,0.299501,0
101594,2023-02-15,122,0.361651,0
101594,2023-02-15,152,0.362689,0
101594,2023-02-15,182,0.358284,0
101594,2023-02-15,273,0.347352,0
101594,2023-02-15,365,0.353924,0
101594,2023-02-15,547,0.323584,0
101594,2023-02-15,730,0.30568,0
101594,2023-02-15,1825,0.334668,0
101594,2023-02-16,10,0.222412,0
101594,2023-02-16,14,0.251929,0
101594,2023-02-16,30,0.243433,0
101594,2023-02-16,60,0.276969,0
101594,2023-02-16,91,0.299283,0
101594,2023-02-16,122,0.359033,0
101594,2023-02-16,152,0.361329,0
101594,2023-02-16,182,0.358537,0
101594,2023-02-16,273,0.346317,0
101594,2023-02-16,365,0.354067,0
101594,2023-02-16,547,0.323002,0
101594,2023-02-16,730,0.305551,0
101594,2023-02-16,1825,0.334574,0
101594,2023-02-17,10,0.196805,0
101594,2023-02-17,14,0.222778,0
101594,2023-02-17,30,0.244735,0
101594,2023-02-17,60,0.274028,0
101594,2023-02-17,91,0.299626,0
101594,2023-02-17,122,0.359026,0
101594,2023-02-17,152,0.359805,0
101594,2023-02-17,182,0.358084,0
101594,2023-02-17,273,0.346446,0
101594,2023-02-17,365,0.353506,0
101594,2023-02-17,547,0.323059,0
101594,2023-02-17,730,0.305333,0
101594,2023-02-17,1825,0.334464,0
101594,2023-02-21,10,0.26627,0
101594,2023-02-21,14,0.228323,0
101594,2023-02-21,30,0.269537,0
101594,2023-02-21,60,0.281455,0
101594,2023-02-21,91,0.30243,0
101594,2023-02-21,122,0.363654,0
101594,2023-02-21,152,0.363062,0
101594,2023-02-21,182,0.36005,0
101594,2023-02-21,273,0.345118,0
101594,2023-02-21,365,0.354401,0
101594,2023-02-21,547,0.324041,0
101594,2023-02-21,730,0.306182,0
101594,2023-02-21,1825,0.334935,0
101594,2023-02-22,10,0.245471,0
101594,2023-02-22,14,0.215829,0
101594,2023-02-22,30,0.259914,0
101594,2023-02-22,60,0.277728,0
101594,2023-02-22,91,0.302234,0
101594,2023-02-22,122,0.361462,0
101594,2023-02-22,152,0.362319,0
101594,2023-02-22,182,0.36007,0
101594,2023-02-22,273,0.34513,0
101594,2023-02-22,365,0.353977,0
101594,2023-02-22,547,0.324049,0
101594,2023-02-22,730,0.305422,0
101594,2023-02-22,1825,0.334857,0
101594,2023-02-23,10,0.205271,0
101594,2023-02-23,14,0.215323,0
101594,2023-02-23,30,0.258549,0
101594,2023-02-23,60,0.274145,0
101594,2023-02-23,91,0.29979,0
101594,2023-02-23,122,0.360599,0
101594,2023-02-23,152,0.360593,0
101594,2023-02-23,182,0.359412,0
101594,2023-02-23,273,0.344134,0
101594,2023-02-23,365,0.35304,0
101594,2023-02-23,547,0.323985,0
101594,2023-02-23,730,0.305427,0
101594,2023-02-23,1825,0.334725,0
101594,2023-02-24,10,0.221755,0
101594,2023-02-24,14,0.232147,0
101594,2023-02-24,30,0.267214,0
101594,2023-02-24,60,0.275813,0
101594,2023-02-24,91,0.299362,0
101594,2023-02-24,122,0.360382,0
101594,2023-02-24,152,0.359953,0
101594,2023-02-24,182,0.356239,0
101594,2023-02-24,273,0.341637,0
101594,2023-02-24,365,0.353089,0
101594,2023-02-24,547,0.324296,0
101594,2023-02-24,730,0.305693,0
101594,2023-02-24,1825,0.334702,0
101594,2023-02-27,10,0.245675,0
101594,2023-02-27,14,0.206387,0
101594,2023-02-27,30,0.267154,0
101594,2023-02-27,60,0.257819,0
101594,2023-02-27,91,0.294755,0
101594,2023-02-27,122,0.33515,0
101594,2023-02-27,152,0.362993,0
101594,2023-02-27,182,0.355983,0
101594,2023-02-27,273,0.340853,0
101594,2023-02-27,365,0.352943,0
101594,2023-02-27,547,0.324313,0
101594,2023-02-27,730,0.304993,0
101594,2023-02-27,1825,0.334874,0
101594,2023-02-28,10,0.22044,0
101594,2023-02-28,14,0.206444,0
101594,2023-02-28,30,0.260797,0
101594,2023-02-28,60,0.258404,0
101594,2023-02-28,91,0.291416,0
101594,2023-02-28,122,0.333112,0
101594,2023-02-28,152,0.354253,0
101594,2023-02-28,182,0.355375,0
101594,2023-02-28,273,0.34082,0
101594,2023-02-28,365,0.35295,0
101594,2023-02-28,547,0.323392,0
101594,2023-02-28,730,0.304702,0
101594,2023-02-28,1825,0.334775,0
101594,2023-03-01,10,0.207797,0
101594,2023-03-01,14,0.180916,0
101594,2023-03-01,30,0.255582,0
101594,2023-03-01,60,0.258877,0
101594,2023-03-01,91,0.276496,0
101594,2023-03-01,122,0.331936,0
101594,2023-03-01,152,0.351668,0
101594,2023-03-01,182,0.355627,0
101594,2023-03-01,273,0.341224,0
101594,2023-03-01,365,0.353045,0
101594,2023-03-01,547,0.32353,0
101594,2023-03-01,730,0.30264,0
101594,2023-03-01,1825,0.334835,0
101594,2023-03-02,10,0.202161,0
101594,2023-03-02,14,0.189404,0
101594,2023-03-02,30,0.254181,0
101594,2023-03-02,60,0.255641,0
101594,2023-03-02,91,0.276606,0
101594,2023-03-02,122,0.331021,0
101594,2023-03-02,152,0.350002,0
101594,2023-03-02,182,0.35561,0
101594,2023-03-02,273,0.340699,0
101594,2023-03-02,365,0.352454,0
101594,2023-03-02,547,0.323527,0
101594,2023-03-02,730,0.302272,0
101594,2023-03-02,1825,0.334705,0
101594,2023-03-03,10,0.254893,0
101594,2023-03-03,14,0.284034,0
101594,2023-03-03,30,0.279257,0
101594,2023-03-03,60,0.264117,0
101594,2023-03-03,91,0.285372,0
101594,2023-03-03,122,0.335181,0
101594,2023-03-03,152,0.35226,0
101594,2023-03-03,182,0.358599,0
101594,2023-03-03,273,0.33998,0
101594,2023-03-03,365,0.35419,0
101594,2023-03-03,547,0.324706,0
101594,2023-03-03,730,0.302712,0
101594,2023-03-03,1825,0.334907,0
101594,2023-03-06,10,0.270784,0
101594,2023-03-06,14,0.28509,0
101594,2023-03-06,30,0.249522,0
101594,2023-03-06,60,0.247418,0
101594,2023-03-06,91,0.287146,0
101594,2023-03-06,122,0.324487,0
101594,2023-03-06,152,0.351608,0
101594,2023-03-06,182,0.358125,0
101594,2023-03-06,273,0.340584,0
101594,2023-03-06,365,0.354209,0
101594,2023-03-06,547,0.325036,0
101594,2023-03-06,730,0.302969,0
101594,2023-03-06,1825,0.335229,0
101594,2023-03-07,10,0.281656,0
101594,2023-03-07,14,0.256429,0
101594,2023-03-07,30,0.24831,0
101594,2023-03-07,60,0.239094,0
101594,2023-03-07,91,0.283709,0
101594,2023-03-07,122,0.323684,0
101594,2023-03-07,152,0.352227,0
101594,2023-03-07,182,0.358533,0
101594,2023-03-07,273,0.340431,0
101594,2023-03-07,365,0.353697,0
101594,2023-03-07,547,0.324824,0
101594,2023-03-07,730,0.302856,0
101594,2023-03-07,1825,0.335273,0
101594,2023-03-08,10,0.26157,0
101594,2023-03-08,14,0.258365,0
101594,2023-03-08,30,0.241959,0
101594,2023-03-08,60,0.236337,0
101594,2023-03-08,91,0.282409,0
101594,2023-03-08,122,0.32195,0
101594,2023-03-08,152,0.347318,0
101594,2023-03-08,182,0.358489,0
101594,2023-03-08,273,0.34051,0
101594,2023-03-08,365,0.353607,0
101594,2023-03-08,547,0.324651,0
101594,2023-03-08,730,0.301368,0
101594,2023-03-08,1825,0.335213,0
101594,2023-03-09,10,0.283358,0
101594,2023-03-09,14,0.272993,0
101594,2023-03-09,30,0.237661,0
101594,2023-03-09,60,0.238073,0
101594,2023-03-09,91,0.283462,0
101594,2023-03-09,122,0.323152,0
101594,2023-03-09,152,0.346514,0
101594,2023-03-09,182,0.35886,0
101594,2023-03-09,273,0.338262,0
101594,2023-03-09,365,0.352213,0
101594,2023-03-09,547,0.324778,0
101594,2023-03-09,730,0.300283,0
101594,2023-03-09,1825,0.335156,0
101594,2023-03-10,10,0.296799,0
101594,2023-03-10,14,0.265548,0
101594,2023-03-10,30,0.234635,0
101594,2023-03-10,60,0.241929,0
101594,2023-03-10,91,0.284946,0
101594,2023-03-10,122,0.324149,0
101594,2023-03-10,152,0.345595,0
101594,2023-03-10,182,0.358369,0
101594,2023-03-10,273,0.335495,0
101594,2023-03-10,365,0.351415,0
101594,2023-03-10,547,0.324932,0
101594,2023-03-10,730,0.30038,0
101594,2023-03-10,1825,0.33509,0
101594,2023-03-13,10,0.247234,0
101594,2023-03-13,14,0.270339,0
101594,2023-03-13,30,0.244568,0
101594,2023-03-13,60,0.245036,0
101594,2023-03-13,91,0.28431,0
101594,2023-03-13,122,0.284216,0
101594,2023-03-13,152,0.348977,0
101594,2023-03-13,182,0.35472,0
101594,2023-03-13,273,0.332632,0
101594,2023-03-13,365,0.350841,0
101594,2023-03-13,547,0.323942,0
101594,2023-03-13,730,0.300547,0
101594,2023-03-13,1825,0.335317,0
101594,2023-03-14,10,0.242119,0
101594,2023-03-14,14,0.275151,0
101594,2023-03-14,30,0.243377,0
101594,2023-03-14,60,0.245959,0
101594,2023-03-14,91,0.285337,0
101594,2023-03-14,122,0.283506,0
101594,2023-03-14,152,0.345889,0
101594,2023-03-14,182,0.344811,0
101594,2023-03-14,273,0.332918,0
101594,2023-03-14,365,0.350081,0
101594,2023-03-14,547,0.324127,0
101594,2023-03-14,730,0.300401,0
101594,2023-03-14,1825,0.335368,0
101594,2023-03-15,10,0.224251,0
101594,2023-03-15,14,0.256998,0
101594,2023-03-15,30,0.234501,0
101594,2023-03-15,60,0.242868,0
101594,2023-03-15,91,0.283318,0
101594,2023-03-15,122,0.281803,0
101594,2023-03-15,152,0.341843,0
101594,2023-03-15,182,0.344562,0
101594,2023-03-15,273,0.332175,0
101594,2023-03-15,365,0.348859,0
101594,2023-03-15,547,0.324037,0
101594,2023-03-15,730,0.299936,0
101594,2023-03-15,1825,0.335362,0
101594,2023-03-16,10,0.224661,0
101594,2023-03-16,14,0.265413,0
101594,2023-03-16,30,0.242754,0
101594,2023-03-16,60,0.242832,0
101594,2023-03-16,91,0.266673,0
101594,2023-03-16,122,0.283038,0
101594,2023-03-16,152,0.341271,0
101594,2023-03-16,182,0.344484,0
101594,2023-03-16,273,0.329324,0
101594,2023-03-16,365,0.34817,0
101594,2023-03-16,547,0.324349,0
101594,2023-03-16,730,0.300084,0
101594,2023-03-16,1825,0.33532,0
101594,2023-03-17,10,0.205973,0
101594,2023-03-17,14,0.219665,0
101594,2023-03-17,30,0.23891,0
101594,2023-03-17,60,0.240904,0
101594,2023-03-17,91,0.264874,0
101594,2023-03-17,122,0.28254,0
101594,2023-03-17,152,0.339782,0
101594,2023-03-17,182,0.344206,0
101594,2023-03-17,273,0.329181,0
101594,2023-03-17,365,0.34815,0
101594,2023-03-17,547,0.324379,0
101594,2023-03-17,730,0.300074,0
101594,2023-03-17,1825,0.3352,0
101594,2023-03-20,10,0.145609,0
101594,2023-03-20,14,0.214071,0
101594,2023-03-20,30,0.245657,0
101594,2023-03-20,60,0.247171,0
101594,2023-03-20,91,0.263404,0
101594,2023-03-20,122,0.285934,0
101594,2023-03-20,152,0.340818,0
101594,2023-03-20,182,0.343102,0
101594,2023-03-20,273,0.328726,0
101594,2023-03-20,365,0.34787,0
101594,2023-03-20,547,0.324256,0
101594,2023-03-20,730,0.299511,0
101594,2023-03-20,1825,0.335274,0
101594,2023-03-21,10,0.13356,0
101594,2023-03-21,14,0.196058,0
101594,2023-03-21,30,0.242086,0
101594,2023-03-21,60,0.245005,0
101594,2023-03-21,91,0.263939,0
101594,2023-03-21,122,0.284861,0
101594,2023-03-21,152,0.341182,0
101594,2023-03-21,182,0.342807,0
101594,2023-03-21,273,0.326958,0
101594,2023-03-21,365,0.34797,0
101594,2023-03-21,547,0.323901,0
101594,2023-03-21,730,0.29932,0
101594,2023-03-21,1825,0.335239,0
101594,2023-03-22,10,0.163858,0
101594,2023-03-22,14,0.206918,0
101594,2023-03-22,30,0.239273,0
101594,2023-03-22,60,0.243991,0
101594,2023-03-22,91,0.261645,0
101594,2023-03-22,122,0.283632,0
101594,2023-03-22,152,0.339126,0
101594,2023-03-22,182,0.341798,0
101594,2023-03-22,273,0.327118,0
101594,2023-03-22,365,0.347461,0
101594,2023-03-22,547,0.323983,0
101594,2023-03-22,730,0.29877,0
101594,2023-03-22,1825,0.33509,0
101594,2023-03-23,10,0.159928,0
101594,2023-03-23,14,0.18045,0
101594,2023-03-23,30,0.217172,0
101594,2023-03-23,60,0.241234,0
101594,2023-03-23,91,0.255937,0
101594,2023-03-23,122,0.281059,0
101594,2023-03-23,152,0.337615,0
101594,2023-03-23,182,0.341796,0
101594,2023-03-23,273,0.326326,0
101594,2023-03-23,365,0.347433,0
101594,2023-03-23,547,0.323749,0
101594,2023-03-23,730,0.298758,0
101594,2023-03-23,1825,0.334967,0
101594,2023-03-24,10,0.153824,0
101594,2023-03-24,14,0.144594,0
101594,2023-03-24,30,0.217874,0
101594,2023-03-24,60,0.236507,0
101594,2023-03-24,91,0.255865,0
101594,2023-03-24,122,0.280332,0
101594,2023-03-24,152,0.336189,0
101594,2023-03-24,182,0.341248,0
101594,2023-03-24,273,0.325302,0
101594,2023-03-24,365,0.346791,0
101594,2023-03-24,547,0.323772,0
101594,2023-03-24,730,0.298446,0
101594,2023-03-24,1825,0.334849,0
101594,2023-03-27,10,0.182007,0
101594,2023-03-27,14,0.171452,0
101594,2023-03-27,30,0.217032,0
101594,2023-03-27,60,0.242002,0
101594,2023-03-27,91,0.255699,0
101594,2023-03-27,122,0.280527,0
101594,2023-03-27,152,0.336597,0
101594,2023-03-27,182,0.341729,0
101594,2023-03-27,273,0.325652,0
101594,2023-03-27,365,0.346977,0
101594,2023-03-27,547,0.323937,0
101594,2023-03-27,730,0.298856,0
101594,2023-03-27,1825,0.334292,0
101594,2023-03-28,10,0.172101,0
101594,2023-03-28,14,0.168968,0
101594,2023-03-28,30,0.213359,0
101594,2023-03-28,60,0.240779,0
101594,2023-03-28,91,0.25375,0
101594,2023-03-28,122,0.278938,0
101594,2023-03-28,152,0.33298,0
101594,2023-03-28,182,0.341672,0
101594,2023-03-28,273,0.323712,0
101594,2023-03-28,365,0.346953,0
101594,2023-03-28,547,0.323834,0
101594,2023-03-28,730,0.298576,0
101594,2023-03-28,1825,0.334286,0
101594,2023-03-29,10,0.186226,0
101594,2023-03-29,14,0.187624,0
101594,2023-03-29,30,0.219903,0
101594,2023-03-29,60,0.241734,0
101594,2023-03-29,91,0.245922,0
101594,2023-03-29,122,0.279164,0
101594,2023-03-29,152,0.314445,0
101594,2023-03-29,182,0.342244,0
101594,2023-03-29,273,0.324141,0
101594,2023-03-29,365,0.34699,0
101594,2023-03-29,547,0.323604,0
101594,2023-03-29,730,0.298879,0
101594,2023-03-29,1825,0.334256,0
101594,2023-03-30,10,0.177052,0
101594,2023-03-30,14,0.174669,0
101594,2023-03-30,30,0.219253,0
101594,2023-03-30,60,0.239528,0
101594,2023-03-30,91,0.241296,0
101594,2023-03-30,122,0.275331,0
101594,2023-03-30,152,0.313264,0
101594,2023-03-30,182,0.334618,0
101594,2023-03-30,273,0.323553,0
101594,2023-03-30,365,0.347084,0
101594,2023-03-30,547,0.323658,0
101594,2023-03-30,730,0.29881,0
101594,2023-03-30,1825,0.334145,0
101594,2023-03-31,10,0.184032,0
101594,2023-03-31,14,0.174283,0
101594,2023-03-31,30,0.211798,0
101594,2023-03-31,60,0.234715,0
101594,2023-03-31,91,0.242462,0
101594,2023-03-31,122,0.273464,0
101594,2023-03-31,152,0.31263,0
101594,2023-03-31,182,0.332165,0
101594,2023-03-31,273,0.323522,0
101594,2023-03-31,365,0.346993,0
101594,2023-03-31,547,0.323797,0
101594,2023-03-31,730,0.298725,0
101594,2023-03-31,1825,0.334075,0
101594,2023-04-03,10,0.191855,0
101594,2023-04-03,14,0.167074,0
101594,2023-04-03,30,0.190595,0
101594,2023-04-03,60,0.224775,0
101594,2023-04-03,91,0.240619,0
101594,2023-04-03,122,0.264837,0
101594,2023-04-03,152,0.307374,0
101594,2023-04-03,182,0.329716,0
101594,2023-04-03,273,0.322754,0
101594,2023-04-03,365,0.347079,0
101594,2023-04-03,547,0.32379,0
101594,2023-04-03,730,0.298734,0
101594,2023-04-03,1825,0.334216,0
101594,2023-04-04,10,0.183815,0
101594,2023-04-04,14,0.167975,0
101594,2023-04-04,30,0.187867,0
101594,2023-04-04,60,0.218271,0
101594,2023-04-04,91,0.225481,0
101594,2023-04-04,122,0.263345,0
101594,2023-04-04,152,0.299266,0
101594,2023-04-04,182,0.327973,0
101594,2023-04-04,273,0.322129,0
101594,2023-04-04,365,0.34628,0
101594,2023-04-04,547,0.323138,0
101594,2023-04-04,730,0.29845,0
101594,2023-04-04,1825,0.334211,0
101594,2023-04-05,10,0.192607,0
101594,2023-04-05,14,0.173072,0
101594,2023-04-05,30,0.187889,0
101594,2023-04-05,60,0.217963,0
101594,2023-04-05,91,0.227366,0
101594,2023-04-05,122,0.262683,0
101594,2023-04-05,152,0.299914,0
101594,2023-04-05,182,0.32844,0
101594,2023-04-05,273,0.322276,0
101594,2023-04-05,365,0.345941,0
101594,2023-04-05,547,0.32309,0
101594,2023-04-05,730,0.298136,0
101594,2023-04-05,1825,0.334039,0
101594,2023-04-06,10,0.166602,0
101594,2023-04-06,14,0.172455,0
101594,2023-04-06,30,0.17752,0
101594,2023-04-06,60,0.215577,0
101594,2023-04-06,91,0.225378,0
101594,2023-04-06,122,0.262279,0
101594,2023-04-06,152,0.298514,0
101594,2023-04-06,182,0.328323,0
101594,2023-04-06,273,0.32122,0
101594,2023-04-06,365,0.345493,0
101594,2023-04-06,547,0.323081,0
101594,2023-04-06,730,0.298154,0
101594,2023-04-06,1825,0.333912,0
101594,2023-04-10,10,0.163826,0
101594,2023-04-10,14,0.191528,0
101594,2023-04-10,30,0.1756,0
101594,2023-04-10,60,0.211379,0
101594,2023-04-10,91,0.22141,0
101594,2023-04-10,122,0.262375,0
101594,2023-04-10,152,0.297488,0
101594,2023-04-10,182,0.325941,0
101594,2023-04-10,273,0.322126,0
101594,2023-04-10,365,0.346348,0
101594,2023-04-10,547,0.323706,0
101594,2023-04-10,730,0.29823,0
101594,2023-04-10,1825,0.334141,0
101594,2023-04-11,10,0.14893,0
101594,2023-04-11,14,0.196367,0
101594,2023-04-11,30,0.176113,0
101594,2023-04-11,60,0.212693,0
101594,2023-04-11,91,0.222544,0
101594,2023-04-11,122,0.261255,0
101594,2023-04-11,152,0.266733,0
101594,2023-04-11,182,0.325769,0
101594,2023-04-11,273,0.322186,0
101594,2023-04-11,365,0.345463,0
101594,2023-04-11,547,0.323771,0
101594,2023-04-11,730,0.297987,0
101594,2023-04-11,1825,0.334141,0
101594,2023-04-12,10,0.135958,0
101594,2023-04-12,14,0.168435,0
101594,2023-04-12,30,0.174807,0
101594,2023-04-12,60,0.210532,0
101594,2023-04-12,91,0.220137,0
101594,2023-04-12,122,0.259859,0
101594,2023-04-12,152,0.265287,0
101594,2023-04-12,182,0.32576,0
101594,2023-04-12,273,0.322216,0
101594,2023-04-12,365,0.345292,0
101594,2023-04-12,547,0.3237,0
101594,2023-04-12,730,0.297849,0
101594,2023-04-12,1825,0.334148,0
101594,2023-04-13,10,0.261534,0
101594,2023-04-13,14,0.243869,0
101594,2023-04-13,30,0.201438,0
101594,2023-04-13,60,0.222326,0
101594,2023-04-13,91,0.228459,0
101594,2023-04-13,122,0.264586,0
101594,2023-04-13,152,0.268941,0
101594,2023-04-13,182,0.325856,0
101594,2023-04-13,273,0.323673,0
101594,2023-04-13,365,0.346559,0
101594,2023-04-13,547,0.324815,0
101594,2023-04-13,730,0.298302,0
101594,2023-04-13,1825,0.334331,0
101594,2023-04-14,10,0.261124,0
101594,2023-04-14,14,0.230963,0
101594,2023-04-14,30,0.202478,0
101594,2023-04-14,60,0.218674,0
101594,2023-04-14,91,0.228334,0
101594,2023-04-14,122,0.264512,0
101594,2023-04-14,152,0.267676,0
101594,2023-04-14,182,0.322217,0
101594,2023-04-14,273,0.323445,0
101594,2023-04-14,365,0.345212,0
101594,2023-04-14,547,0.324424,0
101594,2023-04-14,730,0.298021,0
101594,2023-04-14,1825,0.334201,0
101594,2023-04-17,10,0.271584,0
101594,2023-04-17,14,0.226693,0
101594,2023-04-17,30,0.198064,0
101594,2023-04-17,60,0.21943,0
101594,2023-04-17,91,0.226575,0
101594,2023-04-17,122,0.248937,0
101594,2023-04-17,152,0.268858,0
101594,2023-04-17,182,0.319832,0
101594,2023-04-17,273,0.322486,0
101594,2023-04-17,365,0.344521,0
101594,2023-04-17,547,0.324372,0
101594,2023-04-17,730,0.298035,0
101594,2023-04-17,1825,0.334409,0
101594,2023-04-18,10,0.251355,0
101594,2023-04-18,14,0.22987,0
101594,2023-04-18,30,0.193617,0
101594,2023-04-18,60,0.218522,0
101594,2023-04-18,91,0.226467,0
101594,2023-04-18,122,0.247546,0
101594,2023-04-18,152,0.268397,0
101594,2023-04-18,182,0.319744,0
101594,2023-04-18,273,0.321194,0
101594,2023-04-18,365,0.344599,0
101594,2023-04-18,547,0.324291,0
101594,2023-04-18,730,0.29778,0
101594,2023-04-18,1825,0.334154,0
101594,2023-04-19,10,0.234662,0
101594,2023-04-19,14,0.220177,0
101594,2023-04-19,30,0.189207,0
101594,2023-04-19,60,0.216096,0
101594,2023-04-19,91,0.2259,0
101594,2023-04-19,122,0.246147,0
101594,2023-04-19,152,0.268526,0
101594,2023-04-19,182,0.319848,0
101594,2023-04-19,273,0.320931,0
101594,2023-04-19,365,0.344384,0
101594,2023-04-19,547,0.324114,0
101594,2023-04-19,730,0.297798,0
101594,2023-04-19,1825,0.333609,0
101594,2023-04-20,10,0.211783,0
101594,2023-04-20,14,0.223649,0
101594,2023-04-20,30,0.1887,0
101594,2023-04-20,60,0.214379,0
101594,2023-04-20,91,0.226591,0
101594,2023-04-20,122,0.244403,0
101594,2023-04-20,152,0.267423,0
101594,2023-04-20,182,0.319945,0
101594,2023-04-20,273,0.320572,0
101594,2023-04-20,365,0.344433,0
101594,2023-04-20,547,0.324145,0
101594,2023-04-20,730,0.297681,0
101594,2023-04-20,1825,0.333491,0
101594,2023-04-21,10,0.216279,0
101594,2023-04-21,14,0.218179,0
101594,2023-04-21,30,0.18923,0
101594,2023-04-21,60,0.213772,0
101594,2023-04-21,91,0.225814,0
101594,2023-04-21,122,0.245327,0
101594,2023-04-21,152,0.26665,0
101594,2023-04-21,182,0.318222,0
101594,2023-04-21,273,0.320638,0
101594,2023-04-21,365,0.344539,0
101594,2023-04-21,547,0.32425,0
101594,2023-04-21,730,0.297765,0
101594,2023-04-21,1825,0.333395,0
101594,2023-04-24,10,0.109652,0
101594,2023-04-24,14,0.198285,0
101594,2023-04-24,30,0.191833,0
101594,2023-04-24,60,0.20641,0
101594,2023-04-24,91,0.221998,0
101594,2023-04-24,122,0.240772,0
101594,2023-04-24,152,0.265869,0
101594,2023-04-24,182,0.317611,0
101594,2023-04-24,273,0.320513,0
101594,2023-04-24,365,0.343374,0
101594,2023-04-24,547,0.32422,0
101594,2023-04-24,730,0.297682,0
101594,2023-04-24,1825,0.333583,0
101594,2023-04-25,10,0.115492,0
101594,2023-04-25,14,0.201017,0
101594,2023-04-25,30,0.190847,0
101594,2023-04-25,60,0.202014,0
101594,2023-04-25,91,0.222752,0
101594,2023-04-25,122,0.240249,0
101594,2023-04-25,152,0.26506,0
101594,2023-04-25,182,0.316851,0
101594,2023-04-25,273,0.320538,0
101594,2023-04-25,365,0.343443,0
101594,2023-04-25,547,0.324318,0
101594,2023-04-25,730,0.297468,0
101594,2023-04-25,1825,0.333615,0
101594,2023-04-26,10,0.107133,0
101594,2023-04-26,14,0.19845,0
101594,2023-04-26,30,0.184616,0
101594,2023-04-26,60,0.199648,0
101594,2023-04-26,91,0.222357,0
101594,2023-04-26,122,0.238827,0
101594,2023-04-26,152,0.263064,0
101594,2023-04-26,182,0.31549,0
101594,2023-04-26,273,0.318197,0
101594,2023-04-26,365,0.341299,0
101594,2023-04-26,547,0.324299,0
101594,2023-04-26,730,0.297463,0
101594,2023-04-26,1825,0.333567,0
101594,2023-04-27,10,0.195996,0
101594,2023-04-27,14,0.174528,0
101594,2023-04-27,30,0.204549,0
101594,2023-04-27,60,0.206606,0
101594,2023-04-27,91,0.226916,0
101594,2023-04-27,122,0.241417,0
101594,2023-04-27,152,0.265138,0
101594,2023-04-27,182,0.314541,0
101594,2023-04-27,273,0.319793,0
101594,2023-04-27,365,0.342429,0
101594,2023-04-27,547,0.32508,0
101594,2023-04-27,730,0.298095,0
101594,2023-04-27,1825,0.333651,0
101594,2023-04-28,10,0.19603,0
101594,2023-04-28,14,0.175314,0
101594,2023-04-28,30,0.196423,0
101594,2023-04-28,60,0.206511,0
101594,2023-04-28,91,0.226034,0
101594,2023-04-28,122,0.239711,0
101594,2023-04-28,152,0.264039,0
101594,2023-04-28,182,0.297398,0
101594,2023-04-28,273,0.317745,0
101594,2023-04-28,365,0.339656,0
101594,2023-04-28,547,0.32452,0
101594,2023-04-28,730,0.298101,0
101594,2023-04-28,1825,0.33353,0
101594,2023-05-01,10,0.202017,0
101594,2023-05-01,14,0.17561,0
101594,2023-05-01,30,0.193525,0
101594,2023-05-01,60,0.206363,0
101594,2023-05-01,91,0.221376,0
101594,2023-05-01,122,0.230963,0
101594,2023-05-01,152,0.250268,0
101594,2023-05-01,182,0.296486,0
101594,2023-05-01,273,0.317658,0
101594,2023-05-01,365,0.33756,0
101594,2023-05-01,547,0.32416,0
101594,2023-05-01,730,0.298188,0
101594,2023-05-01,1825,0.333035,0
101594,2023-05-02,10,0.195396,0
101594,2023-05-02,14,0.178397,0
101594,2023-05-02,30,0.190459,0
101594,2023-05-02,60,0.192254,0
101594,2023-05-02,91,0.221717,0
101594,2023-05-02,122,0.230143,0
101594,2023-05-02,152,0.250544,0
101594,2023-05-02,182,0.295465,0
101594,2023-05-02,273,0.317551,0
101594,2023-05-02,365,0.33762,0
101594,2023-05-02,547,0.324168,0
101594,2023-05-02,730,0.297929,0
101594,2023-05-02,1825,0.333051,0
101594,2023-05-03,10,0.188601,0
101594,2023-05-03,14,0.179104,0
101594,2023-05-03,30,0.190563,0
101594,2023-05-03,60,0.191217,0
101594,2023-05-03,91,0.222161,0
101594,2023-05-03,122,0.229361,0
101594,2023-05-03,152,0.250733,0
101594,2023-05-03,182,0.290324,0
101594,2023-05-03,273,0.314673,0
101594,2023-05-03,365,0.337557,0
101594,2023-05-03,547,0.324169,0
101594,2023-05-03,730,0.297921,0
101594,2023-05-03,1825,0.332647,0
101594,2023-05-04,10,0.199859,0
101594,2023-05-04,14,0.183911,0
101594,2023-05-04,30,0.193562,0
101594,2023-05-04,60,0.191305,0
101594,2023-05-04,91,0.212343,0
101594,2023-05-04,122,0.229088,0
101594,2023-05-04,152,0.25012,0
101594,2023-05-04,182,0.283662,0
101594,2023-05-04,273,0.314879,0
101594,2023-05-04,365,0.335304,0
101594,2023-05-04,547,0.324185,0
101594,2023-05-04,730,0.296889,0
101594,2023-05-04,1825,0.332551,0
101594,2023-05-05,10,0.311855,0
101594,2023-05-05,14,0.287983,0
101594,2023-05-05,30,0.245581,0
101594,2023-05-05,60,0.215338,0
101594,2023-05-05,91,0.225776,0
101594,2023-05-05,122,0.229626,0
101594,2023-05-05,152,0.258385,0
101594,2023-05-05,182,0.29059,0
101594,2023-05-05,273,0.319313,0
101594,2023-05-05,365,0.333451,0
101594,2023-05-05,547,0.326311,0
101594,2023-05-05,730,0.298612,0
101594,2023-05-05,1825,0.333023,0
101594,2023-05-08,10,0.333049,0
101594,2023-05-08,14,0.288913,0
101594,2023-05-08,30,0.245609,0
101594,2023-05-08,60,0.211044,0
101594,2023-05-08,91,0.222162,0
101594,2023-05-08,122,0.223758,0
101594,2023-05-08,152,0.255682,0
101594,2023-05-08,182,0.290592,0
101594,2023-05-08,273,0.319293,0
101594,2023-05-08,365,0.333424,0
101594,2023-05-08,547,0.326302,0
101594,2023-05-08,730,0.298768,0
101594,2023-05-08,1825,0.333262,0
101594,2023-05-09,10,0.314997,0
101594,2023-05-09,14,0.289674,0
101594,2023-05-09,30,0.243401,0
101594,2023-05-09,60,0.209206,0
101594,2023-05-09,91,0.220775,0
101594,2023-05-09,122,0.223641,0
101594,2023-05-09,152,0.255876,0
101594,2023-05-09,182,0.29106,0
101594,2023-05-09,273,0.319516,0
101594,2023-05-09,365,0.331817,0
101594,2023-05-09,547,0.326377,0
101594,2023-05-09,730,0.298565,0
101594,2023-05-09,1825,0.333247,0
101594,2023-05-10,10,0.295588,0
101594,2023-05-10,14,0.289522,0
101594,2023-05-10,30,0.236252,0
101594,2023-05-10,60,0.207307,0
101594,2023-05-10,91,0.217827,0
101594,2023-05-10,122,0.222629,0
101594,2023-05-10,152,0.256084,0
101594,2023-05-10,182,0.286815,0
101594,2023-05-10,273,0.318342,0
101594,2023-05-10,365,0.3316,0
101594,2023-05-10,547,0.326474,0
101594,2023-05-10,730,0.298044,0
101594,2023-05-10,1825,0.333266,0
101594,2023-05-11,10,0.295058,0
101594,2023-05-11,14,0.261969,0
101594,2023-05-11,30,0.233316,0
101594,2023-05-11,60,0.20492,0
101594,2023-05-11,91,0.217058,0
101594,2023-05-11,122,0.222663,0
101594,2023-05-11,152,0.254841,0
101594,2023-05-11,182,0.260709,0
101594,2023-05-11,273,0.318299,0
101594,2023-05-11,365,0.327167,0
101594,2023-05-11,547,0.326072,0
101594,2023-05-11,730,0.297989,0
101594,2023-05-11,1825,0.333134,0
101594,2023-05-12,10,0.294204,0
101594,2023-05-12,14,0.26394,0
101594,2023-05-12,30,0.233774,0
101594,2023-05-12,60,0.204679,0
101594,2023-05-12,91,0.217601,0
101594,2023-05-12,122,0.223174,0
101594,2023-05-12,152,0.253869,0
101594,2023-05-12,182,0.259635,0
101594,2023-05-12,273,0.317421,0
101594,2023-05-12,365,0.326016,0
101594,2023-05-12,547,0.326107,0
101594,2023-05-12,730,0.297455,0
101594,2023-05-12,1825,0.333014,0
101594,2023-05-15,10,0.109457,0
101594,2023-05-15,14,0.2648,0
101594,2023-05-15,30,0.213407,0
101594,2023-05-15,60,0.204603,0
101594,2023-05-15,91,0.215217,0
101594,2023-05-15,122,0.22355,0
101594,2023-05-15,152,0.253849,0
101594,2023-05-15,182,0.259247,0
101594,2023-05-15,273,0.317355,0
101594,2023-05-15,365,0.324576,0
101594,2023-05-15,547,0.325921,0
101594,2023-05-15,730,0.29721,0
101594,2023-05-15,1825,0.333228,0
101594,2023-05-16,10,0.100185,0
101594,2023-05-16,14,0.261492,0
101594,2023-05-16,30,0.208375,0
101594,2023-05-16,60,0.203717,0
101594,2023-05-16,91,0.214901,0
101594,2023-05-16,122,0.222259,0
101594,2023-05-16,152,0.241382,0
101594,2023-05-16,182,0.258806,0
101594,2023-05-16,273,0.317353,0
101594,2023-05-16,365,0.324375,0
101594,2023-05-16,547,0.325921,0
101594,2023-05-16,730,0.296915,0
101594,2023-05-16,1825,0.333212,0
101594,2023-05-17,10,0.096337,0
101594,2023-05-17,14,0.256958,0
101594,2023-05-17,30,0.208348,0
101594,2023-05-17,60,0.201233,0
101594,2023-05-17,91,0.213561,0
101594,2023-05-17,122,0.220935,0
101594,2023-05-17,152,0.239898,0
101594,2023-05-17,182,0.258469,0
101594,2023-05-17,273,0.317218,0
101594,2023-05-17,365,0.323458,0
101594,2023-05-17,547,0.325892,0
101594,2023-05-17,730,0.296839,0
101594,2023-05-17,1825,0.333207,0
101594,2023-05-18,10,0.124472,0
101594,2023-05-18,14,0.250223,0
101594,2023-05-18,30,0.211248,0
101594,2023-05-18,60,0.200588,0
101594,2023-05-18,91,0.2134,0
101594,2023-05-18,122,0.220383,0
101594,2023-05-18,152,0.239357,0
101594,2023-05-18,182,0.258534,0
101594,2023-05-18,273,0.317597,0
101594,2023-05-18,365,0.318281,0
101594,2023-05-18,547,0.325808,0
101594,2023-05-18,730,0.296859,0
101594,2023-05-18,1825,0.333122,0
101594,2023-05-19,10,0.101962,0
101594,2023-05-19,14,0.110122,0
101594,2023-05-19,30,0.21068,0
101594,2023-05-19,60,0.198235,0
101594,2023-05-19,91,0.21252,0
101594,2023-05-19,122,0.220204,0
101594,2023-05-19,152,0.238222,0
101594,2023-05-19,182,0.25851,0
101594,2023-05-19,273,0.3171,0
101594,2023-05-19,365,0.317218,0
101594,2023-05-19,547,0.32501,0
101594,2023-05-19,730,0.296855,0
101594,2023-05-19,1825,0.332989,0
101594,2023-05-22,10,0.10565,0
101594,2023-05-22,14,0.11487,0
101594,2023-05-22,30,0.211335,0
101594,2023-05-22,60,0.200297,0
101594,2023-05-22,91,0.211381,0
101594,2023-05-22,122,0.221031,0
101594,2023-05-22,152,0.236762,0
101594,2023-05-22,182,0.256553,0
101594,2023-05-22,273,0.315995,0
101594,2023-05-22,365,0.317284,0
101594,2023-05-22,547,0.324761,0
101594,2023-05-22,730,0.296637,0
101594,2023-05-22,1825,0.333244,0
101594,2023-05-23,10,0.139671,0
101594,2023-05-23,14,0.130365,0
101594,2023-05-23,30,0.21497,0
101594,2023-05-23,60,0.204318,0
101594,2023-05-23,91,0.206116,0
101594,2023-05-23,122,0.221909,0
101594,2023-05-23,152,0.23472,0
101594,2023-05-23,182,0.256927,0
101594,2023-05-23,273,0.316494,0
101594,2023-05-23,365,0.315339,0
101594,2023-05-23,547,0.325001,0
101594,2023-05-23,730,0.296556,0
101594,2023-05-23,1825,0.333323,0
101594,2023-05-24,10,0.130051,0
101594,2023-05-24,14,0.117782,0
101594,2023-05-24,30,0.214971,0
101594,2023-05-24,60,0.201811,0
101594,2023-05-24,91,0.206116,0
101594,2023-05-24,122,0.220606,0
101594,2023-05-24,152,0.234572,0
101594,2023-05-24,182,0.256836,0
101594,2023-05-24,273,0.316493,0
101594,2023-05-24,365,0.314688,0
101594,2023-05-24,547,0.324998,0
101594,2023-05-24,730,0.296423,0
101594,2023-05-24,1825,0.333323,0
101594,2023-05-25,10,0.134777,0
101594,2023-05-25,14,0.12354,0
101594,2023-05-25,30,0.211708,0
101594,2023-05-25,60,0.199757,0
101594,2023-05-25,91,0.206293,0
101594,2023-05-25,122,0.217818,0
101594,2023-05-25,152,0.233516,0
101594,2023-05-25,182,0.255922,0
101594,2023-05-25,273,0.316125,0
101594,2023-05-25,365,0.314742,0
101594,2023-05-25,547,0.325032,0
101594,2023-05-25,730,0.29645,0
101594,2023-05-25,1825,0.3332,0
101594,2023-05-26,10,0.153857,0
101594,2023-05-26,14,0.138563,0
101594,2023-05-26,30,0.214953,0
101594,2023-05-26,60,0.198725,0
101594,2023-05-26,91,0.203374,0
101594,2023-05-26,122,0.218338,0
101594,2023-05-26,152,0.233057,0
101594,2023-05-26,182,0.25481,0
101594,2023-05-26,273,0.313326,0
101594,2023-05-26,365,0.314237,0
101594,2023-05-26,547,0.324795,0
101594,2023-05-26,730,0.296599,0
101594,2023-05-26,1825,0.333118,0
101594,2023-05-30,10,0.17311,0
101594,2023-05-30,14,0.150297,0
101594,2023-05-30,30,0.202323,0
101594,2023-05-30,60,0.198091,0
101594,2023-05-30,91,0.204918,0
101594,2023-05-30,122,0.219161,0
101594,2023-05-30,152,0.224516,0
101594,2023-05-30,182,0.250809,0
101594,2023-05-30,273,0.313399,0
101594,2023-05-30,365,0.311921,0
101594,2023-05-30,547,0.323775,0
101594,2023-05-30,730,0.2968,0
101594,2023-05-30,1825,0.333394,0
101594,2023-05-31,10,0.158631,0
101594,2023-05-31,14,0.151475,0
101594,2023-05-31,30,0.202283,0
101594,2023-05-31,60,0.195671,0
101594,2023-05-31,91,0.202002,0
101594,2023-05-31,122,0.2179,0
101594,2023-05-31,152,0.224576,0
101594,2023-05-31,182,0.242113,0
101594,2023-05-31,273,0.313123,0
101594,2023-05-31,365,0.311863,0
101594,2023-05-31,547,0.322787,0
101594,2023-05-31,730,0.296506,0
101594,2023-05-31,1825,0.33331,0
101594,2023-06-01,10,0.169461,0
101594,2023-06-01,14,0.157027,0
101594,2023-06-01,30,0.205217,0
101594,2023-06-01,60,0.196331,0
101594,2023-06-01,91,0.203592,0
101594,2023-06-01,122,0.215532,0
101594,2023-06-01,152,0.224376,0
101594,2023-06-01,182,0.242984,0
101594,2023-06-01,273,0.313588,0
101594,2023-06-01,365,0.312229,0
101594,2023-06-01,547,0.32303,0
101594,2023-06-01,730,0.29669,0
101594,2023-06-01,1825,0.333243,0
101594,2023-06-02,10,0.097328,0
101594,2023-06-02,14,0.156456,0
101594,2023-06-02,30,0.202188,0
101594,2023-06-02,60,0.195956,0
101594,2023-06-02,91,0.193553,0
101594,2023-06-02,122,0.215289,0
101594,2023-06-02,152,0.223309,0
101594,2023-06-02,182,0.24292,0
101594,2023-06-02,273,0.313169,0
101594,2023-06-02,365,0.311846,0
101594,2023-06-02,547,0.323008,0
101594,2023-06-02,730,0.296678,0
101594,2023-06-02,1825,0.333115,0
101594,2023-06-05,10,0.145557,0
101594,2023-06-05,14,0.160655,0
101594,2023-06-05,30,0.133003,0
101594,2023-06-05,60,0.198858,0
101594,2023-06-05,91,0.192075,0
101594,2023-06-05,122,0.206498,0
101594,2023-06-05,152,0.215234,0
101594,2023-06-05,182,0.242887,0
101594,2023-06-05,273,0.312483,0
101594,2023-06-05,365,0.309349,0
101594,2023-06-05,547,0.322921,0
101594,2023-06-05,730,0.296613,0
101594,2023-06-05,1825,0.333372,0
101594,2023-06-06,10,0.137319,0
101594,2023-06-06,14,0.123187,0
101594,2023-06-06,30,0.130313,0
101594,2023-06-06,60,0.196641,0
101594,2023-06-06,91,0.189158,0
101594,2023-06-06,122,0.205362,0
101594,2023-06-06,152,0.214273,0
101594,2023-06-06,182,0.23975,0
101594,2023-06-06,273,0.312324,0
101594,2023-06-06,365,0.309331,0
101594,2023-06-06,547,0.322467,0
101594,2023-06-06,730,0.296325,0
101594,2023-06-06,1825,0.333371,0
101594,2023-06-07,10,0.142628,0
101594,2023-06-07,14,0.13988,0
101594,2023-06-07,30,0.134188,0
101594,2023-06-07,60,0.195732,0
101594,2023-06-07,91,0.189943,0
101594,2023-06-07,122,0.204802,0
101594,2023-06-07,152,0.208738,0
101594,2023-06-07,182,0.239087,0
101594,2023-06-07,273,0.312328,0
101594,2023-06-07,365,0.308999,0
101594,2023-06-07,547,0.32128,0
101594,2023-06-07,730,0.296386,0
101594,2023-06-07,1825,0.333363,0
101594,2023-06-08,10,0.152001,0
101594,2023-06-08,14,0.152456,0
101594,2023-06-08,30,0.13613,0
101594,2023-06-08,60,0.196123,0
101594,2023-06-08,91,0.18831,0
101594,2023-06-08,122,0.2032,0
101594,2023-06-08,152,0.208602,0
101594,2023-06-08,182,0.239419,0
101594,2023-06-08,273,0.31255,0
101594,2023-06-08,365,0.30929,0
101594,2023-06-08,547,0.320997,0
101594,2023-06-08,730,0.296537,0
101594,2023-06-08,1825,0.333292,0
101594,2023-06-09,10,0.145254,0
101594,2023-06-09,14,0.142392,0
101594,2023-06-09,30,0.133069,0
101594,2023-06-09,60,0.190822,0
101594,2023-06-09,91,0.18517,0
101594,2023-06-09,122,0.201036,0
101594,2023-06-09,152,0.207612,0
101594,2023-06-09,182,0.239295,0
101594,2023-06-09,273,0.311866,0
101594,2023-06-09,365,0.306991,0
101594,2023-06-09,547,0.320991,0
101594,2023-06-09,730,0.296534,0
101594,2023-06-09,1825,0.33316,0
101594,2023-06-12,10,0.168479,0
101594,2023-06-12,14,0.147287,0
101594,2023-06-12,30,0.141322,0
101594,2023-06-12,60,0.179701,0
101594,2023-06-12,91,0.185742,0
101594,2023-06-12,122,0.201188,0
101594,2023-06-12,152,0.208655,0
101594,2023-06-12,182,0.239207,0
101594,2023-06-12,273,0.309359,0
101594,2023-06-12,365,0.304634,0
101594,2023-06-12,547,0.320447,0
101594,2023-06-12,730,0.296879,0
101594,2023-06-12,1825,0.333451,0
101594,2023-06-13,10,0.156945,0
101594,2023-06-13,14,0.147288,0
101594,2023-06-13,30,0.139184,0
101594,2023-06-13,60,0.179788,0
101594,2023-06-13,91,0.184787,0
101594,2023-06-13,122,0.20016,0
101594,2023-06-13,152,0.208766,0
101594,2023-06-13,182,0.239195,0
101594,2023-06-13,273,0.301097,0
101594,2023-06-13,365,0.301961,0
101594,2023-06-13,547,0.319992,0
101594,2023-06-13,730,0.296593,0
101594,2023-06-13,1825,0.333455,0
101594,2023-06-14,10,0.145592,0
101594,2023-06-14,14,0.145906,0
101594,2023-06-14,30,0.137593,0
101594,2023-06-14,60,0.177596,0
101594,2023-06-14,91,0.184789,0
101594,2023-06-14,122,0.198975,0
101594,2023-06-14,152,0.208479,0
101594,2023-06-14,182,0.237871,0
101594,2023-06-14,273,0.300947,0
101594,2023-06-14,365,0.301921,0
101594,2023-06-14,547,0.319933,0
101594,2023-06-14,730,0.296131,0
101594,2023-06-14,1825,0.333418,0
101594,2023-06-15,10,0.138672,0
101594,2023-06-15,14,0.136425,0
101594,2023-06-15,30,0.139742,0
101594,2023-06-15,60,0.176684,0
101594,2023-06-15,91,0.182839,0
101594,2023-06-15,122,0.197547,0
101594,2023-06-15,152,0.207855,0
101594,2023-06-15,182,0.227082,0
101594,2023-06-15,273,0.30027,0
101594,2023-06-15,365,0.301504,0
101594,2023-06-15,547,0.319237,0
101594,2023-06-15,730,0.296179,0
101594,2023-06-15,1825,0.333315,0
101594,2023-06-16,10,0.146501,0
101594,2023-06-16,14,0.143366,0
101594,2023-06-16,30,0.143638,0
101594,2023-06-16,60,0.177821,0
101594,2023-06-16,91,0.182916,0
101594,2023-06-16,122,0.197729,0
101594,2023-06-16,152,0.207325,0
101594,2023-06-16,182,0.22606,0
101594,2023-06-16,273,0.30005,0
101594,2023-06-16,365,0.298655,0
101594,2023-06-16,547,0.317569,0
101594,2023-06-16,730,0.296207,0
101594,2023-06-16,1825,0.333198,0
101594,2023-06-20,10,0.130312,0
101594,2023-06-20,14,0.138238,0
101594,2023-06-20,30,0.142282,0
101594,2023-06-20,60,0.179786,0
101594,2023-06-20,91,0.181668,0
101594,2023-06-20,122,0.19711,0
101594,2023-06-20,152,0.208723,0
101594,2023-06-20,182,0.225361,0
101594,2023-06-20,273,0.299104,0
101594,2023-06-20,365,0.298486,0
101594,2023-06-20,547,0.31787,0
101594,2023-06-20,730,0.296284,0
101594,2023-06-20,1825,0.333487,0
101594,2023-06-21,10,0.131601,0
101594,2023-06-21,14,0.133184,0
101594,2023-06-21,30,0.142434,0
101594,2023-06-21,60,0.178796,0
101594,2023-06-21,91,0.18089,0
101594,2023-06-21,122,0.196412,0
101594,2023-06-21,152,0.207632,0
101594,2023-06-21,182,0.223671,0
101594,2023-06-21,273,0.298163,0
101594,2023-06-21,365,0.296949,0
101594,2023-06-21,547,0.317537,0
101594,2023-06-21,730,0.296169,0
101594,2023-06-21,1825,0.333496,0
101594,2023-06-22,10,0.135319,0
101594,2023-06-22,14,0.136123,0
101594,2023-06-22,30,0.133429,0
101594,2023-06-22,60,0.179765,0
101594,2023-06-22,91,0.182842,0
101594,2023-06-22,122,0.196753,0
101594,2023-06-22,152,0.207701,0
101594,2023-06-22,182,0.221225,0
101594,2023-06-22,273,0.298571,0
101594,2023-06-22,365,0.297293,0
101594,2023-06-22,547,0.317576,0
101594,2023-06-22,730,0.296257,0
101594,2023-06-22,1825,0.333433,0
101594,2023-06-23,10,0.133996,0
101594,2023-06-23,14,0.139178,0
101594,2023-06-23,30,0.134839,0
101594,2023-06-23,60,0.180119,0
101594,2023-06-23,91,0.182681,0
101594,2023-06-23,122,0.190098,0
101594,2023-06-23,152,0.206834,0
101594,2023-06-23,182,0.221173,0
101594,2023-06-23,273,0.29798,0
101594,2023-06-23,365,0.296624,0
101594,2023-06-23,547,0.317567,0
101594,2023-06-23,730,0.296256,0
101594,2023-06-23,1825,0.333303,0
101594,2023-06-26,10,0.150801,0
101594,2023-06-26,14,0.129463,0
101594,2023-06-26,30,0.138692,0
101594,2023-06-26,60,0.172161,0
101594,2023-06-26,91,0.181322,0
101594,2023-06-26,122,0.189736,0
101594,2023-06-26,152,0.206348,0
101594,2023-06-26,182,0.220774,0
101594,2023-06-26,273,0.298151,0
101594,2023-06-26,365,0.295848,0
101594,2023-06-26,547,0.317207,0
101594,2023-06-26,730,0.296595,0
101594,2023-06-26,1825,0.333473,0
101594,2023-06-27,10,0.164642,0
101594,2023-06-27,14,0.146687,0
101594,2023-06-27,30,0.141634,0
101594,2023-06-27,60,0.174576,0
101594,2023-06-27,91,0.182511,0
101594,2023-06-27,122,0.189754,0
101594,2023-06-27,152,0.206384,0
101594,2023-06-27,182,0.220129,0
101594,2023-06-27,273,0.298517,0
101594,2023-06-27,365,0.296172,0
101594,2023-06-27,547,0.3169,0
101594,2023-06-27,730,0.296471,0
101594,2023-06-27,1825,0.333519,0
101594,2023-06-28,10,0.151759,0
101594,2023-06-28,14,0.147832,0
101594,2023-06-28,30,0.138395,0
101594,2023-06-28,60,0.172624,0
101594,2023-06-28,91,0.179419,0
101594,2023-06-28,122,0.188709,0
101594,2023-06-28,152,0.205746,0
101594,2023-06-28,182,0.214627,0
101594,2023-06-28,273,0.298134,0
101594,2023-06-28,365,0.294526,0
101594,2023-06-28,547,0.316902,0
101594,2023-06-28,730,0.296381,0
101594,2023-06-28,1825,0.333524,0
101594,2023-06-29,10,0.140757,0
101594,2023-06-29,14,0.140005,0
101594,2023-06-29,30,0.136133,0
101594,2023-06-29,60,0.17052,0
101594,2023-06-29,91,0.17882,0
101594,2023-06-29,122,0.188501,0
101594,2023-06-29,152,0.204757,0
101594,2023-06-29,182,0.211696,0
101594,2023-06-29,273,0.291979,0
101594,2023-06-29,365,0.294294,0
101594,2023-06-29,547,0.316905,0
101594,2023-06-29,730,0.296284,0
101594,2023-06-29,1825,0.333391,0
101594,2023-06-30,10,0.176968,0
101594,2023-06-30,14,0.168009,0
101594,2023-06-30,30,0.151406,0
101594,2023-06-30,60,0.177295,0
101594,2023-06-30,91,0.181604,0
101594,2023-06-30,122,0.191244,0
101594,2023-06-30,152,0.206174,0
101594,2023-06-30,182,0.213557,0
101594,2023-06-30,273,0.290608,0
101594,2023-06-30,365,0.294432,0
101594,2023-06-30,547,0.317399,0
101594,2023-06-30,730,0.296686,0
101594,2023-06-30,1825,0.3334,0
101594,2023-07-03,10,0.194638,0
101594,2023-07-03,14,0.171555,0
101594,2023-07-03,30,0.15459,0
101594,2023-07-03,60,0.177339,0
101594,2023-07-03,91,0.182513,0
101594,2023-07-03,122,0.184024,0
101594,2023-07-03,152,0.205303,0
101594,2023-07-03,182,0.213274,0
101594,2023-07-03,273,0.288915,0
101594,2023-07-03,365,0.294209,0
101594,2023-07-03,547,0.317452,0
101594,2023-07-03,730,0.296744,0
101594,2023-07-03,1825,0.333422,0
101594,2023-07-05,10,0.18948,0
101594,2023-07-05,14,0.181122,0
101594,2023-07-05,30,0.153134,0
101594,2023-07-05,60,0.142016,0
101594,2023-07-05,91,0.182259,0
101594,2023-07-05,122,0.183549,0
101594,2023-07-05,152,0.196769,0
101594,2023-07-05,182,0.205955,0
101594,2023-07-05,273,0.288496,0
101594,2023-07-05,365,0.293773,0
101594,2023-07-05,547,0.317101,0
101594,2023-07-05,730,0.296485,0
101594,2023-07-05,1825,0.333507,0
101594,2023-07-06,10,0.173676,0
101594,2023-07-06,14,0.166384,0
101594,2023-07-06,30,0.151918,0
101594,2023-07-06,60,0.14023,0
101594,2023-07-06,91,0.18216,0
101594,2023-07-06,122,0.181518,0
101594,2023-07-06,152,0.195812,0
101594,2023-07-06,182,0.20497,0
101594,2023-07-06,273,0.288342,0
101594,2023-07-06,365,0.293656,0
101594,2023-07-06,547,0.31632,0
101594,2023-07-06,730,0.296322,0
101594,2023-07-06,1825,0.333375,0
101594,2023-07-07,10,0.168282,0
101594,2023-07-07,14,0.171393,0
101594,2023-07-07,30,0.150221,0
101594,2023-07-07,60,0.141598,0
101594,2023-07-07,91,0.181459,0
101594,2023-07-07,122,0.179625,0
101594,2023-07-07,152,0.195264,0
101594,2023-07-07,182,0.199947,0
101594,2023-07-07,273,0.28486,0
101594,2023-07-07,365,0.292865,0
101594,2023-07-07,547,0.316049,0
101594,2023-07-07,730,0.296107,0
101594,2023-07-07,1825,0.333258,0
101594,2023-07-10,10,0.07899,0
101594,2023-07-10,14,0.178251,0
101594,2023-07-10,30,0.155805,0
101594,2023-07-10,60,0.144267,0
101594,2023-07-10,91,0.179567,0
101594,2023-07-10,122,0.177998,0
101594,2023-07-10,152,0.191305,0
101594,2023-07-10,182,0.200943,0
101594,2023-07-10,273,0.285236,0
101594,2023-07-10,365,0.293088,0
101594,2023-07-10,547,0.316182,0
101594,2023-07-10,730,0.296302,0
101594,2023-07-10,1825,0.333456,0
101594,2023-07-11,10,0.072928,0
101594,2023-07-11,14,0.161564,0
101594,2023-07-11,30,0.152682,0
101594,2023-07-11,60,0.143509,0
101594,2023-07-11,91,0.17871,0
101594,2023-07-11,122,0.177192,0
101594,2023-07-11,152,0.190931,0
101594,2023-07-11,182,0.201103,0
101594,2023-07-11,273,0.284942,0
101594,2023-07-11,365,0.292678,0
101594,2023-07-11,547,0.316192,0
101594,2023-07-11,730,0.296016,0
101594,2023-07-11,1825,0.333389,0
101594,2023-07-12,10,0.107582,0
101594,2023-07-12,14,0.16536,0
101594,2023-07-12,30,0.146585,0
101594,2023-07-12,60,0.142664,0
101594,2023-07-12,91,0.178598,0
101594,2023-07-12,122,0.176436,0
101594,2023-07-12,152,0.191225,0
101594,2023-07-12,182,0.199636,0
101594,2023-07-12,273,0.284973,0
101594,2023-07-12,365,0.292728,0
101594,2023-07-12,547,0.315986,0
101594,2023-07-12,730,0.296057,0
101594,2023-07-12,1825,0.333407,0
101594,2023-07-13,10,0.109404,0
101594,2023-07-13,14,0.166427,0
101594,2023-07-13,30,0.14595,0
101594,2023-07-13,60,0.14093,0
101594,2023-07-13,91,0.167136,0
101594,2023-07-13,122,0.175534,0
101594,2023-07-13,152,0.190315,0
101594,2023-07-13,182,0.199581,0
101594,2023-07-13,273,0.282619,0
101594,2023-07-13,365,0.292721,0
101594,2023-07-13,547,0.315995,0
101594,2023-07-13,730,0.296022,0
101594,2023-07-13,1825,0.333277,0
101594,2023-07-14,10,0.102052,0
101594,2023-07-14,14,0.101758,0
101594,2023-07-14,30,0.145884,0
101594,2023-07-14,60,0.140349,0
101594,2023-07-14,91,0.166923,0
101594,2023-07-14,122,0.174471,0
101594,2023-07-14,152,0.189412,0
101594,2023-07-14,182,0.199336,0
101594,2023-07-14,273,0.279749,0
101594,2023-07-14,365,0.292085,0
101594,2023-07-14,547,0.315591,0
101594,2023-07-14,730,0.295562,0
101594,2023-07-14,1825,0.333144,0
101594,2023-07-17,10,0.153764,0
101594,2023-07-17,14,0.136024,0
101594,2023-07-17,30,0.153568,0
101594,2023-07-17,60,0.145918,0
101594,2023-07-17,91,0.169502,0
101594,2023-07-17,122,0.175656,0
101594,2023-07-17,152,0.189818,0
101594,2023-07-17,182,0.199571,0
101594,2023-07-17,273,0.278554,0
101594,2023-07-17,365,0.292348,0
101594,2023-07-17,547,0.315869,0
101594,2023-07-17,730,0.295886,0
101594,2023-07-17,1825,0.333469,0
101594,2023-07-18,10,0.142621,0
101594,2023-07-18,14,0.128728,0
101594,2023-07-18,30,0.150099,0
101594,2023-07-18,60,0.146183,0
101594,2023-07-18,91,0.169389,0
101594,2023-07-18,122,0.174727,0
101594,2023-07-18,152,0.188848,0
101594,2023-07-18,182,0.19949,0
101594,2023-07-18,273,0.27843,0
101594,2023-07-18,365,0.291527,0
101594,2023-07-18,547,0.315451,0
101594,2023-07-18,730,0.295594,0
101594,2023-07-18,1825,0.333458,0
101594,2023-07-19,10,0.134739,0
101594,2023-07-19,14,0.126671,0
101594,2023-07-19,30,0.147209,0
101594,2023-07-19,60,0.144731,0
101594,2023-07-19,91,0.1694,0
101594,2023-07-19,122,0.173834,0
101594,2023-07-19,152,0.188351,0
101594,2023-07-19,182,0.199227,0
101594,2023-07-19,273,0.2785,0
101594,2023-07-19,365,0.290481,0
101594,2023-07-19,547,0.315096,0
101594,2023-07-19,730,0.294968,0
101594,2023-07-19,1825,0.333465,0
101594,2023-07-20,10,0.131957,0
101594,2023-07-20,14,0.140314,0
101594,2023-07-20,30,0.153562,0
101594,2023-07-20,60,0.146415,0
101594,2023-07-20,91,0.170488,0
101594,2023-07-20,122,0.173832,0
101594,2023-07-20,152,0.18845,0
101594,2023-07-20,182,0.200065,0
101594,2023-07-20,273,0.278781,0
101594,2023-07-20,365,0.290429,0
101594,2023-07-20,547,0.314715,0
101594,2023-07-20,730,0.294533,0
101594,2023-07-20,1825,0.333371,0
101594,2023-07-21,10,0.138454,0
101594,2023-07-21,14,0.140678,0
101594,2023-07-21,30,0.153882,0
101594,2023-07-21,60,0.146657,0
101594,2023-07-21,91,0.169563,0
101594,2023-07-21,122,0.173674,0
101594,2023-07-21,152,0.187999,0
101594,2023-07-21,182,0.199125,0
101594,2023-07-21,273,0.277376,0
101594,2023-07-21,365,0.290172,0
101594,2023-07-21,547,0.314636,0
101594,2023-07-21,730,0.294544,0
101594,2023-07-21,1825,0.333254,0
101594,2023-07-24,10,0.156431,0
101594,2023-07-24,14,0.125508,0
101594,2023-07-24,30,0.148388,0
101594,2023-07-24,60,0.142936,0
101594,2023-07-24,91,0.169595,0
101594,2023-07-24,122,0.174167,0
101594,2023-07-24,152,0.183252,0
101594,2023-07-24,182,0.196954,0
101594,2023-07-24,273,0.276962,0
101594,2023-07-24,365,0.29005,0
101594,2023-07-24,547,0.314462,0
101594,2023-07-24,730,0.294669,0
101594,2023-07-24,1825,0.333491,0
101594,2023-07-25,10,0.143726,0
101594,2023-07-25,14,0.122714,0
101594,2023-07-25,30,0.14498,0
101594,2023-07-25,60,0.139994,0
101594,2023-07-25,91,0.167849,0
101594,2023-07-25,122,0.173145,0
101594,2023-07-25,152,0.183275,0
101594,2023-07-25,182,0.196683,0
101594,2023-07-25,273,0.276206,0
101594,2023-07-25,365,0.28995,0
101594,2023-07-25,547,0.314448,0
101594,2023-07-25,730,0.294389,0
101594,2023-07-25,1825,0.333489,0
101594,2023-07-26,10,0.13372,0
101594,2023-07-26,14,0.11856,0
101594,2023-07-26,30,0.141192,0
101594,2023-07-26,60,0.138279,0
101594,2023-07-26,91,0.16779,0
101594,2023-07-26,122,0.172143,0
101594,2023-07-26,152,0.180393,0
101594,2023-07-26,182,0.196435,0
101594,2023-07-26,273,0.27512,0
101594,2023-07-26,365,0.289803,0
101594,2023-07-26,547,0.314312,0
101594,2023-07-26,730,0.294398,0
101594,2023-07-26,1825,0.333395,0
101594,2023-07-27,10,0.102677,0
101594,2023-07-27,14,0.126369,0
101594,2023-07-27,30,0.136559,0
101594,2023-07-27,60,0.138425,0
101594,2023-07-27,91,0.16067,0
101594,2023-07-27,122,0.170934,0
101594,2023-07-27,152,0.180105,0
101594,2023-07-27,182,0.196086,0
101594,2023-07-27,273,0.272666,0
101594,2023-07-27,365,0.288034,0
101594,2023-07-27,547,0.314366,0
101594,2023-07-27,730,0.294235,0
101594,2023-07-27,1825,0.333281,0
101594,2023-07-28,10,0.12848,0
101594,2023-07-28,14,0.13985,0
101594,2023-07-28,30,0.141965,0
101594,2023-07-28,60,0.139385,0
101594,2023-07-28,91,0.161907,0
101594,2023-07-28,122,0.171619,0
101594,2023-07-28,152,0.180014,0
101594,2023-07-28,182,0.196065,0
101594,2023-07-28,273,0.25999,0
101594,2023-07-28,365,0.288297,0
101594,2023-07-28,547,0.314529,0
101594,2023-07-28,730,0.294234,0
101594,2023-07-28,1825,0.333193,0
101594,2023-07-31,10,0.100974,0
101594,2023-07-31,14,0.114591,0
101594,2023-07-31,30,0.122542,0
101594,2023-07-31,60,0.137003,0
101594,2023-07-31,91,0.161808,0
101594,2023-07-31,122,0.168963,0
101594,2023-07-31,152,0.179292,0
101594,2023-07-31,182,0.193367,0
101594,2023-07-31,273,0.259256,0
101594,2023-07-31,365,0.286574,0
101594,2023-07-31,547,0.30971,0
101594,2023-07-31,730,0.294519,0
101594,2023-07-31,1825,0.332497,0
101594,2023-08-01,10,0.104432,0
101594,2023-08-01,14,0.117414,0
101594,2023-08-01,30,0.120662,0
101594,2023-08-01,60,0.137786,0
101594,2023-08-01,91,0.161435,0
101594,2023-08-01,122,0.168307,0
101594,2023-08-01,152,0.179633,0
101594,2023-08-01,182,0.193391,0
101594,2023-08-01,273,0.258382,0
101594,2023-08-01,365,0.286535,0
101594,2023-08-01,547,0.309031,0
101594,2023-08-01,730,0.294246,0
101594,2023-08-01,1825,0.332274,0
101594,2023-08-02,10,0.141007,0
101594,2023-08-02,14,0.137781,0
101594,2023-08-02,30,0.129971,0
101594,2023-08-02,60,0.142827,0
101594,2023-08-02,91,0.164523,0
101594,2023-08-02,122,0.170063,0
101594,2023-08-02,152,0.174891,0
101594,2023-08-02,182,0.194919,0
101594,2023-08-02,273,0.255014,0
101594,2023-08-02,365,0.286826,0
101594,2023-08-02,547,0.309304,0
101594,2023-08-02,730,0.294462,0
101594,2023-08-02,1825,0.332357,0
101594,2023-08-03,10,0.144684,0
101594,2023-08-03,14,0.133393,0
101594,2023-08-03,30,0.129273,0
101594,2023-08-03,60,0.142737,0
101594,2023-08-03,91,0.163802,0
101594,2023-08-03,122,0.170495,0
101594,2023-08-03,152,0.174696,0
101594,2023-08-03,182,0.189166,0
101594,2023-08-03,273,0.249774,0
101594,2023-08-03,365,0.284542,0
101594,2023-08-03,547,0.309317,0
101594,2023-08-03,730,0.294393,0
101594,2023-08-03,1825,0.332246,0
101594,2023-08-04,10,0.300705,0
101594,2023-08-04,14,0.277291,0
101594,2023-08-04,30,0.209797,0
101594,2023-08-04,60,0.187935,0
101594,2023-08-04,91,0.17137,0
101594,2023-08-04,122,0.191789,0
101594,2023-08-04,152,0.191117,0
101594,2023-08-04,182,0.200023,0
101594,2023-08-04,273,0.256688,0
101594,2023-08-04,365,0.288874,0
101594,2023-08-04,547,0.311645,0
101594,2023-08-04,730,0.296483,0
101594,2023-08-04,1825,0.332876,0
101594,2023-08-07,10,0.290905,0
101594,2023-08-07,14,0.277712,0
101594,2023-08-07,30,0.220197,0
101594,2023-08-07,60,0.192768,0
101594,2023-08-07,91,0.175241,0
101594,2023-08-07,122,0.194285,0
101594,2023-08-07,152,0.191529,0
101594,2023-08-07,182,0.19989,0
101594,2023-08-07,273,0.257612,0
101594,2023-08-07,365,0.289419,0
101594,2023-08-07,547,0.311973,0
101594,2023-08-07,730,0.297025,0
101594,2023-08-07,1825,0.333205,0
101594,2023-08-08,10,0.292445,0
101594,2023-08-08,14,0.278698,0
101594,2023-08-08,30,0.216739,0
101594,2023-08-08,60,0.193181,0
101594,2023-08-08,91,0.174156,0
101594,2023-08-08,122,0.193253,0
101594,2023-08-08,152,0.189838,0
101594,2023-08-08,182,0.198359,0
101594,2023-08-08,273,0.257632,0
101594,2023-08-08,365,0.289443,0
101594,2023-08-08,547,0.311981,0
101594,2023-08-08,730,0.296749,0
101594,2023-08-08,1825,0.333197,0
101594,2023-08-09,10,0.271349,0
101594,2023-08-09,14,0.270628,0
101594,2023-08-09,30,0.215959,0
101594,2023-08-09,60,0.192004,0
101594,2023-08-09,91,0.174124,0
101594,2023-08-09,122,0.192879,0
101594,2023-08-09,152,0.188987,0
101594,2023-08-09,182,0.19703,0
101594,2023-08-09,273,0.254627,0
101594,2023-08-09,365,0.289595,0
101594,2023-08-09,547,0.311714,0
101594,2023-08-09,730,0.296823,0
101594,2023-08-09,1825,0.333222,0
101594,2023-08-10,10,0.263635,0
101594,2023-08-10,14,0.273154,0
101594,2023-08-10,30,0.216004,0
101594,2023-08-10,60,0.18966,0
101594,2023-08-10,91,0.174151,0
101594,2023-08-10,122,0.190623,0
101594,2023-08-10,152,0.188133,0
101594,2023-08-10,182,0.196712,0
101594,2023-08-10,273,0.235037,0
101594,2023-08-10,365,0.288457,0
101594,2023-08-10,547,0.311643,0
101594,2023-08-10,730,0.296814,0
101594,2023-08-10,1825,0.333091,0
101594,2023-08-11,10,0.269951,0
101594,2023-08-11,14,0.251146,0
101594,2023-08-11,30,0.212461,0
101594,2023-08-11,60,0.185429,0
101594,2023-08-11,91,0.173741,0
101594,2023-08-11,122,0.190019,0
101594,2023-08-11,152,0.187248,0
101594,2023-08-11,182,0.196711,0
101594,2023-08-11,273,0.234088,0
101594,2023-08-11,365,0.288419,0
101594,2023-08-11,547,0.311023,0
101594,2023-08-11,730,0.296812,0
101594,2023-08-11,1825,0.332958,0
101594,2023-08-14,10,0.154605,0
101594,2023-08-14,14,0.261605,0
101594,2023-08-14,30,0.220241,0
101594,2023-08-14,60,0.189081,0
101594,2023-08-14,91,0.174503,0
101594,2023-08-14,122,0.183964,0
101594,2023-08-14,152,0.187582,0
101594,2023-08-14,182,0.195489,0
101594,2023-08-14,273,0.233968,0
101594,2023-08-14,365,0.287795,0
101594,2023-08-14,547,0.310657,0
101594,2023-08-14,730,0.296831,0
101594,2023-08-14,1825,0.333232,0
101594,2023-08-15,10,0.151447,0
101594,2023-08-15,14,0.260508,0
101594,2023-08-15,30,0.216822,0
101594,2023-08-15,60,0.190482,0
101594,2023-08-15,91,0.176159,0
101594,2023-08-15,122,0.184088,0
101594,2023-08-15,152,0.186721,0
101594,2023-08-15,182,0.196144,0
101594,2023-08-15,273,0.234065,0
101594,2023-08-15,365,0.287957,0
101594,2023-08-15,547,0.310797,0
101594,2023-08-15,730,0.29665,0
101594,2023-08-15,1825,0.333222,0
101594,2023-08-16,10,0.140484,0
101594,2023-08-16,14,0.259131,0
101594,2023-08-16,30,0.20446,0
101594,2023-08-16,60,0.188344,0
101594,2023-08-16,91,0.176388,0
101594,2023-08-16,122,0.183266,0
101594,2023-08-16,152,0.186678,0
101594,2023-08-16,182,0.195501,0
101594,2023-08-16,273,0.233914,0
101594,2023-08-16,365,0.288,0
101594,2023-08-16,547,0.310264,0
101594,2023-08-16,730,0.296529,0
101594,2023-08-16,1825,0.333126,0
101594,2023-08-17,10,0.131337,0
101594,2023-08-17,14,0.260782,0
101594,2023-08-17,30,0.207166,0
101594,2023-08-17,60,0.188978,0
101594,2023-08-17,91,0.176848,0
101594,2023-08-17,122,0.185192,0
101594,2023-08-17,152,0.187413,0
101594,2023-08-17,182,0.196091,0
101594,2023-08-17,273,0.234196,0
101594,2023-08-17,365,0.288247,0
101594,2023-08-17,547,0.310496,0
101594,2023-08-17,730,0.296683,0
101594,2023-08-17,1825,0.333067,0
101594,2023-08-18,10,0.126139,0
101594,2023-08-18,14,0.140943,0
101594,2023-08-18,30,0.204736,0
101594,2023-08-18,60,0.186996,0
101594,2023-08-18,91,0.176939,0
101594,2023-08-18,122,0.184849,0
101594,2023-08-18,152,0.186536,0
101594,2023-08-18,182,0.195721,0
101594,2023-08-18,273,0.234182,0
101594,2023-08-18,365,0.288251,0
101594,2023-08-18,547,0.31,0
101594,2023-08-18,730,0.296108,0
101594,2023-08-18,1825,0.332936,0
101594,2023-08-21,10,0.158905,0
101594,2023-08-21,14,0.13042,0
101594,2023-08-21,30,0.213272,0
101594,2023-08-21,60,0.187367,0
101594,2023-08-21,91,0.177259,0
101594,2023-08-21,122,0.185907,0
101594,2023-08-21,152,0.185849,0
101594,2023-08-21,182,0.19516,0
101594,2023-08-21,273,0.232804,0
101594,2023-08-21,365,0.287944,0
101594,2023-08-21,547,0.309964,0
101594,2023-08-21,730,0.296365,0
101594,2023-08-21,1825,0.333177,0
101594,2023-08-22,10,0.156326,0
101594,2023-08-22,14,0.134782,0
101594,2023-08-22,30,0.212046,0
101594,2023-08-22,60,0.18879,0
101594,2023-08-22,91,0.175056,0
101594,2023-08-22,122,0.18519,0
101594,2023-08-22,152,0.185926,0
101594,2023-08-22,182,0.191199,0
101594,2023-08-22,273,0.232401,0
101594,2023-08-22,365,0.287081,0
101594,2023-08-22,547,0.309616,0
101594,2023-08-22,730,0.296118,0
101594,2023-08-22,1825,0.333191,0
101594,2023-08-23,10,0.190836,0
101594,2023-08-23,14,0.169421,0
101594,2023-08-23,30,0.227457,0
101594,2023-08-23,60,0.19476,0
101594,2023-08-23,91,0.180176,0
101594,2023-08-23,122,0.187545,0
101594,2023-08-23,152,0.18836,0
101594,2023-08-23,182,0.19333,0
101594,2023-08-23,273,0.233589,0
101594,2023-08-23,365,0.287876,0
101594,2023-08-23,547,0.309757,0
101594,2023-08-23,730,0.296421,0
101594,2023-08-23,1825,0.333319,0
101594,2023-08-24,10,0.242466,0
101594,2023-08-24,14,0.2215,0
101594,2023-08-24,30,0.239472,0
101594,2023-08-24,60,0.202333,0
101594,2023-08-24,91,0.188016,0
101594,2023-08-24,122,0.193484,0
101594,2023-08-24,152,0.19231,0
101594,2023-08-24,182,0.197352,0
101594,2023-08-24,273,0.23514,0
101594,2023-08-24,365,0.289127,0
101594,2023-08-24,547,0.309775,0
101594,2023-08-24,730,0.297032,0
101594,2023-08-24,1825,0.333414,0
101594,2023-08-25,10,0.247109,0
101594,2023-08-25,14,0.231478,0
101594,2023-08-25,30,0.244467,0
101594,2023-08-25,60,0.20444,0
101594,2023-08-25,91,0.187605,0
101594,2023-08-25,122,0.193695,0
101594,2023-08-25,152,0.192229,0
101594,2023-08-25,182,0.196008,0
101594,2023-08-25,273,0.23429,0
101594,2023-08-25,365,0.289021,0
101594,2023-08-25,547,0.309652,0
101594,2023-08-25,730,0.297092,0
101594,2023-08-25,1825,0.333322,0
101594,2023-08-28,10,0.261737,0
101594,2023-08-28,14,0.230911,0
101594,2023-08-28,30,0.246817,0
101594,2023-08-28,60,0.206159,0
101594,2023-08-28,91,0.18686,0
101594,2023-08-28,122,0.190347,0
101594,2023-08-28,152,0.190974,0
101594,2023-08-28,182,0.196051,0
101594,2023-08-28,273,0.232228,0
101594,2023-08-28,365,0.286519,0
101594,2023-08-28,547,0.309559,0
101594,2023-08-28,730,0.29738,0
101594,2023-08-28,1825,0.333517,0
101594,2023-08-29,10,0.257988,0
101594,2023-08-29,14,0.242973,0
101594,2023-08-29,30,0.255835,0
101594,2023-08-29,60,0.205252,0
101594,2023-08-29,91,0.190537,0
101594,2023-08-29,122,0.192602,0
101594,2023-08-29,152,0.193146,0
101594,2023-08-29,182,0.19794,0
101594,2023-08-29,273,0.23192,0
101594,2023-08-29,365,0.286944,0
101594,2023-08-29,547,0.310047,0
101594,2023-08-29,730,0.297461,0
101594,2023-08-29,1825,0.333625,0
101594,2023-08-30,10,0.247151,0
101594,2023-08-30,14,0.248763,0
101594,2023-08-30,30,0.265639,0
101594,2023-08-30,60,0.208701,0
101594,2023-08-30,91,0.194032,0
101594,2023-08-30,122,0.193941,0
101594,2023-08-30,152,0.193848,0
101594,2023-08-30,182,0.198076,0
101594,2023-08-30,273,0.226563,0
101594,2023-08-30,365,0.287084,0
101594,2023-08-30,547,0.310265,0
101594,2023-08-30,730,0.297015,0
101594,2023-08-30,1825,0.333689,0
101594,2023-08-31,10,0.251156,0
101594,2023-08-31,14,0.223167,0
101594,2023-08-31,30,0.26572,0
101594,2023-08-31,60,0.206254,0
101594,2023-08-31,91,0.191635,0
101594,2023-08-31,122,0.193917,0
101594,2023-08-31,152,0.192913,0
101594,2023-08-31,182,0.198058,0
101594,2023-08-31,273,0.226562,0
101594,2023-08-31,365,0.286857,0
101594,2023-08-31,547,0.309833,0
101594,2023-08-31,730,0.296949,0
101594,2023-08-31,1825,0.333556,0
101594,2023-09-01,10,0.251143,0
101594,2023-09-01,14,0.221519,0
101594,2023-09-01,30,0.263157,0
101594,2023-09-01,60,0.206646,0
101594,2023-09-01,91,0.192091,0
101594,2023-09-01,122,0.193869,0
101594,2023-09-01,152,0.19231,0
101594,2023-09-01,182,0.192807,0
101594,2023-09-01,273,0.226647,0
101594,2023-09-01,365,0.286933,0
101594,2023-09-01,547,0.309898,0
101594,2023-09-01,730,0.296989,0
101594,2023-09-01,1825,0.33344,0
101594,2023-09-05,10,0.1371,0
101594,2023-09-05,14,0.237887,0
101594,2023-09-05,30,0.201413,0
101594,2023-09-05,60,0.210708,0
101594,2023-09-05,91,0.192809,0
101594,2023-09-05,122,0.178373,0
101594,2023-09-05,152,0.193593,0
101594,2023-09-05,182,0.190709,0
101594,2023-09-05,273,0.224768,0
101594,2023-09-05,365,0.286565,0
101594,2023-09-05,547,0.309272,0
101594,2023-09-05,730,0.297232,0
101594,2023-09-05,1825,0.333593,0
101594,2023-09-06,10,0.305728,0
101594,2023-09-06,14,0.315333,0
101594,2023-09-06,30,0.232921,0
101594,2023-09-06,60,0.226375,0
101594,2023-09-06,91,0.206351,0
101594,2023-09-06,122,0.18885,0
101594,2023-09-06,152,0.201459,0
101594,2023-09-06,182,0.198057,0
101594,2023-09-06,273,0.228384,0
101594,2023-09-06,365,0.288847,0
101594,2023-09-06,547,0.310587,0
101594,2023-09-06,730,0.298082,0
101594,2023-09-06,1825,0.333989,0
101594,2023-09-07,10,0.359614,0
101594,2023-09-07,14,0.324383,0
101594,2023-09-07,30,0.255474,0
101594,2023-09-07,60,0.234226,0
101594,2023-09-07,91,0.212816,0
101594,2023-09-07,122,0.196023,0
101594,2023-09-07,152,0.20606,0
101594,2023-09-07,182,0.201598,0
101594,2023-09-07,273,0.230891,0
101594,2023-09-07,365,0.290317,0
101594,2023-09-07,547,0.310307,0
101594,2023-09-07,730,0.298648,0
101594,2023-09-07,1825,0.334139,0
101594,2023-09-08,10,0.324231,0
101594,2023-09-08,14,0.317443,0
101594,2023-09-08,30,0.253918,0
101594,2023-09-08,60,0.233393,0
101594,2023-09-08,91,0.212895,0
101594,2023-09-08,122,0.195257,0
101594,2023-09-08,152,0.20512,0
101594,2023-09-08,182,0.200423,0
101594,2023-09-08,273,0.230843,0
101594,2023-09-08,365,0.29015,0
101594,2023-09-08,547,0.309477,0
101594,2023-09-08,730,0.298565,0
101594,2023-09-08,1825,0.334008,0
101594,2023-09-11,10,0.32406,0
101594,2023-09-11,14,0.315666,0
101594,2023-09-11,30,0.261484,0
101594,2023-09-11,60,0.238176,0
101594,2023-09-11,91,0.210921,0
101594,2023-09-11,122,0.196904,0
101594,2023-09-11,152,0.204964,0
101594,2023-09-11,182,0.19986,0
101594,2023-09-11,273,0.23026,0
101594,2023-09-11,365,0.289644,0
101594,2023-09-11,547,0.308863,0
101594,2023-09-11,730,0.297879,0
101594,2023-09-11,1825,0.333993,0
101594,2023-09-12,10,0.292665,0
101594,2023-09-12,14,0.296295,0
101594,2023-09-12,30,0.262092,0
101594,2023-09-12,60,0.241273,0
101594,2023-09-12,91,0.213597,0
101594,2023-09-12,122,0.198113,0
101594,2023-09-12,152,0.200501,0
101594,2023-09-12,182,0.200781,0
101594,2023-09-12,273,0.231157,0
101594,2023-09-12,365,0.287752,0
101594,2023-09-12,547,0.308387,0
101594,2023-09-12,730,0.297843,0
101594,2023-09-12,1825,0.333934,0
101594,2023-09-13,10,0.267166,0
101594,2023-09-13,14,0.261098,0
101594,2023-09-13,30,0.262482,0
101594,2023-09-13,60,0.239579,0
101594,2023-09-13,91,0.214634,0
101594,2023-09-13,122,0.198047,0
101594,2023-09-13,152,0.201409,0
101594,2023-09-13,182,0.201629,0
101594,2023-09-13,273,0.23083,0
101594,2023-09-13,365,0.281455,0
101594,2023-09-13,547,0.307644,0
101594,2023-09-13,730,0.297959,0
101594,2023-09-13,1825,0.333938,0
101594,2023-09-14,10,0.27335,0
101594,2023-09-14,14,0.272536,0
101594,2023-09-14,30,0.262172,0
101594,2023-09-14,60,0.238167,0
101594,2023-09-14,91,0.214135,0
101594,2023-09-14,122,0.198532,0
101594,2023-09-14,152,0.200841,0
101594,2023-09-14,182,0.200383,0
101594,2023-09-14,273,0.223741,0
101594,2023-09-14,365,0.281432,0
101594,2023-09-14,547,0.306846,0
101594,2023-09-14,730,0.297935,0
101594,2023-09-14,1825,0.333823,0
101594,2023-09-15,10,0.26736,0
101594,2023-09-15,14,0.257191,0
101594,2023-09-15,30,0.262011,0
101594,2023-09-15,60,0.233495,0
101594,2023-09-15,91,0.213999,0
101594,2023-09-15,122,0.19868,0
101594,2023-09-15,152,0.200018,0
101594,2023-09-15,182,0.200306,0
101594,2023-09-15,273,0.223046,0
101594,2023-09-15,365,0.280779,0
101594,2023-09-15,547,0.306826,0
101594,2023-09-15,730,0.297924,0
101594,2023-09-15,1825,0.333698,0
101594,2023-09-18,10,0.207799,0
101594,2023-09-18,14,0.274401,0
101594,2023-09-18,30,0.269869,0
101594,2023-09-18,60,0.242001,0
101594,2023-09-18,91,0.215177,0
101594,2023-09-18,122,0.201767,0
101594,2023-09-18,152,0.203001,0
101594,2023-09-18,182,0.200521,0
101594,2023-09-18,273,0.222814,0
101594,2023-09-18,365,0.281002,0
101594,2023-09-18,547,0.306667,0
101594,2023-09-18,730,0.298144,0
101594,2023-09-18,1825,0.333804,0
101594,2023-09-19,10,0.193492,0
101594,2023-09-19,14,0.279217,0
101594,2023-09-19,30,0.263645,0
101594,2023-09-19,60,0.242579,0
101594,2023-09-19,91,0.215591,0
101594,2023-09-19,122,0.200801,0
101594,2023-09-19,152,0.202927,0
101594,2023-09-19,182,0.200055,0
101594,2023-09-19,273,0.222862,0
101594,2023-09-19,365,0.280011,0
101594,2023-09-19,547,0.30663,0
101594,2023-09-19,730,0.297874,0
101594,2023-09-19,1825,0.333799,0
101594,2023-09-20,10,0.214147,0
101594,2023-09-20,14,0.238098,0
101594,2023-09-20,30,0.272579,0
101594,2023-09-20,60,0.243866,0
101594,2023-09-20,91,0.218937,0
101594,2023-09-20,122,0.202715,0
101594,2023-09-20,152,0.204877,0
101594,2023-09-20,182,0.201797,0
101594,2023-09-20,273,0.222826,0
101594,2023-09-20,365,0.28038,0
101594,2023-09-20,547,0.306629,0
101594,2023-09-20,730,0.297824,0
101594,2023-09-20,1825,0.333892,0
101594,2023-09-21,10,0.20964,0
101594,2023-09-21,14,0.194566,0
101594,2023-09-21,30,0.272605,0
101594,2023-09-21,60,0.241512,0
101594,2023-09-21,91,0.216736,0
101594,2023-09-21,122,0.203086,0
101594,2023-09-21,152,0.204426,0
101594,2023-09-21,182,0.202084,0
101594,2023-09-21,273,0.221159,0
101594,2023-09-21,365,0.279748,0
101594,2023-09-21,547,0.306647,0
101594,2023-09-21,730,0.29789,0
101594,2023-09-21,1825,0.333789,0
101594,2023-09-22,10,0.195153,0
101594,2023-09-22,14,0.195853,0
101594,2023-09-22,30,0.261023,0
101594,2023-09-22,60,0.241634,0
101594,2023-09-22,91,0.217071,0
101594,2023-09-22,122,0.201483,0
101594,2023-09-22,152,0.203563,0
101594,2023-09-22,182,0.201887,0
101594,2023-09-22,273,0.221138,0
101594,2023-09-22,365,0.279697,0
101594,2023-09-22,547,0.306124,0
101594,2023-09-22,730,0.297682,0
101594,2023-09-22,1825,0.333661,0
101594,2023-09-25,10,0.210483,0
101594,2023-09-25,14,0.196804,0
101594,2023-09-25,30,0.248353,0
101594,2023-09-25,60,0.247367,0
101594,2023-09-25,91,0.217292,0
101594,2023-09-25,122,0.202541,0
101594,2023-09-25,152,0.205175,0
101594,2023-09-25,182,0.20123,0
101594,2023-09-25,273,0.220646,0
101594,2023-09-25,365,0.279326,0
101594,2023-09-25,547,0.306168,0
101594,2023-09-25,730,0.297987,0
101594,2023-09-25,1825,0.333852,0
101594,2023-09-26,10,0.24263,0
101594,2023-09-26,14,0.212958,0
101594,2023-09-26,30,0.2548,0
101594,2023-09-26,60,0.249666,0
101594,2023-09-26,91,0.219643,0
101594,2023-09-26,122,0.205508,0
101594,2023-09-26,152,0.204134,0
101594,2023-09-26,182,0.204118,0
101594,2023-09-26,273,0.221856,0
101594,2023-09-26,365,0.280382,0
101594,2023-09-26,547,0.306755,0
101594,2023-09-26,730,0.298176,0
101594,2023-09-26,1825,0.333922,0
101594,2023-09-27,10,0.227508,0
101594,2023-09-27,14,0.209756,0
101594,2023-09-27,30,0.252894,0
101594,2023-09-27,60,0.247011,0
101594,2023-09-27,91,0.219585,0
101594,2023-09-27,122,0.204823,0
101594,2023-09-27,152,0.204303,0
101594,2023-09-27,182,0.20277,0
101594,2023-09-27,273,0.2189,0
101594,2023-09-27,365,0.280478,0
101594,2023-09-27,547,0.306445,0
101594,2023-09-27,730,0.298148,0
101594,2023-09-27,1825,0.333949,0
101594,2023-09-28,10,0.192436,0
101594,2023-09-28,14,0.20221,0
101594,2023-09-28,30,0.237777,0
101594,2023-09-28,60,0.244329,0
101594,2023-09-28,91,0.219568,0
101594,2023-09-28,122,0.203625,0
101594,2023-09-28,152,0.203331,0
101594,2023-09-28,182,0.202334,0
101594,2023-09-28,273,0.216738,0
101594,2023-09-28,365,0.280164,0
101594,2023-09-28,547,0.3064,0
101594,2023-09-28,730,0.297645,0
101594,2023-09-28,1825,0.333816,0
101594,2023-09-29,10,0.186497,0
101594,2023-09-29,14,0.204191,0
101594,2023-09-29,30,0.22474,0
101594,2023-09-29,60,0.244311,0
101594,2023-09-29,91,0.214097,0
101594,2023-09-29,122,0.202824,0
101594,2023-09-29,152,0.202412,0
101594,2023-09-29,182,0.201214,0
101594,2023-09-29,273,0.216743,0
101594,2023-09-29,365,0.275453,0
101594,2023-09-29,547,0.30606,0
101594,2023-09-29,730,0.29762,0
101594,2023-09-29,1825,0.333684,0
101594,2023-10-02,10,0.214985,0
101594,2023-10-02,14,0.199065,0
101594,2023-10-02,30,0.235422,0
101594,2023-10-02,60,0.251802,0
101594,2023-10-02,91,0.216326,0
101594,2023-10-02,122,0.204804,0
101594,2023-10-02,152,0.205097,0
101594,2023-10-02,182,0.201985,0
101594,2023-10-02,273,0.216705,0
101594,2023-10-02,365,0.274004,0
101594,2023-10-02,547,0.306295,0
101594,2023-10-02,730,0.29796,0
101594,2023-10-02,1825,0.333941,0
101594,2023-10-03,10,0.200457,0
101594,2023-10-03,14,0.194538,0
101594,2023-10-03,30,0.229776,0
101594,2023-10-03,60,0.222409,0
101594,2023-10-03,91,0.214955,0
101594,2023-10-03,122,0.203962,0
101594,2023-10-03,152,0.204858,0
101594,2023-10-03,182,0.202255,0
101594,2023-10-03,273,0.212013,0
101594,2023-10-03,365,0.272545,0
101594,2023-10-03,547,0.305758,0
101594,2023-10-03,730,0.29772,0
101594,2023-10-03,1825,0.333859,0
101594,2023-10-04,10,0.19271,0
101594,2023-10-04,14,0.17787,0
101594,2023-10-04,30,0.227752,0
101594,2023-10-04,60,0.22068,0
101594,2023-10-04,91,0.215516,0
101594,2023-10-04,122,0.203193,0
101594,2023-10-04,152,0.192333,0
101594,2023-10-04,182,0.201795,0
101594,2023-10-04,273,0.21188,0
101594,2023-10-04,365,0.271507,0
101594,2023-10-04,547,0.305416,0
101594,2023-10-04,730,0.297218,0
101594,2023-10-04,1825,0.333781,0
101594,2023-10-05,10,0.192436,0
101594,2023-10-05,14,0.176252,0
101594,2023-10-05,30,0.230241,0
101594,2023-10-05,60,0.218951,0
101594,2023-10-05,91,0.216061,0
101594,2023-10-05,122,0.20323,0
101594,2023-10-05,152,0.191726,0
101594,2023-10-05,182,0.201894,0
101594,2023-10-05,273,0.211482,0
101594,2023-10-05,365,0.271581,0
101594,2023-10-05,547,0.305089,0
101594,2023-10-05,730,0.297099,0
101594,2023-10-05,1825,0.33366,0
101594,2023-10-06,10,0.142342,0
101594,2023-10-06,14,0.189255,0
101594,2023-10-06,30,0.20674,0
101594,2023-10-06,60,0.218193,0
101594,2023-10-06,91,0.218191,0
101594,2023-10-06,122,0.204823,0
101594,2023-10-06,152,0.192124,0
101594,2023-10-06,182,0.202076,0
101594,2023-10-06,273,0.20822,0
101594,2023-10-06,365,0.271835,0
101594,2023-10-06,547,0.305319,0
101594,2023-10-06,730,0.297241,0
101594,2023-10-06,1825,0.333584,0
101594,2023-10-09,10,0.130573,0
101594,2023-10-09,14,0.190242,0
101594,2023-10-09,30,0.187137,0
101594,2023-10-09,60,0.223017,0
101594,2023-10-09,91,0.218084,0
101594,2023-10-09,122,0.205592,0
101594,2023-10-09,152,0.193085,0
101594,2023-10-09,182,0.200958,0
101594,2023-10-09,273,0.208347,0
101594,2023-10-09,365,0.269205,0
101594,2023-10-09,547,0.305233,0
101594,2023-10-09,730,0.29752,0
101594,2023-10-09,1825,0.333108,0
101594,2023-10-10,10,0.135569,0
101594,2023-10-10,14,0.133382,0
101594,2023-10-10,30,0.183027,0
101594,2023-10-10,60,0.223188,0
101594,2023-10-10,91,0.218107,0
101594,2023-10-10,122,0.204427,0
101594,2023-10-10,152,0.193166,0
101594,2023-10-10,182,0.200688,0
101594,2023-10-10,273,0.208405,0
101594,2023-10-10,365,0.269237,0
101594,2023-10-10,547,0.3045,0
101594,2023-10-10,730,0.297236,0
101594,2023-10-10,1825,0.333085,0
101594,2023-10-11,10,0.126016,0
101594,2023-10-11,14,0.114204,0
101594,2023-10-11,30,0.183623,0
101594,2023-10-11,60,0.221274,0
101594,2023-10-11,91,0.217925,0
101594,2023-10-11,122,0.203676,0
101594,2023-10-11,152,0.193314,0
101594,2023-10-11,182,0.200794,0
101594,2023-10-11,273,0.20733,0
101594,2023-10-11,365,0.269085,0
101594,2023-10-11,547,0.304425,0
101594,2023-10-11,730,0.297281,0
101594,2023-10-11,1825,0.332748,0
101594,2023-10-12,10,0.113281,0
101594,2023-10-12,14,0.112251,0
101594,2023-10-12,30,0.173609,0
101594,2023-10-12,60,0.21893,0
101594,2023-10-12,91,0.218023,0
101594,2023-10-12,122,0.202065,0
101594,2023-10-12,152,0.192517,0
101594,2023-10-12,182,0.195442,0
101594,2023-10-12,273,0.207352,0
101594,2023-10-12,365,0.269054,0
101594,2023-10-12,547,0.304168,0
101594,2023-10-12,730,0.29722,0
101594,2023-10-12,1825,0.332621,0
101594,2023-10-13,10,0.123962,0
101594,2023-10-13,14,0.13825,0
101594,2023-10-13,30,0.172262,0
101594,2023-10-13,60,0.21928,0
101594,2023-10-13,91,0.218816,0
101594,2023-10-13,122,0.202781,0
101594,2023-10-13,152,0.19232,0
101594,2023-10-13,182,0.196028,0
101594,2023-10-13,273,0.20758,0
101594,2023-10-13,365,0.267365,0
101594,2023-10-13,547,0.303251,0
101594,2023-10-13,730,0.2973,0
101594,2023-10-13,1825,0.332527,0
101594,2023-10-16,10,0.116478,0
101594,2023-10-16,14,0.127141,0
101594,2023-10-16,30,0.173535,0
101594,2023-10-16,60,0.219256,0
101594,2023-10-16,91,0.215742,0
101594,2023-10-16,122,0.203912,0
101594,2023-10-16,152,0.194051,0
101594,2023-10-16,182,0.196037,0
101594,2023-10-16,273,0.207044,0
101594,2023-10-16,365,0.265214,0
101594,2023-10-16,547,0.302849,0
101594,2023-10-16,730,0.297233,0
101594,2023-10-16,1825,0.332499,0
101594,2023-10-17,10,0.122015,0
101594,2023-10-17,14,0.129615,0
101594,2023-10-17,30,0.172585,0
101594,2023-10-17,60,0.220429,0
101594,2023-10-17,91,0.216264,0
101594,2023-10-17,122,0.203205,0
101594,2023-10-17,152,0.193446,0
101594,2023-10-17,182,0.196247,0
101594,2023-10-17,273,0.207217,0
101594,2023-10-17,365,0.263931,0
101594,2023-10-17,547,0.302937,0
101594,2023-10-17,730,0.297009,0
101594,2023-10-17,1825,0.332345,0
101594,2023-10-18,10,0.119877,0
101594,2023-10-18,14,0.135979,0
101594,2023-10-18,30,0.164537,0
101594,2023-10-18,60,0.218559,0
101594,2023-10-18,91,0.215915,0
101594,2023-10-18,122,0.202344,0
101594,2023-10-18,152,0.193801,0
101594,2023-10-18,182,0.19635,0
101594,2023-10-18,273,0.20732,0
101594,2023-10-18,365,0.263924,0
101594,2023-10-18,547,0.302789,0
101594,2023-10-18,730,0.296952,0
101594,2023-10-18,1825,0.332306,0
101594,2023-10-19,10,0.102939,0
101594,2023-10-19,14,0.132625,0
101594,2023-10-19,30,0.162868,0
101594,2023-10-19,60,0.216016,0
101594,2023-10-19,91,0.215231,0
101594,2023-10-19,122,0.201168,0
101594,2023-10-19,152,0.192897,0
101594,2023-10-19,182,0.196181,0
101594,2023-10-19,273,0.207358,0
101594,2023-10-19,365,0.263941,0
101594,2023-10-19,547,0.302793,0
101594,2023-10-19,730,0.296778,0
101594,2023-10-19,1825,0.332177,0
101594,2023-10-20,10,0.124282,0
101594,2023-10-20,14,0.125771,0
101594,2023-10-20,30,0.156106,0
101594,2023-10-20,60,0.218145,0
101594,2023-10-20,91,0.216662,0
101594,2023-10-20,122,0.202624,0
101594,2023-10-20,152,0.193336,0
101594,2023-10-20,182,0.196832,0
101594,2023-10-20,273,0.207182,0
101594,2023-10-20,365,0.264374,0
101594,2023-10-20,547,0.303013,0
101594,2023-10-20,730,0.296964,0
101594,2023-10-20,1825,0.33212,0
101594,2023-10-23,10,0.093578,0
101594,2023-10-23,14,0.112,0
101594,2023-10-23,30,0.156036,0
101594,2023-10-23,60,0.205338,0
101594,2023-10-23,91,0.216396,0
101594,2023-10-23,122,0.202678,0
101594,2023-10-23,152,0.193536,0
101594,2023-10-23,182,0.196821,0
101594,2023-10-23,273,0.205601,0
101594,2023-10-23,365,0.263084,0
101594,2023-10-23,547,0.302121,0
101594,2023-10-23,730,0.297232,0
101594,2023-10-23,1825,0.331966,0
101594,2023-10-24,10,0.098231,0
101594,2023-10-24,14,0.115912,0
101594,2023-10-24,30,0.152621,0
101594,2023-10-24,60,0.202817,0
101594,2023-10-24,91,0.216207,0
101594,2023-10-24,122,0.201554,0
101594,2023-10-24,152,0.193299,0
101594,2023-10-24,182,0.196341,0
101594,2023-10-24,273,0.205348,0
101594,2023-10-24,365,0.262712,0
101594,2023-10-24,547,0.30208,0
101594,2023-10-24,730,0.29694,0
101594,2023-10-24,1825,0.331837,0
101594,2023-10-25,10,0.104568,0
101594,2023-10-25,14,0.110436,0
101594,2023-10-25,30,0.15634,0
101594,2023-10-25,60,0.202793,0
101594,2023-10-25,91,0.217105,0
101594,2023-10-25,122,0.201547,0
101594,2023-10-25,152,0.193192,0
101594,2023-10-25,182,0.197344,0
101594,2023-10-25,273,0.205937,0
101594,2023-10-25,365,0.262432,0
101594,2023-10-25,547,0.300664,0
101594,2023-10-25,730,0.297103,0
101594,2023-10-25,1825,0.331814,0
101594,2023-10-26,10,0.14486,0
101594,2023-10-26,14,0.134261,0
101594,2023-10-26,30,0.158505,0
101594,2023-10-26,60,0.208544,0
101594,2023-10-26,91,0.221657,0
101594,2023-10-26,122,0.205373,0
101594,2023-10-26,152,0.196028,0
101594,2023-10-26,182,0.196595,0
101594,2023-10-26,273,0.207483,0
101594,2023-10-26,365,0.262878,0
101594,2023-10-26,547,0.301364,0
101594,2023-10-26,730,0.297623,0
101594,2023-10-26,1825,0.331884,0
101594,2023-10-27,10,0.171804,0
101594,2023-10-27,14,0.15493,0
101594,2023-10-27,30,0.159113,0
101594,2023-10-27,60,0.208295,0
101594,2023-10-27,91,0.220369,0
101594,2023-10-27,122,0.204086,0
101594,2023-10-27,152,0.195521,0
101594,2023-10-27,182,0.196629,0
101594,2023-10-27,273,0.207118,0
101594,2023-10-27,365,0.261076,0
101594,2023-10-27,547,0.29927,0
101594,2023-10-27,730,0.297663,0
101594,2023-10-27,1825,0.331766,0
101594,2023-10-30,10,0.223005,0
101594,2023-10-30,14,0.179311,0
101594,2023-10-30,30,0.168529,0
101594,2023-10-30,60,0.201231,0
101594,2023-10-30,91,0.222005,0
101594,2023-10-30,122,0.203034,0
101594,2023-10-30,152,0.196696,0
101594,2023-10-30,182,0.197392,0
101594,2023-10-30,273,0.206087,0
101594,2023-10-30,365,0.251049,0
101594,2023-10-30,547,0.297859,0
101594,2023-10-30,730,0.297285,0
101594,2023-10-30,1825,0.331759,0
101594,2023-10-31,10,0.206072,0
101594,2023-10-31,14,0.181561,0
101594,2023-10-31,30,0.164795,0
101594,2023-10-31,60,0.199805,0
101594,2023-10-31,91,0.222186,0
101594,2023-10-31,122,0.20196,0
101594,2023-10-31,152,0.195112,0
101594,2023-10-31,182,0.197227,0
101594,2023-10-31,273,0.205888,0
101594,2023-10-31,365,0.250549,0
101594,2023-10-31,547,0.297863,0
101594,2023-10-31,730,0.296994,0
101594,2023-10-31,1825,0.331698,0
101594,2023-11-01,10,0.222272,0
101594,2023-11-01,14,0.210996,0
101594,2023-11-01,30,0.169392,0
101594,2023-11-01,60,0.204008,0
101594,2023-11-01,91,0.22422,0
101594,2023-11-01,122,0.203681,0
101594,2023-11-01,152,0.197174,0
101594,2023-11-01,182,0.19871,0
101594,2023-11-01,273,0.206741,0
101594,2023-11-01,365,0.250536,0
101594,2023-11-01,547,0.298142,0
101594,2023-11-01,730,0.297246,0
101594,2023-11-01,1825,0.330323,0
101594,2023-11-02,10,0.248211,0
101594,2023-11-02,14,0.236759,0
101594,2023-11-02,30,0.18034,0
101594,2023-11-02,60,0.208803,0
101594,2023-11-02,91,0.228116,0
101594,2023-11-02,122,0.206714,0
101594,2023-11-02,152,0.198847,0
101594,2023-11-02,182,0.200192,0
101594,2023-11-02,273,0.203884,0
101594,2023-11-02,365,0.248294,0
101594,2023-11-02,547,0.296806,0
101594,2023-11-02,730,0.29755,0
101594,2023-11-02,1825,0.330306,0
101594,2023-11-03,10,0.252772,0
101594,2023-11-03,14,0.223077,0
101594,2023-11-03,30,0.180353,0
101594,2023-11-03,60,0.206549,0
101594,2023-11-03,91,0.206726,0
101594,2023-11-03,122,0.205637,0
101594,2023-11-03,152,0.198057,0
101594,2023-11-03,182,0.189648,0
101594,2023-11-03,273,0.202211,0
101594,2023-11-03,365,0.244367,0
101594,2023-11-03,547,0.29307,0
101594,2023-11-03,730,0.297501,0
101594,2023-11-03,1825,0.330187,0
101594,2023-11-06,10,0.156995,0
101594,2023-11-06,14,0.23116,0
101594,2023-11-06,30,0.183201,0
101594,2023-11-06,60,0.181976,0
101594,2023-11-06,91,0.205948,0
101594,2023-11-06,122,0.209314,0
101594,2023-11-06,152,0.200507,0
101594,2023-11-06,182,0.190726,0
101594,2023-11-06,273,0.201646,0
101594,2023-11-06,365,0.244723,0
101594,2023-11-06,547,0.293277,0
101594,2023-11-06,730,0.297946,0
101594,2023-11-06,1825,0.329952,0
101594,2023-11-07,10,0.145101,0
101594,2023-11-07,14,0.237252,0
101594,2023-11-07,30,0.184857,0
101594,2023-11-07,60,0.185092,0
101594,2023-11-07,91,0.207646,0
101594,2023-11-07,122,0.20967,0
101594,2023-11-07,152,0.200329,0
101594,2023-11-07,182,0.191186,0
101594,2023-11-07,273,0.201149,0
101594,2023-11-07,365,0.24507,0
101594,2023-11-07,547,0.292161,0
101594,2023-11-07,730,0.297814,0
101594,2023-11-07,1825,0.33,0
101594,2023-11-08,10,0.137517,0
101594,2023-11-08,14,0.214212,0
101594,2023-11-08,30,0.183844,0
101594,2023-11-08,60,0.183339,0
101594,2023-11-08,91,0.207108,0
101594,2023-11-08,122,0.208733,0
101594,2023-11-08,152,0.200504,0
101594,2023-11-08,182,0.190825,0
101594,2023-11-08,273,0.200056,0
101594,2023-11-08,365,0.245097,0
101594,2023-11-08,547,0.291919,0
101594,2023-11-08,730,0.297809,0
101594,2023-11-08,1825,0.32988,0
101594,2023-11-09,10,0.154797,0
101594,2023-11-09,14,0.137821,0
101594,2023-11-09,30,0.183654,0
101594,2023-11-09,60,0.18136,0
101594,2023-11-09,91,0.207171,0
101594,2023-11-09,122,0.207992,0
101594,2023-11-09,152,0.199592,0
101594,2023-11-09,182,0.190872,0
101594,2023-11-09,273,0.199888,0
101594,2023-11-09,365,0.242608,0
101594,2023-11-09,547,0.288593,0
101594,2023-11-09,730,0.297813,0
101594,2023-11-09,1825,0.329752,0
101594,2023-11-10,10,0.168324,0
101594,2023-11-10,14,0.154447,0
101594,2023-11-10,30,0.196982,0
101594,2023-11-10,60,0.188623,0
101594,2023-11-10,91,0.211935,0
101594,2023-11-10,122,0.211685,0
101594,2023-11-10,152,0.201716,0
101594,2023-11-10,182,0.19332,0
101594,2023-11-10,273,0.201476,0
101594,2023-11-10,365,0.228479,0
101594,2023-11-10,547,0.288262,0
101594,2023-11-10,730,0.297909,0
101594,2023-11-10,1825,0.329767,0
101594,2023-11-13,10,0.187641,0
101594,2023-11-13,14,0.180726,0
101594,2023-11-13,30,0.200282,0
101594,2023-11-13,60,0.185577,0
101594,2023-11-13,91,0.212021,0
101594,2023-11-13,122,0.213967,0
101594,2023-11-13,152,0.202595,0
101594,2023-11-13,182,0.1937,0
101594,2023-11-13,273,0.200759,0
101594,2023-11-13,365,0.227951,0
101594,2023-11-13,547,0.287262,0
101594,2023-11-13,730,0.298115,0
101594,2023-11-13,1825,0.328902,0
101594,2023-11-14,10,0.175613,0
101594,2023-11-14,14,0.180065,0
101594,2023-11-14,30,0.200028,0
101594,2023-11-14,60,0.187731,0
101594,2023-11-14,91,0.212397,0
101594,2023-11-14,122,0.214152,0
101594,2023-11-14,152,0.203053,0
101594,2023-11-14,182,0.19465,0
101594,2023-11-14,273,0.201243,0
101594,2023-11-14,365,0.228099,0
101594,2023-11-14,547,0.287324,0
101594,2023-11-14,730,0.297977,0
101594,2023-11-14,1825,0.328788,0
101594,2023-11-15,10,0.165615,0
101594,2023-11-15,14,0.174835,0
101594,2023-11-15,30,0.199775,0
101594,2023-11-15,60,0.185513,0
101594,2023-11-15,91,0.212109,0
101594,2023-11-15,122,0.212973,0
101594,2023-11-15,152,0.202887,0
101594,2023-11-15,182,0.194634,0
101594,2023-11-15,273,0.200714,0
101594,2023-11-15,365,0.227848,0
101594,2023-11-15,547,0.286633,0
101594,2023-11-15,730,0.297982,0
101594,2023-11-15,1825,0.32876,0
101594,2023-11-16,10,0.160587,0
101594,2023-11-16,14,0.160603,0
101594,2023-11-16,30,0.196886,0
101594,2023-11-16,60,0.184174,0
101594,2023-11-16,91,0.210309,0
101594,2023-11-16,122,0.21148,0
101594,2023-11-16,152,0.202376,0
101594,2023-11-16,182,0.194131,0
101594,2023-11-16,273,0.200476,0
101594,2023-11-16,365,0.227799,0
101594,2023-11-16,547,0.282644,0
101594,2023-11-16,730,0.298012,0
101594,2023-11-16,1825,0.328648,0
101594,2023-11-17,10,0.158106,0
101594,2023-11-17,14,0.151803,0
101594,2023-11-17,30,0.193693,0
101594,2023-11-17,60,0.180561,0
101594,2023-11-17,91,0.210309,0
101594,2023-11-17,122,0.211471,0
101594,2023-11-17,152,0.20142,0
101594,2023-11-17,182,0.194134,0
101594,2023-11-17,273,0.200227,0
101594,2023-11-17,365,0.227487,0
101594,2023-11-17,547,0.281855,0
101594,2023-11-17,730,0.297799,0
101594,2023-11-17,1825,0.328517,0
101594,2023-11-20,10,0.12935,0
101594,2023-11-20,14,0.146988,0
101594,2023-11-20,30,0.186129,0
101594,2023-11-20,60,0.175196,0
101594,2023-11-20,91,0.210516,0
101594,2023-11-20,122,0.21326,0
101594,2023-11-20,152,0.202631,0
101594,2023-11-20,182,0.194311,0
101594,2023-11-20,273,0.199912,0
101594,2023-11-20,365,0.227621,0
101594,2023-11-20,547,0.281937,0
101594,2023-11-20,730,0.297284,0
101594,2023-11-20,1825,0.3275,0
101594,2023-11-21,10,0.129092,0
101594,2023-11-21,14,0.14959,0
101594,2023-11-21,30,0.18427,0
101594,2023-11-21,60,0.175794,0
101594,2023-11-21,91,0.210387,0
101594,2023-11-21,122,0.212126,0
101594,2023-11-21,152,0.201216,0
101594,2023-11-21,182,0.193098,0
101594,2023-11-21,273,0.197322,0
101594,2023-11-21,365,0.226517,0
101594,2023-11-21,547,0.280201,0
101594,2023-11-21,730,0.297006,0
101594,2023-11-21,1825,0.327378,0
101594,2023-11-22,10,0.119527,0
101594,2023-11-22,14,0.149616,0
101594,2023-11-22,30,0.183817,0
101594,2023-11-22,60,0.173722,0
101594,2023-11-22,91,0.206336,0
101594,2023-11-22,122,0.210976,0
101594,2023-11-22,152,0.201258,0
101594,2023-11-22,182,0.193131,0
101594,2023-11-22,273,0.19733,0
101594,2023-11-22,365,0.226122,0
101594,2023-11-22,547,0.279721,0
101594,2023-11-22,730,0.297009,0
101594,2023-11-22,1825,0.327157,0
101594,2023-11-24,10,0.098192,0
101594,2023-11-24,14,0.124336,0
101594,2023-11-24,30,0.181414,0
101594,2023-11-24,60,0.174614,0
101594,2023-11-24,91,0.199764,0
101594,2023-11-24,122,0.212272,0
101594,2023-11-24,152,0.200618,0
101594,2023-11-24,182,0.193124,0
101594,2023-11-24,273,0.196785,0
101594,2023-11-24,365,0.22621,0
101594,2023-11-24,547,0.279579,0
101594,2023-11-24,730,0.29734,0
101594,2023-11-24,1825,0.327048,0
101594,2023-11-27,10,0.102211,0
101594,2023-11-27,14,0.109187,0
101594,2023-11-27,30,0.151035,0
101594,2023-11-27,60,0.16454,0
101594,2023-11-27,91,0.199166,0
101594,2023-11-27,122,0.21304,0
101594,2023-11-27,152,0.200637,0
101594,2023-11-27,182,0.192363,0
101594,2023-11-27,273,0.196643,0
101594,2023-11-27,365,0.225256,0
101594,2023-11-27,547,0.277725,0
101594,2023-11-27,730,0.296444,0
101594,2023-11-27,1825,0.326851,0
101594,2023-11-28,10,0.093607,0
101594,2023-11-28,14,0.086796,0
101594,2023-11-28,30,0.14755,0
101594,2023-11-28,60,0.164543,0
101594,2023-11-28,91,0.194734,0
101594,2023-11-28,122,0.211856,0
101594,2023-11-28,152,0.200679,0
101594,2023-11-28,182,0.191875,0
101594,2023-11-28,273,0.196576,0
101594,2023-11-28,365,0.223545,0
101594,2023-11-28,547,0.277364,0
101594,2023-11-28,730,0.296155,0
101594,2023-11-28,1825,0.326828,0
101594,2023-11-29,10,0.092835,0
101594,2023-11-29,14,0.094061,0
101594,2023-11-29,30,0.150736,0
101594,2023-11-29,60,0.163715,0
101594,2023-11-29,91,0.191432,0
101594,2023-11-29,122,0.210789,0
101594,2023-11-29,152,0.197661,0
101594,2023-11-29,182,0.19206,0
101594,2023-11-29,273,0.195888,0
101594,2023-11-29,365,0.222495,0
101594,2023-11-29,547,0.277365,0
101594,2023-11-29,730,0.2958,0
101594,2023-11-29,1825,0.326828,0
101594,2023-11-30,10,0.071236,0
101594,2023-11-30,14,0.082255,0
101594,2023-11-30,30,0.150691,0
101594,2023-11-30,60,0.161761,0
101594,2023-11-30,91,0.191509,0
101594,2023-11-30,122,0.210784,0
101594,2023-11-30,152,0.196782,0
101594,2023-11-30,182,0.190846,0
101594,2023-11-30,273,0.195872,0
101594,2023-11-30,365,0.217584,0
101594,2023-11-30,547,0.277369,0
101594,2023-11-30,730,0.295003,0
101594,2023-11-30,1825,0.326699,0
101594,2023-12-01,10,0.080967,0
101594,2023-12-01,14,0.089344,0
101594,2023-12-01,30,0.142772,0
101594,2023-12-01,60,0.159264,0
101594,2023-12-01,91,0.191248,0
101594,2023-12-01,122,0.211022,0
101594,2023-12-01,152,0.196141,0
101594,2023-12-01,182,0.190958,0
101594,2023-12-01,273,0.192179,0
101594,2023-12-01,365,0.217658,0
101594,2023-12-01,547,0.277104,0
101594,2023-12-01,730,0.295028,0
101594,2023-12-01,1825,0.326578,0
101594,2023-12-04,10,0.096526,0
101594,2023-12-04,14,0.089344,0
101594,2023-12-04,30,0.138531,0
101594,2023-12-04,60,0.162901,0
101594,2023-12-04,91,0.190694,0
101594,2023-12-04,122,0.193834,0
101594,2023-12-04,152,0.197044,0
101594,2023-12-04,182,0.19114,0
101594,2023-12-04,273,0.191549,0
101594,2023-12-04,365,0.21787,0
101594,2023-12-04,547,0.275288,0
101594,2023-12-04,730,0.295243,0
101594,2023-12-04,1825,0.32575,0
101594,2023-12-05,10,0.155326,0
101594,2023-12-05,14,0.144093,0
101594,2023-12-05,30,0.147708,0
101594,2023-12-05,60,0.166622,0
101594,2023-12-05,91,0.195112,0
101594,2023-12-05,122,0.195832,0
101594,2023-12-05,152,0.199631,0
101594,2023-12-05,182,0.193267,0
101594,2023-12-05,273,0.192021,0
101594,2023-12-05,365,0.218583,0
101594,2023-12-05,547,0.275755,0
101594,2023-12-05,730,0.295306,0
101594,2023-12-05,1825,0.325821,0
101594,2023-12-06,10,0.151117,0
101594,2023-12-06,14,0.148446,0
101594,2023-12-06,30,0.146845,0
101594,2023-12-06,60,0.165692,0
101594,2023-12-06,91,0.180959,0
101594,2023-12-06,122,0.19499,0
101594,2023-12-06,152,0.199617,0
101594,2023-12-06,182,0.193107,0
101594,2023-12-06,273,0.192017,0
101594,2023-12-06,365,0.217022,0
101594,2023-12-06,547,0.275467,0
101594,2023-12-06,730,0.294965,0
101594,2023-12-06,1825,0.325402,0
101594,2023-12-07,10,0.157158,0
101594,2023-12-07,14,0.147863,0
101594,2023-12-07,30,0.143555,0
101594,2023-12-07,60,0.164891,0
101594,2023-12-07,91,0.171095,0
101594,2023-12-07,122,0.193104,0
101594,2023-12-07,152,0.199263,0
101594,2023-12-07,182,0.192442,0
101594,2023-12-07,273,0.191354,0
101594,2023-12-07,365,0.216671,0
101594,2023-12-07,547,0.275533,0
101594,2023-12-07,730,0.29403,0
101594,2023-12-07,1825,0.325296,0
101594,2023-12-08,10,0.159172,0
101594,2023-12-08,14,0.142078,0
101594,2023-12-08,30,0.144004,0
101594,2023-12-08,60,0.164674,0
101594,2023-12-08,91,0.171457,0
101594,2023-12-08,122,0.193275,0
101594,2023-12-08,152,0.198633,0
101594,2023-12-08,182,0.192669,0
101594,2023-12-08,273,0.190647,0
101594,2023-12-08,365,0.216488,0
101594,2023-12-08,547,0.273877,0
101594,2023-12-08,730,0.29365,0
101594,2023-12-08,1825,0.325179,0
101594,2023-12-11,10,0.208928,0
101594,2023-12-11,14,0.162804,0
101594,2023-12-11,30,0.138477,0
101594,2023-12-11,60,0.171492,0
101594,2023-12-11,91,0.173522,0
101594,2023-12-11,122,0.196295,0
101594,2023-12-11,152,0.200312,0
101594,2023-12-11,182,0.192453,0
101594,2023-12-11,273,0.190891,0
101594,2023-12-11,365,0.216911,0
101594,2023-12-11,547,0.272122,0
101594,2023-12-11,730,0.29344,0
101594,2023-12-11,1825,0.325476,0
101594,2023-12-12,10,0.194326,0
101594,2023-12-12,14,0.165632,0
101594,2023-12-12,30,0.136616,0
101594,2023-12-12,60,0.169396,0
101594,2023-12-12,91,0.169994,0
101594,2023-12-12,122,0.195483,0
101594,2023-12-12,152,0.200576,0
101594,2023-12-12,182,0.192692,0
101594,2023-12-12,273,0.190479,0
101594,2023-12-12,365,0.216488,0
101594,2023-12-12,547,0.270201,0
101594,2023-12-12,730,0.293199,0
101594,2023-12-12,1825,0.325461,0
101594,2023-12-13,10,0.196287,0
101594,2023-12-13,14,0.17371,0
101594,2023-12-13,30,0.139579,0
101594,2023-12-13,60,0.17102,0
101594,2023-12-13,91,0.170342,0
101594,2023-12-13,122,0.196125,0
101594,2023-12-13,152,0.202149,0
101594,2023-12-13,182,0.193983,0
101594,2023-12-13,273,0.191285,0
101594,2023-12-13,365,0.216963,0
101594,2023-12-13,547,0.270459,0
101594,2023-12-13,730,0.293045,0
101594,2023-12-13,1825,0.325181,0
101594,2023-12-14,10,0.177843,0
101594,2023-12-14,14,0.174603,0
101594,2023-12-14,30,0.133995,0
101594,2023-12-14,60,0.169021,0
101594,2023-12-14,91,0.169817,0
101594,2023-12-14,122,0.195626,0
101594,2023-12-14,152,0.201194,0
101594,2023-12-14,182,0.193401,0
101594,2023-12-14,273,0.190249,0
101594,2023-12-14,365,0.216296,0
101594,2023-12-14,547,0.270018,0
101594,2023-12-14,730,0.292986,0
101594,2023-12-14,1825,0.325052,0
101594,2023-12-15,10,0.15251,0
101594,2023-12-15,14,0.177191,0
101594,2023-12-15,30,0.135261,0
101594,2023-12-15,60,0.169314,0
101594,2023-12-15,91,0.169636,0
101594,2023-12-15,122,0.194561,0
101594,2023-12-15,152,0.200308,0
101594,2023-12-15,182,0.193242,0
101594,2023-12-15,273,0.190145,0
101594,2023-12-15,365,0.210576,0
101594,2023-12-15,547,0.267886,0
101594,2023-12-15,730,0.292328,0
101594,2023-12-15,1825,0.324927,0
101594,2023-12-18,10,0.17191,0
101594,2023-12-18,14,0.175291,0
101594,2023-12-18,30,0.141487,0
101594,2023-12-18,60,0.171161,0
101594,2023-12-18,91,0.168198,0
101594,2023-12-18,122,0.195342,0
101594,2023-12-18,152,0.200658,0
101594,2023-12-18,182,0.192899,0
101594,2023-12-18,273,0.189778,0
101594,2023-12-18,365,0.210189,0
101594,2023-12-18,547,0.267868,0
101594,2023-12-18,730,0.291247,0
101594,2023-12-18,1825,0.324804,0
101594,2023-12-19,10,0.159995,0
101594,2023-12-19,14,0.146967,0
101594,2023-12-19,30,0.138511,0
101594,2023-12-19,60,0.165351,0
101594,2023-12-19,91,0.168115,0
101594,2023-12-19,122,0.194295,0
101594,2023-12-19,152,0.200187,0
101594,2023-12-19,182,0.193021,0
101594,2023-12-19,273,0.189435,0
101594,2023-12-19,365,0.20948,0
101594,2023-12-19,547,0.267536,0
101594,2023-12-19,730,0.290978,0
101594,2023-12-19,1825,0.324586,0
101594,2023-12-20,10,0.161954,0
101594,2023-12-20,14,0.156133,0
101594,2023-12-20,30,0.142242,0
101594,2023-12-20,60,0.166874,0
101594,2023-12-20,91,0.164245,0
101594,2023-12-20,122,0.194276,0
101594,2023-12-20,152,0.200664,0
101594,2023-12-20,182,0.19348,0
101594,2023-12-20,273,0.189562,0
101594,2023-12-20,365,0.209836,0
101594,2023-12-20,547,0.266491,0
101594,2023-12-20,730,0.291022,0
101594,2023-12-20,1825,0.324111,0
101594,2023-12-21,10,0.141342,0
101594,2023-12-21,14,0.148333,0
101594,2023-12-21,30,0.141187,0
101594,2023-12-21,60,0.165112,0
101594,2023-12-21,91,0.162935,0
101594,2023-12-21,122,0.193989,0
101594,2023-12-21,152,0.19972,0
101594,2023-12-21,182,0.192162,0
101594,2023-12-21,273,0.189455,0
101594,2023-12-21,365,0.208681,0
101594,2023-12-21,547,0.266466,0
101594,2023-12-21,730,0.290724,0
101594,2023-12-21,1825,0.323983,0
101594,2023-12-22,10,0.137744,0
101594,2023-12-22,14,0.145002,0
101594,2023-12-22,30,0.142644,0
101594,2023-12-22,60,0.166279,0
101594,2023-12-22,91,0.163453,0
101594,2023-12-22,122,0.193981,0
101594,2023-12-22,152,0.198976,0
101594,2023-12-22,182,0.19232,0
101594,2023-12-22,273,0.189426,0
101594,2023-12-22,365,0.207219,0
101594,2023-12-22,547,0.265997,0
101594,2023-12-22,730,0.29056,0
101594,2023-12-22,1825,0.323869,0
101594,2023-12-26,10,0.091989,0
101594,2023-12-26,14,0.12934,0
101594,2023-12-26,30,0.140558,0
101594,2023-12-26,60,0.151666,0
101594,2023-12-26,91,0.156461,0
101594,2023-12-26,122,0.185936,0
101594,2023-12-26,152,0.201267,0
101594,2023-12-26,182,0.191687,0
101594,2023-12-26,273,0.189254,0
101594,2023-12-26,365,0.207219,0
101594,2023-12-26,547,0.265681,0
101594,2023-12-26,730,0.290557,0
101594,2023-12-26,1825,0.322496,0
101594,2023-12-27,10,0.087981,0
101594,2023-12-27,14,0.079021,0
101594,2023-12-27,30,0.140425,0
101594,2023-12-27,60,0.149937,0
101594,2023-12-27,91,0.154945,0
101594,2023-12-27,122,0.184828,0
101594,2023-12-27,152,0.200175,0
101594,2023-12-27,182,0.191492,0
101594,2023-12-27,273,0.188026,0
101594,2023-12-27,365,0.206634,0
101594,2023-12-27,547,0.264456,0
101594,2023-12-27,730,0.290119,0
101594,2023-12-27,1825,0.322496,0
101594,2023-12-28,10,0.084337,0
101594,2023-12-28,14,0.081406,0
101594,2023-12-28,30,0.140256,0
101594,2023-12-28,60,0.148126,0
101594,2023-12-28,91,0.154943,0
101594,2023-12-28,122,0.184333,0
101594,2023-12-28,152,0.199252,0
101594,2023-12-28,182,0.1915,0
101594,2023-12-28,273,0.18775,0
101594,2023-12-28,365,0.203988,0
101594,2023-12-28,547,0.264275,0
101594,2023-12-28,730,0.290092,0
101594,2023-12-28,1825,0.322368,0
101594,2023-12-29,10,0.070156,0
101594,2023-12-29,14,0.082823,0
101594,2023-12-29,30,0.140264,0
101594,2023-12-29,60,0.147956,0
101594,2023-12-29,91,0.155642,0
101594,2023-12-29,122,0.181065,0
101594,2023-12-29,152,0.19848,0
101594,2023-12-29,182,0.188914,0
101594,2023-12-29,273,0.187126,0
101594,2023-12-29,365,0.202402,0
101594,2023-12-29,547,0.263863,0
101594,2023-12-29,730,0.290119,0
101594,2023-12-29,1825,0.322254,0
101594,2024-01-02,10,0.253298,0
101594,2024-01-02,14,0.197369,0
101594,2024-01-02,30,0.19282,0
101594,2024-01-02,60,0.170632,0
101594,2024-01-02,91,0.171774,0
101594,2024-01-02,122,0.190781,0
101594,2024-01-02,152,0.207323,0
101594,2024-01-02,182,0.195513,0
101594,2024-01-02,273,0.19233,0
101594,2024-01-02,365,0.205958,0
101594,2024-01-02,547,0.265334,0
101594,2024-01-02,730,0.291514,0
101594,2024-01-02,1825,0.319407,0
101594,2024-01-03,10,0.226628,0
101594,2024-01-03,14,0.196201,0
101594,2024-01-03,30,0.191847,0
101594,2024-01-03,60,0.169879,0
101594,2024-01-03,91,0.172204,0
101594,2024-01-03,122,0.190048,0
101594,2024-01-03,152,0.192892,0
101594,2024-01-03,182,0.195621,0
101594,2024-01-03,273,0.192057,0
101594,2024-01-03,365,0.202281,0
101594,2024-01-03,547,0.265011,0
101594,2024-01-03,730,0.29104,0
101594,2024-01-03,1825,0.318916,0
101594,2024-01-04,10,0.208661,0
101594,2024-01-04,14,0.194087,0
101594,2024-01-04,30,0.1767,0
101594,2024-01-04,60,0.171229,0
101594,2024-01-04,91,0.173928,0
101594,2024-01-04,122,0.190128,0
101594,2024-01-04,152,0.193004,0
101594,2024-01-04,182,0.196375,0
101594,2024-01-04,273,0.192604,0
101594,2024-01-04,365,0.2026,0
101594,2024-01-04,547,0.265141,0
101594,2024-01-04,730,0.291041,0
101594,2024-01-04,1825,0.318852,0
101594,2024-01-05,10,0.207344,0
101594,2024-01-05,14,0.195112,0
101594,2024-01-05,30,0.176468,0
101594,2024-01-05,60,0.167983,0
101594,2024-01-05,91,0.171784,0
101594,2024-01-05,122,0.190202,0
101594,2024-01-05,152,0.192184,0
101594,2024-01-05,182,0.196287,0
101594,2024-01-05,273,0.192161,0
101594,2024-01-05,365,0.202309,0
101594,2024-01-05,547,0.264494,0
101594,2024-01-05,730,0.290423,0
101594,2024-01-05,1825,0.318734,0
101594,2024-01-08,10,0.34257,0
101594,2024-01-08,14,0.249594,0
101594,2024-01-08,30,0.19767,0
101594,2024-01-08,60,0.178366,0
101594,2024-01-08,91,0.17752,0
101594,2024-01-08,122,0.178862,0
101594,2024-01-08,152,0.194926,0
101594,2024-01-08,182,0.198679,0
101594,2024-01-08,273,0.193073,0
101594,2024-01-08,365,0.20056,0
101594,2024-01-08,547,0.265158,0
101594,2024-01-08,730,0.290952,0
101594,2024-01-08,1825,0.318971,0
101594,2024-01-09,10,0.308187,0
101594,2024-01-09,14,0.249749,0
101594,2024-01-09,30,0.192408,0
101594,2024-01-09,60,0.168562,0
101594,2024-01-09,91,0.177433,0
101594,2024-01-09,122,0.177846,0
101594,2024-01-09,152,0.194954,0
101594,2024-01-09,182,0.198665,0
101594,2024-01-09,273,0.192859,0
101594,2024-01-09,365,0.200577,0
101594,2024-01-09,547,0.264864,0
101594,2024-01-09,730,0.290667,0
101594,2024-01-09,1825,0.318974,0
101594,2024-01-10,10,0.29067,0
101594,2024-01-10,14,0.25453,0
101594,2024-01-10,30,0.190638,0
101594,2024-01-10,60,0.167029,0
101594,2024-01-10,91,0.177114,0
101594,2024-01-10,122,0.177009,0
101594,2024-01-10,152,0.195126,0
101594,2024-01-10,182,0.198417,0
101594,2024-01-10,273,0.192849,0
101594,2024-01-10,365,0.200599,0
101594,2024-01-10,547,0.264848,0
101594,2024-01-10,730,0.290693,0
101594,2024-01-10,1825,0.318941,0
101594,2024-01-11,10,0.26925,0
101594,2024-01-11,14,0.2519,0
101594,2024-01-11,30,0.187164,0
101594,2024-01-11,60,0.165118,0
101594,2024-01-11,91,0.177038,0
101594,2024-01-11,122,0.176807,0
101594,2024-01-11,152,0.194269,0
101594,2024-01-11,182,0.198375,0
101594,2024-01-11,273,0.189106,0
101594,2024-01-11,365,0.199694,0
101594,2024-01-11,547,0.264854,0
101594,2024-01-11,730,0.290467,0
101594,2024-01-11,1825,0.31882,0
101594,2024-01-12,10,0.175651,0
101594,2024-01-12,14,0.254102,0
101594,2024-01-12,30,0.174221,0
101594,2024-01-12,60,0.163747,0
101594,2024-01-12,91,0.175666,0
101594,2024-01-12,122,0.174131,0
101594,2024-01-12,152,0.193353,0
101594,2024-01-12,182,0.19839,0
101594,2024-01-12,273,0.189084,0
101594,2024-01-12,365,0.199685,0
101594,2024-01-12,547,0.264367,0
101594,2024-01-12,730,0.290465,0
101594,2024-01-12,1825,0.318694,0
101594,2024-01-16,10,0.193751,0
101594,2024-01-16,14,0.177283,0
101594,2024-01-16,30,0.181351,0
101594,2024-01-16,60,0.166929,0
101594,2024-01-16,91,0.178051,0
101594,2024-01-16,122,0.17557,0
101594,2024-01-16,152,0.194214,0
101594,2024-01-16,182,0.198374,0
101594,2024-01-16,273,0.190024,0
101594,2024-01-16,365,0.199964,0
101594,2024-01-16,547,0.264201,0
101594,2024-01-16,730,0.290545,0
101594,2024-01-16,1825,0.318891,0
101594,2024-01-17,10,0.182395,0
101594,2024-01-17,14,0.175088,0
101594,2024-01-17,30,0.180547,0
101594,2024-01-17,60,0.165086,0
101594,2024-01-17,91,0.177685,0
101594,2024-01-17,122,0.174796,0
101594,2024-01-17,152,0.194386,0
101594,2024-01-17,182,0.198201,0
101594,2024-01-17,273,0.189993,0
101594,2024-01-17,365,0.199926,0
101594,2024-01-17,547,0.263396,0
101594,2024-01-17,730,0.29028,0
101594,2024-01-17,1825,0.318896,0
101594,2024-01-18,10,0.226365,0
101594,2024-01-18,14,0.231345,0
101594,2024-01-18,30,0.220911,0
101594,2024-01-18,60,0.182818,0
101594,2024-01-18,91,0.188681,0
101594,2024-01-18,122,0.181001,0
101594,2024-01-18,152,0.199593,0
101594,2024-01-18,182,0.203026,0
101594,2024-01-18,273,0.193346,0
101594,2024-01-18,365,0.20219,0
101594,2024-01-18,547,0.264448,0
101594,2024-01-18,730,0.290838,0
101594,2024-01-18,1825,0.319067,0
101594,2024-01-19,10,0.235897,0
101594,2024-01-19,14,0.23289,0
101594,2024-01-19,30,0.227292,0
101594,2024-01-19,60,0.185503,0
101594,2024-01-19,91,0.187902,0
101594,2024-01-19,122,0.18255,0
101594,2024-01-19,152,0.199924,0
101594,2024-01-19,182,0.204039,0
101594,2024-01-19,273,0.193706,0
101594,2024-01-19,365,0.202678,0
101594,2024-01-19,547,0.264464,0
101594,2024-01-19,730,0.290636,0
101594,2024-01-19,1825,0.319003,0
101594,2024-01-22,10,0.279407,0
101594,2024-01-22,14,0.212088,0
101594,2024-01-22,30,0.237953,0
101594,2024-01-22,60,0.189881,0
101594,2024-01-22,91,0.189069,0
101594,2024-01-22,122,0.181015,0
101594,2024-01-22,152,0.199362,0
101594,2024-01-22,182,0.204675,0
101594,2024-01-22,273,0.194144,0
101594,2024-01-22,365,0.202188,0
101594,2024-01-22,547,0.264534,0
101594,2024-01-22,730,0.290795,0
101594,2024-01-22,1825,0.318983,0
101594,2024-01-23,10,0.25017,0
101594,2024-01-23,14,0.207829,0
101594,2024-01-23,30,0.232475,0
101594,2024-01-23,60,0.189539,0
101594,2024-01-23,91,0.189311,0
101594,2024-01-23,122,0.180149,0
101594,2024-01-23,152,0.194883,0
101594,2024-01-23,182,0.204791,0
101594,2024-01-23,273,0.193881,0
101594,2024-01-23,365,0.201061,0
101594,2024-01-23,547,0.264497,0
101594,2024-01-23,730,0.290539,0
101594,2024-01-23,1825,0.318965,0
101594,2024-01-24,10,0.238728,0
101594,2024-01-24,14,0.213675,0
101594,2024-01-24,30,0.226701,0
101594,2024-01-24,60,0.187387,0
101594,2024-01-24,91,0.186927,0
101594,2024-01-24,122,0.179256,0
101594,2024-01-24,152,0.194145,0
101594,2024-01-24,182,0.204753,0
101594,2024-01-24,273,0.193946,0
101594,2024-01-24,365,0.200927,0
101594,2024-01-24,547,0.264403,0
101594,2024-01-24,730,0.290528,0
101594,2024-01-24,1825,0.318664,0
101594,2024-01-25,10,0.225695,0
101594,2024-01-25,14,0.212,0
101594,2024-01-25,30,0.226531,0
101594,2024-01-25,60,0.185117,0
101594,2024-01-25,91,0.178595,0
101594,2024-01-25,122,0.179011,0
101594,2024-01-25,152,0.193241,0
101594,2024-01-25,182,0.204549,0
101594,2024-01-25,273,0.19138,0
101594,2024-01-25,365,0.200859,0
101594,2024-01-25,547,0.263021,0
101594,2024-01-25,730,0.29041,0
101594,2024-01-25,1825,0.31854,0
101594,2024-01-26,10,0.216804,0
101594,2024-01-26,14,0.224594,0
101594,2024-01-26,30,0.228938,0
101594,2024-01-26,60,0.18661,0
101594,2024-01-26,91,0.179758,0
101594,2024-01-26,122,0.174584,0
101594,2024-01-26,152,0.192917,0
101594,2024-01-26,182,0.204055,0
101594,2024-01-26,273,0.191557,0
101594,2024-01-26,365,0.200669,0
101594,2024-01-26,547,0.263128,0
101594,2024-01-26,730,0.290487,0
101594,2024-01-26,1825,0.318447,0
101594,2024-01-29,10,0.122952,0
101594,2024-01-29,14,0.214992,0
101594,2024-01-29,30,0.234561,0
101594,2024-01-29,60,0.190872,0
101594,2024-01-29,91,0.178934,0
101594,2024-01-29,122,0.175981,0
101594,2024-01-29,152,0.189389,0
101594,2024-01-29,182,0.20406,0
101594,2024-01-29,273,0.191616,0
101594,2024-01-29,365,0.200336,0
101594,2024-01-29,547,0.261858,0
101594,2024-01-29,730,0.28685,0
101594,2024-01-29,1825,0.317304,0
101594,2024-01-30,10,0.162484,0
101594,2024-01-30,14,0.231451,0
101594,2024-01-30,30,0.238275,0
101594,2024-01-30,60,0.196467,0
101594,2024-01-30,91,0.184129,0
101594,2024-01-30,122,0.178631,0
101594,2024-01-30,152,0.19186,0
101594,2024-01-30,182,0.205805,0
101594,2024-01-30,273,0.192871,0
101594,2024-01-30,365,0.200246,0
101594,2024-01-30,547,0.262309,0
101594,2024-01-30,730,0.286903,0
101594,2024-01-30,1825,0.317428,0
101594,2024-01-31,10,0.177831,0
101594,2024-01-31,14,0.254649,0
101594,2024-01-31,30,0.2408,0
101594,2024-01-31,60,0.199778,0
101594,2024-01-31,91,0.185669,0
101594,2024-01-31,122,0.181133,0
101594,2024-01-31,152,0.193812,0
101594,2024-01-31,182,0.206479,0
101594,2024-01-31,273,0.194114,0
101594,2024-01-31,365,0.201155,0
101594,2024-01-31,547,0.262697,0
101594,2024-01-31,730,0.286668,0
101594,2024-01-31,1825,0.317564,0
101594,2024-02-01,10,0.18187,0
101594,2024-02-01,14,0.202475,0
101594,2024-02-01,30,0.211081,0
101594,2024-02-01,60,0.200366,0
101594,2024-02-01,91,0.183042,0
101594,2024-02-01,122,0.180809,0
101594,2024-02-01,152,0.19401,0
101594,2024-02-01,182,0.207126,0
101594,2024-02-01,273,0.194283,0
101594,2024-02-01,365,0.201412,0
101594,2024-02-01,547,0.261138,0
101594,2024-02-01,730,0.286818,0
101594,2024-02-01,1825,0.317484,0
101594,2024-02-02,10,0.16701,0
101594,2024-02-02,14,0.181249,0
101594,2024-02-02,30,0.210224,0
101594,2024-02-02,60,0.19947,0
101594,2024-02-02,91,0.183074,0
101594,2024-02-02,122,0.180508,0
101594,2024-02-02,152,0.19325,0
101594,2024-02-02,182,0.19503,0
101594,2024-02-02,273,0.187107,0
101594,2024-02-02,365,0.198344,0
101594,2024-02-02,547,0.261174,0
101594,2024-02-02,730,0.286804,0
101594,2024-02-02,1825,0.317371,0
101594,2024-02-05,10,0.221105,0
101594,2024-02-05,14,0.176192,0
101594,2024-02-05,30,0.211272,0
101594,2024-02-05,60,0.196478,0
101594,2024-02-05,91,0.181847,0
101594,2024-02-05,122,0.181072,0
101594,2024-02-05,152,0.186223,0
101594,2024-02-05,182,0.193864,0
101594,2024-02-05,273,0.187424,0
101594,2024-02-05,365,0.197168,0
101594,2024-02-05,547,0.261285,0
101594,2024-02-05,730,0.286914,0
101594,2024-02-05,1825,0.317342,0
101594,2024-02-06,10,0.215855,0
101594,2024-02-06,14,0.179522,0
101594,2024-02-06,30,0.207278,0
101594,2024-02-06,60,0.196839,0
101594,2024-02-06,91,0.180414,0
101594,2024-02-06,122,0.18049,0
101594,2024-02-06,152,0.180611,0
101594,2024-02-06,182,0.19409,0
101594,2024-02-06,273,0.187261,0
101594,2024-02-06,365,0.196403,0
101594,2024-02-06,547,0.261358,0
101594,2024-02-06,730,0.28669,0
101594,2024-02-06,1825,0.317228,0
101594,2024-02-07,10,0.200512,0
101594,2024-02-07,14,0.180409,0
101594,2024-02-07,30,0.191518,0
101594,2024-02-07,60,0.194333,0
101594,2024-02-07,91,0.180096,0
101594,2024-02-07,122,0.179399,0
101594,2024-02-07,152,0.180555,0
101594,2024-02-07,182,0.19362,0
101594,2024-02-07,273,0.186912,0
101594,2024-02-07,365,0.195552,0
101594,2024-02-07,547,0.261358,0
101594,2024-02-07,730,0.286672,0
101594,2024-02-07,1825,0.317228,0
101594,2024-02-08,10,0.201517,0
101594,2024-02-08,14,0.180964,0
101594,2024-02-08,30,0.192648,0
101594,2024-02-08,60,0.192281,0
101594,2024-02-08,91,0.180445,0
101594,2024-02-08,122,0.179251,0
101594,2024-02-08,152,0.179956,0
101594,2024-02-08,182,0.19381,0
101594,2024-02-08,273,0.187052,0
101594,2024-02-08,365,0.194765,0
101594,2024-02-08,547,0.260569,0
101594,2024-02-08,730,0.286416,0
101594,2024-02-08,1825,0.317118,0
101594,2024-02-09,10,0.170066,0
101594,2024-02-09,14,0.180793,0
101594,2024-02-09,30,0.192225,0
101594,2024-02-09,60,0.190177,0
101594,2024-02-09,91,0.174599,0
101594,2024-02-09,122,0.179213,0
101594,2024-02-09,152,0.17918,0
101594,2024-02-09,182,0.193878,0
101594,2024-02-09,273,0.186972,0
101594,2024-02-09,365,0.194633,0
101594,2024-02-09,547,0.260558,0
101594,2024-02-09,730,0.286372,0
101594,2024-02-09,1825,0.316994,0
101594,2024-02-12,10,0.121027,0
101594,2024-02-12,14,0.184386,0
101594,2024-02-12,30,0.199774,0
101594,2024-02-12,60,0.189544,0
101594,2024-02-12,91,0.174691,0
101594,2024-02-12,122,0.180565,0
101594,2024-02-12,152,0.178061,0
101594,2024-02-12,182,0.193931,0
101594,2024-02-12,273,0.18726,0
101594,2024-02-12,365,0.194882,0
101594,2024-02-12,547,0.260106,0
101594,2024-02-12,730,0.285849,0
101594,2024-02-12,1825,0.317238,0
101594,2024-02-13,10,0.134252,0
101594,2024-02-13,14,0.166969,0
101594,2024-02-13,30,0.198912,0
101594,2024-02-13,60,0.191193,0
101594,2024-02-13,91,0.173827,0
101594,2024-02-13,122,0.180659,0
101594,2024-02-13,152,0.178588,0
101594,2024-02-13,182,0.19394,0
101594,2024-02-13,273,0.18776,0
101594,2024-02-13,365,0.194443,0
101594,2024-02-13,547,0.26023,0
101594,2024-02-13,730,0.285681,0
101594,2024-02-13,1825,0.317286,0
101594,2024-02-14,10,0.1267,0
101594,2024-02-14,14,0.135812,0
101594,2024-02-14,30,0.194756,0
101594,2024-02-14,60,0.188894,0
101594,2024-02-14,91,0.173948,0
101594,2024-02-14,122,0.179798,0
101594,2024-02-14,152,0.178633,0
101594,2024-02-14,182,0.193932,0
101594,2024-02-14,273,0.187821,0
101594,2024-02-14,365,0.194459,0
101594,2024-02-14,547,0.260261,0
101594,2024-02-14,730,0.285702,0
101594,2024-02-14,1825,0.317294,0
101594,2024-02-15,10,0.106269,0
101594,2024-02-15,14,0.113904,0
101594,2024-02-15,30,0.190133,0
101594,2024-02-15,60,0.186518,0
101594,2024-02-15,91,0.172893,0
101594,2024-02-15,122,0.17982,0
101594,2024-02-15,152,0.177802,0
101594,2024-02-15,182,0.192759,0
101594,2024-02-15,273,0.1872,0
101594,2024-02-15,365,0.194028,0
101594,2024-02-15,547,0.26017,0
101594,2024-02-15,730,0.28525,0
101594,2024-02-15,1825,0.31717,0
101594,2024-02-16,10,0.083317,0
101594,2024-02-16,14,0.117806,0
101594,2024-02-16,30,0.191549,0
101594,2024-02-16,60,0.186501,0
101594,2024-02-16,91,0.173648,0
101594,2024-02-16,122,0.179766,0
101594,2024-02-16,152,0.177492,0
101594,2024-02-16,182,0.193144,0
101594,2024-02-16,273,0.187474,0
101594,2024-02-16,365,0.193922,0
101594,2024-02-16,547,0.260258,0
101594,2024-02-16,730,0.285313,0
101594,2024-02-16,1825,0.317073,0
101594,2024-02-20,10,0.057865,0
101594,2024-02-20,14,0.077968,0
101594,2024-02-20,30,0.14546,0
101594,2024-02-20,60,0.191406,0
101594,2024-02-20,91,0.173892,0
101594,2024-02-20,122,0.179536,0
101594,2024-02-20,152,0.174565,0
101594,2024-02-20,182,0.193436,0
101594,2024-02-20,273,0.187051,0
101594,2024-02-20,365,0.193804,0
101594,2024-02-20,547,0.259608,0
101594,2024-02-20,730,0.285119,0
101594,2024-02-20,1825,0.31731,0
101594,2024-02-21,10,0.083316,0
101594,2024-02-21,14,0.08713,0
101594,2024-02-21,30,0.137849,0
101594,2024-02-21,60,0.189452,0
101594,2024-02-21,91,0.173968,0
101594,2024-02-21,122,0.178545,0
101594,2024-02-21,152,0.174521,0
101594,2024-02-21,182,0.191044,0
101594,2024-02-21,273,0.187099,0
101594,2024-02-21,365,0.191811,0
101594,2024-02-21,547,0.259621,0
101594,2024-02-21,730,0.284849,0
101594,2024-02-21,1825,0.317282,0
101594,2024-02-22,10,0.121836,0
101594,2024-02-22,14,0.117691,0
101594,2024-02-22,30,0.142618,0
101594,2024-02-22,60,0.1897,0
101594,2024-02-22,91,0.174218,0
101594,2024-02-22,122,0.179482,0
101594,2024-02-22,152,0.174475,0
101594,2024-02-22,182,0.187825,0
101594,2024-02-22,273,0.18738,0
101594,2024-02-22,365,0.19208,0
101594,2024-02-22,547,0.259773,0
101594,2024-02-22,730,0.284662,0
101594,2024-02-22,1825,0.317187,0
101594,2024-02-23,10,0.118033,0
101594,2024-02-23,14,0.117695,0
101594,2024-02-23,30,0.144917,0
101594,2024-02-23,60,0.188607,0
101594,2024-02-23,91,0.174802,0
101594,2024-02-23,122,0.180451,0
101594,2024-02-23,152,0.174413,0
101594,2024-02-23,182,0.18759,0
101594,2024-02-23,273,0.187089,0
101594,2024-02-23,365,0.192378,0
101594,2024-02-23,547,0.259636,0
101594,2024-02-23,730,0.284137,0
101594,2024-02-23,1825,0.317101,0
101594,2024-02-26,10,0.139546,0
101594,2024-02-26,14,0.115771,0
101594,2024-02-26,30,0.147864,0
101594,2024-02-26,60,0.193768,0
101594,2024-02-26,91,0.175354,0
101594,2024-02-26,122,0.17521,0
101594,2024-02-26,152,0.171438,0
101594,2024-02-26,182,0.187494,0
101594,2024-02-26,273,0.1868,0
101594,2024-02-26,365,0.191611,0
101594,2024-02-26,547,0.257765,0
101594,2024-02-26,730,0.284097,0
101594,2024-02-26,1825,0.317364,0
101594,2024-02-27,10,0.138737,0
101594,2024-02-27,14,0.120469,0
101594,2024-02-27,30,0.149101,0
101594,2024-02-27,60,0.195067,0
101594,2024-02-27,91,0.176094,0
101594,2024-02-27,122,0.174574,0
101594,2024-02-27,152,0.17183,0
101594,2024-02-27,182,0.185296,0
101594,2024-02-27,273,0.186633,0
101594,2024-02-27,365,0.191606,0
101594,2024-02-27,547,0.257584,0
101594,2024-02-27,730,0.283868,0
101594,2024-02-27,1825,0.31734,0
101594,2024-02-28,10,0.133318,0
101594,2024-02-28,14,0.122447,0
101594,2024-02-28,30,0.149777,0
101594,2024-02-28,60,0.193013,0
101594,2024-02-28,91,0.17625,0
101594,2024-02-28,122,0.174021,0
101594,2024-02-28,152,0.172169,0
101594,2024-02-28,182,0.183496,0
101594,2024-02-28,273,0.1868,0
101594,2024-02-28,365,0.191705,0
101594,2024-02-28,547,0.257322,0
101594,2024-02-28,730,0.283908,0
101594,2024-02-28,1825,0.317332,0
101594,2024-02-29,10,0.124572,0
101594,2024-02-29,14,0.122916,0
101594,2024-02-29,30,0.136814,0
101594,2024-02-29,60,0.190667,0
101594,2024-02-29,91,0.176183,0
101594,2024-02-29,122,0.173056,0
101594,2024-02-29,152,0.171461,0
101594,2024-02-29,182,0.18355,0
101594,2024-02-29,273,0.185945,0
101594,2024-02-29,365,0.191151,0
101594,2024-02-29,547,0.257183,0
101594,2024-02-29,730,0.283796,0
101594,2024-02-29,1825,0.317214,0
101594,2024-03-01,10,0.12672,0
101594,2024-03-01,14,0.119463,0
101594,2024-03-01,30,0.121964,0
101594,2024-03-01,60,0.188655,0
101594,2024-03-01,91,0.175798,0
101594,2024-03-01,122,0.17342,0
101594,2024-03-01,152,0.17094,0
101594,2024-03-01,182,0.183301,0
101594,2024-03-01,273,0.185996,0
101594,2024-03-01,365,0.191249,0
101594,2024-03-01,547,0.257213,0
101594,2024-03-01,730,0.28347,0
101594,2024-03-01,1825,0.317104,0
101594,2024-03-04,10,0.172381,0
101594,2024-03-04,14,0.165228,0
101594,2024-03-04,30,0.140847,0
101594,2024-03-04,60,0.179373,0
101594,2024-03-04,91,0.182062,0
101594,2024-03-04,122,0.174707,0
101594,2024-03-04,152,0.17512,0
101594,2024-03-04,182,0.186062,0
101594,2024-03-04,273,0.188172,0
101594,2024-03-04,365,0.190084,0
101594,2024-03-04,547,0.257843,0
101594,2024-03-04,730,0.284031,0
101594,2024-03-04,1825,0.317562,0
101594,2024-03-05,10,0.205148,0
101594,2024-03-05,14,0.206963,0
101594,2024-03-05,30,0.164071,0
101594,2024-03-05,60,0.192494,0
101594,2024-03-05,91,0.184712,0
101594,2024-03-05,122,0.180805,0
101594,2024-03-05,152,0.180511,0
101594,2024-03-05,182,0.190311,0
101594,2024-03-05,273,0.191095,0
101594,2024-03-05,365,0.191521,0
101594,2024-03-05,547,0.258605,0
101594,2024-03-05,730,0.284492,0
101594,2024-03-05,1825,0.317794,0
101594,2024-03-06,10,0.191356,0
101594,2024-03-06,14,0.198401,0
101594,2024-03-06,30,0.156071,0
101594,2024-03-06,60,0.190379,0
101594,2024-03-06,91,0.184728,0
101594,2024-03-06,122,0.179951,0
101594,2024-03-06,152,0.17918,0
101594,2024-03-06,182,0.183519,0
101594,2024-03-06,273,0.191007,0
101594,2024-03-06,365,0.19103,0
101594,2024-03-06,547,0.25856,0
101594,2024-03-06,730,0.284009,0
101594,2024-03-06,1825,0.317809,0
101594,2024-03-07,10,0.197639,0
101594,2024-03-07,14,0.174575,0
101594,2024-03-07,30,0.149108,0
101594,2024-03-07,60,0.188057,0
101594,2024-03-07,91,0.183035,0
101594,2024-03-07,122,0.177998,0
101594,2024-03-07,152,0.178309,0
101594,2024-03-07,182,0.178738,0
101594,2024-03-07,273,0.190138,0
101594,2024-03-07,365,0.190869,0
101594,2024-03-07,547,0.258457,0
101594,2024-03-07,730,0.283884,0
101594,2024-03-07,1825,0.317684,0
101594,2024-03-08,10,0.204301,0
101594,2024-03-08,14,0.198149,0
101594,2024-03-08,30,0.157395,0
101594,2024-03-08,60,0.179427,0
101594,2024-03-08,91,0.183742,0
101594,2024-03-08,122,0.177063,0
101594,2024-03-08,152,0.178212,0
101594,2024-03-08,182,0.179284,0
101594,2024-03-08,273,0.190508,0
101594,2024-03-08,365,0.190483,0
101594,2024-03-08,547,0.258457,0
101594,2024-03-08,730,0.282932,0
101594,2024-03-08,1825,0.317583,0
101594,2024-03-11,10,0.276272,0
101594,2024-03-11,14,0.21847,0
101594,2024-03-11,30,0.169196,0
101594,2024-03-11,60,0.186188,0
101594,2024-03-11,91,0.184527,0
101594,2024-03-11,122,0.175232,0
101594,2024-03-11,152,0.179904,0
101594,2024-03-11,182,0.179838,0
101594,2024-03-11,273,0.190136,0
101594,2024-03-11,365,0.190254,0
101594,2024-03-11,547,0.258189,0
101594,2024-03-11,730,0.282118,0
101594,2024-03-11,1825,0.317494,0
101594,2024-03-12,10,0.258315,0
101594,2024-03-12,14,0.211245,0
101594,2024-03-12,30,0.166803,0
101594,2024-03-12,60,0.186327,0
101594,2024-03-12,91,0.183689,0
101594,2024-03-12,122,0.174267,0
101594,2024-03-12,152,0.17977,0
101594,2024-03-12,182,0.178246,0
101594,2024-03-12,273,0.19015,0
101594,2024-03-12,365,0.189848,0
101594,2024-03-12,547,0.256355,0
101594,2024-03-12,730,0.281842,0
101594,2024-03-12,1825,0.317463,0
101594,2024-03-13,10,0.24235,0
101594,2024-03-13,14,0.214065,0
101594,2024-03-13,30,0.168328,0
101594,2024-03-13,60,0.185802,0
101594,2024-03-13,91,0.180834,0
101594,2024-03-13,122,0.174321,0
101594,2024-03-13,152,0.180047,0
101594,2024-03-13,182,0.178283,0
101594,2024-03-13,273,0.1906,0
101594,2024-03-13,365,0.189797,0
101594,2024-03-13,547,0.251684,0
101594,2024-03-13,730,0.281321,0
101594,2024-03-13,1825,0.317474,0
101594,2024-03-14,10,0.221774,0
101594,2024-03-14,14,0.230037,0
101594,2024-03-14,30,0.174045,0
101594,2024-03-14,60,0.186206,0
101594,2024-03-14,91,0.182725,0
101594,2024-03-14,122,0.175014,0
101594,2024-03-14,152,0.180027,0
101594,2024-03-14,182,0.178523,0
101594,2024-03-14,273,0.190579,0
101594,2024-03-14,365,0.19007,0
101594,2024-03-14,547,0.251719,0
101594,2024-03-14,730,0.28067,0
101594,2024-03-14,1825,0.317378,0
101594,2024-03-15,10,0.138148,0
101594,2024-03-15,14,0.230068,0
101594,2024-03-15,30,0.173975,0
101594,2024-03-15,60,0.18398,0
101594,2024-03-15,91,0.182722,0
101594,2024-03-15,122,0.173026,0
101594,2024-03-15,152,0.179184,0
101594,2024-03-15,182,0.178454,0
101594,2024-03-15,273,0.190482,0
101594,2024-03-15,365,0.189223,0
101594,2024-03-15,547,0.251223,0
101594,2024-03-15,730,0.279952,0
101594,2024-03-15,1825,0.317256,0
101594,2024-03-18,10,0.143376,0
101594,2024-03-18,14,0.199633,0
101594,2024-03-18,30,0.180298,0
101594,2024-03-18,60,0.1672,0
101594,2024-03-18,91,0.183056,0
101594,2024-03-18,122,0.174604,0
101594,2024-03-18,152,0.18036,0
101594,2024-03-18,182,0.177061,0
101594,2024-03-18,273,0.190131,0
101594,2024-03-18,365,0.189222,0
101594,2024-03-18,547,0.251097,0
101594,2024-03-18,730,0.279851,0
101594,2024-03-18,1825,0.317447,0
101594,2024-03-19,10,0.145518,0
101594,2024-03-19,14,0.136003,0
101594,2024-03-19,30,0.18417,0
101594,2024-03-19,60,0.166005,0
101594,2024-03-19,91,0.185157,0
101594,2024-03-19,122,0.175391,0
101594,2024-03-19,152,0.181574,0
101594,2024-03-19,182,0.177899,0
101594,2024-03-19,273,0.190799,0
101594,2024-03-19,365,0.189083,0
101594,2024-03-19,547,0.25053,0
101594,2024-03-19,730,0.279731,0
101594,2024-03-19,1825,0.317106,0
101594,2024-03-20,10,0.146369,0
101594,2024-03-20,14,0.135516,0
101594,2024-03-20,30,0.187965,0
101594,2024-03-20,60,0.16895,0
101594,2024-03-20,91,0.187173,0
101594,2024-03-20,122,0.176397,0
101594,2024-03-20,152,0.181451,0
101594,2024-03-20,182,0.176774,0
101594,2024-03-20,273,0.191464,0
101594,2024-03-20,365,0.189269,0
101594,2024-03-20,547,0.250493,0
101594,2024-03-20,730,0.279856,0
101594,2024-03-20,1825,0.317011,0
101594,2024-03-21,10,0.296815,0
101594,2024-03-21,14,0.273828,0
101594,2024-03-21,30,0.233262,0
101594,2024-03-21,60,0.193086,0
101594,2024-03-21,91,0.204312,0
101594,2024-03-21,122,0.189432,0
101594,2024-03-21,152,0.192072,0
101594,2024-03-21,182,0.186085,0
101594,2024-03-21,273,0.196459,0
101594,2024-03-21,365,0.1937,0
101594,2024-03-21,547,0.252278,0
101594,2024-03-21,730,0.28105,0
101594,2024-03-21,1825,0.317463,0
101594,2024-03-22,10,0.298304,0
101594,2024-03-22,14,0.270513,0
101594,2024-03-22,30,0.233684,0
101594,2024-03-22,60,0.190679,0
101594,2024-03-22,91,0.204724,0
101594,2024-03-22,122,0.189709,0
101594,2024-03-22,152,0.191326,0
101594,2024-03-22,182,0.186106,0
101594,2024-03-22,273,0.196566,0
101594,2024-03-22,365,0.19365,0
101594,2024-03-22,547,0.252251,0
101594,2024-03-22,730,0.281015,0
101594,2024-03-22,1825,0.317342,0
101594,2024-03-25,10,0.337172,0
101594,2024-03-25,14,0.266711,0
101594,2024-03-25,30,0.233614,0
101594,2024-03-25,60,0.194367,0
101594,2024-03-25,91,0.203454,0
101594,2024-03-25,122,0.190829,0
101594,2024-03-25,152,0.192411,0
101594,2024-03-25,182,0.186163,0
101594,2024-03-25,273,0.196605,0
101594,2024-03-25,365,0.19368,0
101594,2024-03-25,547,0.252027,0
101594,2024-03-25,730,0.280895,0
101594,2024-03-25,1825,0.317507,0
101594,2024-03-26,10,0.30924,0
101594,2024-03-26,14,0.26709,0
101594,2024-03-26,30,0.2283,0
101594,2024-03-26,60,0.193998,0
101594,2024-03-26,91,0.203669,0
101594,2024-03-26,122,0.189897,0
101594,2024-03-26,152,0.188654,0
101594,2024-03-26,182,0.183355,0
101594,2024-03-26,273,0.195922,0
101594,2024-03-26,365,0.19339,0
101594,2024-03-26,547,0.252089,0
101594,2024-03-26,730,0.280655,0
101594,2024-03-26,1825,0.317526,0
101594,2024-03-27,10,0.315032,0
101594,2024-03-27,14,0.283267,0
101594,2024-03-27,30,0.241981,0
101594,2024-03-27,60,0.20045,0
101594,2024-03-27,91,0.208854,0
101594,2024-03-27,122,0.192673,0
101594,2024-03-27,152,0.191068,0
101594,2024-03-27,182,0.185332,0
101594,2024-03-27,273,0.197344,0
101594,2024-03-27,365,0.194448,0
101594,2024-03-27,547,0.252604,0
101594,2024-03-27,730,0.281027,0
101594,2024-03-27,1825,0.317642,0
101594,2024-03-28,10,0.318061,0
101594,2024-03-28,14,0.283405,0
101594,2024-03-28,30,0.240892,0
101594,2024-03-28,60,0.199031,0
101594,2024-03-28,91,0.209454,0
101594,2024-03-28,122,0.193379,0
101594,2024-03-28,152,0.190898,0
101594,2024-03-28,182,0.18595,0
101594,2024-03-28,273,0.197677,0
101594,2024-03-28,365,0.193797,0
101594,2024-03-28,547,0.252537,0
101594,2024-03-28,730,0.280805,0
101594,2024-03-28,1825,0.317558,0
101594,2024-04-01,10,0.210769,0
101594,2024-04-01,14,0.299731,0
101594,2024-04-01,30,0.253418,0
101594,2024-04-01,60,0.193776,0
101594,2024-04-01,91,0.209755,0
101594,2024-04-01,122,0.196409,0
101594,2024-04-01,152,0.189979,0
101594,2024-04-01,182,0.185844,0
101594,2024-04-01,273,0.19636,0
101594,2024-04-01,365,0.193529,0
101594,2024-04-01,547,0.248216,0
101594,2024-04-01,730,0.281102,0
101594,2024-04-01,1825,0.317762,0
101594,2024-04-02,10,0.190656,0
101594,2024-04-02,14,0.284781,0
101594,2024-04-02,30,0.247443,0
101594,2024-04-02,60,0.193983,0
101594,2024-04-02,91,0.197836,0
101594,2024-04-02,122,0.195439,0
101594,2024-04-02,152,0.18741,0
101594,2024-04-02,182,0.185782,0
101594,2024-04-02,273,0.195974,0
101594,2024-04-02,365,0.193513,0
101594,2024-04-02,547,0.247088,0
101594,2024-04-02,730,0.280864,0
101594,2024-04-02,1825,0.317783,0
101594,2024-04-03,10,0.180779,0
101594,2024-04-03,14,0.26811,0
101594,2024-04-03,30,0.234316,0
101594,2024-04-03,60,0.192362,0
101594,2024-04-03,91,0.197848,0
101594,2024-04-03,122,0.194552,0
101594,2024-04-03,152,0.187439,0
101594,2024-04-03,182,0.185611,0
101594,2024-04-03,273,0.195981,0
101594,2024-04-03,365,0.193541,0
101594,2024-04-03,547,0.24627,0
101594,2024-04-03,730,0.28039,0
101594,2024-04-03,1825,0.317777,0
101594,2024-04-04,10,0.17702,0
101594,2024-04-04,14,0.162574,0
101594,2024-04-04,30,0.212796,0
101594,2024-04-04,60,0.190118,0
101594,2024-04-04,91,0.196595,0
101594,2024-04-04,122,0.19413,0
101594,2024-04-04,152,0.186652,0
101594,2024-04-04,182,0.185431,0
101594,2024-04-04,273,0.196009,0
101594,2024-04-04,365,0.193262,0
101594,2024-04-04,547,0.246305,0
101594,2024-04-04,730,0.280085,0
101594,2024-04-04,1825,0.317662,0
101594,2024-04-05,10,0.176507,0
101594,2024-04-05,14,0.161542,0
101594,2024-04-05,30,0.212436,0
101594,2024-04-05,60,0.188487,0
101594,2024-04-05,91,0.196836,0
101594,2024-04-05,122,0.190434,0
101594,2024-04-05,152,0.185901,0
101594,2024-04-05,182,0.18432,0
101594,2024-04-05,273,0.196004,0
101594,2024-04-05,365,0.193237,0
101594,2024-04-05,547,0.24626,0
101594,2024-04-05,730,0.279792,0
101594,2024-04-05,1825,0.317539,0
101594,2024-04-08,10,0.095327,0
101594,2024-04-08,14,0.15965,0
101594,2024-04-08,30,0.215869,0
101594,2024-04-08,60,0.191111,0
101594,2024-04-08,91,0.190382,0
101594,2024-04-08,122,0.191054,0
101594,2024-04-08,152,0.184691,0
101594,2024-04-08,182,0.184106,0
101594,2024-04-08,273,0.195765,0
101594,2024-04-08,365,0.192971,0
101594,2024-04-08,547,0.244359,0
101594,2024-04-08,730,0.27998,0
101594,2024-04-08,1825,0.317731,0
101594,2024-04-09,10,0.106344,0
101594,2024-04-09,14,0.162533,0
101594,2024-04-09,30,0.212171,0
101594,2024-04-09,60,0.191996,0
101594,2024-04-09,91,0.19119,0
101594,2024-04-09,122,0.190533,0
101594,2024-04-09,152,0.185093,0
101594,2024-04-09,182,0.184383,0
101594,2024-04-09,273,0.195955,0
101594,2024-04-09,365,0.19241,0
101594,2024-04-09,547,0.244416,0
101594,2024-04-09,730,0.279747,0
101594,2024-04-09,1825,0.317716,0
101594,2024-04-10,10,0.112467,0
101594,2024-04-10,14,0.113182,0
101594,2024-04-10,30,0.210633,0
101594,2024-04-10,60,0.190755,0
101594,2024-04-10,91,0.191645,0
101594,2024-04-10,122,0.190086,0
101594,2024-04-10,152,0.181979,0
101594,2024-04-10,182,0.184638,0
101594,2024-04-10,273,0.196031,0
101594,2024-04-10,365,0.19259,0
101594,2024-04-10,547,0.244444,0
101594,2024-04-10,730,0.279257,0
101594,2024-04-10,1825,0.317762,0
101594,2024-04-11,10,0.270184,0
101594,2024-04-11,14,0.260746,0
101594,2024-04-11,30,0.259472,0
101594,2024-04-11,60,0.218594,0
101594,2024-04-11,91,0.21115,0
101594,2024-04-11,122,0.204058,0
101594,2024-04-11,152,0.19338,0
101594,2024-04-11,182,0.194357,0
101594,2024-04-11,273,0.202186,0
101594,2024-04-11,365,0.197114,0
101594,2024-04-11,547,0.2468,0
101594,2024-04-11,730,0.280749,0
101594,2024-04-11,1825,0.318175,0
101594,2024-04-12,10,0.262111,0
101594,2024-04-12,14,0.247864,0
101594,2024-04-12,30,0.256637,0
101594,2024-04-12,60,0.219273,0
101594,2024-04-12,91,0.211955,0
101594,2024-04-12,122,0.204157,0
101594,2024-04-12,152,0.192969,0
101594,2024-04-12,182,0.194214,0
101594,2024-04-12,273,0.202451,0
101594,2024-04-12,365,0.194451,0
101594,2024-04-12,547,0.245447,0
101594,2024-04-12,730,0.280581,0
101594,2024-04-12,1825,0.318067,0
101594,2024-04-15,10,0.356673,0
101594,2024-04-15,14,0.273501,0
101594,2024-04-15,30,0.273484,0
101594,2024-04-15,60,0.229337,0
101594,2024-04-15,91,0.214508,0
101594,2024-04-15,122,0.207452,0
101594,2024-04-15,152,0.195906,0
101594,2024-04-15,182,0.196734,0
101594,2024-04-15,273,0.202968,0
101594,2024-04-15,365,0.195726,0
101594,2024-04-15,547,0.244624,0
101594,2024-04-15,730,0.280185,0
101594,2024-04-15,1825,0.318383,0
101594,2024-04-16,10,0.352204,0
101594,2024-04-16,14,0.290784,0
101594,2024-04-16,30,0.274878,0
101594,2024-04-16,60,0.233051,0
101594,2024-04-16,91,0.216434,0
101594,2024-04-16,122,0.208491,0
101594,2024-04-16,152,0.197423,0
101594,2024-04-16,182,0.19824,0
101594,2024-04-16,273,0.204125,0
101594,2024-04-16,365,0.196704,0
101594,2024-04-16,547,0.244077,0
101594,2024-04-16,730,0.280245,0
101594,2024-04-16,1825,0.318511,0
101594,2024-04-17,10,0.329164,0
101594,2024-04-17,14,0.292488,0
101594,2024-04-17,30,0.274656,0
101594,2024-04-17,60,0.230656,0
101594,2024-04-17,91,0.216737,0
101594,2024-04-17,122,0.207508,0
101594,2024-04-17,152,0.19773,0
101594,2024-04-17,182,0.198299,0
101594,2024-04-17,273,0.204108,0
101594,2024-04-17,365,0.19674,0
101594,2024-04-17,547,0.244071,0
101594,2024-04-17,730,0.280304,0
101594,2024-04-17,1825,0.318411,0
101594,2024-04-18,10,0.328631,0
101594,2024-04-18,14,0.292827,0
101594,2024-04-18,30,0.269372,0
101594,2024-04-18,60,0.22801,0
101594,2024-04-18,91,0.206007,0
101594,2024-04-18,122,0.207291,0
101594,2024-04-18,152,0.196887,0
101594,2024-04-18,182,0.198431,0
101594,2024-04-18,273,0.203899,0
101594,2024-04-18,365,0.196702,0
101594,2024-04-18,547,0.244123,0
101594,2024-04-18,730,0.280159,0
101594,2024-04-18,1825,0.318299,0
101594,2024-04-19,10,0.329199,0
101594,2024-04-19,14,0.296018,0
101594,2024-04-19,30,0.263899,0
101594,2024-04-19,60,0.226629,0
101594,2024-04-19,91,0.203979,0
101594,2024-04-19,122,0.207673,0
101594,2024-04-19,152,0.196684,0
101594,2024-04-19,182,0.198087,0
101594,2024-04-19,273,0.20424,0
101594,2024-04-19,365,0.197001,0
101594,2024-04-19,547,0.244327,0
101594,2024-04-19,730,0.280294,0
101594,2024-04-19,1825,0.318227,0
101594,2024-04-22,10,0.156675,0
101594,2024-04-22,14,0.297511,0
101594,2024-04-22,30,0.23073,0
101594,2024-04-22,60,0.229828,0
101594,2024-04-22,91,0.202438,0
101594,2024-04-22,122,0.209947,0
101594,2024-04-22,152,0.197976,0
101594,2024-04-22,182,0.198233,0
101594,2024-04-22,273,0.204271,0
101594,2024-04-22,365,0.196819,0
101594,2024-04-22,547,0.2434,0
101594,2024-04-22,730,0.279857,0
101594,2024-04-22,1825,0.318426,0
101594,2024-04-23,10,0.174981,0
101594,2024-04-23,14,0.296843,0
101594,2024-04-23,30,0.226708,0
101594,2024-04-23,60,0.230065,0
101594,2024-04-23,91,0.202391,0
101594,2024-04-23,122,0.209149,0
101594,2024-04-23,152,0.197376,0
101594,2024-04-23,182,0.198421,0
101594,2024-04-23,273,0.204348,0
101594,2024-04-23,365,0.196912,0
101594,2024-04-23,547,0.243165,0
101594,2024-04-23,730,0.279614,0
101594,2024-04-23,1825,0.318403,0
101594,2024-04-24,10,0.199197,0
101594,2024-04-24,14,0.299449,0
101594,2024-04-24,30,0.230354,0
101594,2024-04-24,60,0.230118,0
101594,2024-04-24,91,0.204612,0
101594,2024-04-24,122,0.209382,0
101594,2024-04-24,152,0.198361,0
101594,2024-04-24,182,0.198341,0
101594,2024-04-24,273,0.204844,0
101594,2024-04-24,365,0.197078,0
101594,2024-04-24,547,0.242882,0
101594,2024-04-24,730,0.279715,0
101594,2024-04-24,1825,0.318436,0
101594,2024-04-25,10,0.174306,0
101594,2024-04-25,14,0.194469,0
101594,2024-04-25,30,0.229998,0
101594,2024-04-25,60,0.227986,0
101594,2024-04-25,91,0.205137,0
101594,2024-04-25,122,0.208446,0
101594,2024-04-25,152,0.197636,0
101594,2024-04-25,182,0.195234,0
101594,2024-04-25,273,0.204841,0
101594,2024-04-25,365,0.197142,0
101594,2024-04-25,547,0.24235,0
101594,2024-04-25,730,0.278424,0
101594,2024-04-25,1825,0.318314,0
101594,2024-04-26,10,0.136147,0
101594,2024-04-26,14,0.18348,0
101594,2024-04-26,30,0.217191,0
101594,2024-04-26,60,0.227579,0
101594,2024-04-26,91,0.204672,0
101594,2024-04-26,122,0.208461,0
101594,2024-04-26,152,0.196719,0
101594,2024-04-26,182,0.194981,0
101594,2024-04-26,273,0.204209,0
101594,2024-04-26,365,0.195175,0
101594,2024-04-26,547,0.241002,0
101594,2024-04-26,730,0.278434,0
101594,2024-04-26,1825,0.318194,0
101594,2024-04-29,10,0.149613,0
101594,2024-04-29,14,0.204103,0
101594,2024-04-29,30,0.231441,0
101594,2024-04-29,60,0.240423,0
101594,2024-04-29,91,0.211394,0
101594,2024-04-29,122,0.215671,0
101594,2024-04-29,152,0.202404,0
101594,2024-04-29,182,0.19732,0
101594,2024-04-29,273,0.206246,0
101594,2024-04-29,365,0.196569,0
101594,2024-04-29,547,0.234386,0
101594,2024-04-29,730,0.276216,0
101594,2024-04-29,1825,0.317795,0
101594,2024-04-30,10,0.211028,0
101594,2024-04-30,14,0.201656,0
101594,2024-04-30,30,0.234837,0
101594,2024-04-30,60,0.243999,0
101594,2024-04-30,91,0.211061,0
101594,2024-04-30,122,0.216433,0
101594,2024-04-30,152,0.204167,0
101594,2024-04-30,182,0.199055,0
101594,2024-04-30,273,0.207231,0
101594,2024-04-30,365,0.197445,0
101594,2024-04-30,547,0.23453,0
101594,2024-04-30,730,0.276257,0
101594,2024-04-30,1825,0.317897,0
101594,2024-05-01,10,0.204243,0
101594,2024-05-01,14,0.199356,0
101594,2024-05-01,30,0.233964,0
101594,2024-05-01,60,0.241287,0
101594,2024-05-01,91,0.20809,0
101594,2024-05-01,122,0.215273,0
101594,2024-05-01,152,0.20394,0
101594,2024-05-01,182,0.197439,0
101594,2024-05-01,273,0.206602,0
101594,2024-05-01,365,0.19744,0
101594,2024-05-01,547,0.234122,0
101594,2024-05-01,730,0.276289,0
101594,2024-05-01,1825,0.317871,0
101594,2024-05-02,10,0.229689,0
101594,2024-05-02,14,0.220934,0
101594,2024-05-02,30,0.243985,0
101594,2024-05-02,60,0.244928,0
101594,2024-05-02,91,0.211202,0
101594,2024-05-02,122,0.217719,0
101594,2024-05-02,152,0.206072,0
101594,2024-05-02,182,0.197729,0
101594,2024-05-02,273,0.208082,0
101594,2024-05-02,365,0.198528,0
101594,2024-05-02,547,0.23265,0
101594,2024-05-02,730,0.276634,0
101594,2024-05-02,1825,0.317882,0
101594,2024-05-03,10,0.375503,0
101594,2024-05-03,14,0.333661,0
101594,2024-05-03,30,0.311093,0
101594,2024-05-03,60,0.275996,0
101594,2024-05-03,91,0.242001,0
101594,2024-05-03,122,0.232231,0
101594,2024-05-03,152,0.224554,0
101594,2024-05-03,182,0.214334,0
101594,2024-05-03,273,0.211299,0
101594,2024-05-03,365,0.206582,0
101594,2024-05-03,547,0.234625,0
101594,2024-05-03,730,0.278223,0
101594,2024-05-03,1825,0.318781,0
101594,2024-05-06,10,0.453301,0
101594,2024-05-06,14,0.347561,0
101594,2024-05-06,30,0.3205,0
101594,2024-05-06,60,0.273034,0
101594,2024-05-06,91,0.241788,0
101594,2024-05-06,122,0.234056,0
101594,2024-05-06,152,0.224071,0
101594,2024-05-06,182,0.213779,0
101594,2024-05-06,273,0.210595,0
101594,2024-05-06,365,0.201681,0
101594,2024-05-06,547,0.234756,0
101594,2024-05-06,730,0.275546,0
101594,2024-05-06,1825,0.318728,0
101594,2024-05-07,10,0.41658,0
101594,2024-05-07,14,0.348377,0
101594,2024-05-07,30,0.31278,0
101594,2024-05-07,60,0.272251,0
101594,2024-05-07,91,0.241245,0
101594,2024-05-07,122,0.232732,0
101594,2024-05-07,152,0.223549,0
101594,2024-05-07,182,0.212869,0
101594,2024-05-07,273,0.210552,0
101594,2024-05-07,365,0.201712,0
101594,2024-05-07,547,0.234755,0
101594,2024-05-07,730,0.275282,0
101594,2024-05-07,1825,0.318686,0
101594,2024-05-08,10,0.388817,0
101594,2024-05-08,14,0.349327,0
101594,2024-05-08,30,0.310833,0
101594,2024-05-08,60,0.268911,0
101594,2024-05-08,91,0.241283,0
101594,2024-05-08,122,0.231363,0
101594,2024-05-08,152,0.223229,0
101594,2024-05-08,182,0.212721,0
101594,2024-05-08,273,0.210295,0
101594,2024-05-08,365,0.201455,0
101594,2024-05-08,547,0.23474,0
101594,2024-05-08,730,0.27422,0
101594,2024-05-08,1825,0.318616,0
101594,2024-05-09,10,0.377068,0
101594,2024-05-09,14,0.349135,0
101594,2024-05-09,30,0.311345,0
101594,2024-05-09,60,0.266458,0
101594,2024-05-09,91,0.24195,0
101594,2024-05-09,122,0.228293,0
101594,2024-05-09,152,0.222756,0
101594,2024-05-09,182,0.213158,0
101594,2024-05-09,273,0.210595,0
101594,2024-05-09,365,0.201437,0
101594,2024-05-09,547,0.233142,0
101594,2024-05-09,730,0.274081,0
101594,2024-05-09,1825,0.318514,0
101594,2024-05-10,10,0.353038,0
101594,2024-05-10,14,0.352772,0
101594,2024-05-10,30,0.309188,0
101594,2024-05-10,60,0.266108,0
101594,2024-05-10,91,0.242139,0
101594,2024-05-10,122,0.228568,0
101594,2024-05-10,152,0.221901,0
101594,2024-05-10,182,0.210847,0
101594,2024-05-10,273,0.210756,0
101594,2024-05-10,365,0.201563,0
101594,2024-05-10,547,0.222672,0
101594,2024-05-10,730,0.271476,0
101594,2024-05-10,1825,0.318407,0
101594,2024-05-13,10,0.15969,0
101594,2024-05-13,14,0.34523,0
101594,2024-05-13,30,0.28872,0
101594,2024-05-13,60,0.272387,0
101594,2024-05-13,91,0.24413,0
101594,2024-05-13,122,0.233066,0
101594,2024-05-13,152,0.222999,0
101594,2024-05-13,182,0.211975,0
101594,2024-05-13,273,0.211443,0
101594,2024-05-13,365,0.202221,0
101594,2024-05-13,547,0.222587,0
101594,2024-05-13,730,0.270411,0
101594,2024-05-13,1825,0.317469,0
101594,2024-05-14,10,0.147124,0
101594,2024-05-14,14,0.314726,0
101594,2024-05-14,30,0.282016,0
101594,2024-05-14,60,0.272394,0
101594,2024-05-14,91,0.243349,0
101594,2024-05-14,122,0.231898,0
101594,2024-05-14,152,0.223238,0
101594,2024-05-14,182,0.211188,0
101594,2024-05-14,273,0.21113,0
101594,2024-05-14,365,0.202279,0
101594,2024-05-14,547,0.222477,0
101594,2024-05-14,730,0.270171,0
101594,2024-05-14,1825,0.317467,0
101594,2024-05-15,10,0.144943,0
101594,2024-05-15,14,0.302207,0
101594,2024-05-15,30,0.269283,0
101594,2024-05-15,60,0.270188,0
101594,2024-05-15,91,0.244282,0
101594,2024-05-15,122,0.23144,0
101594,2024-05-15,152,0.224083,0
101594,2024-05-15,182,0.211853,0
101594,2024-05-15,273,0.211483,0
101594,2024-05-15,365,0.202623,0
101594,2024-05-15,547,0.222488,0
101594,2024-05-15,730,0.270179,0
101594,2024-05-15,1825,0.317491,0
101594,2024-05-16,10,0.12028,0
101594,2024-05-16,14,0.30074,0
101594,2024-05-16,30,0.25637,0
101594,2024-05-16,60,0.266982,0
101594,2024-05-16,91,0.244246,0
101594,2024-05-16,122,0.230076,0
101594,2024-05-16,152,0.222998,0
101594,2024-05-16,182,0.211467,0
101594,2024-05-16,273,0.210754,0
101594,2024-05-16,365,0.202598,0
101594,2024-05-16,547,0.222365,0
101594,2024-05-16,730,0.269616,0
101594,2024-05-16,1825,0.317365,0
101594,2024-05-17,10,0.123964,0
101594,2024-05-17,14,0.130646,0
101594,2024-05-17,30,0.252656,0
101594,2024-05-17,60,0.266831,0
101594,2024-05-17,91,0.243563,0
101594,2024-05-17,122,0.229028,0
101594,2024-05-17,152,0.221925,0
101594,2024-05-17,182,0.211467,0
101594,2024-05-17,273,0.210737,0
101594,2024-05-17,365,0.202164,0
101594,2024-05-17,547,0.222139,0
101594,2024-05-17,730,0.26639,0
101594,2024-05-17,1825,0.317239,0
101594,2024-05-20,10,0.10655,0
101594,2024-05-20,14,0.10969,0
101594,2024-05-20,30,0.246638,0
101594,2024-05-20,60,0.246731,0
101594,2024-05-20,91,0.241867,0
101594,2024-05-20,122,0.223509,0
101594,2024-05-20,152,0.223154,0
101594,2024-05-20,182,0.211237,0
101594,2024-05-20,273,0.210673,0
101594,2024-05-20,365,0.202247,0
101594,2024-05-20,547,0.22217,0
101594,2024-05-20,730,0.266064,0
101594,2024-05-20,1825,0.316905,0
101594,2024-05-21,10,0.097281,0
101594,2024-05-21,14,0.109702,0
101594,2024-05-21,30,0.240695,0
101594,2024-05-21,60,0.246863,0
101594,2024-05-21,91,0.24196,0
101594,2024-05-21,122,0.222486,0
101594,2024-05-21,152,0.22342,0
101594,2024-05-21,182,0.211371,0
101594,2024-05-21,273,0.210627,0
101594,2024-05-21,365,0.202264,0
101594,2024-05-21,547,0.221451,0
101594,2024-05-21,730,0.265834,0
101594,2024-05-21,1825,0.316808,0
101594,2024-05-22,10,0.121939,0
101594,2024-05-22,14,0.127155,0
101594,2024-05-22,30,0.245681,0
101594,2024-05-22,60,0.245133,0
101594,2024-05-22,91,0.24245,0
101594,2024-05-22,122,0.22156,0
101594,2024-05-22,152,0.223563,0
101594,2024-05-22,182,0.211594,0
101594,2024-05-22,273,0.209369,0
101594,2024-05-22,365,0.201809,0
101594,2024-05-22,547,0.221263,0
101594,2024-05-22,730,0.264478,0
101594,2024-05-22,1825,0.316824,0
101594,2024-05-23,10,0.167479,0
101594,2024-05-23,14,0.176693,0
101594,2024-05-23,30,0.263015,0
101594,2024-05-23,60,0.248933,0
101594,2024-05-23,91,0.245398,0
101594,2024-05-23,122,0.223513,0
101594,2024-05-23,152,0.224903,0
101594,2024-05-23,182,0.212896,0
101594,2024-05-23,273,0.208552,0
101594,2024-05-23,365,0.202976,0
101594,2024-05-23,547,0.22195,0
101594,2024-05-23,730,0.264552,0
101594,2024-05-23,1825,0.316858,0
101594,2024-05-24,10,0.188824,0
101594,2024-05-24,14,0.184747,0
101594,2024-05-24,30,0.264626,0
101594,2024-05-24,60,0.250034,0
101594,2024-05-24,91,0.246582,0
101594,2024-05-24,122,0.225056,0
101594,2024-05-24,152,0.225321,0
101594,2024-05-24,182,0.213965,0
101594,2024-05-24,273,0.208907,0
101594,2024-05-24,365,0.203518,0
101594,2024-05-24,547,0.222034,0
101594,2024-05-24,730,0.264791,0
101594,2024-05-24,1825,0.316806,0
101594,2024-05-28,10,0.208829,0
101594,2024-05-28,14,0.176841,0
101594,2024-05-28,30,0.269978,0
101594,2024-05-28,60,0.248817,0
101594,2024-05-28,91,0.247572,0
101594,2024-05-28,122,0.227142,0
101594,2024-05-28,152,0.227447,0
101594,2024-05-28,182,0.21478,0
101594,2024-05-28,273,0.207757,0
101594,2024-05-28,365,0.203057,0
101594,2024-05-28,547,0.220558,0
101594,2024-05-28,730,0.263098,0
101594,2024-05-28,1825,0.317033,0
101594,2024-05-29,10,0.190838,0
101594,2024-05-29,14,0.165283,0
101594,2024-05-29,30,0.261242,0
101594,2024-05-29,60,0.245775,0
101594,2024-05-29,91,0.247133,0
101594,2024-05-29,122,0.225804,0
101594,2024-05-29,152,0.227309,0
101594,2024-05-29,182,0.214649,0
101594,2024-05-29,273,0.206602,0
101594,2024-05-29,365,0.202799,0
101594,2024-05-29,547,0.219808,0
101594,2024-05-29,730,0.262836,0
101594,2024-05-29,1825,0.316913,0
101594,2024-05-30,10,0.189755,0
101594,2024-05-30,14,0.167332,0
101594,2024-05-30,30,0.247607,0
101594,2024-05-30,60,0.242922,0
101594,2024-05-30,91,0.247121,0
101594,2024-05-30,122,0.225907,0
101594,2024-05-30,152,0.226355,0
101594,2024-05-30,182,0.214735,0
101594,2024-05-30,273,0.206685,0
101594,2024-05-30,365,0.202858,0
101594,2024-05-30,547,0.216472,0
101594,2024-05-30,730,0.262824,0
101594,2024-05-30,1825,0.316792,0
101594,2024-05-31,10,0.187368,0
101594,2024-05-31,14,0.168666,0
101594,2024-05-31,30,0.243983,0
101594,2024-05-31,60,0.241425,0
101594,2024-05-31,91,0.246843,0
101594,2024-05-31,122,0.223505,0
101594,2024-05-31,152,0.2254,0
101594,2024-05-31,182,0.214637,0
101594,2024-05-31,273,0.206537,0
101594,2024-05-31,365,0.202308,0
101594,2024-05-31,547,0.216499,0
101594,2024-05-31,730,0.262842,0
101594,2024-05-31,1825,0.316671,0
101594,2024-06-03,10,0.056667,0
101594,2024-06-03,14,0.172145,0
101594,2024-06-03,30,0.144687,0
101594,2024-06-03,60,0.245669,0
101594,2024-06-03,91,0.241247,0
101594,2024-06-03,122,0.222653,0
101594,2024-06-03,152,0.219201,0
101594,2024-06-03,182,0.214586,0
101594,2024-06-03,273,0.206254,0
101594,2024-06-03,365,0.202457,0
101594,2024-06-03,547,0.216584,0
101594,2024-06-03,730,0.261398,0
101594,2024-06-03,1825,0.31645,0
101594,2024-06-04,10,0.053353,0
101594,2024-06-04,14,0.169464,0
101594,2024-06-04,30,0.141089,0
101594,2024-06-04,60,0.245693,0
101594,2024-06-04,91,0.233148,0
101594,2024-06-04,122,0.221316,0
101594,2024-06-04,152,0.218207,0
101594,2024-06-04,182,0.21254,0
101594,2024-06-04,273,0.206257,0
101594,2024-06-04,365,0.202305,0
101594,2024-06-04,547,0.216466,0
101594,2024-06-04,730,0.261138,0
101594,2024-06-04,1825,0.316393,0
101594,2024-06-05,10,0.054297,0
101594,2024-06-05,14,0.163977,0
101594,2024-06-05,30,0.135038,0
101594,2024-06-05,60,0.242921,0
101594,2024-06-05,91,0.232838,0
101594,2024-06-05,122,0.220346,0
101594,2024-06-05,152,0.218362,0
101594,2024-06-05,182,0.212661,0
101594,2024-06-05,273,0.201994,0
101594,2024-06-05,365,0.202428,0
101594,2024-06-05,547,0.215445,0
101594,2024-06-05,730,0.261168,0
101594,2024-06-05,1825,0.316207,0
101594,2024-06-06,10,0.081737,0
101594,2024-06-06,14,0.10473,0
101594,2024-06-06,30,0.14008,0
101594,2024-06-06,60,0.241376,0
101594,2024-06-06,91,0.233533,0
101594,2024-06-06,122,0.220164,0
101594,2024-06-06,152,0.217653,0
101594,2024-06-06,182,0.212431,0
101594,2024-06-06,273,0.199137,0
101594,2024-06-06,365,0.202402,0
101594,2024-06-06,547,0.215204,0
101594,2024-06-06,730,0.260951,0
101594,2024-06-06,1825,0.316103,0
101594,2024-06-07,10,0.094238,0
101594,2024-06-07,14,0.091184,0
101594,2024-06-07,30,0.143537,0
101594,2024-06-07,60,0.241081,0
101594,2024-06-07,91,0.233866,0
101594,2024-06-07,122,0.22067,0
101594,2024-06-07,152,0.217354,0
101594,2024-06-07,182,0.212897,0
101594,2024-06-07,273,0.199577,0
101594,2024-06-07,365,0.202199,0
101594,2024-06-07,547,0.215213,0
101594,2024-06-07,730,0.261054,0
101594,2024-06-07,1825,0.316017,0
101594,2024-06-10,10,0.190643,0
101594,2024-06-10,14,0.145172,0
101594,2024-06-10,30,0.162593,0
101594,2024-06-10,60,0.230346,0
101594,2024-06-10,91,0.236992,0
101594,2024-06-10,122,0.225654,0
101594,2024-06-10,152,0.218452,0
101594,2024-06-10,182,0.213881,0
101594,2024-06-10,273,0.200773,0
101594,2024-06-10,365,0.203152,0
101594,2024-06-10,547,0.215822,0
101594,2024-06-10,730,0.258802,0
101594,2024-06-10,1825,0.316319,0
101594,2024-06-11,10,0.451188,0
101594,2024-06-11,14,0.372299,0
101594,2024-06-11,30,0.282338,0
101594,2024-06-11,60,0.284805,0
101594,2024-06-11,91,0.27359,0
101594,2024-06-11,122,0.254836,0
101594,2024-06-11,152,0.243859,0
101594,2024-06-11,182,0.235851,0
101594,2024-06-11,273,0.215375,0
101594,2024-06-11,365,0.214343,0
101594,2024-06-11,547,0.22282,0
101594,2024-06-11,730,0.263181,0
101594,2024-06-11,1825,0.317824,0
101594,2024-06-12,10,0.429129,0
101594,2024-06-12,14,0.381977,0
101594,2024-06-12,30,0.290188,0
101594,2024-06-12,60,0.287511,0
101594,2024-06-12,91,0.27646,0
101594,2024-06-12,122,0.257564,0
101594,2024-06-12,152,0.247479,0
101594,2024-06-12,182,0.238041,0
101594,2024-06-12,273,0.21716,0
101594,2024-06-12,365,0.216105,0
101594,2024-06-12,547,0.223884,0
101594,2024-06-12,730,0.262365,0
101594,2024-06-12,1825,0.318031,0
101594,2024-06-13,10,0.43078,0
101594,2024-06-13,14,0.381874,0
101594,2024-06-13,30,0.290205,0
101594,2024-06-13,60,0.284077,0
101594,2024-06-13,91,0.276086,0
101594,2024-06-13,122,0.257005,0
101594,2024-06-13,152,0.24637,0
101594,2024-06-13,182,0.238142,0
101594,2024-06-13,273,0.217037,0
101594,2024-06-13,365,0.216141,0
101594,2024-06-13,547,0.223492,0
101594,2024-06-13,730,0.262354,0
101594,2024-06-13,1825,0.31791,0
101594,2024-06-14,10,0.442993,0
101594,2024-06-14,14,0.393576,0
101594,2024-06-14,30,0.29364,0
101594,2024-06-14,60,0.278188,0
101594,2024-06-14,91,0.276843,0
101594,2024-06-14,122,0.256587,0
101594,2024-06-14,152,0.245639,0
101594,2024-06-14,182,0.238429,0
101594,2024-06-14,273,0.217219,0
101594,2024-06-14,365,0.216062,0
101594,2024-06-14,547,0.219956,0
101594,2024-06-14,730,0.262089,0
101594,2024-06-14,1825,0.317812,0
101594,2024-06-17,10,0.503777,0
101594,2024-06-17,14,0.396359,0
101594,2024-06-17,30,0.30388,0
101594,2024-06-17,60,0.276654,0
101594,2024-06-17,91,0.278666,0
101594,2024-06-17,122,0.260565,0
101594,2024-06-17,152,0.247249,0
101594,2024-06-17,182,0.23957,0
101594,2024-06-17,273,0.217505,0
101594,2024-06-17,365,0.216794,0
101594,2024-06-17,547,0.220076,0
101594,2024-06-17,730,0.260922,0
101594,2024-06-17,1825,0.318004,0
101594,2024-06-18,10,0.487583,0
101594,2024-06-18,14,0.409676,0
101594,2024-06-18,30,0.302428,0
101594,2024-06-18,60,0.276142,0
101594,2024-06-18,91,0.27942,0
101594,2024-06-18,122,0.259989,0
101594,2024-06-18,152,0.243393,0
101594,2024-06-18,182,0.240076,0
101594,2024-06-18,273,0.217874,0
101594,2024-06-18,365,0.216678,0
101594,2024-06-18,547,0.219849,0
101594,2024-06-18,730,0.260802,0
101594,2024-06-18,1825,0.318037,0
101594,2024-06-20,10,0.494289,0
101594,2024-06-20,14,0.458727,0
101594,2024-06-20,30,0.325177,0
101594,2024-06-20,60,0.281339,0
101594,2024-06-20,91,0.270287,0
101594,2024-06-20,122,0.261635,0
101594,2024-06-20,152,0.244953,0
101594,2024-06-20,182,0.242636,0
101594,2024-06-20,273,0.218365,0
101594,2024-06-20,365,0.218174,0
101594,2024-06-20,547,0.220189,0
101594,2024-06-20,730,0.260353,0
101594,2024-06-20,1825,0.318196,0
101594,2024-06-21,10,0.28805,0
101594,2024-06-21,14,0.468318,0
101594,2024-06-21,30,0.32676,0
101594,2024-06-21,60,0.284137,0
101594,2024-06-21,91,0.271672,0
101594,2024-06-21,122,0.262288,0
101594,2024-06-21,152,0.244415,0
101594,2024-06-21,182,0.242999,0
101594,2024-06-21,273,0.218725,0
101594,2024-06-21,365,0.217868,0
101594,2024-06-21,547,0.219418,0
101594,2024-06-21,730,0.260457,0
101594,2024-06-21,1825,0.318112,0
101594,2024-06-24,10,0.252113,0
101594,2024-06-24,14,0.444798,0
101594,2024-06-24,30,0.318481,0
101594,2024-06-24,60,0.290762,0
101594,2024-06-24,91,0.270673,0
101594,2024-06-24,122,0.264117,0
101594,2024-06-24,152,0.245902,0
101594,2024-06-24,182,0.242036,0
101594,2024-06-24,273,0.218612,0
101594,2024-06-24,365,0.217874,0
101594,2024-06-24,547,0.219398,0
101594,2024-06-24,730,0.259785,0
101594,2024-06-24,1825,0.318151,0
101594,2024-06-25,10,0.232274,0
101594,2024-06-25,14,0.250755,0
101594,2024-06-25,30,0.309989,0
101594,2024-06-25,60,0.289928,0
101594,2024-06-25,91,0.269921,0
101594,2024-06-25,122,0.262568,0
101594,2024-06-25,152,0.245944,0
101594,2024-06-25,182,0.242047,0
101594,2024-06-25,273,0.216756,0
101594,2024-06-25,365,0.21776,0
101594,2024-06-25,547,0.219121,0
101594,2024-06-25,730,0.259539,0
101594,2024-06-25,1825,0.318154,0
101594,2024-06-26,10,0.251366,0
101594,2024-06-26,14,0.224738,0
101594,2024-06-26,30,0.306581,0
101594,2024-06-26,60,0.288525,0
101594,2024-06-26,91,0.269609,0
101594,2024-06-26,122,0.262867,0
101594,2024-06-26,152,0.247231,0
101594,2024-06-26,182,0.243578,0
101594,2024-06-26,273,0.217525,0
101594,2024-06-26,365,0.218139,0
101594,2024-06-26,547,0.219288,0
101594,2024-06-26,730,0.259887,0
101594,2024-06-26,1825,0.318229,0
101594,2024-06-27,10,0.217102,0
101594,2024-06-27,14,0.223746,0
101594,2024-06-27,30,0.306003,0
101594,2024-06-27,60,0.285015,0
101594,2024-06-27,91,0.268084,0
101594,2024-06-27,122,0.262388,0
101594,2024-06-27,152,0.246082,0
101594,2024-06-27,182,0.243612,0
101594,2024-06-27,273,0.217548,0
101594,2024-06-27,365,0.218089,0
101594,2024-06-27,547,0.217665,0
101594,2024-06-27,730,0.258958,0
101594,2024-06-27,1825,0.318105,0
101594,2024-06-28,10,0.228807,0
101594,2024-06-28,14,0.236919,0
101594,2024-06-28,30,0.315233,0
101594,2024-06-28,60,0.285963,0
101594,2024-06-28,91,0.268902,0
101594,2024-06-28,122,0.264058,0
101594,2024-06-28,152,0.246377,0
101594,2024-06-28,182,0.244687,0
101594,2024-06-28,273,0.218496,0
101594,2024-06-28,365,0.218741,0
101594,2024-06-28,547,0.217061,0
101594,2024-06-28,730,0.259106,0
101594,2024-06-28,1825,0.318076,0
101594,2024-07-01,10,0.247079,0
101594,2024-07-01,14,0.265285,0
101594,2024-07-01,30,0.334347,0
101594,2024-07-01,60,0.288703,0
101594,2024-07-01,91,0.27254,0
101594,2024-07-01,122,0.270356,0
101594,2024-07-01,152,0.24813,0
101594,2024-07-01,182,0.246907,0
101594,2024-07-01,273,0.220268,0
101594,2024-07-01,365,0.219422,0
101594,2024-07-01,547,0.218216,0
101594,2024-07-01,730,0.25954,0
101594,2024-07-01,1825,0.318454,0
101594,2024-07-02,10,0.231693,0
101594,2024-07-02,14,0.268434,0
101594,2024-07-02,30,0.327759,0
101594,2024-07-02,60,0.25692,0
101594,2024-07-02,91,0.272707,0
101594,2024-07-02,122,0.269789,0
101594,2024-07-02,152,0.248499,0
101594,2024-07-02,182,0.24195,0
101594,2024-07-02,273,0.220692,0
101594,2024-07-02,365,0.219822,0
101594,2024-07-02,547,0.218257,0
101594,2024-07-02,730,0.259504,0
101594,2024-07-02,1825,0.318398,0
101594,2024-07-03,10,0.215058,0
101594,2024-07-03,14,0.253455,0
101594,2024-07-03,30,0.327613,0
101594,2024-07-03,60,0.253705,0
101594,2024-07-03,91,0.272723,0
101594,2024-07-03,122,0.26824,0
101594,2024-07-03,152,0.248336,0
101594,2024-07-03,182,0.241692,0
101594,2024-07-03,273,0.220644,0
101594,2024-07-03,365,0.219446,0
101594,2024-07-03,547,0.215858,0
101594,2024-07-03,730,0.259268,0
101594,2024-07-03,1825,0.318403,0
101594,2024-07-05,10,0.23812,0
101594,2024-07-05,14,0.21294,0
101594,2024-07-05,30,0.339785,0
101594,2024-07-05,60,0.25454,0
101594,2024-07-05,91,0.276437,0
101594,2024-07-05,122,0.261321,0
101594,2024-07-05,152,0.249012,0
101594,2024-07-05,182,0.2433,0
101594,2024-07-05,273,0.221827,0
101594,2024-07-05,365,0.220765,0
101594,2024-07-05,547,0.216407,0
101594,2024-07-05,730,0.259553,0
101594,2024-07-05,1825,0.318405,0
101594,2024-07-08,10,0.155477,0
101594,2024-07-08,14,0.210404,0
101594,2024-07-08,30,0.344348,0
101594,2024-07-08,60,0.260711,0
101594,2024-07-08,91,0.275474,0
101594,2024-07-08,122,0.263697,0
101594,2024-07-08,152,0.251007,0
101594,2024-07-08,182,0.241323,0
101594,2024-07-08,273,0.221755,0
101594,2024-07-08,365,0.220742,0
101594,2024-07-08,547,0.214577,0
101594,2024-07-08,730,0.259324,0
101594,2024-07-08,1825,0.318483,0
101594,2024-07-09,10,0.159118,0
101594,2024-07-09,14,0.211011,0
101594,2024-07-09,30,0.335451,0
101594,2024-07-09,60,0.258766,0
101594,2024-07-09,91,0.275442,0
101594,2024-07-09,122,0.262084,0
101594,2024-07-09,152,0.250738,0
101594,2024-07-09,182,0.241275,0
101594,2024-07-09,273,0.221706,0
101594,2024-07-09,365,0.220451,0
101594,2024-07-09,547,0.214575,0
101594,2024-07-09,730,0.259073,0
101594,2024-07-09,1825,0.318462,0
101594,2024-07-10,10,0.14822,0
101594,2024-07-10,14,0.209382,0
101594,2024-07-10,30,0.321995,0
101594,2024-07-10,60,0.257478,0
101594,2024-07-10,91,0.274831,0
101594,2024-07-10,122,0.261809,0
101594,2024-07-10,152,0.252078,0
101594,2024-07-10,182,0.242414,0
101594,2024-07-10,273,0.222489,0
101594,2024-07-10,365,0.221144,0
101594,2024-07-10,547,0.21502,0
101594,2024-07-10,730,0.259134,0
101594,2024-07-10,1825,0.318544,0
101594,2024-07-11,10,0.239642,0
101594,2024-07-11,14,0.274054,0
101594,2024-07-11,30,0.251508,0
101594,2024-07-11,60,0.264566,0
101594,2024-07-11,91,0.270192,0
101594,2024-07-11,122,0.265614,0
101594,2024-07-11,152,0.253984,0
101594,2024-07-11,182,0.244988,0
101594,2024-07-11,273,0.224327,0
101594,2024-07-11,365,0.222336,0
101594,2024-07-11,547,0.21541,0
101594,2024-07-11,730,0.25968,0
101594,2024-07-11,1825,0.31861,0
101594,2024-07-12,10,0.235304,0
101594,2024-07-12,14,0.237464,0
101594,2024-07-12,30,0.238115,0
101594,2024-07-12,60,0.263489,0
101594,2024-07-12,91,0.270626,0
101594,2024-07-12,122,0.266139,0
101594,2024-07-12,152,0.25335,0
101594,2024-07-12,182,0.245517,0
101594,2024-07-12,273,0.224325,0
101594,2024-07-12,365,0.222649,0
101594,2024-07-12,547,0.21561,0
101594,2024-07-12,730,0.259809,0
101594,2024-07-12,1825,0.318527,0
101594,2024-07-15,10,0.245465,0
101594,2024-07-15,14,0.21513,0
101594,2024-07-15,30,0.244127,0
101594,2024-07-15,60,0.27105,0
101594,2024-07-15,91,0.266224,0
101594,2024-07-15,122,0.268445,0
101594,2024-07-15,152,0.255119,0
101594,2024-07-15,182,0.245433,0
101594,2024-07-15,273,0.225008,0
101594,2024-07-15,365,0.223213,0
101594,2024-07-15,547,0.215852,0
101594,2024-07-15,730,0.259837,0
101594,2024-07-15,1825,0.318812,0
101594,2024-07-16,10,0.225386,0
101594,2024-07-16,14,0.212924,0
101594,2024-07-16,30,0.237917,0
101594,2024-07-16,60,0.270872,0
101594,2024-07-16,91,0.261623,0
101594,2024-07-16,122,0.266825,0
101594,2024-07-16,152,0.255045,0
101594,2024-07-16,182,0.244582,0
101594,2024-07-16,273,0.224685,0
101594,2024-07-16,365,0.222611,0
101594,2024-07-16,547,0.215564,0
101594,2024-07-16,730,0.259579,0
101594,2024-07-16,1825,0.318781,0
101594,2024-07-17,10,0.271241,0
101594,2024-07-17,14,0.274899,0
101594,2024-07-17,30,0.254768,0
101594,2024-07-17,60,0.278517,0
101594,2024-07-17,91,0.267627,0
101594,2024-07-17,122,0.270039,0
101594,2024-07-17,152,0.258241,0
101594,2024-07-17,182,0.247503,0
101594,2024-07-17,273,0.226664,0
101594,2024-07-17,365,0.224168,0
101594,2024-07-17,547,0.216621,0
101594,2024-07-17,730,0.259802,0
101594,2024-07-17,1825,0.318924,0
101594,2024-07-18,10,0.294845,0
101594,2024-07-18,14,0.286589,0
101594,2024-07-18,30,0.263897,0
101594,2024-07-18,60,0.282142,0
101594,2024-07-18,91,0.271797,0
101594,2024-07-18,122,0.273193,0
101594,2024-07-18,152,0.25946,0
101594,2024-07-18,182,0.245746,0
101594,2024-07-18,273,0.228094,0
101594,2024-07-18,365,0.225101,0
101594,2024-07-18,547,0.217309,0
101594,2024-07-18,730,0.259623,0
101594,2024-07-18,1825,0.318949,0
101594,2024-07-19,10,0.293133,0
101594,2024-07-19,14,0.263618,0
101594,2024-07-19,30,0.25728,0
101594,2024-07-19,60,0.282219,0
101594,2024-07-19,91,0.269691,0
101594,2024-07-19,122,0.27261,0
101594,2024-07-19,152,0.258219,0
101594,2024-07-19,182,0.244929,0
101594,2024-07-19,273,0.227311,0
101594,2024-07-19,365,0.224843,0
101594,2024-07-19,547,0.217309,0
101594,2024-07-19,730,0.259469,0
101594,2024-07-19,1825,0.318822,0
101594,2024-07-22,10,0.248871,0
101594,2024-07-22,14,0.260352,0
101594,2024-07-22,30,0.24377,0
101594,2024-07-22,60,0.280644,0
101594,2024-07-22,91,0.270013,0
101594,2024-07-22,122,0.263725,0
101594,2024-07-22,152,0.25933,0
101594,2024-07-22,182,0.244471,0
101594,2024-07-22,273,0.227336,0
101594,2024-07-22,365,0.22475,0
101594,2024-07-22,547,0.216837,0
101594,2024-07-22,730,0.25946,0
101594,2024-07-22,1825,0.31892,0
101594,2024-07-23,10,0.234234,0
101594,2024-07-23,14,0.260927,0
101594,2024-07-23,30,0.237616,0
101594,2024-07-23,60,0.278948,0
101594,2024-07-23,91,0.269995,0
101594,2024-07-23,122,0.262124,0
101594,2024-07-23,152,0.258963,0
101594,2024-07-23,182,0.244399,0
101594,2024-07-23,273,0.227364,0
101594,2024-07-23,365,0.224758,0
101594,2024-07-23,547,0.216108,0
101594,2024-07-23,730,0.259216,0
101594,2024-07-23,1825,0.318897,0
101594,2024-07-24,10,0.26047,0
101594,2024-07-24,14,0.267339,0
101594,2024-07-24,30,0.26378,0
101594,2024-07-24,60,0.287912,0
101594,2024-07-24,91,0.278049,0
101594,2024-07-24,122,0.266519,0
101594,2024-07-24,152,0.262807,0
101594,2024-07-24,182,0.248085,0
101594,2024-07-24,273,0.22948,0
101594,2024-07-24,365,0.226699,0
101594,2024-07-24,547,0.217419,0
101594,2024-07-24,730,0.260019,0
101594,2024-07-24,1825,0.319186,0
101594,2024-07-25,10,0.215369,0
101594,2024-07-25,14,0.249758,0
101594,2024-07-25,30,0.264788,0
101594,2024-07-25,60,0.285037,0
101594,2024-07-25,91,0.278629,0
101594,2024-07-25,122,0.26614,0
101594,2024-07-25,152,0.261738,0
101594,2024-07-25,182,0.248192,0
101594,2024-07-25,273,0.227533,0
101594,2024-07-25,365,0.226725,0
101594,2024-07-25,547,0.217421,0
101594,2024-07-25,730,0.25996,0
101594,2024-07-25,1825,0.31907,0
101594,2024-07-26,10,0.216064,0
101594,2024-07-26,14,0.233951,0
101594,2024-07-26,30,0.256677,0
101594,2024-07-26,60,0.281554,0
101594,2024-07-26,91,0.278235,0
101594,2024-07-26,122,0.265613,0
101594,2024-07-26,152,0.260489,0
101594,2024-07-26,182,0.247786,0
101594,2024-07-26,273,0.227408,0
101594,2024-07-26,365,0.226619,0
101594,2024-07-26,547,0.217138,0
101594,2024-07-26,730,0.258909,0
101594,2024-07-26,1825,0.318943,0
101594,2024-07-29,10,0.198223,0
101594,2024-07-29,14,0.20393,0
101594,2024-07-29,30,0.255077,0
101594,2024-07-29,60,0.288535,0
101594,2024-07-29,91,0.275119,0
101594,2024-07-29,122,0.264299,0
101594,2024-07-29,152,0.262096,0
101594,2024-07-29,182,0.247698,0
101594,2024-07-29,273,0.227055,0
101594,2024-07-29,365,0.226248,0
101594,2024-07-29,547,0.216897,0
101594,2024-07-29,730,0.258186,0
101594,2024-07-29,1825,0.319053,0
101594,2024-07-30,10,0.185947,0
101594,2024-07-30,14,0.204912,0
101594,2024-07-30,30,0.248633,0
101594,2024-07-30,60,0.288507,0
101594,2024-07-30,91,0.271363,0
101594,2024-07-30,122,0.262703,0
101594,2024-07-30,152,0.261957,0
101594,2024-07-30,182,0.245963,0
101594,2024-07-30,273,0.227053,0
101594,2024-07-30,365,0.226242,0
101594,2024-07-30,547,0.216189,0
101594,2024-07-30,730,0.257932,0
101594,2024-07-30,1825,0.318887,0
101594,2024-07-31,10,0.200846,0
101594,2024-07-31,14,0.203079,0
101594,2024-07-31,30,0.233997,0
101594,2024-07-31,60,0.286337,0
101594,2024-07-31,91,0.271419,0
101594,2024-07-31,122,0.261945,0
101594,2024-07-31,152,0.262438,0
101594,2024-07-31,182,0.244907,0
101594,2024-07-31,273,0.226713,0
101594,2024-07-31,365,0.226651,0
101594,2024-07-31,547,0.216387,0
101594,2024-07-31,730,0.258084,0
101594,2024-07-31,1825,0.318785,0
101594,2024-08-01,10,0.21929,0
101594,2024-08-01,14,0.194388,0
101594,2024-08-01,30,0.235348,0
101594,2024-08-01,60,0.287208,0
101594,2024-08-01,91,0.272381,0
101594,2024-08-01,122,0.263452,0
101594,2024-08-01,152,0.262817,0
101594,2024-08-01,182,0.245708,0
101594,2024-08-01,273,0.226587,0
101594,2024-08-01,365,0.226749,0
101594,2024-08-01,547,0.216821,0
101594,2024-08-01,730,0.258287,0
101594,2024-08-01,1825,0.318761,0
101594,2024-08-02,10,0.222398,0
101594,2024-08-02,14,0.199756,0
101594,2024-08-02,30,0.235726,0
101594,2024-08-02,60,0.286953,0
101594,2024-08-02,91,0.248728,0
101594,2024-08-02,122,0.262957,0
101594,2024-08-02,152,0.261675,0
101594,2024-08-02,182,0.245647,0
101594,2024-08-02,273,0.226562,0
101594,2024-08-02,365,0.226698,0
101594,2024-08-02,547,0.21493,0
101594,2024-08-02,730,0.256994,0
101594,2024-08-02,1825,0.318644,0
101594,2024-08-05,10,0.370453,0
101594,2024-08-05,14,0.310333,0
101594,2024-08-05,30,0.277225,0
101594,2024-08-05,60,0.321106,0
101594,2024-08-05,91,0.269183,0
101594,2024-08-05,122,0.281076,0
101594,2024-08-05,152,0.26814,0
101594,2024-08-05,182,0.255678,0
101594,2024-08-05,273,0.233542,0
101594,2024-08-05,365,0.226732,0
101594,2024-08-05,547,0.218022,0
101594,2024-08-05,730,0.259669,0
101594,2024-08-05,1825,0.318629,0
101594,2024-08-06,10,0.338659,0
101594,2024-08-06,14,0.303802,0
101594,2024-08-06,30,0.27132,0
101594,2024-08-06,60,0.321238,0
101594,2024-08-06,91,0.270263,0
101594,2024-08-06,122,0.280195,0
101594,2024-08-06,152,0.268743,0
101594,2024-08-06,182,0.255886,0
101594,2024-08-06,273,0.233333,0
101594,2024-08-06,365,0.226252,0
101594,2024-08-06,547,0.217643,0
101594,2024-08-06,730,0.259512,0
101594,2024-08-06,1825,0.318532,0
101594,2024-08-07,10,0.332335,0
101594,2024-08-07,14,0.295146,0
101594,2024-08-07,30,0.274782,0
101594,2024-08-07,60,0.318397,0
101594,2024-08-07,91,0.271065,0
101594,2024-08-07,122,0.279055,0
101594,2024-08-07,152,0.268932,0
101594,2024-08-07,182,0.256422,0
101594,2024-08-07,273,0.233654,0
101594,2024-08-07,365,0.226513,0
101594,2024-08-07,547,0.217338,0
101594,2024-08-07,730,0.259639,0
101594,2024-08-07,1825,0.318544,0
101594,2024-08-08,10,0.352639,0
101594,2024-08-08,14,0.312521,0
101594,2024-08-08,30,0.282232,0
101594,2024-08-08,60,0.316614,0
101594,2024-08-08,91,0.272151,0
101594,2024-08-08,122,0.279615,0
101594,2024-08-08,152,0.268577,0
101594,2024-08-08,182,0.257203,0
101594,2024-08-08,273,0.234336,0
101594,2024-08-08,365,0.22686,0
101594,2024-08-08,547,0.217175,0
101594,2024-08-08,730,0.259887,0
101594,2024-08-08,1825,0.318491,0
101594,2024-08-09,10,0.364066,0
101594,2024-08-09,14,0.321914,0
101594,2024-08-09,30,0.278086,0
101594,2024-08-09,60,0.313303,0
101594,2024-08-09,91,0.272415,0
101594,2024-08-09,122,0.280138,0
101594,2024-08-09,152,0.267884,0
101594,2024-08-09,182,0.257792,0
101594,2024-08-09,273,0.233393,0
101594,2024-08-09,365,0.227219,0
101594,2024-08-09,547,0.217328,0
101594,2024-08-09,730,0.259431,0
101594,2024-08-09,1825,0.318413,0
101594,2024-08-12,10,0.400387,0
101594,2024-08-12,14,0.324277,0
101594,2024-08-12,30,0.272027,0
101594,2024-08-12,60,0.261414,0
101594,2024-08-12,91,0.270883,0
101594,2024-08-12,122,0.273711,0
101594,2024-08-12,152,0.269218,0
101594,2024-08-12,182,0.257521,0
101594,2024-08-12,273,0.233244,0
101594,2024-08-12,365,0.227307,0
101594,2024-08-12,547,0.217382,0
101594,2024-08-12,730,0.259293,0
101594,2024-08-12,1825,0.31785,0
101594,2024-08-13,10,0.382215,0
101594,2024-08-13,14,0.335697,0
101594,2024-08-13,30,0.273764,0
101594,2024-08-13,60,0.263711,0
101594,2024-08-13,91,0.272373,0
101594,2024-08-13,122,0.273214,0
101594,2024-08-13,152,0.269868,0
101594,2024-08-13,182,0.25786,0
101594,2024-08-13,273,0.23349,0
101594,2024-08-13,365,0.227728,0
101594,2024-08-13,547,0.217299,0
101594,2024-08-13,730,0.2593,0
101594,2024-08-13,1825,0.317918,0
101594,2024-08-14,10,0.353903,0
101594,2024-08-14,14,0.327165,0
101594,2024-08-14,30,0.266341,0
101594,2024-08-14,60,0.260405,0
101594,2024-08-14,91,0.271686,0
101594,2024-08-14,122,0.271586,0
101594,2024-08-14,152,0.269773,0
101594,2024-08-14,182,0.257705,0
101594,2024-08-14,273,0.233481,0
101594,2024-08-14,365,0.227404,0
101594,2024-08-14,547,0.217259,0
101594,2024-08-14,730,0.259269,0
101594,2024-08-14,1825,0.317763,0
101594,2024-08-15,10,0.144421,0
101594,2024-08-15,14,0.318761,0
101594,2024-08-15,30,0.271449,0
101594,2024-08-15,60,0.25899,0
101594,2024-08-15,91,0.272541,0
101594,2024-08-15,122,0.268723,0
101594,2024-08-15,152,0.269014,0
101594,2024-08-15,182,0.258222,0
101594,2024-08-15,273,0.233747,0
101594,2024-08-15,365,0.227673,0
101594,2024-08-15,547,0.217244,0
101594,2024-08-15,730,0.259429,0
101594,2024-08-15,1825,0.317684,0
101594,2024-08-16,10,0.085571,0
101594,2024-08-16,14,0.318476,0
101594,2024-08-16,30,0.259144,0
101594,2024-08-16,60,0.255259,0
101594,2024-08-16,91,0.272563,0
101594,2024-08-16,122,0.265888,0
101594,2024-08-16,152,0.26778,0
101594,2024-08-16,182,0.257886,0
101594,2024-08-16,273,0.233816,0
101594,2024-08-16,365,0.22718,0
101594,2024-08-16,547,0.217076,0
101594,2024-08-16,730,0.259392,0
101594,2024-08-16,1825,0.317565,0
101594,2024-08-19,10,0.106824,0
101594,2024-08-19,14,0.136741,0
101594,2024-08-19,30,0.255194,0
101594,2024-08-19,60,0.249894,0
101594,2024-08-19,91,0.272569,0
101594,2024-08-19,122,0.266466,0
101594,2024-08-19,152,0.269113,0
101594,2024-08-19,182,0.256876,0
101594,2024-08-19,273,0.233623,0
101594,2024-08-19,365,0.22718,0
101594,2024-08-19,547,0.216966,0
101594,2024-08-19,730,0.259403,0
101594,2024-08-19,1825,0.317695,0
101594,2024-08-20,10,0.101557,0
101594,2024-08-20,14,0.101663,0
101594,2024-08-20,30,0.249171,0
101594,2024-08-20,60,0.247921,0
101594,2024-08-20,91,0.272438,0
101594,2024-08-20,122,0.264863,0
101594,2024-08-20,152,0.260078,0
101594,2024-08-20,182,0.256744,0
101594,2024-08-20,273,0.233554,0
101594,2024-08-20,365,0.227088,0
101594,2024-08-20,547,0.216681,0
101594,2024-08-20,730,0.259149,0
101594,2024-08-20,1825,0.317694,0
101594,2024-08-21,10,0.102514,0
101594,2024-08-21,14,0.109857,0
101594,2024-08-21,30,0.249091,0
101594,2024-08-21,60,0.244966,0
101594,2024-08-21,91,0.271714,0
101594,2024-08-21,122,0.263385,0
101594,2024-08-21,152,0.260093,0
101594,2024-08-21,182,0.256741,0
101594,2024-08-21,273,0.233541,0
101594,2024-08-21,365,0.226989,0
101594,2024-08-21,547,0.215457,0
101594,2024-08-21,730,0.258595,0
101594,2024-08-21,1825,0.31695,0
101594,2024-08-22,10,0.128941,0
101594,2024-08-22,14,0.123984,0
101594,2024-08-22,30,0.250374,0
101594,2024-08-22,60,0.243337,0
101594,2024-08-22,91,0.268203,0
101594,2024-08-22,122,0.264188,0
101594,2024-08-22,152,0.259394,0
101594,2024-08-22,182,0.256774,0
101594,2024-08-22,273,0.233158,0
101594,2024-08-22,365,0.226218,0
101594,2024-08-22,547,0.21559,0
101594,2024-08-22,730,0.258665,0
101594,2024-08-22,1825,0.316853,0
101594,2024-08-23,10,0.108021,0
101594,2024-08-23,14,0.118582,0
101594,2024-08-23,30,0.230054,0
101594,2024-08-23,60,0.244166,0
101594,2024-08-23,91,0.267204,0
101594,2024-08-23,122,0.264394,0
101594,2024-08-23,152,0.258428,0
101594,2024-08-23,182,0.256521,0
101594,2024-08-23,273,0.233226,0
101594,2024-08-23,365,0.224724,0
101594,2024-08-23,547,0.215712,0
101594,2024-08-23,730,0.258754,0
101594,2024-08-23,1825,0.316753,0
101594,2024-08-26,10,0.095222,0
101594,2024-08-26,14,0.119009,0
101594,2024-08-26,30,0.234534,0
101594,2024-08-26,60,0.245907,0
101594,2024-08-26,91,0.265055,0
101594,2024-08-26,122,0.266855,0
101594,2024-08-26,152,0.258367,0
101594,2024-08-26,182,0.256184,0
101594,2024-08-26,273,0.233216,0
101594,2024-08-26,365,0.224425,0
101594,2024-08-26,547,0.215131,0
101594,2024-08-26,730,0.257327,0
101594,2024-08-26,1825,0.316847,0
101594,2024-08-27,10,0.088654,0
101594,2024-08-27,14,0.095689,0
101594,2024-08-27,30,0.228954,0
101594,2024-08-27,60,0.241724,0
101594,2024-08-27,91,0.264999,0
101594,2024-08-27,122,0.265242,0
101594,2024-08-27,152,0.257532,0
101594,2024-08-27,182,0.256043,0
101594,2024-08-27,273,0.233224,0
101594,2024-08-27,365,0.224304,0
101594,2024-08-27,547,0.215064,0
101594,2024-08-27,730,0.257079,0
101594,2024-08-27,1825,0.316772,0
101594,2024-08-28,10,0.093616,0
101594,2024-08-28,14,0.107674,0
101594,2024-08-28,30,0.230918,0
101594,2024-08-28,60,0.239716,0
101594,2024-08-28,91,0.265696,0
101594,2024-08-28,122,0.264261,0
101594,2024-08-28,152,0.256716,0
101594,2024-08-28,182,0.256052,0
101594,2024-08-28,273,0.23328,0
101594,2024-08-28,365,0.223474,0
101594,2024-08-28,547,0.215129,0
101594,2024-08-28,730,0.256928,0
101594,2024-08-28,1825,0.31679,0
101594,2024-08-29,10,0.12238,0
101594,2024-08-29,14,0.110768,0
101594,2024-08-29,30,0.234907,0
101594,2024-08-29,60,0.238834,0
101594,2024-08-29,91,0.266681,0
101594,2024-08-29,122,0.26242,0
101594,2024-08-29,152,0.256137,0
101594,2024-08-29,182,0.256556,0
101594,2024-08-29,273,0.233793,0
101594,2024-08-29,365,0.22315,0
101594,2024-08-29,547,0.215027,0
101594,2024-08-29,730,0.256858,0
101594,2024-08-29,1825,0.31672,0
101594,2024-08-30,10,0.126151,0
101594,2024-08-30,14,0.112025,0
101594,2024-08-30,30,0.231271,0
101594,2024-08-30,60,0.22983,0
101594,2024-08-30,91,0.266949,0
101594,2024-08-30,122,0.259946,0
101594,2024-08-30,152,0.255105,0
101594,2024-08-30,182,0.256419,0
101594,2024-08-30,273,0.233754,0
101594,2024-08-30,365,0.223191,0
101594,2024-08-30,547,0.215047,0
101594,2024-08-30,730,0.256747,0
101594,2024-08-30,1825,0.316601,0
101594,2024-09-03,10,0.2233,0
101594,2024-09-03,14,0.193364,0
101594,2024-09-03,30,0.249034,0
101594,2024-09-03,60,0.236549,0
101594,2024-09-03,91,0.275648,0
101594,2024-09-03,122,0.247783,0
101594,2024-09-03,152,0.261778,0
101594,2024-09-03,182,0.254082,0
101594,2024-09-03,273,0.235266,0
101594,2024-09-03,365,0.224862,0
101594,2024-09-03,547,0.214414,0
101594,2024-09-03,730,0.25757,0
101594,2024-09-03,1825,0.316853,0
101594,2024-09-04,10,0.206633,0
101594,2024-09-04,14,0.196358,0
101594,2024-09-04,30,0.174824,0
101594,2024-09-04,60,0.234528,0
101594,2024-09-04,91,0.276268,0
101594,2024-09-04,122,0.247025,0
101594,2024-09-04,152,0.262356,0
101594,2024-09-04,182,0.25429,0
101594,2024-09-04,273,0.235402,0
101594,2024-09-04,365,0.225055,0
101594,2024-09-04,547,0.214178,0
101594,2024-09-04,730,0.257399,0
101594,2024-09-04,1825,0.316883,0
101594,2024-09-05,10,0.214862,0
101594,2024-09-05,14,0.199307,0
101594,2024-09-05,30,0.169367,0
101594,2024-09-05,60,0.232422,0
101594,2024-09-05,91,0.275811,0
101594,2024-09-05,122,0.246341,0
101594,2024-09-05,152,0.261179,0
101594,2024-09-05,182,0.254346,0
101594,2024-09-05,273,0.235259,0
101594,2024-09-05,365,0.222028,0
101594,2024-09-05,547,0.214148,0
101594,2024-09-05,730,0.257357,0
101594,2024-09-05,1825,0.316768,0
101594,2024-09-06,10,0.210247,0
101594,2024-09-06,14,0.189145,0
101594,2024-09-06,30,0.169744,0
101594,2024-09-06,60,0.232324,0
101594,2024-09-06,91,0.275633,0
101594,2024-09-06,122,0.246874,0
101594,2024-09-06,152,0.260357,0
101594,2024-09-06,182,0.254425,0
101594,2024-09-06,273,0.235304,0
101594,2024-09-06,365,0.220044,0
101594,2024-09-06,547,0.213845,0
101594,2024-09-06,730,0.257346,0
101594,2024-09-06,1825,0.316663,0
101594,2024-09-09,10,0.20612,0
101594,2024-09-09,14,0.188417,0
101594,2024-09-09,30,0.16013,0
101594,2024-09-09,60,0.225672,0
101594,2024-09-09,91,0.272212,0
101594,2024-09-09,122,0.24903,0
101594,2024-09-09,152,0.261506,0
101594,2024-09-09,182,0.254057,0
101594,2024-09-09,273,0.234759,0
101594,2024-09-09,365,0.220029,0
101594,2024-09-09,547,0.213491,0
101594,2024-09-09,730,0.257182,0
101594,2024-09-09,1825,0.316588,0
101594,2024-09-10,10,0.185801,0
101594,2024-09-10,14,0.183968,0
101594,2024-09-10,30,0.156942,0
101594,2024-09-10,60,0.223078,0
101594,2024-09-10,91,0.234106,0
101594,2024-09-10,122,0.247723,0
101594,2024-09-10,152,0.254122,0
101594,2024-09-10,182,0.254179,0
101594,2024-09-10,273,0.234664,0
101594,2024-09-10,365,0.219999,0
101594,2024-09-10,547,0.213294,0
101594,2024-09-10,730,0.256944,0
101594,2024-09-10,1825,0.316592,0
101594,2024-09-11,10,0.201458,0
101594,2024-09-11,14,0.199832,0
101594,2024-09-11,30,0.159862,0
101594,2024-09-11,60,0.222498,0
101594,2024-09-11,91,0.228457,0
101594,2024-09-11,122,0.24675,0
101594,2024-09-11,152,0.254342,0
101594,2024-09-11,182,0.253729,0
101594,2024-09-11,273,0.234273,0
101594,2024-09-11,365,0.219507,0
101594,2024-09-11,547,0.213202,0
101594,2024-09-11,730,0.255707,0
101594,2024-09-11,1825,0.316489,0
101594,2024-09-12,10,0.18822,0
101594,2024-09-12,14,0.176064,0
101594,2024-09-12,30,0.148983,0
101594,2024-09-12,60,0.219856,0
101594,2024-09-12,91,0.22825,0
101594,2024-09-12,122,0.245335,0
101594,2024-09-12,152,0.253131,0
101594,2024-09-12,182,0.25343,0
101594,2024-09-12,273,0.234273,0
101594,2024-09-12,365,0.219125,0
101594,2024-09-12,547,0.213199,0
101594,2024-09-12,730,0.252,0
101594,2024-09-12,1825,0.316363,0
101594,2024-09-13,10,0.107278,0
101594,2024-09-13,14,0.17646,0
101594,2024-09-13,30,0.148938,0
101594,2024-09-13,60,0.215597,0
101594,2024-09-13,91,0.227564,0
101594,2024-09-13,122,0.245301,0
101594,2024-09-13,152,0.251979,0
101594,2024-09-13,182,0.253401,0
101594,2024-09-13,273,0.23425,0
101594,2024-09-13,365,0.218997,0
101594,2024-09-13,547,0.212722,0
101594,2024-09-13,730,0.251927,0
101594,2024-09-13,1825,0.316239,0
101594,2024-09-16,10,0.209461,0
101594,2024-09-16,14,0.208301,0
101594,2024-09-16,30,0.172453,0
101594,2024-09-16,60,0.217104,0
101594,2024-09-16,91,0.231611,0
101594,2024-09-16,122,0.253208,0
101594,2024-09-16,152,0.253221,0
101594,2024-09-16,182,0.256926,0
101594,2024-09-16,273,0.236404,0
101594,2024-09-16,365,0.220876,0
101594,2024-09-16,547,0.213991,0
101594,2024-09-16,730,0.252482,0
101594,2024-09-16,1825,0.316735,0
101594,2024-09-17,10,0.194143,0
101594,2024-09-17,14,0.170973,0
101594,2024-09-17,30,0.168767,0
101594,2024-09-17,60,0.217205,0
101594,2024-09-17,91,0.230539,0
101594,2024-09-17,122,0.251661,0
101594,2024-09-17,152,0.252894,0
101594,2024-09-17,182,0.256378,0
101594,2024-09-17,273,0.236345,0
101594,2024-09-17,365,0.2203,0
101594,2024-09-17,547,0.213665,0
101594,2024-09-17,730,0.252232,0
101594,2024-09-17,1825,0.316708,0
101594,2024-09-18,10,0.213295,0
101594,2024-09-18,14,0.195209,0
101594,2024-09-18,30,0.182225,0
101594,2024-09-18,60,0.219341,0
101594,2024-09-18,91,0.231373,0
101594,2024-09-18,122,0.251713,0
101594,2024-09-18,152,0.252922,0
101594,2024-09-18,182,0.25675,0
101594,2024-09-18,273,0.236825,0
101594,2024-09-18,365,0.220895,0
101594,2024-09-18,547,0.213926,0
101594,2024-09-18,730,0.251947,0
101594,2024-09-18,1825,0.316716,0
101594,2024-09-19,10,0.295867,0
101594,2024-09-19,14,0.26748,0
101594,2024-09-19,30,0.223746,0
101594,2024-09-19,60,0.23427,0
101594,2024-09-19,91,0.237798,0
101594,2024-09-19,122,0.258654,0
101594,2024-09-19,152,0.257021,0
101594,2024-09-19,182,0.253838,0
101594,2024-09-19,273,0.240437,0
101594,2024-09-19,365,0.22273,0
101594,2024-09-19,547,0.215732,0
101594,2024-09-19,730,0.252995,0
101594,2024-09-19,1825,0.316984,0
101594,2024-09-20,10,0.29521,0
101594,2024-09-20,14,0.263988,0
101594,2024-09-20,30,0.224041,0
101594,2024-09-20,60,0.234365,0
101594,2024-09-20,91,0.236737,0
101594,2024-09-20,122,0.258672,0
101594,2024-09-20,152,0.255965,0
101594,2024-09-20,182,0.253912,0
101594,2024-09-20,273,0.24036,0
101594,2024-09-20,365,0.22254,0
101594,2024-09-20,547,0.215701,0
101594,2024-09-20,730,0.252558,0
101594,2024-09-20,1825,0.316863,0
101594,2024-09-23,10,0.351759,0
101594,2024-09-23,14,0.269448,0
101594,2024-09-23,30,0.226584,0
101594,2024-09-23,60,0.228437,0
101594,2024-09-23,91,0.237415,0
101594,2024-09-23,122,0.25734,0
101594,2024-09-23,152,0.258449,0
101594,2024-09-23,182,0.253852,0
101594,2024-09-23,273,0.239917,0
101594,2024-09-23,365,0.222677,0
101594,2024-09-23,547,0.215732,0
101594,2024-09-23,730,0.252572,0
101594,2024-09-23,1825,0.317062,0
101594,2024-09-24,10,0.321169,0
101594,2024-09-24,14,0.267312,0
101594,2024-09-24,30,0.221291,0
101594,2024-09-24,60,0.228538,0
101594,2024-09-24,91,0.237391,0
101594,2024-09-24,122,0.255785,0
101594,2024-09-24,152,0.25843,0
101594,2024-09-24,182,0.253538,0
101594,2024-09-24,273,0.239904,0
101594,2024-09-24,365,0.222606,0
101594,2024-09-24,547,0.215469,0
101594,2024-09-24,730,0.25233,0
101594,2024-09-24,1825,0.317052,0
101594,2024-09-25,10,0.30031,0
101594,2024-09-25,14,0.265459,0
101594,2024-09-25,30,0.22177,0
101594,2024-09-25,60,0.226131,0
101594,2024-09-25,91,0.234667,0
101594,2024-09-25,122,0.254496,0
101594,2024-09-25,152,0.25849,0
101594,2024-09-25,182,0.252307,0
101594,2024-09-25,273,0.239983,0
101594,2024-09-25,365,0.221283,0
101594,2024-09-25,547,0.215476,0
101594,2024-09-25,730,0.252355,0
101594,2024-09-25,1825,0.31705,0
101594,2024-09-26,10,0.228949,0
101594,2024-09-26,14,0.265893,0
101594,2024-09-26,30,0.222113,0
101594,2024-09-26,60,0.223647,0
101594,2024-09-26,91,0.234733,0
101594,2024-09-26,122,0.253028,0
101594,2024-09-26,152,0.257268,0
101594,2024-09-26,182,0.251675,0
101594,2024-09-26,273,0.240028,0
101594,2024-09-26,365,0.221086,0
101594,2024-09-26,547,0.21496,0
101594,2024-09-26,730,0.252341,0
101594,2024-09-26,1825,0.316928,0
101594,2024-09-27,10,0.229655,0
101594,2024-09-27,14,0.265326,0
101594,2024-09-27,30,0.22081,0
101594,2024-09-27,60,0.223646,0
101594,2024-09-27,91,0.232064,0
101594,2024-09-27,122,0.253007,0
101594,2024-09-27,152,0.256052,0
101594,2024-09-27,182,0.250671,0
101594,2024-09-27,273,0.239914,0
101594,2024-09-27,365,0.221086,0
101594,2024-09-27,547,0.214836,0
101594,2024-09-27,730,0.252157,0
101594,2024-09-27,1825,0.316802,0
101594,2024-09-30,10,0.167902,0
101594,2024-09-30,14,0.220449,0
101594,2024-09-30,30,0.234511,0
101594,2024-09-30,60,0.228297,0
101594,2024-09-30,91,0.229449,0
101594,2024-09-30,122,0.258452,0
101594,2024-09-30,152,0.255589,0
101594,2024-09-30,182,0.251835,0
101594,2024-09-30,273,0.240587,0
101594,2024-09-30,365,0.222121,0
101594,2024-09-30,547,0.215238,0
101594,2024-09-30,730,0.249239,0
101594,2024-09-30,1825,0.316821,0
101594,2024-10-01,10,0.250601,0
101594,2024-10-01,14,0.288686,0
101594,2024-10-01,30,0.251724,0
101594,2024-10-01,60,0.240562,0
101594,2024-10-01,91,0.235468,0
101594,2024-10-01,122,0.262767,0
101594,2024-10-01,152,0.258882,0
101594,2024-10-01,182,0.25555,0
101594,2024-10-01,273,0.239273,0
101594,2024-10-01,365,0.22384,0
101594,2024-10-01,547,0.216611,0
101594,2024-10-01,730,0.249935,0
101594,2024-10-01,1825,0.317104,0
101594,2024-10-02,10,0.232974,0
101594,2024-10-02,14,0.278579,0
101594,2024-10-02,30,0.245882,0
101594,2024-10-02,60,0.237651,0
101594,2024-10-02,91,0.235257,0
101594,2024-10-02,122,0.2612,0
101594,2024-10-02,152,0.243747,0
101594,2024-10-02,182,0.255527,0
101594,2024-10-02,273,0.239069,0
101594,2024-10-02,365,0.223666,0
101594,2024-10-02,547,0.216589,0
101594,2024-10-02,730,0.249071,0
101594,2024-10-02,1825,0.316882,0
101594,2024-10-03,10,0.230603,0
101594,2024-10-03,14,0.206667,0
101594,2024-10-03,30,0.227108,0
101594,2024-10-03,60,0.235206,0
101594,2024-10-03,91,0.233618,0
101594,2024-10-03,122,0.261154,0
101594,2024-10-03,152,0.242812,0
101594,2024-10-03,182,0.255527,0
101594,2024-10-03,273,0.238626,0
101594,2024-10-03,365,0.223661,0
101594,2024-10-03,547,0.216409,0
101594,2024-10-03,730,0.248504,0
101594,2024-10-03,1825,0.316767,0
101594,2024-10-04,10,0.231382,0
101594,2024-10-04,14,0.20885,0
101594,2024-10-04,30,0.225131,0
101594,2024-10-04,60,0.200061,0
101594,2024-10-04,91,0.229936,0
101594,2024-10-04,122,0.261212,0
101594,2024-10-04,152,0.241697,0
101594,2024-10-04,182,0.255536,0
101594,2024-10-04,273,0.23859,0
101594,2024-10-04,365,0.223611,0
101594,2024-10-04,547,0.216402,0
101594,2024-10-04,730,0.24852,0
101594,2024-10-04,1825,0.316646,0
101594,2024-10-07,10,0.304356,0
101594,2024-10-07,14,0.235307,0
101594,2024-10-07,30,0.242759,0
101594,2024-10-07,60,0.206736,0
101594,2024-10-07,91,0.233957,0
101594,2024-10-07,122,0.266509,0
101594,2024-10-07,152,0.246455,0
101594,2024-10-07,182,0.257687,0
101594,2024-10-07,273,0.238732,0
101594,2024-10-07,365,0.224462,0
101594,2024-10-07,547,0.216979,0
101594,2024-10-07,730,0.24779,0
101594,2024-10-07,1825,0.316991,0
101594,2024-10-08,10,0.309586,0
101594,2024-10-08,14,0.255687,0
101594,2024-10-08,30,0.244658,0
101594,2024-10-08,60,0.208813,0
101594,2024-10-08,91,0.236735,0
101594,2024-10-08,122,0.266491,0
101594,2024-10-08,152,0.247453,0
101594,2024-10-08,182,0.258589,0
101594,2024-10-08,273,0.239537,0
101594,2024-10-08,365,0.225009,0
101594,2024-10-08,547,0.217001,0
101594,2024-10-08,730,0.247846,0
101594,2024-10-08,1825,0.317036,0
101594,2024-10-09,10,0.303594,0
101594,2024-10-09,14,0.268531,0
101594,2024-10-09,30,0.250227,0
101594,2024-10-09,60,0.209708,0
101594,2024-10-09,91,0.236113,0
101594,2024-10-09,122,0.266142,0
101594,2024-10-09,152,0.248091,0
101594,2024-10-09,182,0.25865,0
101594,2024-10-09,273,0.24015,0
101594,2024-10-09,365,0.225509,0
101594,2024-10-09,547,0.217265,0
101594,2024-10-09,730,0.24809,0
101594,2024-10-09,1825,0.316912,0
101594,2024-10-10,10,0.269946,0
101594,2024-10-10,14,0.268217,0
101594,2024-10-10,30,0.249902,0
101594,2024-10-10,60,0.207383,0
101594,2024-10-10,91,0.231448,0
101594,2024-10-10,122,0.26368,0
101594,2024-10-10,152,0.246988,0
101594,2024-10-10,182,0.25241,0
101594,2024-10-10,273,0.240127,0
101594,2024-10-10,365,0.225427,0
101594,2024-10-10,547,0.217237,0
101594,2024-10-10,730,0.24797,0
101594,2024-10-10,1825,0.316789,0
101594,2024-10-11,10,0.209957,0
101594,2024-10-11,14,0.270582,0
101594,2024-10-11,30,0.248948,0
101594,2024-10-11,60,0.207745,0
101594,2024-10-11,91,0.23035,0
101594,2024-10-11,122,0.235842,0
101594,2024-10-11,152,0.246173,0
101594,2024-10-11,182,0.252538,0
101594,2024-10-11,273,0.24029,0
101594,2024-10-11,365,0.225515,0
101594,2024-10-11,547,0.215675,0
101594,2024-10-11,730,0.247996,0
101594,2024-10-11,1825,0.316681,0
101594,2024-10-14,10,0.263377,0
101594,2024-10-14,14,0.257351,0
101594,2024-10-14,30,0.260358,0
101594,2024-10-14,60,0.210175,0
101594,2024-10-14,91,0.230275,0
101594,2024-10-14,122,0.234762,0
101594,2024-10-14,152,0.247789,0
101594,2024-10-14,182,0.250978,0
101594,2024-10-14,273,0.240296,0
101594,2024-10-14,365,0.225754,0
101594,2024-10-14,547,0.216032,0
101594,2024-10-14,730,0.246273,0
101594,2024-10-14,1825,0.316993,0
101594,2024-10-15,10,0.244817,0
101594,2024-10-15,14,0.205343,0
101594,2024-10-15,30,0.25595,0
101594,2024-10-15,60,0.211336,0
101594,2024-10-15,91,0.231307,0
101594,2024-10-15,122,0.233977,0
101594,2024-10-15,152,0.248179,0
101594,2024-10-15,182,0.249352,0
101594,2024-10-15,273,0.240042,0
101594,2024-10-15,365,0.225965,0
101594,2024-10-15,547,0.216187,0
101594,2024-10-15,730,0.246127,0
101594,2024-10-15,1825,0.317021,0
101594,2024-10-16,10,0.238569,0
101594,2024-10-16,14,0.214382,0
101594,2024-10-16,30,0.235985,0
101594,2024-10-16,60,0.210096,0
101594,2024-10-16,91,0.226235,0
101594,2024-10-16,122,0.233222,0
101594,2024-10-16,152,0.248744,0
101594,2024-10-16,182,0.249416,0
101594,2024-10-16,273,0.240214,0
101594,2024-10-16,365,0.225968,0
101594,2024-10-16,547,0.21627,0
101594,2024-10-16,730,0.245444,0
101594,2024-10-16,1825,0.317049,0
101594,2024-10-17,10,0.175697,0
101594,2024-10-17,14,0.210818,0
101594,2024-10-17,30,0.236021,0
101594,2024-10-17,60,0.207593,0
101594,2024-10-17,91,0.222263,0
101594,2024-10-17,122,0.231001,0
101594,2024-10-17,152,0.247546,0
101594,2024-10-17,182,0.249139,0
101594,2024-10-17,273,0.237544,0
101594,2024-10-17,365,0.225806,0
101594,2024-10-17,547,0.216214,0
101594,2024-10-17,730,0.245372,0
101594,2024-10-17,1825,0.316922,0
101594,2024-10-18,10,0.163084,0
101594,2024-10-18,14,0.215932,0
101594,2024-10-18,30,0.232553,0
101594,2024-10-18,60,0.209442,0
101594,2024-10-18,91,0.22346,0
101594,2024-10-18,122,0.230885,0
101594,2024-10-18,152,0.246873,0
101594,2024-10-18,182,0.248589,0
101594,2024-10-18,273,0.237314,0
101594,2024-10-18,365,0.226054,0
101594,2024-10-18,547,0.21634,0
101594,2024-10-18,730,0.245501,0
101594,2024-10-18,1825,0.316835,0
101594,2024-10-21,10,0.143808,0
101594,2024-10-21,14,0.158248,0
101594,2024-10-21,30,0.204894,0
101594,2024-10-21,60,0.213638,0
101594,2024-10-21,91,0.223677,0
101594,2024-10-21,122,0.227995,0
101594,2024-10-21,152,0.248698,0
101594,2024-10-21,182,0.248617,0
101594,2024-10-21,273,0.237048,0
101594,2024-10-21,365,0.225537,0
101594,2024-10-21,547,0.216204,0
101594,2024-10-21,730,0.245078,0
101594,2024-10-21,1825,0.316963,0
101594,2024-10-22,10,0.142044,0
101594,2024-10-22,14,0.149163,0
101594,2024-10-22,30,0.200491,0
101594,2024-10-22,60,0.212613,0
101594,2024-10-22,91,0.223649,0
101594,2024-10-22,122,0.226749,0
101594,2024-10-22,152,0.246093,0
101594,2024-10-22,182,0.248684,0
101594,2024-10-22,273,0.236997,0
101594,2024-10-22,365,0.22557,0
101594,2024-10-22,547,0.216223,0
101594,2024-10-22,730,0.244846,0
101594,2024-10-22,1825,0.316968,0
101594,2024-10-23,10,0.200576,0
101594,2024-10-23,14,0.182276,0
101594,2024-10-23,30,0.213632,0
101594,2024-10-23,60,0.217311,0
101594,2024-10-23,91,0.220177,0
101594,2024-10-23,122,0.228937,0
101594,2024-10-23,152,0.247903,0
101594,2024-10-23,182,0.250702,0
101594,2024-10-23,273,0.238411,0
101594,2024-10-23,365,0.226752,0
101594,2024-10-23,547,0.21686,0
101594,2024-10-23,730,0.245184,0
101594,2024-10-23,1825,0.317095,0
101594,2024-10-24,10,0.177412,0
101594,2024-10-24,14,0.181838,0
101594,2024-10-24,30,0.213409,0
101594,2024-10-24,60,0.214729,0
101594,2024-10-24,91,0.219907,0
101594,2024-10-24,122,0.228941,0
101594,2024-10-24,152,0.246744,0
101594,2024-10-24,182,0.250717,0
101594,2024-10-24,273,0.238401,0
101594,2024-10-24,365,0.226275,0
101594,2024-10-24,547,0.216863,0
101594,2024-10-24,730,0.244844,0
101594,2024-10-24,1825,0.31697,0
101594,2024-10-25,10,0.164843,0
101594,2024-10-25,14,0.177692,0
101594,2024-10-25,30,0.212864,0
101594,2024-10-25,60,0.214858,0
101594,2024-10-25,91,0.21996,0
101594,2024-10-25,122,0.228911,0
101594,2024-10-25,152,0.245582,0
101594,2024-10-25,182,0.25058,0
101594,2024-10-25,273,0.238138,0
101594,2024-10-25,365,0.224756,0
101594,2024-10-25,547,0.215736,0
101594,2024-10-25,730,0.244412,0
101594,2024-10-25,1825,0.316846,0
101594,2024-10-28,10,0.17442,0
101594,2024-10-28,14,0.163432,0
101594,2024-10-28,30,0.219276,0
101594,2024-10-28,60,0.217373,0
101594,2024-10-28,91,0.220477,0
101594,2024-10-28,122,0.227628,0
101594,2024-10-28,152,0.246959,0
101594,2024-10-28,182,0.248765,0
101594,2024-10-28,273,0.238238,0
101594,2024-10-28,365,0.224776,0
101594,2024-10-28,547,0.21576,0
101594,2024-10-28,730,0.238256,0
101594,2024-10-28,1825,0.316901,0
101594,2024-10-29,10,0.159817,0
101594,2024-10-29,14,0.15365,0
101594,2024-10-29,30,0.213991,0
101594,2024-10-29,60,0.217163,0
101594,2024-10-29,91,0.220457,0
101594,2024-10-29,122,0.226269,0
101594,2024-10-29,152,0.246908,0
101594,2024-10-29,182,0.246997,0
101594,2024-10-29,273,0.237047,0
101594,2024-10-29,365,0.224508,0
101594,2024-10-29,547,0.215757,0
101594,2024-10-29,730,0.238018,0
101594,2024-10-29,1825,0.316757,0
101594,2024-10-30,10,0.169096,0
101594,2024-10-30,14,0.166989,0
101594,2024-10-30,30,0.206805,0
101594,2024-10-30,60,0.218,0
101594,2024-10-30,91,0.221042,0
101594,2024-10-30,122,0.226728,0
101594,2024-10-30,152,0.248309,0
101594,2024-10-30,182,0.248002,0
101594,2024-10-30,273,0.236609,0
101594,2024-10-30,365,0.225123,0
101594,2024-10-30,547,0.216089,0
101594,2024-10-30,730,0.238014,0
101594,2024-10-30,1825,0.316613,0
101594,2024-10-31,10,0.178666,0
101594,2024-10-31,14,0.187989,0
101594,2024-10-31,30,0.190813,0
101594,2024-10-31,60,0.219992,0
101594,2024-10-31,91,0.22153,0
101594,2024-10-31,122,0.224012,0
101594,2024-10-31,152,0.249059,0
101594,2024-10-31,182,0.248194,0
101594,2024-10-31,273,0.237266,0
101594,2024-10-31,365,0.225295,0
101594,2024-10-31,547,0.216578,0
101594,2024-10-31,730,0.238041,0
101594,2024-10-31,1825,0.316607,0
101594,2024-11-01,10,0.182117,0
101594,2024-11-01,14,0.174478,0
101594,2024-11-01,30,0.195749,0
101594,2024-11-01,60,0.219651,0
101594,2024-11-01,91,0.22286,0
101594,2024-11-01,122,0.223603,0
101594,2024-11-01,152,0.248934,0
101594,2024-11-01,182,0.235988,0
101594,2024-11-01,273,0.237732,0
101594,2024-11-01,365,0.224907,0
101594,2024-11-01,547,0.216709,0
101594,2024-11-01,730,0.236654,0
101594,2024-11-01,1825,0.316546,0
101594,2024-11-04,10,0.167683,0
101594,2024-11-04,14,0.162621,0
101594,2024-11-04,30,0.199295,0
101594,2024-11-04,60,0.213008,0
101594,2024-11-04,91,0.199427,0
101594,2024-11-04,122,0.221729,0
101594,2024-11-04,152,0.250948,0
101594,2024-11-04,182,0.235631,0
101594,2024-11-04,273,0.237581,0
101594,2024-11-04,365,0.224878,0
101594,2024-11-04,547,0.213574,0
101594,2024-11-04,730,0.234816,0
101594,2024-11-04,1825,0.316795,0
101594,2024-11-05,10,0.172838,0
101594,2024-11-05,14,0.174373,0
101594,2024-11-05,30,0.196133,0
101594,2024-11-05,60,0.212849,0
101594,2024-11-05,91,0.198533,0
101594,2024-11-05,122,0.220717,0
101594,2024-11-05,152,0.250739,0
101594,2024-11-05,182,0.235711,0
101594,2024-11-05,273,0.237502,0
101594,2024-11-05,365,0.224533,0
101594,2024-11-05,547,0.213625,0
101594,2024-11-05,730,0.234614,0
101594,2024-11-05,1825,0.31677,0
101594,2024-11-06,10,0.160311,0
101594,2024-11-06,14,0.14827,0
101594,2024-11-06,30,0.180205,0
101594,2024-11-06,60,0.210475,0
101594,2024-11-06,91,0.197423,0
101594,2024-11-06,122,0.219495,0
101594,2024-11-06,152,0.250247,0
101594,2024-11-06,182,0.235813,0
101594,2024-11-06,273,0.23755,0
101594,2024-11-06,365,0.224163,0
101594,2024-11-06,547,0.213469,0
101594,2024-11-06,730,0.234624,0
101594,2024-11-06,1825,0.316775,0
101594,2024-11-07,10,0.206837,0
101594,2024-11-07,14,0.193644,0
101594,2024-11-07,30,0.183929,0
101594,2024-11-07,60,0.213969,0
101594,2024-11-07,91,0.199096,0
101594,2024-11-07,122,0.222197,0
101594,2024-11-07,152,0.250947,0
101594,2024-11-07,182,0.23714,0
101594,2024-11-07,273,0.238572,0
101594,2024-11-07,365,0.225031,0
101594,2024-11-07,547,0.213978,0
101594,2024-11-07,730,0.235049,0
101594,2024-11-07,1825,0.316777,0
101594,2024-11-08,10,0.205469,0
101594,2024-11-08,14,0.191671,0
101594,2024-11-08,30,0.174729,0
101594,2024-11-08,60,0.214015,0
101594,2024-11-08,91,0.197505,0
101594,2024-11-08,122,0.22211,0
101594,2024-11-08,152,0.249791,0
101594,2024-11-08,182,0.23686,0
101594,2024-11-08,273,0.238559,0
101594,2024-11-08,365,0.225013,0
101594,2024-11-08,547,0.213984,0
101594,2024-11-08,730,0.233756,0
101594,2024-11-08,1825,0.316652,0
101594,2024-11-11,10,0.181795,0
101594,2024-11-11,14,0.188335,0
101594,2024-11-11,30,0.182357,0
101594,2024-11-11,60,0.21941,0
101594,2024-11-11,91,0.198723,0
101594,2024-11-11,122,0.218457,0
101594,2024-11-11,152,0.222732,0
101594,2024-11-11,182,0.236586,0
101594,2024-11-11,273,0.238757,0
101594,2024-11-11,365,0.224292,0
101594,2024-11-11,547,0.214182,0
101594,2024-11-11,730,0.226031,0
101594,2024-11-11,1825,0.31692,0
101594,2024-11-12,10,0.166103,0
101594,2024-11-12,14,0.187554,0
101594,2024-11-12,30,0.177975,0
101594,2024-11-12,60,0.219383,0
101594,2024-11-12,91,0.195902,0
101594,2024-11-12,122,0.217169,0
101594,2024-11-12,152,0.222598,0
101594,2024-11-12,182,0.236502,0
101594,2024-11-12,273,0.238332,0
101594,2024-11-12,365,0.224095,0
101594,2024-11-12,547,0.214162,0
101594,2024-11-12,730,0.225806,0
101594,2024-11-12,1825,0.3169,0
101594,2024-11-13,10,0.154677,0
101594,2024-11-13,14,0.179668,0
101594,2024-11-13,30,0.168494,0
101594,2024-11-13,60,0.216946,0
101594,2024-11-13,91,0.19601,0
101594,2024-11-13,122,0.216024,0
101594,2024-11-13,152,0.222249,0
101594,2024-11-13,182,0.236038,0
101594,2024-11-13,273,0.238258,0
101594,2024-11-13,365,0.223713,0
101594,2024-11-13,547,0.214178,0
101594,2024-11-13,730,0.225697,0
101594,2024-11-13,1825,0.316866,0
101594,2024-11-14,10,0.164033,0
101594,2024-11-14,14,0.170043,0
101594,2024-11-14,30,0.17107,0
101594,2024-11-14,60,0.216785,0
101594,2024-11-14,91,0.196074,0
101594,2024-11-14,122,0.215411,0
101594,2024-11-14,152,0.222109,0
101594,2024-11-14,182,0.236675,0
101594,2024-11-14,273,0.238681,0
101594,2024-11-14,365,0.224076,0
101594,2024-11-14,547,0.214427,0
101594,2024-11-14,730,0.225747,0
101594,2024-11-14,1825,0.316791,0
101594,2024-11-15,10,0.189963,0
101594,2024-11-15,14,0.172091,0
101594,2024-11-15,30,0.174897,0
101594,2024-11-15,60,0.208338,0
101594,2024-11-15,91,0.197813,0
101594,2024-11-15,122,0.216678,0
101594,2024-11-15,152,0.222239,0
101594,2024-11-15,182,0.237707,0
101594,2024-11-15,273,0.239083,0
101594,2024-11-15,365,0.224425,0
101594,2024-11-15,547,0.214517,0
101594,2024-11-15,730,0.225905,0
101594,2024-11-15,1825,0.316738,0
101594,2024-11-18,10,0.191187,0
101594,2024-11-18,14,0.179648,0
101594,2024-11-18,30,0.180033,0
101594,2024-11-18,60,0.191619,0
101594,2024-11-18,91,0.199582,0
101594,2024-11-18,122,0.213032,0
101594,2024-11-18,152,0.221515,0
101594,2024-11-18,182,0.238215,0
101594,2024-11-18,273,0.238864,0
101594,2024-11-18,365,0.224781,0
101594,2024-11-18,547,0.214766,0
101594,2024-11-18,730,0.226133,0
101594,2024-11-18,1825,0.316977,0
101594,2024-11-19,10,0.174543,0
101594,2024-11-19,14,0.178577,0
101594,2024-11-19,30,0.175901,0
101594,2024-11-19,60,0.191504,0
101594,2024-11-19,91,0.199524,0
101594,2024-11-19,122,0.211781,0
101594,2024-11-19,152,0.218766,0
101594,2024-11-19,182,0.23809,0
101594,2024-11-19,273,0.238784,0
101594,2024-11-19,365,0.224619,0
101594,2024-11-19,547,0.214706,0
101594,2024-11-19,730,0.225907,0
101594,2024-11-19,1825,0.316967,0
101594,2024-11-20,10,0.162119,0
101594,2024-11-20,14,0.175907,0
101594,2024-11-20,30,0.174604,0
101594,2024-11-20,60,0.189361,0
101594,2024-11-20,91,0.199609,0
101594,2024-11-20,122,0.210605,0
101594,2024-11-20,152,0.218082,0
101594,2024-11-20,182,0.237761,0
101594,2024-11-20,273,0.23877,0
101594,2024-11-20,365,0.224576,0
101594,2024-11-20,547,0.214313,0
101594,2024-11-20,730,0.225335,0
101594,2024-11-20,1825,0.316968,0
101594,2024-11-21,10,0.141114,0
101594,2024-11-21,14,0.144206,0
101594,2024-11-21,30,0.17457,0
101594,2024-11-21,60,0.18722,0
101594,2024-11-21,91,0.198932,0
101594,2024-11-21,122,0.210621,0
101594,2024-11-21,152,0.217101,0
101594,2024-11-21,182,0.235599,0
101594,2024-11-21,273,0.238521,0
101594,2024-11-21,365,0.224577,0
101594,2024-11-21,547,0.214325,0
101594,2024-11-21,730,0.225135,0
101594,2024-11-21,1825,0.316844,0
101594,2024-11-22,10,0.141426,0
101594,2024-11-22,14,0.146159,0
101594,2024-11-22,30,0.160188,0
101594,2024-11-22,60,0.186767,0
101594,2024-11-22,91,0.198249,0
101594,2024-11-22,122,0.210705,0
101594,2024-11-22,152,0.216217,0
101594,2024-11-22,182,0.23473,0
101594,2024-11-22,273,0.238227,0
101594,2024-11-22,365,0.224189,0
101594,2024-11-22,547,0.214312,0
101594,2024-11-22,730,0.225135,0
101594,2024-11-22,1825,0.316726,0
101594,2024-11-25,10,0.100201,0
101594,2024-11-25,14,0.135727,0
101594,2024-11-25,30,0.169876,0
101594,2024-11-25,60,0.192853,0
101594,2024-11-25,91,0.199844,0
101594,2024-11-25,122,0.207786,0
101594,2024-11-25,152,0.217005,0
101594,2024-11-25,182,0.234351,0
101594,2024-11-25,273,0.238394,0
101594,2024-11-25,365,0.224384,0
101594,2024-11-25,547,0.21427,0
101594,2024-11-25,730,0.22482,0
101594,2024-11-25,1825,0.316866,0
101594,2024-11-26,10,0.094029,0
101594,2024-11-26,14,0.136557,0
101594,2024-11-26,30,0.168563,0
101594,2024-11-26,60,0.194046,0
101594,2024-11-26,91,0.20053,0
101594,2024-11-26,122,0.207078,0
101594,2024-11-26,152,0.21735,0
101594,2024-11-26,182,0.234593,0
101594,2024-11-26,273,0.238447,0
101594,2024-11-26,365,0.224539,0
101594,2024-11-26,547,0.214101,0
101594,2024-11-26,730,0.224676,0
101594,2024-11-26,1825,0.316761,0
101594,2024-11-27,10,0.095056,0
101594,2024-11-27,14,0.139113,0
101594,2024-11-27,30,0.166308,0
101594,2024-11-27,60,0.191749,0
101594,2024-11-27,91,0.200007,0
101594,2024-11-27,122,0.205886,0
101594,2024-11-27,152,0.215692,0
101594,2024-11-27,182,0.234614,0
101594,2024-11-27,273,0.238278,0
101594,2024-11-27,365,0.224531,0
101594,2024-11-27,547,0.213953,0
101594,2024-11-27,730,0.223827,0
101594,2024-11-27,1825,0.316759,0
101594,2024-11-29,10,0.089902,0
101594,2024-11-29,14,0.092424,0
101594,2024-11-29,30,0.163576,0
101594,2024-11-29,60,0.185496,0
101594,2024-11-29,91,0.200429,0
101594,2024-11-29,122,0.207683,0
101594,2024-11-29,152,0.215127,0
101594,2024-11-29,182,0.235757,0
101594,2024-11-29,273,0.238893,0
101594,2024-11-29,365,0.225073,0
101594,2024-11-29,547,0.214015,0
101594,2024-11-29,730,0.221141,0
101594,2024-11-29,1825,0.316659,0
101594,2024-12-02,10,0.081773,0
101594,2024-12-02,14,0.084615,0
101594,2024-12-02,30,0.139986,0
101594,2024-12-02,60,0.174579,0
101594,2024-12-02,91,0.199614,0
101594,2024-12-02,122,0.206709,0
101594,2024-12-02,152,0.211821,0
101594,2024-12-02,182,0.235774,0
101594,2024-12-02,273,0.23697,0
101594,2024-12-02,365,0.225161,0
101594,2024-12-02,547,0.214109,0
101594,2024-12-02,730,0.221422,0
101594,2024-12-02,1825,0.316749,0
101594,2024-12-03,10,0.078521,0
101594,2024-12-03,14,0.087881,0
101594,2024-12-03,30,0.139979,0
101594,2024-12-03,60,0.176584,0
101594,2024-12-03,91,0.192645,0
101594,2024-12-03,122,0.20645,0
101594,2024-12-03,152,0.21161,0
101594,2024-12-03,182,0.236287,0
101594,2024-12-03,273,0.234639,0
101594,2024-12-03,365,0.225223,0
101594,2024-12-03,547,0.214221,0
101594,2024-12-03,730,0.221356,0
101594,2024-12-03,1825,0.316734,0
101594,2024-12-04,10,0.084746,0
101594,2024-12-04,14,0.090456,0
101594,2024-12-04,30,0.137212,0
101594,2024-12-04,60,0.174418,0
101594,2024-12-04,91,0.191586,0
101594,2024-12-04,122,0.205233,0
101594,2024-12-04,152,0.209191,0
101594,2024-12-04,182,0.236131,0
101594,2024-12-04,273,0.234465,0
101594,2024-12-04,365,0.224338,0
101594,2024-12-04,547,0.214208,0
101594,2024-12-04,730,0.221263,0
101594,2024-12-04,1825,0.316631,0
101594,2024-12-05,10,0.087742,0
101594,2024-12-05,14,0.084281,0
101594,2024-12-05,30,0.137741,0
101594,2024-12-05,60,0.17237,0
101594,2024-12-05,91,0.191295,0
101594,2024-12-05,122,0.18564,0
101594,2024-12-05,152,0.208204,0
101594,2024-12-05,182,0.235806,0
101594,2024-12-05,273,0.234455,0
101594,2024-12-05,365,0.22424,0
101594,2024-12-05,547,0.214093,0
101594,2024-12-05,730,0.22045,0
101594,2024-12-05,1825,0.316505,0
101594,2024-12-06,10,0.092998,0
101594,2024-12-06,14,0.093643,0
101594,2024-12-06,30,0.136354,0
101594,2024-12-06,60,0.16156,0
101594,2024-12-06,91,0.190594,0
101594,2024-12-06,122,0.184615,0
101594,2024-12-06,152,0.207242,0
101594,2024-12-06,182,0.235355,0
101594,2024-12-06,273,0.23428,0
101594,2024-12-06,365,0.224058,0
101594,2024-12-06,547,0.213767,0
101594,2024-12-06,730,0.220198,0
101594,2024-12-06,1825,0.31638,0
101594,2024-12-09,10,0.113676,0
101594,2024-12-09,14,0.101601,0
101594,2024-12-09,30,0.131207,0
101594,2024-12-09,60,0.159779,0
101594,2024-12-09,91,0.192727,0
101594,2024-12-09,122,0.18461,0
101594,2024-12-09,152,0.20844,0
101594,2024-12-09,182,0.234293,0
101594,2024-12-09,273,0.234569,0
101594,2024-12-09,365,0.224474,0
101594,2024-12-09,547,0.214123,0
101594,2024-12-09,730,0.22051,0
101594,2024-12-09,1825,0.316605,0
101594,2024-12-10,10,0.104735,0
101594,2024-12-10,14,0.100621,0
101594,2024-12-10,30,0.127885,0
101594,2024-12-10,60,0.15844,0
101594,2024-12-10,91,0.192476,0
101594,2024-12-10,122,0.183559,0
101594,2024-12-10,152,0.205113,0
101594,2024-12-10,182,0.213225,0
101594,2024-12-10,273,0.234581,0
101594,2024-12-10,365,0.224056,0
101594,2024-12-10,547,0.213802,0
101594,2024-12-10,730,0.2203,0
101594,2024-12-10,1825,0.316608,0
101594,2024-12-11,10,0.115955,0
101594,2024-12-11,14,0.112207,0
101594,2024-12-11,30,0.118701,0
101594,2024-12-11,60,0.15751,0
101594,2024-12-11,91,0.191978,0
101594,2024-12-11,122,0.182848,0
101594,2024-12-11,152,0.204442,0
101594,2024-12-11,182,0.209986,0
101594,2024-12-11,273,0.234154,0
101594,2024-12-11,365,0.224034,0
101594,2024-12-11,547,0.21384,0
101594,2024-12-11,730,0.220083,0
101594,2024-12-11,1825,0.316571,0
101594,2024-12-12,10,0.112393,0
101594,2024-12-12,14,0.105834,0
101594,2024-12-12,30,0.117639,0
101594,2024-12-12,60,0.155927,0
101594,2024-12-12,91,0.192156,0
101594,2024-12-12,122,0.182755,0
101594,2024-12-12,152,0.203637,0
101594,2024-12-12,182,0.210006,0
101594,2024-12-12,273,0.233972,0
101594,2024-12-12,365,0.223542,0
101594,2024-12-12,547,0.21387,0
101594,2024-12-12,730,0.220073,0
101594,2024-12-12,1825,0.316452,0
101594,2024-12-13,10,0.099562,0
101594,2024-12-13,14,0.104571,0
101594,2024-12-13,30,0.118474,0
101594,2024-12-13,60,0.151852,0
101594,2024-12-13,91,0.192078,0
101594,2024-12-13,122,0.180773,0
101594,2024-12-13,152,0.202684,0
101594,2024-12-13,182,0.209581,0
101594,2024-12-13,273,0.233928,0
101594,2024-12-13,365,0.223542,0
101594,2024-12-13,547,0.213703,0
101594,2024-12-13,730,0.219752,0
101594,2024-12-13,1825,0.316326,0
101594,2024-12-16,10,0.120256,0
101594,2024-12-16,14,0.108025,0
101594,2024-12-16,30,0.097199,0
101594,2024-12-16,60,0.153543,0
101594,2024-12-16,91,0.183348,0
101594,2024-12-16,122,0.182426,0
101594,2024-12-16,152,0.199673,0
101594,2024-12-16,182,0.208499,0
101594,2024-12-16,273,0.234142,0
101594,2024-12-16,365,0.22377,0
101594,2024-12-16,547,0.213817,0
101594,2024-12-16,730,0.217018,0
101594,2024-12-16,1825,0.31653,0
101594,2024-12-17,10,0.11255,0
101594,2024-12-17,14,0.102679,0
101594,2024-12-17,30,0.095847,0
101594,2024-12-17,60,0.152603,0
101594,2024-12-17,91,0.183924,0
101594,2024-12-17,122,0.181914,0
101594,2024-12-17,152,0.197254,0
101594,2024-12-17,182,0.208107,0
101594,2024-12-17,273,0.233931,0
101594,2024-12-17,365,0.223734,0
101594,2024-12-17,547,0.213656,0
101594,2024-12-17,730,0.216883,0
101594,2024-12-17,1825,0.316553,0
101594,2024-12-18,10,0.187532,0
101594,2024-12-18,14,0.166643,0
101594,2024-12-18,30,0.130861,0
101594,2024-12-18,60,0.161372,0
101594,2024-12-18,91,0.187381,0
101594,2024-12-18,122,0.185082,0
101594,2024-12-18,152,0.200371,0
101594,2024-12-18,182,0.209797,0
101594,2024-12-18,273,0.235046,0
101594,2024-12-18,365,0.224843,0
101594,2024-12-18,547,0.214444,0
101594,2024-12-18,730,0.217145,0
101594,2024-12-18,1825,0.316713,0
101594,2024-12-19,10,0.170574,0
101594,2024-12-19,14,0.167977,0
101594,2024-12-19,30,0.130814,0
101594,2024-12-19,60,0.160031,0
101594,2024-12-19,91,0.174322,0
101594,2024-12-19,122,0.185329,0
101594,2024-12-19,152,0.199637,0
101594,2024-12-19,182,0.207411,0
101594,2024-12-19,273,0.229638,0
101594,2024-12-19,365,0.224615,0
101594,2024-12-19,547,0.214438,0
101594,2024-12-19,730,0.217179,0
101594,2024-12-19,1825,0.316599,0
101594,2024-12-20,10,0.196073,0
101594,2024-12-20,14,0.184065,0
101594,2024-12-20,30,0.139813,0
101594,2024-12-20,60,0.164993,0
101594,2024-12-20,91,0.177415,0
101594,2024-12-20,122,0.187709,0
101594,2024-12-20,152,0.200516,0
101594,2024-12-20,182,0.208129,0
101594,2024-12-20,273,0.230409,0
101594,2024-12-20,365,0.225301,0
101594,2024-12-20,547,0.214555,0
101594,2024-12-20,730,0.216955,0
101594,2024-12-20,1825,0.316571,0
101594,2024-12-23,10,0.221107,0
101594,2024-12-23,14,0.172974,0
101594,2024-12-23,30,0.141182,0
101594,2024-12-23,60,0.15739,0
101594,2024-12-23,91,0.176431,0
101594,2024-12-23,122,0.188571,0
101594,2024-12-23,152,0.196718,0
101594,2024-12-23,182,0.208128,0
101594,2024-12-23,273,0.230094,0
101594,2024-12-23,365,0.22521,0
101594,2024-12-23,547,0.214553,0
101594,2024-12-23,730,0.216407,0
101594,2024-12-23,1825,0.316625,0
101594,2024-12-24,10,0.205788,0
101594,2024-12-24,14,0.177642,0
101594,2024-12-24,30,0.139259,0
101594,2024-12-24,60,0.158914,0
101594,2024-12-24,91,0.177398,0
101594,2024-12-24,122,0.188234,0
101594,2024-12-24,152,0.197061,0
101594,2024-12-24,182,0.208547,0
101594,2024-12-24,273,0.230112,0
101594,2024-12-24,365,0.224997,0
101594,2024-12-24,547,0.214614,0
101594,2024-12-24,730,0.216309,0
101594,2024-12-24,1825,0.31655,0
101594,2024-12-26,10,0.201697,0
101594,2024-12-26,14,0.180416,0
101594,2024-12-26,30,0.13942,0
101594,2024-12-26,60,0.156968,0
101594,2024-12-26,91,0.17826,0
101594,2024-12-26,122,0.188255,0
101594,2024-12-26,152,0.197074,0
101594,2024-12-26,182,0.207765,0
101594,2024-12-26,273,0.229214,0
101594,2024-12-26,365,0.225418,0
101594,2024-12-26,547,0.214553,0
101594,2024-12-26,730,0.216039,0
101594,2024-12-26,1825,0.31655,0
101594,2024-12-27,10,0.222887,0
101594,2024-12-27,14,0.204271,0
101594,2024-12-27,30,0.152733,0
101594,2024-12-27,60,0.161059,0
101594,2024-12-27,91,0.180899,0
101594,2024-12-27,122,0.189948,0
101594,2024-12-27,152,0.197485,0
101594,2024-12-27,182,0.207278,0
101594,2024-12-27,273,0.229307,0
101594,2024-12-27,365,0.225884,0
101594,2024-12-27,547,0.214864,0
101594,2024-12-27,730,0.215054,0
101594,2024-12-27,1825,0.31649,0
101594,2024-12-30,10,0.175575,0
101594,2024-12-30,14,0.214609,0
101594,2024-12-30,30,0.163046,0
101594,2024-12-30,60,0.154928,0
101594,2024-12-30,91,0.1784,0
101594,2024-12-30,122,0.191871,0
101594,2024-12-30,152,0.199575,0
101594,2024-12-30,182,0.204694,0
101594,2024-12-30,273,0.229677,0
101594,2024-12-30,365,0.226255,0
101594,2024-12-30,547,0.214415,0
101594,2024-12-30,730,0.214696,0
101594,2024-12-30,1825,0.316661,0
101594,2024-12-31,10,0.160718,0
101594,2024-12-31,14,0.210352,0
101594,2024-12-31,30,0.162739,0
101594,2024-12-31,60,0.151459,0
101594,2024-12-31,91,0.167957,0
101594,2024-12-31,122,0.191247,0
101594,2024-12-31,152,0.197988,0
101594,2024-12-31,182,0.203919,0
101594,2024-12-31,273,0.22968,0
101594,2024-12-31,365,0.225952,0
101594,2024-12-31,547,0.214396,0
101594,2024-12-31,730,0.214565,0
101594,2024-12-31,1825,0.316535,0
101594,2025-01-02,10,0.21347,0
101594,2025-01-02,14,0.235284,0
101594,2025-01-02,30,0.189023,0
101594,2025-01-02,60,0.166504,0
101594,2025-01-02,91,0.178179,0
101594,2025-01-02,122,0.195982,0
101594,2025-01-02,152,0.202454,0
101594,2025-01-02,182,0.207506,0
101594,2025-01-02,273,0.232517,0
101594,2025-01-02,365,0.224801,0
101594,2025-01-02,547,0.215488,0
101594,2025-01-02,730,0.213652,0
101594,2025-01-02,1825,0.316739,0
101594,2025-01-03,10,0.165448,0
101594,2025-01-03,14,0.191316,0
101594,2025-01-03,30,0.189127,0
101594,2025-01-03,60,0.166097,0
101594,2025-01-03,91,0.178133,0
101594,2025-01-03,122,0.189738,0
101594,2025-01-03,152,0.201541,0
101594,2025-01-03,182,0.205449,0
101594,2025-01-03,273,0.232544,0
101594,2025-01-03,365,0.224388,0
101594,2025-01-03,547,0.215494,0
101594,2025-01-03,730,0.213571,0
101594,2025-01-03,1825,0.316615,0
101594,2025-01-06,10,0.198637,0
101594,2025-01-06,14,0.198242,0
101594,2025-01-06,30,0.195759,0
101594,2025-01-06,60,0.16266,0
101594,2025-01-06,91,0.17156,0
101594,2025-01-06,122,0.190707,0
101594,2025-01-06,152,0.186038,0
101594,2025-01-06,182,0.20546,0
101594,2025-01-06,273,0.232392,0
101594,2025-01-06,365,0.224395,0
101594,2025-01-06,547,0.215484,0
101594,2025-01-06,730,0.212215,0
101594,2025-01-06,1825,0.316781,0
101594,2025-01-07,10,0.17872,0
101594,2025-01-07,14,0.168907,0
101594,2025-01-07,30,0.195178,0
101594,2025-01-07,60,0.166023,0
101594,2025-01-07,91,0.170124,0
101594,2025-01-07,122,0.190831,0
101594,2025-01-07,152,0.185617,0
101594,2025-01-07,182,0.206113,0
101594,2025-01-07,273,0.232833,0
101594,2025-01-07,365,0.223589,0
101594,2025-01-07,547,0.215504,0
101594,2025-01-07,730,0.212195,0
101594,2025-01-07,1825,0.316702,0
101594,2025-01-08,10,0.175953,0
101594,2025-01-08,14,0.166644,0
101594,2025-01-08,30,0.185978,0
101594,2025-01-08,60,0.163883,0
101594,2025-01-08,91,0.167183,0
101594,2025-01-08,122,0.189698,0
101594,2025-01-08,152,0.184597,0
101594,2025-01-08,182,0.204496,0
101594,2025-01-08,273,0.232332,0
101594,2025-01-08,365,0.223566,0
101594,2025-01-08,547,0.215487,0
101594,2025-01-08,730,0.212187,0
101594,2025-01-08,1825,0.316702,0
101594,2025-01-10,10,0.22102,0
101594,2025-01-10,14,0.188804,0
101594,2025-01-10,30,0.207964,0
101594,2025-01-10,60,0.173205,0
101594,2025-01-10,91,0.175556,0
101594,2025-01-10,122,0.195735,0
101594,2025-01-10,152,0.187917,0
101594,2025-01-10,182,0.204739,0
101594,2025-01-10,273,0.23001,0
101594,2025-01-10,365,0.225384,0
101594,2025-01-10,547,0.216624,0
101594,2025-01-10,730,0.212705,0
101594,2025-01-10,1825,0.316779,0
101594,2025-01-13,10,0.194804,0
101594,2025-01-13,14,0.187367,0
101594,2025-01-13,30,0.213162,0
101594,2025-01-13,60,0.177087,0
101594,2025-01-13,91,0.173937,0
101594,2025-01-13,122,0.198177,0
101594,2025-01-13,152,0.18854,0
101594,2025-01-13,182,0.20394,0
101594,2025-01-13,273,0.228774,0
101594,2025-01-13,365,0.225672,0
101594,2025-01-13,547,0.216811,0
101594,2025-01-13,730,0.212978,0
101594,2025-01-13,1825,0.316867,0
101594,2025-01-14,10,0.175123,0
101594,2025-01-14,14,0.188715,0
101594,2025-01-14,30,0.207241,0
101594,2025-01-14,60,0.173305,0
101594,2025-01-14,91,0.1728,0
101594,2025-01-14,122,0.197192,0
101594,2025-01-14,152,0.187615,0
101594,2025-01-14,182,0.204038,0
101594,2025-01-14,273,0.227584,0
101594,2025-01-14,365,0.225294,0
101594,2025-01-14,547,0.216427,0
101594,2025-01-14,730,0.212806,0
101594,2025-01-14,1825,0.316835,0
101594,2025-01-15,10,0.225621,0
101594,2025-01-15,14,0.23165,0
101594,2025-01-15,30,0.216858,0
101594,2025-01-15,60,0.177381,0
101594,2025-01-15,91,0.176273,0
101594,2025-01-15,122,0.198716,0
101594,2025-01-15,152,0.189794,0
101594,2025-01-15,182,0.202589,0
101594,2025-01-15,273,0.228216,0
101594,2025-01-15,365,0.225658,0
101594,2025-01-15,547,0.216978,0
101594,2025-01-15,730,0.212992,0
101594,2025-01-15,1825,0.316912,0
101594,2025-01-16,10,0.305792,0
101594,2025-01-16,14,0.280967,0
101594,2025-01-16,30,0.252138,0
101594,2025-01-16,60,0.205244,0
101594,2025-01-16,91,0.195544,0
101594,2025-01-16,122,0.205671,0
101594,2025-01-16,152,0.199736,0
101594,2025-01-16,182,0.208911,0
101594,2025-01-16,273,0.233482,0
101594,2025-01-16,365,0.229521,0
101594,2025-01-16,547,0.219594,0
101594,2025-01-16,730,0.215031,0
101594,2025-01-16,1825,0.317348,0
101594,2025-01-17,10,0.322973,0
101594,2025-01-17,14,0.29099,0
101594,2025-01-17,30,0.248344,0
101594,2025-01-17,60,0.203377,0
101594,2025-01-17,91,0.194517,0
101594,2025-01-17,122,0.205998,0
101594,2025-01-17,152,0.199104,0
101594,2025-01-17,182,0.20917,0
101594,2025-01-17,273,0.233007,0
101594,2025-01-17,365,0.227472,0
101594,2025-01-17,547,0.219498,0
101594,2025-01-17,730,0.21503,0
101594,2025-01-17,1825,0.317235,0
101594,2025-01-21,10,0.367647,0
101594,2025-01-21,14,0.330381,0
101594,2025-01-21,30,0.254489,0
101594,2025-01-21,60,0.227247,0
101594,2025-01-21,91,0.206339,0
101594,2025-01-21,122,0.204285,0
101594,2025-01-21,152,0.207989,0
101594,2025-01-21,182,0.214999,0
101594,2025-01-21,273,0.236909,0
101594,2025-01-21,365,0.229589,0
101594,2025-01-21,547,0.221354,0
101594,2025-01-21,730,0.216174,0
101594,2025-01-21,1825,0.317813,0
101594,2025-01-22,10,0.348491,0
101594,2025-01-22,14,0.335393,0
101594,2025-01-22,30,0.256013,0
101594,2025-01-22,60,0.224722,0
101594,2025-01-22,91,0.202046,0
101594,2025-01-22,122,0.203271,0
101594,2025-01-22,152,0.207525,0
101594,2025-01-22,182,0.211018,0
101594,2025-01-22,273,0.236597,0
101594,2025-01-22,365,0.229558,0
101594,2025-01-22,547,0.221365,0
101594,2025-01-22,730,0.215618,0
101594,2025-01-22,1825,0.317815,0
101594,2025-01-23,10,0.350587,0
101594,2025-01-23,14,0.317614,0
101594,2025-01-23,30,0.246705,0
101594,2025-01-23,60,0.221745,0
101594,2025-01-23,91,0.202045,0
101594,2025-01-23,122,0.202856,0
101594,2025-01-23,152,0.206507,0
101594,2025-01-23,182,0.210899,0
101594,2025-01-23,273,0.236574,0
101594,2025-01-23,365,0.229526,0
101594,2025-01-23,547,0.221341,0
101594,2025-01-23,730,0.215525,0
101594,2025-01-23,1825,0.317689,0
101594,2025-01-24,10,0.350817,0
101594,2025-01-24,14,0.304714,0
101594,2025-01-24,30,0.240204,0
101594,2025-01-24,60,0.218982,0
101594,2025-01-24,91,0.201981,0
101594,2025-01-24,122,0.202832,0
101594,2025-01-24,152,0.205588,0
101594,2025-01-24,182,0.210965,0
101594,2025-01-24,273,0.236588,0
101594,2025-01-24,365,0.229559,0
101594,2025-01-24,547,0.221295,0
101594,2025-01-24,730,0.215515,0
101594,2025-01-24,1825,0.31757,0
101594,2025-01-27,10,0.361593,0
101594,2025-01-27,14,0.363408,0
101594,2025-01-27,30,0.283782,0
101594,2025-01-27,60,0.235741,0
101594,2025-01-27,91,0.211534,0
101594,2025-01-27,122,0.212406,0
101594,2025-01-27,152,0.213053,0
101594,2025-01-27,182,0.215568,0
101594,2025-01-27,273,0.237616,0
101594,2025-01-27,365,0.231413,0
101594,2025-01-27,547,0.222485,0
101594,2025-01-27,730,0.216399,0
101594,2025-01-27,1825,0.317462,0
101594,2025-01-28,10,0.398774,0
101594,2025-01-28,14,0.414366,0
101594,2025-01-28,30,0.314988,0
101594,2025-01-28,60,0.252442,0
101594,2025-01-28,91,0.224115,0
101594,2025-01-28,122,0.220206,0
101594,2025-01-28,152,0.219216,0
101594,2025-01-28,182,0.221399,0
101594,2025-01-28,273,0.239801,0
101594,2025-01-28,365,0.234047,0
101594,2025-01-28,547,0.224364,0
101594,2025-01-28,730,0.2176,0
101594,2025-01-28,1825,0.317848,0
101594,2025-01-29,10,0.364111,0
101594,2025-01-29,14,0.402285,0
101594,2025-01-29,30,0.314068,0
101594,2025-01-29,60,0.249361,0
101594,2025-01-29,91,0.221853,0
101594,2025-01-29,122,0.218973,0
101594,2025-01-29,152,0.219232,0
101594,2025-01-29,182,0.220534,0
101594,2025-01-29,273,0.239645,0
101594,2025-01-29,365,0.233178,0
101594,2025-01-29,547,0.224353,0
101594,2025-01-29,730,0.217089,0
101594,2025-01-29,1825,0.317175,0
101594,2025-01-30,10,0.345066,0
101594,2025-01-30,14,0.323292,0
101594,2025-01-30,30,0.314136,0
101594,2025-01-30,60,0.246889,0
101594,2025-01-30,91,0.218951,0
101594,2025-01-30,122,0.21593,0
101594,2025-01-30,152,0.218502,0
101594,2025-01-30,182,0.219403,0
101594,2025-01-30,273,0.238749,0
101594,2025-01-30,365,0.232413,0
101594,2025-01-30,547,0.224057,0
101594,2025-01-30,730,0.217098,0
101594,2025-01-30,1825,0.317071,0
101594,2025-01-31,10,0.268895,0
101594,2025-01-31,14,0.327785,0
101594,2025-01-31,30,0.306079,0
101594,2025-01-31,60,0.246229,0
101594,2025-01-31,91,0.217524,0
101594,2025-01-31,122,0.209815,0
101594,2025-01-31,152,0.217718,0
101594,2025-01-31,182,0.219477,0
101594,2025-01-31,273,0.229649,0
101594,2025-01-31,365,0.232216,0
101594,2025-01-31,547,0.224042,0
101594,2025-01-31,730,0.217113,0
101594,2025-01-31,1825,0.316963,0
101594,2025-02-03,10,0.419097,0
101594,2025-02-03,14,0.361373,0
101594,2025-02-03,30,0.32385,0
101594,2025-02-03,60,0.264918,0
101594,2025-02-03,91,0.229128,0
101594,2025-02-03,122,0.220806,0
101594,2025-02-03,152,0.220746,0
101594,2025-02-03,182,0.213466,0
101594,2025-02-03,273,0.23309,0
101594,2025-02-03,365,0.234835,0
101594,2025-02-03,547,0.22215,0
101594,2025-02-03,730,0.21669,0
101594,2025-02-03,1825,0.317274,0
101594,2025-02-04,10,0.395826,0
101594,2025-02-04,14,0.328429,0
101594,2025-02-04,30,0.326726,0
101594,2025-02-04,60,0.271168,0
101594,2025-02-04,91,0.232586,0
101594,2025-02-04,122,0.222422,0
101594,2025-02-04,152,0.222828,0
101594,2025-02-04,182,0.214831,0
101594,2025-02-04,273,0.23418,0
101594,2025-02-04,365,0.235518,0
101594,2025-02-04,547,0.222268,0
101594,2025-02-04,730,0.216937,0
101594,2025-02-04,1825,0.317363,0
101594,2025-02-05,10,0.369005,0
101594,2025-02-05,14,0.329675,0
101594,2025-02-05,30,0.325047,0
101594,2025-02-05,60,0.267577,0
101594,2025-02-05,91,0.232481,0
101594,2025-02-05,122,0.221083,0
101594,2025-02-05,152,0.222534,0
101594,2025-02-05,182,0.214223,0
101594,2025-02-05,273,0.234201,0
101594,2025-02-05,365,0.235401,0
101594,2025-02-05,547,0.222243,0
101594,2025-02-05,730,0.216525,0
101594,2025-02-05,1825,0.317298,0
101594,2025-02-06,10,0.329411,0
101594,2025-02-06,14,0.328742,0
101594,2025-02-06,30,0.323933,0
101594,2025-02-06,60,0.264349,0
101594,2025-02-06,91,0.228629,0
101594,2025-02-06,122,0.217345,0
101594,2025-02-06,152,0.221492,0
101594,2025-02-06,182,0.213069,0
101594,2025-02-06,273,0.233994,0
101594,2025-02-06,365,0.235412,0
101594,2025-02-06,547,0.222109,0
101594,2025-02-06,730,0.216146,0
101594,2025-02-06,1825,0.317173,0
101594,2025-02-07,10,0.273674,0
101594,2025-02-07,14,0.357383,0
101594,2025-02-07,30,0.333029,0
101594,2025-02-07,60,0.266923,0
101594,2025-02-07,91,0.234151,0
101594,2025-02-07,122,0.219367,0
101594,2025-02-07,152,0.223747,0
101594,2025-02-07,182,0.215206,0
101594,2025-02-07,273,0.235686,0
101594,2025-02-07,365,0.236667,0
101594,2025-02-07,547,0.223047,0
101594,2025-02-07,730,0.216474,0
101594,2025-02-07,1825,0.317247,0
101594,2025-02-10,10,0.318884,0
101594,2025-02-10,14,0.318511,0
101594,2025-02-10,30,0.323685,0
101594,2025-02-10,60,0.272766,0
101594,2025-02-10,91,0.232785,0
101594,2025-02-10,122,0.219816,0
101594,2025-02-10,152,0.225158,0
101594,2025-02-10,182,0.214996,0
101594,2025-02-10,273,0.234912,0
101594,2025-02-10,365,0.236644,0
101594,2025-02-10,547,0.223048,0
101594,2025-02-10,730,0.216618,0
101594,2025-02-10,1825,0.317318,0
101594,2025-02-11,10,0.334367,0
101594,2025-02-11,14,0.277814,0
101594,2025-02-11,30,0.325843,0
101594,2025-02-11,60,0.279516,0
101594,2025-02-11,91,0.23685,0
101594,2025-02-11,122,0.221702,0
101594,2025-02-11,152,0.227623,0
101594,2025-02-11,182,0.215815,0
101594,2025-02-11,273,0.23605,0
101594,2025-02-11,365,0.237357,0
101594,2025-02-11,547,0.223594,0
101594,2025-02-11,730,0.216901,0
101594,2025-02-11,1825,0.317434,0
101594,2025-02-12,10,0.329304,0
101594,2025-02-12,14,0.294928,0
101594,2025-02-12,30,0.330201,0
101594,2025-02-12,60,0.280356,0
101594,2025-02-12,91,0.239459,0
101594,2025-02-12,122,0.22252,0
101594,2025-02-12,152,0.229276,0
101594,2025-02-12,182,0.217272,0
101594,2025-02-12,273,0.236529,0
101594,2025-02-12,365,0.237663,0
101594,2025-02-12,547,0.22383,0
101594,2025-02-12,730,0.21688,0
101594,2025-02-12,1825,0.317527,0
101594,2025-02-13,10,0.252973,0
101594,2025-02-13,14,0.308952,0
101594,2025-02-13,30,0.33591,0
101594,2025-02-13,60,0.281548,0
101594,2025-02-13,91,0.241076,0
101594,2025-02-13,122,0.223272,0
101594,2025-02-13,152,0.23004,0
101594,2025-02-13,182,0.218175,0
101594,2025-02-13,273,0.237482,0
101594,2025-02-13,365,0.238312,0
101594,2025-02-13,547,0.224303,0
101594,2025-02-13,730,0.21725,0
101594,2025-02-13,1825,0.31751,0
101594,2025-02-14,10,0.241225,0
101594,2025-02-14,14,0.309366,0
101594,2025-02-14,30,0.332157,0
101594,2025-02-14,60,0.281833,0
101594,2025-02-14,91,0.240134,0
101594,2025-02-14,122,0.22353,0
101594,2025-02-14,152,0.229663,0
101594,2025-02-14,182,0.218721,0
101594,2025-02-14,273,0.237842,0
101594,2025-02-14,365,0.238577,0
101594,2025-02-14,547,0.224147,0
101594,2025-02-14,730,0.217216,0
101594,2025-02-14,1825,0.317427,0
101594,2025-02-18,10,0.152216,0
101594,2025-02-18,14,0.228537,0
101594,2025-02-18,30,0.301332,0
101594,2025-02-18,60,0.281352,0
101594,2025-02-18,91,0.240922,0
101594,2025-02-18,122,0.224736,0
101594,2025-02-18,152,0.219846,0
101594,2025-02-18,182,0.219592,0
101594,2025-02-18,273,0.238346,0
101594,2025-02-18,365,0.238385,0
101594,2025-02-18,547,0.224375,0
101594,2025-02-18,730,0.2172,0
101594,2025-02-18,1825,0.317465,0
101594,2025-02-19,10,0.152428,0
101594,2025-02-19,14,0.226161,0
101594,2025-02-19,30,0.293747,0
101594,2025-02-19,60,0.27761,0
101594,2025-02-19,91,0.240889,0
101594,2025-02-19,122,0.223353,0
101594,2025-02-19,152,0.219777,0
101594,2025-02-19,182,0.219591,0
101594,2025-02-19,273,0.238118,0
101594,2025-02-19,365,0.238326,0
101594,2025-02-19,547,0.224302,0
101594,2025-02-19,730,0.216983,0
101594,2025-02-19,1825,0.317286,0
101594,2025-02-20,10,0.146111,0
101594,2025-02-20,14,0.225932,0
101594,2025-02-20,30,0.263906,0
101594,2025-02-20,60,0.274216,0
101594,2025-02-20,91,0.240857,0
101594,2025-02-20,122,0.223202,0
101594,2025-02-20,152,0.218754,0
101594,2025-02-20,182,0.219258,0
101594,2025-02-20,273,0.236647,0
101594,2025-02-20,365,0.238322,0
101594,2025-02-20,547,0.223661,0
101594,2025-02-20,730,0.216078,0
101594,2025-02-20,1825,0.317162,0
101594,2025-02-21,10,0.140263,0
101594,2025-02-21,14,0.148239,0
101594,2025-02-21,30,0.264684,0
101594,2025-02-21,60,0.274025,0
101594,2025-02-21,91,0.240707,0
101594,2025-02-21,122,0.223153,0
101594,2025-02-21,152,0.217709,0
101594,2025-02-21,182,0.218846,0
101594,2025-02-21,273,0.236015,0
101594,2025-02-21,365,0.238122,0
101594,2025-02-21,547,0.222531,0
101594,2025-02-21,730,0.21608,0
101594,2025-02-21,1825,0.317037,0
101594,2025-02-24,10,0.049236,0
101594,2025-02-24,14,0.142612,0
101594,2025-02-24,30,0.268946,0
101594,2025-02-24,60,0.276229,0
101594,2025-02-24,91,0.239675,0
101594,2025-02-24,122,0.222491,0
101594,2025-02-24,152,0.219412,0
101594,2025-02-24,182,0.218992,0
101594,2025-02-24,273,0.235445,0
101594,2025-02-24,365,0.237906,0
101594,2025-02-24,547,0.222369,0
101594,2025-02-24,730,0.215891,0
101594,2025-02-24,1825,0.31605,0
101594,2025-02-25,10,0.046444,0
101594,2025-02-25,14,0.128498,0
101594,2025-02-25,30,0.262823,0
101594,2025-02-25,60,0.274368,0
101594,2025-02-25,91,0.239045,0
101594,2025-02-25,122,0.221104,0
101594,2025-02-25,152,0.219318,0
101594,2025-02-25,182,0.218952,0
101594,2025-02-25,273,0.235447,0
101594,2025-02-25,365,0.237749,0
101594,2025-02-25,547,0.222275,0
101594,2025-02-25,730,0.215677,0
101594,2025-02-25,1825,0.31455,0
101594,2025-02-26,10,0.17948,0
101594,2025-02-26,14,0.204373,0
101594,2025-02-26,30,0.267398,0
101594,2025-02-26,60,0.279016,0
101594,2025-02-26,91,0.246077,0
101594,2025-02-26,122,0.225246,0
101594,2025-02-26,152,0.223763,0
101594,2025-02-26,182,0.222367,0
101594,2025-02-26,273,0.237828,0
101594,2025-02-26,365,0.239384,0
101594,2025-02-26,547,0.222827,0
101594,2025-02-26,730,0.21656,0
101594,2025-02-26,1825,0.314807,0
101594,2025-02-27,10,0.175962,0
101594,2025-02-27,14,0.186117,0
101594,2025-02-27,30,0.242054,0
101594,2025-02-27,60,0.276864,0
101594,2025-02-27,91,0.245482,0
101594,2025-02-27,122,0.225978,0
101594,2025-02-27,152,0.223642,0
101594,2025-02-27,182,0.222257,0
101594,2025-02-27,273,0.238346,0
101594,2025-02-27,365,0.239666,0
101594,2025-02-27,547,0.222596,0
101594,2025-02-27,730,0.216758,0
101594,2025-02-27,1825,0.314743,0
101594,2025-02-28,10,0.217914,0
101594,2025-02-28,14,0.203886,0
101594,2025-02-28,30,0.25055,0
101594,2025-02-28,60,0.28003,0
101594,2025-02-28,91,0.247658,0
101594,2025-02-28,122,0.228346,0
101594,2025-02-28,152,0.224416,0
101594,2025-02-28,182,0.223788,0
101594,2025-02-28,273,0.239202,0
101594,2025-02-28,365,0.240286,0
101594,2025-02-28,547,0.223102,0
101594,2025-02-28,730,0.216859,0
101594,2025-02-28,1825,0.31472,0
101594,2025-03-03,10,0.266136,0
101594,2025-03-03,14,0.205757,0
101594,2025-03-03,30,0.260989,0
101594,2025-03-03,60,0.278063,0
101594,2025-03-03,91,0.249107,0
101594,2025-03-03,122,0.227445,0
101594,2025-03-03,152,0.220328,0
101594,2025-03-03,182,0.224091,0
101594,2025-03-03,273,0.239847,0
101594,2025-03-03,365,0.240787,0
101594,2025-03-03,547,0.223425,0
101594,2025-03-03,730,0.216087,0
101594,2025-03-03,1825,0.311591,0
101594,2025-03-04,10,0.243948,0
101594,2025-03-04,14,0.207515,0
101594,2025-03-04,30,0.256432,0
101594,2025-03-04,60,0.278839,0
101594,2025-03-04,91,0.248298,0
101594,2025-03-04,122,0.226667,0
101594,2025-03-04,152,0.220658,0
101594,2025-03-04,182,0.220879,0
101594,2025-03-04,273,0.240127,0
101594,2025-03-04,365,0.239476,0
101594,2025-03-04,547,0.223262,0
101594,2025-03-04,730,0.215983,0
101594,2025-03-04,1825,0.31125,0
101594,2025-03-05,10,0.227523,0
101594,2025-03-05,14,0.206163,0
101594,2025-03-05,30,0.223846,0
101594,2025-03-05,60,0.275241,0
101594,2025-03-05,91,0.248266,0
101594,2025-03-05,122,0.22528,0
101594,2025-03-05,152,0.220549,0
101594,2025-03-05,182,0.220497,0
101594,2025-03-05,273,0.240007,0
101594,2025-03-05,365,0.237561,0
101594,2025-03-05,547,0.223264,0
101594,2025-03-05,730,0.215629,0
101594,2025-03-05,1825,0.311185,0
101594,2025-03-06,10,0.217284,0
101594,2025-03-06,14,0.202156,0
101594,2025-03-06,30,0.212898,0
101594,2025-03-06,60,0.27179,0
101594,2025-03-06,91,0.248276,0
101594,2025-03-06,122,0.225165,0
101594,2025-03-06,152,0.21949,0
101594,2025-03-06,182,0.220331,0
101594,2025-03-06,273,0.23984,0
101594,2025-03-06,365,0.237469,0
101594,2025-03-06,547,0.221186,0
101594,2025-03-06,730,0.215357,0
101594,2025-03-06,1825,0.311063,0
101594,2025-03-07,10,0.249077,0
101594,2025-03-07,14,0.226107,0
101594,2025-03-07,30,0.219112,0
101594,2025-03-07,60,0.27428,0
101594,2025-03-07,91,0.250507,0
101594,2025-03-07,122,0.226487,0
101594,2025-03-07,152,0.219732,0
101594,2025-03-07,182,0.221135,0
101594,2025-03-07,273,0.240095,0
101594,2025-03-07,365,0.237901,0
101594,2025-03-07,547,0.220116,0
101594,2025-03-07,730,0.215551,0
101594,2025-03-07,1825,0.31101,0
101594,2025-03-10,10,0.349814,0
101594,2025-03-10,14,0.319375,0
101594,2025-03-10,30,0.275465,0
101594,2025-03-10,60,0.302775,0
101594,2025-03-10,91,0.267897,0
101594,2025-03-10,122,0.243303,0
101594,2025-03-10,152,0.22948,0
101594,2025-03-10,182,0.232494,0
101594,2025-03-10,273,0.246133,0
101594,2025-03-10,365,0.243202,0
101594,2025-03-10,547,0.223964,0
101594,2025-03-10,730,0.218192,0
101594,2025-03-10,1825,0.307881,0
101594,2025-03-11,10,0.339932,0
101594,2025-03-11,14,0.332478,0
101594,2025-03-11,30,0.28746,0
101594,2025-03-11,60,0.305589,0
101594,2025-03-11,91,0.273821,0
101594,2025-03-11,122,0.247375,0
101594,2025-03-11,152,0.234118,0
101594,2025-03-11,182,0.236305,0
101594,2025-03-11,273,0.23505,0
101594,2025-03-11,365,0.244921,0
101594,2025-03-11,547,0.225283,0
101594,2025-03-11,730,0.219044,0
101594,2025-03-11,1825,0.304572,0
101594,2025-03-12,10,0.315799,0
101594,2025-03-12,14,0.322613,0
101594,2025-03-12,30,0.29268,0
101594,2025-03-12,60,0.304312,0
101594,2025-03-12,91,0.275642,0
101594,2025-03-12,122,0.247709,0
101594,2025-03-12,152,0.235497,0
101594,2025-03-12,182,0.237058,0
101594,2025-03-12,273,0.23371,0
101594,2025-03-12,365,0.245627,0
101594,2025-03-12,547,0.225306,0
101594,2025-03-12,730,0.219258,0
101594,2025-03-12,1825,0.300509,0
101594,2025-03-13,10,0.336738,0
101594,2025-03-13,14,0.344562,0
101594,2025-03-13,30,0.299093,0
101594,2025-03-13,60,0.3107,0
101594,2025-03-13,91,0.282828,0
101594,2025-03-13,122,0.253881,0
101594,2025-03-13,152,0.240222,0
101594,2025-03-13,182,0.241968,0
101594,2025-03-13,273,0.237014,0
101594,2025-03-13,365,0.247803,0
101594,2025-03-13,547,0.226875,0
101594,2025-03-13,730,0.220453,0
101594,2025-03-13,1825,0.300801,0
101594,2025-03-14,10,0.386855,0
101594,2025-03-14,14,0.342184,0
101594,2025-03-14,30,0.298998,0
101594,2025-03-14,60,0.314243,0
101594,2025-03-14,91,0.285945,0
101594,2025-03-14,122,0.256012,0
101594,2025-03-14,152,0.240834,0
101594,2025-03-14,182,0.243395,0
101594,2025-03-14,273,0.237755,0
101594,2025-03-14,365,0.248199,0
101594,2025-03-14,547,0.227228,0
101594,2025-03-14,730,0.220792,0
101594,2025-03-14,1825,0.300779,0
101594,2025-03-17,10,0.396149,0
101594,2025-03-17,14,0.349297,0
101594,2025-03-17,30,0.286368,0
101594,2025-03-17,60,0.301532,0
101594,2025-03-17,91,0.284613,0
101594,2025-03-17,122,0.256754,0
101594,2025-03-17,152,0.240715,0
101594,2025-03-17,182,0.240106,0
101594,2025-03-17,273,0.236682,0
101594,2025-03-17,365,0.248185,0
101594,2025-03-17,547,0.227201,0
101594,2025-03-17,730,0.22061,0
101594,2025-03-17,1825,0.293699,0
101594,2025-03-18,10,0.369115,0
101594,2025-03-18,14,0.349952,0
101594,2025-03-18,30,0.279123,0
101594,2025-03-18,60,0.300818,0
101594,2025-03-18,91,0.283534,0
101594,2025-03-18,122,0.255331,0
101594,2025-03-18,152,0.240833,0
101594,2025-03-18,182,0.24024,0
101594,2025-03-18,273,0.23644,0
101594,2025-03-18,365,0.248223,0
101594,2025-03-18,547,0.226875,0
101594,2025-03-18,730,0.220442,0
101594,2025-03-18,1825,0.293691,0
101594,2025-03-19,10,0.377605,0
101594,2025-03-19,14,0.365186,0
101594,2025-03-19,30,0.279556,0
101594,2025-03-19,60,0.299011,0
101594,2025-03-19,91,0.282398,0
101594,2025-03-19,122,0.254709,0
101594,2025-03-19,152,0.240795,0
101594,2025-03-19,182,0.239481,0
101594,2025-03-19,273,0.236211,0
101594,2025-03-19,365,0.248147,0
101594,2025-03-19,547,0.227021,0
101594,2025-03-19,730,0.220339,0
101594,2025-03-19,1825,0.292208,0
101594,2025-03-20,10,0.296273,0
101594,2025-03-20,14,0.363609,0
101594,2025-03-20,30,0.27894,0
101594,2025-03-20,60,0.295482,0
101594,2025-03-20,91,0.281785,0
101594,2025-03-20,122,0.253647,0
101594,2025-03-20,152,0.239714,0
101594,2025-03-20,182,0.233741,0
101594,2025-03-20,273,0.234924,0
101594,2025-03-20,365,0.247833,0
101594,2025-03-20,547,0.226433,0
101594,2025-03-20,730,0.220235,0
101594,2025-03-20,1825,0.292106,0
101594,2025-03-21,10,0.292403,0
101594,2025-03-21,14,0.370808,0
101594,2025-03-21,30,0.290904,0
101594,2025-03-21,60,0.296323,0
101594,2025-03-21,91,0.281997,0
101594,2025-03-21,122,0.256053,0
101594,2025-03-21,152,0.240605,0
101594,2025-03-21,182,0.235412,0
101594,2025-03-21,273,0.235642,0
101594,2025-03-21,365,0.244805,0
101594,2025-03-21,547,0.226818,0
101594,2025-03-21,730,0.220523,0
101594,2025-03-21,1825,0.292104,0
101594,2025-03-24,10,0.162814,0
101594,2025-03-24,14,0.304184,0
101594,2025-03-24,30,0.301646,0
101594,2025-03-24,60,0.294175,0
101594,2025-03-24,91,0.28318,0
101594,2025-03-24,122,0.259769,0
101594,2025-03-24,152,0.241086,0
101594,2025-03-24,182,0.23575,0
101594,2025-03-24,273,0.23596,0
101594,2025-03-24,365,0.244983,0
101594,2025-03-24,547,0.226957,0
101594,2025-03-24,730,0.22076,0
101594,2025-03-24,1825,0.289092,0
101594,2025-03-25,10,0.156243,0
101594,2025-03-25,14,0.274202,0
101594,2025-03-25,30,0.301077,0
101594,2025-03-25,60,0.296011,0
101594,2025-03-25,91,0.283668,0
101594,2025-03-25,122,0.259332,0
101594,2025-03-25,152,0.242087,0
101594,2025-03-25,182,0.236495,0
101594,2025-03-25,273,0.236414,0
101594,2025-03-25,365,0.245125,0
101594,2025-03-25,547,0.227139,0
101594,2025-03-25,730,0.22073,0
101594,2025-03-25,1825,0.288268,0
101594,2025-03-26,10,0.172294,0
101594,2025-03-26,14,0.261799,0
101594,2025-03-26,30,0.299285,0
101594,2025-03-26,60,0.293424,0
101594,2025-03-26,91,0.281718,0
101594,2025-03-26,122,0.258281,0
101594,2025-03-26,152,0.242483,0
101594,2025-03-26,182,0.236835,0
101594,2025-03-26,273,0.235626,0
101594,2025-03-26,365,0.245252,0
101594,2025-03-26,547,0.226426,0
101594,2025-03-26,730,0.220665,0
101594,2025-03-26,1825,0.287656,0
101594,2025-03-27,10,0.174428,0
101594,2025-03-27,14,0.167382,0
101594,2025-03-27,30,0.30345,0
101594,2025-03-27,60,0.291028,0
101594,2025-03-27,91,0.282713,0
101594,2025-03-27,122,0.257908,0
101594,2025-03-27,152,0.241885,0
101594,2025-03-27,182,0.237199,0
101594,2025-03-27,273,0.235884,0
101594,2025-03-27,365,0.244613,0
101594,2025-03-27,547,0.226427,0
101594,2025-03-27,730,0.220747,0
101594,2025-03-27,1825,0.287572,0
101594,2025-03-28,10,0.248339,0
101594,2025-03-28,14,0.223745,0
101594,2025-03-28,30,0.303026,0
101594,2025-03-28,60,0.287753,0
101594,2025-03-28,91,0.28626,0
101594,2025-03-28,122,0.261431,0
101594,2025-03-28,152,0.244253,0
101594,2025-03-28,182,0.240253,0
101594,2025-03-28,273,0.237207,0
101594,2025-03-28,365,0.245946,0
101594,2025-03-28,547,0.227561,0
101594,2025-03-28,730,0.221208,0
101594,2025-03-28,1825,0.28773,0
101594,2025-03-31,10,0.280619,0
101594,2025-03-31,14,0.239855,0
101594,2025-03-31,30,0.309282,0
101594,2025-03-31,60,0.283553,0
101594,2025-03-31,91,0.288767,0
101594,2025-03-31,122,0.264742,0
101594,2025-03-31,152,0.247062,0
101594,2025-03-31,182,0.239637,0
101594,2025-03-31,273,0.235918,0
101594,2025-03-31,365,0.246134,0
101594,2025-03-31,547,0.228061,0
101594,2025-03-31,730,0.221474,0
101594,2025-03-31,1825,0.286754,0
101594,2025-04-01,10,0.256407,0
101594,2025-04-01,14,0.233454,0
101594,2025-04-01,30,0.303297,0
101594,2025-04-01,60,0.28368,0
101594,2025-04-01,91,0.288905,0
101594,2025-04-01,122,0.263283,0
101594,2025-04-01,152,0.245515,0
101594,2025-04-01,182,0.236036,0
101594,2025-04-01,273,0.235245,0
101594,2025-04-01,365,0.245974,0
101594,2025-04-01,547,0.227794,0
101594,2025-04-01,730,0.221272,0
101594,2025-04-01,1825,0.286675,0
101594,2025-04-02,10,0.237387,0
101594,2025-04-02,14,0.230115,0
101594,2025-04-02,30,0.300912,0
101594,2025-04-02,60,0.280412,0
101594,2025-04-02,91,0.286705,0
101594,2025-04-02,122,0.26176,0
101594,2025-04-02,152,0.244658,0
101594,2025-04-02,182,0.236051,0
101594,2025-04-02,273,0.235177,0
101594,2025-04-02,365,0.245846,0
101594,2025-04-02,547,0.227696,0
101594,2025-04-02,730,0.221223,0
101594,2025-04-02,1825,0.286591,0
101594,2025-04-03,10,0.602251,0
101594,2025-04-03,14,0.558905,0
101594,2025-04-03,30,0.438653,0
101594,2025-04-03,60,0.361286,0
101594,2025-04-03,91,0.341744,0
101594,2025-04-03,122,0.310314,0
101594,2025-04-03,152,0.286928,0
101594,2025-04-03,182,0.27346,0
101594,2025-04-03,273,0.260091,0
101594,2025-04-03,365,0.264758,0
101594,2025-04-03,547,0.241314,0
101594,2025-04-03,730,0.231791,0
101594,2025-04-03,1825,0.289826,0
101594,2025-04-04,10,0.678133,0
101594,2025-04-04,14,0.639732,0
101594,2025-04-04,30,0.495861,0
101594,2025-04-04,60,0.39475,0
101594,2025-04-04,91,0.371876,0
101594,2025-04-04,122,0.334725,0
101594,2025-04-04,152,0.308361,0
101594,2025-04-04,182,0.293398,0
101594,2025-04-04,273,0.273068,0
101594,2025-04-04,365,0.275556,0
101594,2025-04-04,547,0.249186,0
101594,2025-04-04,730,0.237849,0
101594,2025-04-04,1825,0.291738,0
101594,2025-04-07,10,0.756679,0
101594,2025-04-07,14,0.631053,0
101594,2025-04-07,30,0.505809,0
101594,2025-04-07,60,0.406608,0
101594,2025-04-07,91,0.377177,0
101594,2025-04-07,122,0.344063,0
101594,2025-04-07,152,0.316148,0
101594,2025-04-07,182,0.296304,0
101594,2025-04-07,273,0.276168,0
101594,2025-04-07,365,0.278126,0
101594,2025-04-07,547,0.250805,0
101594,2025-04-07,730,0.23932,0
101594,2025-04-07,1825,0.289851,0
101594,2025-04-08,10,0.701723,0
101594,2025-04-08,14,0.619265,0
101594,2025-04-08,30,0.510075,0
101594,2025-04-08,60,0.419407,0
101594,2025-04-08,91,0.38836,0
101594,2025-04-08,122,0.351934,0
101594,2025-04-08,152,0.323273,0
101594,2025-04-08,182,0.303202,0
101594,2025-04-08,273,0.282083,0
101594,2025-04-08,365,0.282771,0
101594,2025-04-08,547,0.254195,0
101594,2025-04-08,730,0.24183,0
101594,2025-04-08,1825,0.29077,0
101594,2025-04-09,10,1.182576,0
101594,2025-04-09,14,1.052474,0
101594,2025-04-09,30,0.723196,0
101594,2025-04-09,60,0.552696,0
101594,2025-04-09,91,0.489758,0
101594,2025-04-09,122,0.433312,0
101594,2025-04-09,152,0.395827,0
101594,2025-04-09,182,0.365913,0
101594,2025-04-09,273,0.326954,0
101594,2025-04-09,365,0.31671,0
101594,2025-04-09,547,0.279803,0
101594,2025-04-09,730,0.2618,0
101594,2025-04-09,1825,0.297517,0
101594,2025-04-10,10,1.176279,0
101594,2025-04-10,14,1.056701,0
101594,2025-04-10,30,0.729991,0
101594,2025-04-10,60,0.554649,0
101594,2025-04-10,91,0.492375,0
101594,2025-04-10,122,0.43788,0
101594,2025-04-10,152,0.399331,0
101594,2025-04-10,182,0.37082,0
101594,2025-04-10,273,0.329601,0
101594,2025-04-10,365,0.319544,0
101594,2025-04-10,547,0.282009,0
101594,2025-04-10,730,0.263567,0
101594,2025-04-10,1825,0.298056,0
101594,2025-04-11,10,1.217727,0
101594,2025-04-11,14,1.090233,0
101594,2025-04-11,30,0.745414,0
101594,2025-04-11,60,0.564651,0
101594,2025-04-11,91,0.498181,0
101594,2025-04-11,122,0.444058,0
101594,2025-04-11,152,0.402601,0
101594,2025-04-11,182,0.375377,0
101594,2025-04-11,273,0.332575,0
101594,2025-04-11,365,0.319215,0
101594,2025-04-11,547,0.283846,0
101594,2025-04-11,730,0.265022,0
101594,2025-04-11,1825,0.298447,0
101594,2025-04-14,10,1.175454,0
101594,2025-04-14,14,1.092217,0
101594,2025-04-14,30,0.757383,0
101594,2025-04-14,60,0.573088,0
101594,2025-04-14,91,0.500349,0
101594,2025-04-14,122,0.451341,0
101594,2025-04-14,152,0.407734,0
101594,2025-04-14,182,0.375978,0
101594,2025-04-14,273,0.332997,0
101594,2025-04-14,365,0.319827,0
101594,2025-04-14,547,0.28426,0
101594,2025-04-14,730,0.264674,0
101594,2025-04-14,1825,0.297894,0
101594,2025-04-15,10,1.076293,0
101594,2025-04-15,14,1.090341,0
101594,2025-04-15,30,0.739133,0
101594,2025-04-15,60,0.571515,0
101594,2025-04-15,91,0.500324,0
101594,2025-04-15,122,0.448547,0
101594,2025-04-15,152,0.407067,0
101594,2025-04-15,182,0.375583,0
101594,2025-04-15,273,0.332986,0
101594,2025-04-15,365,0.319023,0
101594,2025-04-15,547,0.284264,0
101594,2025-04-15,730,0.264415,0
101594,2025-04-15,1825,0.29788,0
101594,2025-04-16,10,1.034886,0
101594,2025-04-16,14,1.097187,0
101594,2025-04-16,30,0.749465,0
101594,2025-04-16,60,0.570998,0
101594,2025-04-16,91,0.503863,0
101594,2025-04-16,122,0.450498,0
101594,2025-04-16,152,0.411058,0
101594,2025-04-16,182,0.379433,0
101594,2025-04-16,273,0.334797,0
101594,2025-04-16,365,0.320955,0
101594,2025-04-16,547,0.286058,0
101594,2025-04-16,730,0.265939,0
101594,2025-04-16,1825,0.298362,0
101594,2025-04-17,10,1.000715,0
101594,2025-04-17,14,0.999677,0
101594,2025-04-17,30,0.751957,0
101594,2025-04-17,60,0.566098,0
101594,2025-04-17,91,0.498981,0
101594,2025-04-17,122,0.450732,0
101594,2025-04-17,152,0.409735,0
101594,2025-04-17,182,0.380034,0
101594,2025-04-17,273,0.334423,0
101594,2025-04-17,365,0.32111,0
101594,2025-04-17,547,0.286204,0
101594,2025-04-17,730,0.266063,0
101594,2025-04-17,1825,0.298301,0
101594,2025-04-21,10,0.396999,0
101594,2025-04-21,14,0.949308,0
101594,2025-04-21,30,0.785174,0
101594,2025-04-21,60,0.580281,0
101594,2025-04-21,91,0.499753,0
101594,2025-04-21,122,0.456368,0
101594,2025-04-21,152,0.414057,0
101594,2025-04-21,182,0.381808,0
101594,2025-04-21,273,0.336034,0
101594,2025-04-21,365,0.32207,0
101594,2025-04-21,547,0.286777,0
101594,2025-04-21,730,0.266796,0
101594,2025-04-21,1825,0.297913,0
101594,2025-04-22,10,0.434351,0
101594,2025-04-22,14,0.890067,0
101594,2025-04-22,30,0.777495,0
101594,2025-04-22,60,0.588362,0
101594,2025-04-22,91,0.50123,0
101594,2025-04-22,122,0.458161,0
101594,2025-04-22,152,0.417766,0
101594,2025-04-22,182,0.3851,0
101594,2025-04-22,273,0.338325,0
101594,2025-04-22,365,0.323725,0
101594,2025-04-22,547,0.288068,0
101594,2025-04-22,730,0.267565,0
101594,2025-04-22,1825,0.298264,0
101594,2025-04-23,10,0.419263,0
101594,2025-04-23,14,0.492541,0
101594,2025-04-23,30,0.781963,0
101594,2025-04-23,60,0.585491,0
101594,2025-04-23,91,0.503688,0
101594,2025-04-23,122,0.45778,0
101594,2025-04-23,152,0.419536,0
101594,2025-04-23,182,0.38565,0
101594,2025-04-23,273,0.337879,0
101594,2025-04-23,365,0.32452,0
101594,2025-04-23,547,0.288715,0
101594,2025-04-23,730,0.268088,0
101594,2025-04-23,1825,0.298189,0
101594,2025-04-24,10,0.413627,0
101594,2025-04-24,14,0.410402,0
101594,2025-04-24,30,0.783423,0
101594,2025-04-24,60,0.581061,0
101594,2025-04-24,91,0.505222,0
101594,2025-04-24,122,0.459143,0
101594,2025-04-24,152,0.418566,0
101594,2025-04-24,182,0.38663,0
101594,2025-04-24,273,0.338525,0
101594,2025-04-24,365,0.324777,0
101594,2025-04-24,547,0.288852,0
101594,2025-04-24,730,0.268292,0
101594,2025-04-24,1825,0.298172,0
101594,2025-04-25,10,0.411549,0
101594,2025-04-25,14,0.37027,0
101594,2025-04-25,30,0.783479,0
101594,2025-04-25,60,0.580877,0
101594,2025-04-25,91,0.505305,0
101594,2025-04-25,122,0.458646,0
101594,2025-04-25,152,0.416592,0
101594,2025-04-25,182,0.386649,0
101594,2025-04-25,273,0.338556,0
101594,2025-04-25,365,0.324767,0
101594,2025-04-25,547,0.288107,0
101594,2025-04-25,730,0.268306,0
101594,2025-04-25,1825,0.298057,0
101594,2025-04-28,10,0.297463,0
101594,2025-04-28,14,0.358215,0
101594,2025-04-28,30,0.797794,0
101594,2025-04-28,60,0.591946,0
101594,2025-04-28,91,0.501159,0
101594,2025-04-28,122,0.461141,0
101594,2025-04-28,152,0.419908,0
101594,2025-04-28,182,0.386478,0
101594,2025-04-28,273,0.338588,0
101594,2025-04-28,365,0.324754,0
101594,2025-04-28,547,0.288059,0
101594,2025-04-28,730,0.267827,0
101594,2025-04-28,1825,0.297865,0
101594,2025-04-29,10,0.27369,0
101594,2025-04-29,14,0.356442,0
101594,2025-04-29,30,0.77796,0
101594,2025-04-29,60,0.589705,0
101594,2025-04-29,91,0.495596,0
101594,2025-04-29,122,0.458473,0
101594,2025-04-29,152,0.417937,0
101594,2025-04-29,182,0.386561,0
101594,2025-04-29,273,0.338629,0
101594,2025-04-29,365,0.323909,0
101594,2025-04-29,547,0.287924,0
101594,2025-04-29,730,0.267579,0
101594,2025-04-29,1825,0.297736,0
101594,2025-04-30,10,0.25432,0
101594,2025-04-30,14,0.239017,0
101594,2025-04-30,30,0.774878,0
101594,2025-04-30,60,0.582923,0
101594,2025-04-30,91,0.495684,0
101594,2025-04-30,122,0.455904,0
101594,2025-04-30,152,0.417714,0
101594,2025-04-30,182,0.386109,0
101594,2025-04-30,273,0.338253,0
101594,2025-04-30,365,0.323369,0
101594,2025-04-30,547,0.287953,0
101594,2025-04-30,730,0.267608,0
101594,2025-04-30,1825,0.297646,0
101594,2025-05-01,10,0.181492,0
101594,2025-05-01,14,0.239752,0
101594,2025-05-01,30,0.774783,0
101594,2025-05-01,60,0.576186,0
101594,2025-05-01,91,0.495684,0
101594,2025-05-01,122,0.455597,0
101594,2025-05-01,152,0.415732,0
101594,2025-05-01,182,0.385308,0
101594,2025-05-01,273,0.337724,0
101594,2025-05-01,365,0.323306,0
101594,2025-05-01,547,0.287586,0
101594,2025-05-01,730,0.267577,0
101594,2025-05-01,1825,0.297531,0
101594,2025-05-02,10,0.292639,0
101594,2025-05-02,14,0.326497,0
101594,2025-05-02,30,0.784333,0
101594,2025-05-02,60,0.581662,0
101594,2025-05-02,91,0.500916,0
101594,2025-05-02,122,0.45984,0
101594,2025-05-02,152,0.417711,0
101594,2025-05-02,182,0.388628,0
101594,2025-05-02,273,0.340486,0
101594,2025-05-02,365,0.324982,0
101594,2025-05-02,547,0.288861,0
101594,2025-05-02,730,0.268926,0
101594,2025-05-02,1825,0.297923,0
101594,2025-05-05,10,0.327951,0
101594,2025-05-05,14,0.356266,0
101594,2025-05-05,30,0.680499,0
101594,2025-05-05,60,0.60001,0
101594,2025-05-05,91,0.500292,0
101594,2025-05-05,122,0.46364,0
101594,2025-05-05,152,0.423531,0
101594,2025-05-05,182,0.391178,0
101594,2025-05-05,273,0.33768,0
101594,2025-05-05,365,0.321445,0
101594,2025-05-05,547,0.290045,0
101594,2025-05-05,730,0.268132,0
101594,2025-05-05,1825,0.298367,0
101594,2025-05-06,10,0.301964,0
101594,2025-05-06,14,0.312882,0
101594,2025-05-06,30,0.663462,0
101594,2025-05-06,60,0.597919,0
101594,2025-05-06,91,0.498116,0
101594,2025-05-06,122,0.460805,0
101594,2025-05-06,152,0.423518,0
101594,2025-05-06,182,0.391037,0
101594,2025-05-06,273,0.337502,0
101594,2025-05-06,365,0.321311,0
101594,2025-05-06,547,0.289816,0
101594,2025-05-06,730,0.267868,0
101594,2025-05-06,1825,0.298339,0
101594,2025-05-07,10,0.280421,0
101594,2025-05-07,14,0.283953,0
101594,2025-05-07,30,0.649729,0
101594,2025-05-07,60,0.590825,0
101594,2025-05-07,91,0.498431,0
101594,2025-05-07,122,0.458287,0
101594,2025-05-07,152,0.423776,0
101594,2025-05-07,182,0.391313,0
101594,2025-05-07,273,0.337429,0
101594,2025-05-07,365,0.321512,0
101594,2025-05-07,547,0.289744,0
101594,2025-05-07,730,0.267997,0
101594,2025-05-07,1825,0.298216,0
101594,2025-05-08,10,0.284092,0
101594,2025-05-08,14,0.263087,0
101594,2025-05-08,30,0.618361,0
101594,2025-05-08,60,0.584356,0
101594,2025-05-08,91,0.498616,0
101594,2025-05-08,122,0.458262,0
101594,2025-05-08,152,0.421897,0
101594,2025-05-08,182,0.390152,0
101594,2025-05-08,273,0.336947,0
101594,2025-05-08,365,0.321564,0
101594,2025-05-08,547,0.28975,0
101594,2025-05-08,730,0.267931,0
101594,2025-05-08,1825,0.298108,0
101594,2025-05-09,10,0.284376,0
101594,2025-05-09,14,0.264049,0
101594,2025-05-09,30,0.370801,0
101594,2025-05-09,60,0.573872,0
101594,2025-05-09,91,0.496902,0
101594,2025-05-09,122,0.45819,0
101594,2025-05-09,152,0.419995,0
101594,2025-05-09,182,0.390259,0
101594,2025-05-09,273,0.336614,0
101594,2025-05-09,365,0.321456,0
101594,2025-05-09,547,0.28977,0
101594,2025-05-09,730,0.26786,0
101594,2025-05-09,1825,0.297996,0
101594,2025-05-12,10,0.493832,0
101594,2025-05-12,14,0.426266,0
101594,2025-05-12,30,0.381847,0
101594,2025-05-12,60,0.597661,0
101594,2025-05-12,91,0.512761,0
101594,2025-05-12,122,0.472332,0
101594,2025-05-12,152,0.434576,0
101594,2025-05-12,182,0.399951,0
101594,2025-05-12,273,0.344022,0
101594,2025-05-12,365,0.327122,0
101594,2025-05-12,547,0.293467,0
101594,2025-05-12,730,0.271555,0
101594,2025-05-12,1825,0.299278,0
101594,2025-05-13,10,0.452028,0
101594,2025-05-13,14,0.428538,0
101594,2025-05-13,30,0.372955,0
101594,2025-05-13,60,0.596494,0
101594,2025-05-13,91,0.511197,0
101594,2025-05-13,122,0.469899,0
101594,2025-05-13,152,0.434803,0
101594,2025-05-13,182,0.400238,0
101594,2025-05-13,273,0.343645,0
101594,2025-05-13,365,0.32682,0
101594,2025-05-13,547,0.293483,0
101594,2025-05-13,730,0.27137,0
101594,2025-05-13,1825,0.299297,0
101594,2025-05-14,10,0.421005,0
101594,2025-05-14,14,0.427871,0
101594,2025-05-14,30,0.367422,0
101594,2025-05-14,60,0.589214,0
101594,2025-05-14,91,0.509665,0
101594,2025-05-14,122,0.467101,0
101594,2025-05-14,152,0.434795,0
101594,2025-05-14,182,0.400203,0
101594,2025-05-14,273,0.343649,0
101594,2025-05-14,365,0.326788,0
101594,2025-05-14,547,0.293275,0
101594,2025-05-14,730,0.27137,0
101594,2025-05-14,1825,0.299286,0
101594,2025-05-15,10,0.359068,0
101594,2025-05-15,14,0.427763,0
101594,2025-05-15,30,0.367833,0
101594,2025-05-15,60,0.58224,0
101594,2025-05-15,91,0.507858,0
101594,2025-05-15,122,0.466858,0
101594,2025-05-15,152,0.432678,0
101594,2025-05-15,182,0.399716,0
101594,2025-05-15,273,0.343309,0
101594,2025-05-15,365,0.326611,0
101594,2025-05-15,547,0.29329,0
101594,2025-05-15,730,0.271389,0
101594,2025-05-15,1825,0.299175,0
101594,2025-05-16,10,0.358124,0
101594,2025-05-16,14,0.374316,0
101594,2025-05-16,30,0.335236,0
101594,2025-05-16,60,0.582207,0
101594,2025-05-16,91,0.506984,0
101594,2025-05-16,122,0.466816,0
101594,2025-05-16,152,0.430574,0
101594,2025-05-16,182,0.399233,0
101594,2025-05-16,273,0.343233,0
101594,2025-05-16,365,0.326614,0
101594,2025-05-16,547,0.293205,0
101594,2025-05-16,730,0.271382,0
101594,2025-05-16,1825,0.299057,0
101594,2025-05-19,10,0.423829,0
101594,2025-05-19,14,0.333062,0
101594,2025-05-19,30,0.337559,0
101594,2025-05-19,60,0.596166,0
101594,2025-05-19,91,0.503298,0
101594,2025-05-19,122,0.465944,0
101594,2025-05-19,152,0.433089,0
101594,2025-05-19,182,0.399057,0
101594,2025-05-19,273,0.343491,0
101594,2025-05-19,365,0.326845,0
101594,2025-05-19,547,0.293374,0
101594,2025-05-19,730,0.27163,0
101594,2025-05-19,1825,0.29905,0
101594,2025-05-20,10,0.401426,0
101594,2025-05-20,14,0.339278,0
101594,2025-05-20,30,0.331947,0
101594,2025-05-20,60,0.594367,0
101594,2025-05-20,91,0.503461,0
101594,2025-05-20,122,0.463341,0
101594,2025-05-20,152,0.433031,0
101594,2025-05-20,182,0.399234,0
101594,2025-05-20,273,0.343624,0
101594,2025-05-20,365,0.326937,0
101594,2025-05-20,547,0.293384,0
101594,2025-05-20,730,0.271444,0
101594,2025-05-20,1825,0.299061,0
101594,2025-05-21,10,0.406579,0
101594,2025-05-21,14,0.359312,0
101594,2025-05-21,30,0.335134,0
101594,2025-05-21,60,0.589553,0
101594,2025-05-21,91,0.505058,0
101594,2025-05-21,122,0.462143,0
101594,2025-05-21,152,0.433106,0
101594,2025-05-21,182,0.400493,0
101594,2025-05-21,273,0.344647,0
101594,2025-05-21,365,0.327732,0
101594,2025-05-21,547,0.293998,0
101594,2025-05-21,730,0.271932,0
101594,2025-05-21,1825,0.299246,0
101594,2025-05-22,10,0.152777,0
101594,2025-05-22,14,0.360254,0
101594,2025-05-22,30,0.316442,0
101594,2025-05-22,60,0.582509,0
101594,2025-05-22,91,0.504868,0
101594,2025-05-22,122,0.459431,0
101594,2025-05-22,152,0.430983,0
101594,2025-05-22,182,0.400507,0
101594,2025-05-22,273,0.344548,0
101594,2025-05-22,365,0.327661,0
101594,2025-05-22,547,0.294002,0
101594,2025-05-22,730,0.271721,0
101594,2025-05-22,1825,0.299133,0
101594,2025-05-23,10,0.171217,0
101594,2025-05-23,14,0.394911,0
101594,2025-05-23,30,0.321619,0
101594,2025-05-23,60,0.585703,0
101594,2025-05-23,91,0.50781,0
101594,2025-05-23,122,0.459096,0
101594,2025-05-23,152,0.431168,0
101594,2025-05-23,182,0.402626,0
101594,2025-05-23,273,0.346085,0
101594,2025-05-23,365,0.328423,0
101594,2025-05-23,547,0.294697,0
101594,2025-05-23,730,0.27261,0
101594,2025-05-23,1825,0.299346,0
101594,2025-05-27,10,0.306873,0
101594,2025-05-27,14,0.248091,0
101594,2025-05-27,30,0.334821,0
101594,2025-05-27,60,0.606078,0
101594,2025-05-27,91,0.514672,0
101594,2025-05-27,122,0.46669,0
101594,2025-05-27,152,0.436843,0
101594,2025-05-27,182,0.405247,0
101594,2025-05-27,273,0.348266,0
101594,2025-05-27,365,0.328962,0
101594,2025-05-27,547,0.295739,0
101594,2025-05-27,730,0.273236,0
101594,2025-05-27,1825,0.299758,0
101594,2025-05-28,10,0.286492,0
101594,2025-05-28,14,0.250897,0
101594,2025-05-28,30,0.334281,0
101594,2025-05-28,60,0.598504,0
101594,2025-05-28,91,0.512399,0
101594,2025-05-28,122,0.463921,0
101594,2025-05-28,152,0.436538,0
101594,2025-05-28,182,0.40526,0
101594,2025-05-28,273,0.348198,0
101594,2025-05-28,365,0.328963,0
101594,2025-05-28,547,0.295729,0
101594,2025-05-28,730,0.272963,0
101594,2025-05-28,1825,0.299757,0
101594,2025-05-29,10,0.286174,0
101594,2025-05-29,14,0.25159,0
101594,2025-05-29,30,0.333233,0
101594,2025-05-29,60,0.591161,0
101594,2025-05-29,91,0.512,0
101594,2025-05-29,122,0.460453,0
101594,2025-05-29,152,0.434393,0
101594,2025-05-29,182,0.403599,0
101594,2025-05-29,273,0.347754,0
101594,2025-05-29,365,0.32897,0
101594,2025-05-29,547,0.295701,0
101594,2025-05-29,730,0.272871,0
101594,2025-05-29,1825,0.299641,0
101594,2025-05-30,10,0.291799,0
101594,2025-05-30,14,0.256741,0
101594,2025-05-30,30,0.332757,0
101594,2025-05-30,60,0.589004,0
101594,2025-05-30,91,0.510329,0
101594,2025-05-30,122,0.455932,0
101594,2025-05-30,152,0.432411,0
101594,2025-05-30,182,0.403348,0
101594,2025-05-30,273,0.347793,0
101594,2025-05-30,365,0.328959,0
101594,2025-05-30,547,0.295713,0
101594,2025-05-30,730,0.272887,0
101594,2025-05-30,1825,0.299526,0
101594,2025-06-02,10,0.170026,0
101594,2025-06-02,14,0.258566,0
101594,2025-06-02,30,0.314802,0
101594,2025-06-02,60,0.552563,0
101594,2025-06-02,91,0.509839,0
101594,2025-06-02,122,0.461266,0
101594,2025-06-02,152,0.434219,0
101594,2025-06-02,182,0.403127,0
101594,2025-06-02,273,0.346903,0
101594,2025-06-02,365,0.328949,0
101594,2025-06-02,547,0.295682,0
101594,2025-06-02,730,0.27293,0
101594,2025-06-02,1825,0.299712,0
101594,2025-06-03,10,0.1523,0
101594,2025-06-03,14,0.262972,0
101594,2025-06-03,30,0.30827,0
101594,2025-06-03,60,0.517442,0
101594,2025-06-03,91,0.510094,0
101594,2025-06-03,122,0.458781,0
101594,2025-06-03,152,0.43275,0
101594,2025-06-03,182,0.402832,0
101594,2025-06-03,273,0.345611,0
101594,2025-06-03,365,0.328912,0
101594,2025-06-03,547,0.29564,0
101594,2025-06-03,730,0.272709,0
101594,2025-06-03,1825,0.299699,0
101594,2025-06-04,10,0.14895,0
101594,2025-06-04,14,0.230635,0
101594,2025-06-04,30,0.286369,0
101594,2025-06-04,60,0.511036,0
101594,2025-06-04,91,0.510084,0
101594,2025-06-04,122,0.456043,0
101594,2025-06-04,152,0.432751,0
101594,2025-06-04,182,0.402812,0
101594,2025-06-04,273,0.345485,0
101594,2025-06-04,365,0.328917,0
101594,2025-06-04,547,0.295158,0
101594,2025-06-04,730,0.272657,0
101594,2025-06-04,1825,0.299451,0
101594,2025-06-05,10,0.165412,0
101594,2025-06-05,14,0.237681,0
101594,2025-06-05,30,0.289174,0
101594,2025-06-05,60,0.505722,0
101594,2025-06-05,91,0.510365,0
101594,2025-06-05,122,0.452767,0
101594,2025-06-05,152,0.430878,0
101594,2025-06-05,182,0.40303,0
101594,2025-06-05,273,0.345589,0
101594,2025-06-05,365,0.329014,0
101594,2025-06-05,547,0.295257,0
101594,2025-06-05,730,0.272766,0
101594,2025-06-05,1825,0.299377,0
101594,2025-06-06,10,0.127269,0
101594,2025-06-06,14,0.169075,0
101594,2025-06-06,30,0.290599,0
101594,2025-06-06,60,0.497333,0
101594,2025-06-06,91,0.510438,0
101594,2025-06-06,122,0.452166,0
101594,2025-06-06,152,0.429718,0
101594,2025-06-06,182,0.403834,0
101594,2025-06-06,273,0.346053,0
101594,2025-06-06,365,0.329331,0
101594,2025-06-06,547,0.295441,0
101594,2025-06-06,730,0.272943,0
101594,2025-06-06,1825,0.299339,0
101594,2025-06-09,10,0.175673,0
101594,2025-06-09,14,0.180818,0
101594,2025-06-09,30,0.301319,0
101594,2025-06-09,60,0.31963,0
101594,2025-06-09,91,0.501783,0
101594,2025-06-09,122,0.456214,0
101594,2025-06-09,152,0.433709,0
101594,2025-06-09,182,0.403343,0
101594,2025-06-09,273,0.346321,0
101594,2025-06-09,365,0.329338,0
101594,2025-06-09,547,0.295554,0
101594,2025-06-09,730,0.273146,0
101594,2025-06-09,1825,0.29911,0
101594,2025-06-10,10,0.163776,0
101594,2025-06-10,14,0.13616,0
101594,2025-06-10,30,0.294251,0
101594,2025-06-10,60,0.304321,0
101594,2025-06-10,91,0.498838,0
101594,2025-06-10,122,0.453642,0
101594,2025-06-10,152,0.431771,0
101594,2025-06-10,182,0.403409,0
101594,2025-06-10,273,0.346384,0
101594,2025-06-10,365,0.328807,0
101594,2025-06-10,547,0.295397,0
101594,2025-06-10,730,0.272903,0
101594,2025-06-10,1825,0.298281,0
101594,2025-06-11,10,0.190913,0
101594,2025-06-11,14,0.171038,0
101594,2025-06-11,30,0.20595,0
101594,2025-06-11,60,0.304546,0
101594,2025-06-11,91,0.499082,0
101594,2025-06-11,122,0.452001,0
101594,2025-06-11,152,0.431196,0
101594,2025-06-11,182,0.404179,0
101594,2025-06-11,273,0.346798,0
101594,2025-06-11,365,0.321749,0
101594,2025-06-11,547,0.295762,0
101594,2025-06-11,730,0.273042,0
101594,2025-06-11,1825,0.298396,0
101594,2025-06-12,10,0.189074,0
101594,2025-06-12,14,0.171388,0
101594,2025-06-12,30,0.201458,0
101594,2025-06-12,60,0.300849,0
101594,2025-06-12,91,0.494631,0
101594,2025-06-12,122,0.452021,0
101594,2025-06-12,152,0.429158,0
101594,2025-06-12,182,0.404066,0
101594,2025-06-12,273,0.34681,0
101594,2025-06-12,365,0.320488,0
101594,2025-06-12,547,0.295456,0
101594,2025-06-12,730,0.273038,0
101594,2025-06-12,1825,0.298278,0
101594,2025-06-13,10,0.189739,0
101594,2025-06-13,14,0.181345,0
101594,2025-06-13,30,0.204841,0
101594,2025-06-13,60,0.29775,0
101594,2025-06-13,91,0.493818,0
101594,2025-06-13,122,0.450696,0
101594,2025-06-13,152,0.427528,0
101594,2025-06-13,182,0.404423,0
101594,2025-06-13,273,0.347154,0
101594,2025-06-13,365,0.320728,0
101594,2025-06-13,547,0.295677,0
101594,2025-06-13,730,0.27321,0
101594,2025-06-13,1825,0.298231,0
101594,2025-06-16,10,0.192237,0
101594,2025-06-16,14,0.189197,0
101594,2025-06-16,30,0.215542,0
101594,2025-06-16,60,0.287248,0
101594,2025-06-16,91,0.494281,0
101594,2025-06-16,122,0.452923,0
101594,2025-06-16,152,0.430531,0
101594,2025-06-16,182,0.404314,0
101594,2025-06-16,273,0.345879,0
101594,2025-06-16,365,0.320796,0
101594,2025-06-16,547,0.295782,0
101594,2025-06-16,730,0.273428,0
101594,2025-06-16,1825,0.298233,0
101594,2025-06-17,10,0.184611,0
101594,2025-06-17,14,0.190632,0
101594,2025-06-17,30,0.213496,0
101594,2025-06-17,60,0.285848,0
101594,2025-06-17,91,0.494863,0
101594,2025-06-17,122,0.450634,0
101594,2025-06-17,152,0.426491,0
101594,2025-06-17,182,0.404342,0
101594,2025-06-17,273,0.346228,0
101594,2025-06-17,365,0.320477,0
101594,2025-06-17,547,0.295926,0
101594,2025-06-17,730,0.273342,0
101594,2025-06-17,1825,0.298306,0
101594,2025-06-18,10,0.181187,0
101594,2025-06-18,14,0.195475,0
101594,2025-06-18,30,0.213256,0
101594,2025-06-18,60,0.282599,0
101594,2025-06-18,91,0.494294,0
101594,2025-06-18,122,0.448127,0
101594,2025-06-18,152,0.426372,0
101594,2025-06-18,182,0.403469,0
101594,2025-06-18,273,0.345622,0
101594,2025-06-18,365,0.320339,0
101594,2025-06-18,547,0.29592,0
101594,2025-06-18,730,0.273089,0
101594,2025-06-18,1825,0.298298,0
101594,2025-06-20,10,0.24071,0
101594,2025-06-20,14,0.221049,0
101594,2025-06-20,30,0.219884,0
101594,2025-06-20,60,0.283368,0
101594,2025-06-20,91,0.498804,0
101594,2025-06-20,122,0.450146,0
101594,2025-06-20,152,0.425906,0
101594,2025-06-20,182,0.405342,0
101594,2025-06-20,273,0.344873,0
101594,2025-06-20,365,0.320406,0
101594,2025-06-20,547,0.296744,0
101594,2025-06-20,730,0.273779,0
101594,2025-06-20,1825,0.298336,0
101594,2025-06-23,10,0.209002,0
101594,2025-06-23,14,0.212383,0
101594,2025-06-23,30,0.192425,0
101594,2025-06-23,60,0.267221,0
101594,2025-06-23,91,0.49821,0
101594,2025-06-23,122,0.455491,0
101594,2025-06-23,152,0.425074,0
101594,2025-06-23,182,0.405329,0
101594,2025-06-23,273,0.344796,0
101594,2025-06-23,365,0.320246,0
101594,2025-06-23,547,0.296714,0
101594,2025-06-23,730,0.273812,0
101594,2025-06-23,1825,0.298105,0
101594,2025-06-24,10,0.200183,0
101594,2025-06-24,14,0.211183,0
101594,2025-06-24,30,0.189239,0
101594,2025-06-24,60,0.267189,0
101594,2025-06-24,91,0.497331,0
101594,2025-06-24,122,0.452782,0
101594,2025-06-24,152,0.425145,0
101594,2025-06-24,182,0.404908,0
101594,2025-06-24,273,0.344811,0
101594,2025-06-24,365,0.320284,0
101594,2025-06-24,547,0.296358,0
101594,2025-06-24,730,0.273573,0
101594,2025-06-24,1825,0.298067,0
101594,2025-06-25,10,0.183647,0
101594,2025-06-25,14,0.183887,0
101594,2025-06-25,30,0.185259,0
101594,2025-06-25,60,0.264454,0
101594,2025-06-25,91,0.497301,0
101594,2025-06-25,122,0.450327,0
101594,2025-06-25,152,0.425271,0
101594,2025-06-25,182,0.403421,0
101594,2025-06-25,273,0.344877,0
101594,2025-06-25,365,0.320315,0
101594,2025-06-25,547,0.296391,0
101594,2025-06-25,730,0.273552,0
101594,2025-06-25,1825,0.297735,0
101594,2025-06-26,10,0.181176,0
101594,2025-06-26,14,0.18523,0
101594,2025-06-26,30,0.164764,0
101594,2025-06-26,60,0.26125,0
101594,2025-06-26,91,0.496706,0
101594,2025-06-26,122,0.450078,0
101594,2025-06-26,152,0.423232,0
101594,2025-06-26,182,0.403354,0
101594,2025-06-26,273,0.344822,0
101594,2025-06-26,365,0.319696,0
101594,2025-06-26,547,0.2964,0
101594,2025-06-26,730,0.273359,0
101594,2025-06-26,1825,0.29762,0
101594,2025-06-27,10,0.144769,0
101594,2025-06-27,14,0.163131,0
101594,2025-06-27,30,0.164737,0
101594,2025-06-27,60,0.260969,0
101594,2025-06-27,91,0.494021,0
101594,2025-06-27,122,0.450089,0
101594,2025-06-27,152,0.421216,0
101594,2025-06-27,182,0.403039,0
101594,2025-06-27,273,0.344818,0
101594,2025-06-27,365,0.319668,0
101594,2025-06-27,547,0.296395,0
101594,2025-06-27,730,0.273324,0
101594,2025-06-27,1825,0.297502,0
101594,2025-06-30,10,0.146228,0
101594,2025-06-30,14,0.185013,0
101594,2025-06-30,30,0.182511,0
101594,2025-06-30,60,0.271602,0
101594,2025-06-30,91,0.494181,0
101594,2025-06-30,122,0.453185,0
101594,2025-06-30,152,0.419466,0
101594,2025-06-30,182,0.403928,0
101594,2025-06-30,273,0.344602,0
101594,2025-06-30,365,0.319903,0
101594,2025-06-30,547,0.296814,0
101594,2025-06-30,730,0.273488,0
101594,2025-06-30,1825,0.29768,0
101594,2025-07-01,10,0.14494,0
101594,2025-07-01,14,0.155874,0
101594,2025-07-01,30,0.182502,0
101594,2025-07-01,60,0.256252,0
101594,2025-07-01,91,0.494855,0
101594,2025-07-01,122,0.451176,0
101594,2025-07-01,152,0.419946,0
101594,2025-07-01,182,0.404381,0
101594,2025-07-01,273,0.343288,0
101594,2025-07-01,365,0.318854,0
101594,2025-07-01,547,0.296599,0
101594,2025-07-01,730,0.273363,0
101594,2025-07-01,1825,0.29773,0
101594,2025-07-02,10,0.165371,0
101594,2025-07-02,14,0.174635,0
101594,2025-07-02,30,0.195594,0
101594,2025-07-02,60,0.258662,0
101594,2025-07-02,91,0.496981,0
101594,2025-07-02,122,0.450347,0
101594,2025-07-02,152,0.421409,0
101594,2025-07-02,182,0.404123,0
101594,2025-07-02,273,0.344263,0
101594,2025-07-02,365,0.319212,0
101594,2025-07-02,547,0.295598,0
101594,2025-07-02,730,0.273742,0
101594,2025-07-02,1825,0.297764,0
101594,2025-07-03,10,0.163435,0
101594,2025-07-03,14,0.165535,0
101594,2025-07-03,30,0.194926,0
101594,2025-07-03,60,0.255711,0
101594,2025-07-03,91,0.456316,0
101594,2025-07-03,122,0.449792,0
101594,2025-07-03,152,0.419488,0
101594,2025-07-03,182,0.402587,0
101594,2025-07-03,273,0.344282,0
101594,2025-07-03,365,0.319202,0
101594,2025-07-03,547,0.295553,0
101594,2025-07-03,730,0.273492,0
101594,2025-07-03,1825,0.297652,0
101594,2025-07-07,10,0.250639,0
101594,2025-07-07,14,0.199635,0
101594,2025-07-07,30,0.204546,0
101594,2025-07-07,60,0.253239,0
101594,2025-07-07,91,0.426212,0
101594,2025-07-07,122,0.457678,0
101594,2025-07-07,152,0.419664,0
101594,2025-07-07,182,0.404716,0
101594,2025-07-07,273,0.34471,0
101594,2025-07-07,365,0.318909,0
101594,2025-07-07,547,0.296074,0
101594,2025-07-07,730,0.274239,0
101594,2025-07-07,1825,0.297598,0
101594,2025-07-08,10,0.230614,0
101594,2025-07-08,14,0.191822,0
101594,2025-07-08,30,0.199139,0
101594,2025-07-08,60,0.253079,0
101594,2025-07-08,91,0.411663,0
101594,2025-07-08,122,0.45489,0
101594,2025-07-08,152,0.419616,0
101594,2025-07-08,182,0.404453,0
101594,2025-07-08,273,0.344026,0
101594,2025-07-08,365,0.318836,0
101594,2025-07-08,547,0.295442,0
101594,2025-07-08,730,0.273964,0
101594,2025-07-08,1825,0.297596,0
101594,2025-07-09,10,0.210821,0
101594,2025-07-09,14,0.191732,0
101594,2025-07-09,30,0.192819,0
101594,2025-07-09,60,0.250004,0
101594,2025-07-09,91,0.294303,0
101594,2025-07-09,122,0.4523,0
101594,2025-07-09,152,0.418114,0
101594,2025-07-09,182,0.404535,0
101594,2025-07-09,273,0.343519,0
101594,2025-07-09,365,0.318861,0
101594,2025-07-09,547,0.295463,0
101594,2025-07-09,730,0.273874,0
101594,2025-07-09,1825,0.297602,0
101594,2025-07-10,10,0.189763,0
101594,2025-07-10,14,0.185814,0
101594,2025-07-10,30,0.192809,0
101594,2025-07-10,60,0.247103,0
101594,2025-07-10,91,0.279823,0
101594,2025-07-10,122,0.444488,0
101594,2025-07-10,152,0.41621,0
101594,2025-07-10,182,0.403015,0
101594,2025-07-10,273,0.343595,0
101594,2025-07-10,365,0.318354,0
101594,2025-07-10,547,0.295467,0
101594,2025-07-10,730,0.273896,0
101594,2025-07-10,1825,0.297493,0
101594,2025-07-11,10,0.190386,0
101594,2025-07-11,14,0.194718,0
101594,2025-07-11,30,0.178034,0
101594,2025-07-11,60,0.196074,0
101594,2025-07-11,91,0.268977,0
101594,2025-07-11,122,0.441708,0
101594,2025-07-11,152,0.414285,0
101594,2025-07-11,182,0.401681,0
101594,2025-07-11,273,0.34358,0
101594,2025-07-11,365,0.317548,0
101594,2025-07-11,547,0.295498,0
101594,2025-07-11,730,0.273861,0
101594,2025-07-11,1825,0.297389,0
101594,2025-07-14,10,0.149636,0
101594,2025-07-14,14,0.192761,0
101594,2025-07-14,30,0.180645,0
101594,2025-07-14,60,0.201409,0
101594,2025-07-14,91,0.266812,0
101594,2025-07-14,122,0.441375,0
101594,2025-07-14,152,0.416099,0
101594,2025-07-14,182,0.40177,0
101594,2025-07-14,273,0.343287,0
101594,2025-07-14,365,0.317487,0
101594,2025-07-14,547,0.295672,0
101594,2025-07-14,730,0.274261,0
101594,2025-07-14,1825,0.297574,0
101594,2025-07-15,10,0.141634,0
101594,2025-07-15,14,0.181608,0
101594,2025-07-15,30,0.175851,0
101594,2025-07-15,60,0.201519,0
101594,2025-07-15,91,0.266792,0
101594,2025-07-15,122,0.438699,0
101594,2025-07-15,152,0.414854,0
101594,2025-07-15,182,0.401758,0
101594,2025-07-15,273,0.343039,0
101594,2025-07-15,365,0.317038,0
101594,2025-07-15,547,0.295281,0
101594,2025-07-15,730,0.273991,0
101594,2025-07-15,1825,0.297518,0
101594,2025-07-16,10,0.138621,0
101594,2025-07-16,14,0.135167,0
101594,2025-07-16,30,0.174158,0
101594,2025-07-16,60,0.199358,0
101594,2025-07-16,91,0.253586,0
101594,2025-07-16,122,0.436143,0
101594,2025-07-16,152,0.414389,0
101594,2025-07-16,182,0.400785,0
101594,2025-07-16,273,0.342961,0
101594,2025-07-16,365,0.317077,0
101594,2025-07-16,547,0.295121,0
101594,2025-07-16,730,0.273748,0
101594,2025-07-16,1825,0.297522,0
101594,2025-07-17,10,0.099887,0
101594,2025-07-17,14,0.12986,0
101594,2025-07-17,30,0.162947,0
101594,2025-07-17,60,0.196855,0
101594,2025-07-17,91,0.252283,0
101594,2025-07-17,122,0.43612,0
101594,2025-07-17,152,0.412374,0
101594,2025-07-17,182,0.396587,0
101594,2025-07-17,273,0.342952,0
101594,2025-07-17,365,0.316058,0
101594,2025-07-17,547,0.295086,0
101594,2025-07-17,730,0.273746,0
101594,2025-07-17,1825,0.297404,0
101594,2025-07-18,10,0.104539,0
101594,2025-07-18,14,0.127886,0
101594,2025-07-18,30,0.163039,0
101594,2025-07-18,60,0.195063,0
101594,2025-07-18,91,0.250366,0
101594,2025-07-18,122,0.436106,0
101594,2025-07-18,152,0.410529,0
101594,2025-07-18,182,0.396513,0
101594,2025-07-18,273,0.342701,0
101594,2025-07-18,365,0.31544,0
101594,2025-07-18,547,0.293968,0
101594,2025-07-18,730,0.273729,0
101594,2025-07-18,1825,0.297294,0
101594,2025-07-21,10,0.109756,0
101594,2025-07-21,14,0.096244,0
101594,2025-07-21,30,0.147924,0
101594,2025-07-21,60,0.1886,0
101594,2025-07-21,91,0.246916,0
101594,2025-07-21,122,0.439649,0
101594,2025-07-21,152,0.412655,0
101594,2025-07-21,182,0.395029,0
101594,2025-07-21,273,0.342697,0
101594,2025-07-21,365,0.315504,0
101594,2025-07-21,547,0.293745,0
101594,2025-07-21,730,0.273899,0
101594,2025-07-21,1825,0.29733,0
101594,2025-07-22,10,0.110986,0
101594,2025-07-22,14,0.103585,0
101594,2025-07-22,30,0.145779,0
101594,2025-07-22,60,0.169876,0
101594,2025-07-22,91,0.238625,0
101594,2025-07-22,122,0.43726,0
101594,2025-07-22,152,0.412889,0
101594,2025-07-22,182,0.392619,0
101594,2025-07-22,273,0.34287,0
101594,2025-07-22,365,0.315636,0
101594,2025-07-22,547,0.293672,0
101594,2025-07-22,730,0.273696,0
101594,2025-07-22,1825,0.296597,0
101594,2025-07-23,10,0.104451,0
101594,2025-07-23,14,0.102951,0
101594,2025-07-23,30,0.146512,0
101594,2025-07-23,60,0.167922,0
101594,2025-07-23,91,0.234007,0
101594,2025-07-23,122,0.434622,0
101594,2025-07-23,152,0.412889,0
101594,2025-07-23,182,0.392539,0
101594,2025-07-23,273,0.341953,0
101594,2025-07-23,365,0.3156,0
101594,2025-07-23,547,0.293628,0
101594,2025-07-23,730,0.273683,0
101594,2025-07-23,1825,0.296595,0
101594,2025-07-24,10,0.063097,0
101594,2025-07-24,14,0.100666,0
101594,2025-07-24,30,0.144029,0
101594,2025-07-24,60,0.166125,0
101594,2025-07-24,91,0.231289,0
101594,2025-07-24,122,0.434168,0
101594,2025-07-24,152,0.4109,0
101594,2025-07-24,182,0.392544,0
101594,2025-07-24,273,0.341957,0
101594,2025-07-24,365,0.314248,0
101594,2025-07-24,547,0.293617,0
101594,2025-07-24,730,0.27367,0
101594,2025-07-24,1825,0.296479,0
101594,2025-07-25,10,0.064584,0
101594,2025-07-25,14,0.093919,0
101594,2025-07-25,30,0.143802,0
101594,2025-07-25,60,0.164137,0
101594,2025-07-25,91,0.231149,0
101594,2025-07-25,122,0.433482,0
101594,2025-07-25,152,0.408949,0
101594,2025-07-25,182,0.392512,0
101594,2025-07-25,273,0.341926,0
101594,2025-07-25,365,0.314212,0
101594,2025-07-25,547,0.293613,0
101594,2025-07-25,730,0.273653,0
101594,2025-07-25,1825,0.296361,0
101594,2025-07-28,10,0.068773,0
101594,2025-07-28,14,0.05786,0
101594,2025-07-28,30,0.145955,0
101594,2025-07-28,60,0.157402,0
101594,2025-07-28,91,0.231025,0
101594,2025-07-28,122,0.435551,0
101594,2025-07-28,152,0.410701,0
101594,2025-07-28,182,0.389903,0
101594,2025-07-28,273,0.341767,0
101594,2025-07-28,365,0.314206,0
101594,2025-07-28,547,0.293513,0
101594,2025-07-28,730,0.273724,0
101594,2025-07-28,1825,0.296207,0
101594,2025-07-29,10,0.111326,0
101594,2025-07-29,14,0.09763,0
101594,2025-07-29,30,0.152926,0
101594,2025-07-29,60,0.161512,0
101594,2025-07-29,91,0.232374,0
101594,2025-07-29,122,0.433467,0
101594,2025-07-29,152,0.41072,0
101594,2025-07-29,182,0.386788,0
101594,2025-07-29,273,0.342079,0
101594,2025-07-29,365,0.314474,0
101594,2025-07-29,547,0.293701,0
101594,2025-07-29,730,0.273612,0
101594,2025-07-29,1825,0.296227,0
101594,2025-07-30,10,0.119074,0
101594,2025-07-30,14,0.110322,0
101594,2025-07-30,30,0.144704,0
101594,2025-07-30,60,0.162154,0
101594,2025-07-30,91,0.233003,0
101594,2025-07-30,122,0.431211,0
101594,2025-07-30,152,0.409762,0
101594,2025-07-30,182,0.386946,0
101594,2025-07-30,273,0.341838,0
101594,2025-07-30,365,0.314637,0
101594,2025-07-30,547,0.293389,0
101594,2025-07-30,730,0.273709,0
101594,2025-07-30,1825,0.292927,0
101594,2025-07-31,10,0.11244,0
101594,2025-07-31,14,0.115173,0
101594,2025-07-31,30,0.140391,0
101594,2025-07-31,60,0.161383,0
101594,2025-07-31,91,0.233254,0
101594,2025-07-31,122,0.429967,0
101594,2025-07-31,152,0.407883,0
101594,2025-07-31,182,0.386935,0
101594,2025-07-31,273,0.341283,0
101594,2025-07-31,365,0.314348,0
101594,2025-07-31,547,0.292999,0
101594,2025-07-31,730,0.273739,0
101594,2025-07-31,1825,0.29283,0
101594,2025-08-01,10,0.14245,0
101594,2025-08-01,14,0.160254,0
101594,2025-08-01,30,0.142429,0
101594,2025-08-01,60,0.173299,0
101594,2025-08-01,91,0.226053,0
101594,2025-08-01,122,0.43194,0
101594,2025-08-01,152,0.407602,0
101594,2025-08-01,182,0.388387,0
101594,2025-08-01,273,0.342187,0
101594,2025-08-01,365,0.314913,0
101594,2025-08-01,547,0.293559,0
101594,2025-08-01,730,0.274108,0
101594,2025-08-01,1825,0.292943,0
101594,2025-08-04,10,0.169912,0
101594,2025-08-04,14,0.15792,0
101594,2025-08-04,30,0.14215,0
101594,2025-08-04,60,0.174674,0
101594,2025-08-04,91,0.216677,0
101594,2025-08-04,122,0.379786,0
101594,2025-08-04,152,0.410887,0
101594,2025-08-04,182,0.385549,0
101594,2025-08-04,273,0.342217,0
101594,2025-08-04,365,0.314872,0
101594,2025-08-04,547,0.293546,0
101594,2025-08-04,730,0.272095,0
101594,2025-08-04,1825,0.292963,0
101594,2025-08-05,10,0.159644,0
101594,2025-08-05,14,0.140426,0
101594,2025-08-05,30,0.138727,0
101594,2025-08-05,60,0.16987,0
101594,2025-08-05,91,0.216686,0
101594,2025-08-05,122,0.3775,0
101594,2025-08-05,152,0.410888,0
101594,2025-08-05,182,0.3843,0
101594,2025-08-05,273,0.342126,0
101594,2025-08-05,365,0.310969,0
101594,2025-08-05,547,0.293447,0
101594,2025-08-05,730,0.271828,0
101594,2025-08-05,1825,0.292573,0
101594,2025-08-06,10,0.353261,0
101594,2025-08-06,14,0.31168,0
101594,2025-08-06,30,0.215989,0
101594,2025-08-06,60,0.208238,0
101594,2025-08-06,91,0.236978,0
101594,2025-08-06,122,0.3846,0
101594,2025-08-06,152,0.417684,0
101594,2025-08-06,182,0.390992,0
101594,2025-08-06,273,0.34708,0
101594,2025-08-06,365,0.314798,0
101594,2025-08-06,547,0.296154,0
101594,2025-08-06,730,0.273788,0
101594,2025-08-06,1825,0.293213,0
101594,2025-08-07,10,0.395802,0
101594,2025-08-07,14,0.349557,0
101594,2025-08-07,30,0.239486,0
101594,2025-08-07,60,0.218587,0
101594,2025-08-07,91,0.244375,0
101594,2025-08-07,122,0.381898,0
101594,2025-08-07,152,0.418688,0
101594,2025-08-07,182,0.393584,0
101594,2025-08-07,273,0.348136,0
101594,2025-08-07,365,0.316112,0
101594,2025-08-07,547,0.29724,0
101594,2025-08-07,730,0.274644,0
101594,2025-08-07,1825,0.29342,0
101594,2025-08-08,10,0.430744,0
101594,2025-08-08,14,0.398817,0
101594,2025-08-08,30,0.274066,0
101594,2025-08-08,60,0.236283,0
101594,2025-08-08,91,0.257099,0
101594,2025-08-08,122,0.376211,0
101594,2025-08-08,152,0.421754,0
101594,2025-08-08,182,0.396559,0
101594,2025-08-08,273,0.35151,0
101594,2025-08-08,365,0.318402,0
101594,2025-08-08,547,0.299095,0
101594,2025-08-08,730,0.276101,0
101594,2025-08-08,1825,0.293875,0
101594,2025-08-11,10,0.388328,0
101594,2025-08-11,14,0.405391,0
101594,2025-08-11,30,0.281899,0
101594,2025-08-11,60,0.237071,0
101594,2025-08-11,91,0.227958,0
101594,2025-08-11,122,0.271128,0
101594,2025-08-11,152,0.415373,0
101594,2025-08-11,182,0.396737,0
101594,2025-08-11,273,0.35136,0
101594,2025-08-11,365,0.318236,0
101594,2025-08-11,547,0.29917,0
101594,2025-08-11,730,0.276447,0
101594,2025-08-11,1825,0.293394,0
101594,2025-08-12,10,0.358267,0
101594,2025-08-12,14,0.391302,0
101594,2025-08-12,30,0.276205,0
101594,2025-08-12,60,0.233564,0
101594,2025-08-12,91,0.228077,0
101594,2025-08-12,122,0.269938,0
101594,2025-08-12,152,0.412074,0
101594,2025-08-12,182,0.395838,0
101594,2025-08-12,273,0.351583,0
101594,2025-08-12,365,0.318339,0
101594,2025-08-12,547,0.299185,0
101594,2025-08-12,730,0.276267,0
101594,2025-08-12,1825,0.293332,0
101594,2025-08-13,10,0.331947,0
101594,2025-08-13,14,0.377595,0
101594,2025-08-13,30,0.273017,0
101594,2025-08-13,60,0.232526,0
101594,2025-08-13,91,0.229817,0
101594,2025-08-13,122,0.269415,0
101594,2025-08-13,152,0.411873,0
101594,2025-08-13,182,0.395644,0
101594,2025-08-13,273,0.352036,0
101594,2025-08-13,365,0.31828,0
101594,2025-08-13,547,0.299288,0
101594,2025-08-13,730,0.276411,0
101594,2025-08-13,1825,0.293411,0
101594,2025-08-14,10,0.344321,0
101594,2025-08-14,14,0.371897,0
101594,2025-08-14,30,0.274057,0
101594,2025-08-14,60,0.230238,0
101594,2025-08-14,91,0.229662,0
101594,2025-08-14,122,0.267254,0
101594,2025-08-14,152,0.409918,0
101594,2025-08-14,182,0.394662,0
101594,2025-08-14,273,0.351693,0
101594,2025-08-14,365,0.318285,0
101594,2025-08-14,547,0.299265,0
101594,2025-08-14,730,0.276292,0
101594,2025-08-14,1825,0.293297,0
101594,2025-08-15,10,0.350701,0
101594,2025-08-15,14,0.326886,0
101594,2025-08-15,30,0.276159,0
101594,2025-08-15,60,0.230826,0
101594,2025-08-15,91,0.230007,0
101594,2025-08-15,122,0.267445,0
101594,2025-08-15,152,0.408066,0
101594,2025-08-15,182,0.394286,0
101594,2025-08-15,273,0.351345,0
101594,2025-08-15,365,0.31805,0
101594,2025-08-15,547,0.299297,0
101594,2025-08-15,730,0.276293,0
101594,2025-08-15,1825,0.293192,0
101594,2025-08-18,10,0.15397,0
101594,2025-08-18,14,0.335031,0
101594,2025-08-18,30,0.283605,0
101594,2025-08-18,60,0.229947,0
101594,2025-08-18,91,0.228585,0
101594,2025-08-18,122,0.25832,0
101594,2025-08-18,152,0.411531,0
101594,2025-08-18,182,0.392723,0
101594,2025-08-18,273,0.351025,0
101594,2025-08-18,365,0.318013,0
101594,2025-08-18,547,0.299219,0
101594,2025-08-18,730,0.276365,0
101594,2025-08-18,1825,0.293406,0
101594,2025-08-19,10,0.14151,0
101594,2025-08-19,14,0.334191,0
101594,2025-08-19,30,0.27745,0
101594,2025-08-19,60,0.225535,0
101594,2025-08-19,91,0.227589,0
101594,2025-08-19,122,0.256826,0
101594,2025-08-19,152,0.411437,0
101594,2025-08-19,182,0.392726,0
101594,2025-08-19,273,0.351027,0
101594,2025-08-19,365,0.318016,0
101594,2025-08-19,547,0.298824,0
101594,2025-08-19,730,0.276092,0
101594,2025-08-19,1825,0.29325,0
101594,2025-08-20,10,0.175654,0
101594,2025-08-20,14,0.300706,0
101594,2025-08-20,30,0.288881,0
101594,2025-08-20,60,0.229967,0
101594,2025-08-20,91,0.22614,0
101594,2025-08-20,122,0.258046,0
101594,2025-08-20,152,0.411639,0
101594,2025-08-20,182,0.393679,0
101594,2025-08-20,273,0.351783,0
101594,2025-08-20,365,0.318639,0
101594,2025-08-20,547,0.299274,0
101594,2025-08-20,730,0.276428,0
101594,2025-08-20,1825,0.292545,0
101594,2025-08-21,10,0.171973,0
101594,2025-08-21,14,0.268365,0
101594,2025-08-21,30,0.289174,0
101594,2025-08-21,60,0.227984,0
101594,2025-08-21,91,0.226285,0
101594,2025-08-21,122,0.255651,0
101594,2025-08-21,152,0.409737,0
101594,2025-08-21,182,0.393672,0
101594,2025-08-21,273,0.351821,0
101594,2025-08-21,365,0.318677,0
101594,2025-08-21,547,0.299293,0
101594,2025-08-21,730,0.276406,0
101594,2025-08-21,1825,0.292439,0
101594,2025-08-22,10,0.176816,0
101594,2025-08-22,14,0.172317,0
101594,2025-08-22,30,0.290998,0
101594,2025-08-22,60,0.229264,0
101594,2025-08-22,91,0.21725,0
101594,2025-08-22,122,0.250365,0
101594,2025-08-22,152,0.408224,0
101594,2025-08-22,182,0.394122,0
101594,2025-08-22,273,0.352066,0
101594,2025-08-22,365,0.318819,0
101594,2025-08-22,547,0.29933,0
101594,2025-08-22,730,0.276129,0
101594,2025-08-22,1825,0.292373,0
101594,2025-08-25,10,0.164544,0
101594,2025-08-25,14,0.167405,0
101594,2025-08-25,30,0.298247,0
101594,2025-08-25,60,0.233686,0
101594,2025-08-25,91,0.215736,0
101594,2025-08-25,122,0.248508,0
101594,2025-08-25,152,0.411006,0
101594,2025-08-25,182,0.394011,0
101594,2025-08-25,273,0.351747,0
101594,2025-08-25,365,0.318666,0
101594,2025-08-25,547,0.299214,0
101594,2025-08-25,730,0.275614,0
101594,2025-08-25,1825,0.29248,0
101594,2025-08-26,10,0.168265,0
101594,2025-08-26,14,0.165011,0
101594,2025-08-26,30,0.291888,0
101594,2025-08-26,60,0.23412,0
101594,2025-08-26,91,0.21132,0
101594,2025-08-26,122,0.247435,0
101594,2025-08-26,152,0.410949,0
101594,2025-08-26,182,0.394268,0
101594,2025-08-26,273,0.35175,0
101594,2025-08-26,365,0.318802,0
101594,2025-08-26,547,0.299227,0
101594,2025-08-26,730,0.275411,0
101594,2025-08-26,1825,0.292454,0
101594,2025-08-27,10,0.160057,0
101594,2025-08-27,14,0.143095,0
101594,2025-08-27,30,0.291825,0
101594,2025-08-27,60,0.231294,0
101594,2025-08-27,91,0.21139,0
101594,2025-08-27,122,0.246055,0
101594,2025-08-27,152,0.408783,0
101594,2025-08-27,182,0.392483,0
101594,2025-08-27,273,0.351803,0
101594,2025-08-27,365,0.318822,0
101594,2025-08-27,547,0.299188,0
101594,2025-08-27,730,0.275368,0
101594,2025-08-27,1825,0.29246,0
101594,2025-08-28,10,0.167435,0
101594,2025-08-28,14,0.151578,0
101594,2025-08-28,30,0.286359,0
101594,2025-08-28,60,0.228935,0
101594,2025-08-28,91,0.2116,0
101594,2025-08-28,122,0.246369,0
101594,2025-08-28,152,0.40702,0
101594,2025-08-28,182,0.392292,0
101594,2025-08-28,273,0.351008,0
101594,2025-08-28,365,0.318871,0
101594,2025-08-28,547,0.299205,0
101594,2025-08-28,730,0.275026,0
101594,2025-08-28,1825,0.292367,0
101594,2025-08-29,10,0.167637,0
101594,2025-08-29,14,0.149394,0
101594,2025-08-29,30,0.282369,0
101594,2025-08-29,60,0.225452,0
101594,2025-08-29,91,0.211724,0
101594,2025-08-29,122,0.246331,0
101594,2025-08-29,152,0.405095,0
101594,2025-08-29,182,0.391353,0
101594,2025-08-29,273,0.35081,0
101594,2025-08-29,365,0.318549,0
101594,2025-08-29,547,0.29919,0
101594,2025-08-29,730,0.274716,0
101594,2025-08-29,1825,0.292253,0
