date,days,rate
2020-08-31,7,0.109752
2020-08-31,17,0.130237
2020-08-31,52,0.199518
2020-08-31,80,0.214845
2020-08-31,108,0.228795
2020-08-31,144,0.245093
2020-08-31,172,0.248103
2020-08-31,199,0.248141
2020-08-31,290,0.23548
2020-08-31,381,0.225237
2020-08-31,472,0.21992
2020-08-31,563,0.220417
2020-08-31,654,0.21866
2020-08-31,752,0.218564
2020-08-31,843,0.220136
2020-08-31,927,0.224527
2020-08-31,1025,0.229708
2020-08-31,1116,0.236183
2020-08-31,1207,0.244737
2020-08-31,1298,0.255997
2020-08-31,1389,0.267773
2020-08-31,1480,0.281214
2020-08-31,1571,0.296324
2020-08-31,1662,0.313382
2020-08-31,1753,0.331559
2020-08-31,1844,0.35094
2020-08-31,1935,0.371591
2020-08-31,2026,0.393568
2020-08-31,2117,0.415829
2020-08-31,2208,0.438549
2020-08-31,2299,0.461672
2020-08-31,2390,0.48496
2020-08-31,2481,0.508022
2020-08-31,2572,0.530884
2020-08-31,2663,0.553564
2020-08-31,2754,0.575748
2020-08-31,2852,0.599266
2020-08-31,2943,0.620331
2020-08-31,3034,0.64089
2020-08-31,3125,0.660988
2020-08-31,3216,0.679948
2020-08-31,3307,0.698143
2020-08-31,3398,0.715633
2020-08-31,3489,0.732607
2020-08-31,3580,0.748975
2020-09-01,7,0.108232
2020-09-01,13,0.121158
2020-09-01,48,0.20468
2020-09-01,76,0.218912
2020-09-01,104,0.230939
2020-09-01,140,0.245848
2020-09-01,168,0.247959
2020-09-01,195,0.247316
2020-09-01,286,0.233128
2020-09-01,377,0.222121
2020-09-01,468,0.216379
2020-09-01,559,0.216631
2020-09-01,650,0.213975
2020-09-01,748,0.213165
2020-09-01,839,0.214231
2020-09-01,923,0.218256
2020-09-01,1021,0.222601
2020-09-01,1112,0.228023
2020-09-01,1203,0.235306
2020-09-01,1294,0.245484
2020-09-01,1385,0.256321
2020-09-01,1476,0.268319
2020-09-01,1567,0.281864
2020-09-01,1658,0.297256
2020-09-01,1749,0.313681
2020-09-01,1840,0.331234
2020-09-01,1931,0.349995
2020-09-01,2022,0.370028
2020-09-01,2113,0.390514
2020-09-01,2204,0.411397
2020-09-01,2295,0.432829
2020-09-01,2386,0.454556
2020-09-01,2477,0.476172
2020-09-01,2568,0.49769
2020-09-01,2659,0.519119
2020-09-01,2750,0.540133
2020-09-01,2848,0.562128
2020-09-01,2939,0.581867
2020-09-01,3030,0.601181
2020-09-01,3121,0.620104
2020-09-01,3212,0.637956
2020-09-01,3303,0.655102
2020-09-01,3394,0.6716
2020-09-01,3485,0.687632
2020-09-01,3576,0.703105
2020-09-02,7,0.104561
2020-09-02,12,0.115937
2020-09-02,47,0.208898
2020-09-02,75,0.223638
2020-09-02,103,0.235875
2020-09-02,139,0.252238
2020-09-02,167,0.25499
2020-09-02,194,0.254775
2020-09-02,285,0.241392
2020-09-02,376,0.230808
2020-09-02,467,0.225336
2020-09-02,558,0.22578
2020-09-02,649,0.223258
2020-09-02,747,0.221893
2020-09-02,838,0.222563
2020-09-02,922,0.226296
2020-09-02,1020,0.230358
2020-09-02,1111,0.235565
2020-09-02,1202,0.242667
2020-09-02,1293,0.252691
2020-09-02,1384,0.263394
2020-09-02,1475,0.275277
2020-09-02,1566,0.288426
2020-09-02,1657,0.303468
2020-09-02,1748,0.319315
2020-09-02,1839,0.336349
2020-09-02,1930,0.354401
2020-09-02,2021,0.373789
2020-09-02,2112,0.393469
2020-09-02,2203,0.413612
2020-09-02,2294,0.434164
2020-09-02,2385,0.455077
2020-09-02,2476,0.475939
2020-09-02,2567,0.496757
2020-09-02,2658,0.517534
2020-09-02,2749,0.537939
2020-09-02,2847,0.55932
2020-09-02,2938,0.578528
2020-09-02,3029,0.59734
2020-09-02,3120,0.615793
2020-09-02,3211,0.633199
2020-09-02,3302,0.649924
2020-09-02,3393,0.666024
2020-09-02,3484,0.681678
2020-09-02,3575,0.696793
2020-09-03,7,0.103923
2020-09-03,11,0.113818
2020-09-03,46,0.208484
2020-09-03,74,0.221662
2020-09-03,102,0.23317
2020-09-03,138,0.249035
2020-09-03,166,0.251489
2020-09-03,193,0.250345
2020-09-03,284,0.235087
2020-09-03,375,0.223545
2020-09-03,466,0.217501
2020-09-03,557,0.217571
2020-09-03,648,0.214774
2020-09-03,746,0.213191
2020-09-03,837,0.213155
2020-09-03,921,0.216364
2020-09-03,1019,0.219924
2020-09-03,1110,0.224744
2020-09-03,1201,0.231521
2020-09-03,1292,0.240911
2020-09-03,1383,0.250731
2020-09-03,1474,0.26184
2020-09-03,1565,0.274307
2020-09-03,1656,0.288464
2020-09-03,1747,0.30352
2020-09-03,1838,0.319842
2020-09-03,1929,0.33725
2020-09-03,2020,0.355597
2020-09-03,2111,0.374107
2020-09-03,2202,0.393178
2020-09-03,2293,0.412743
2020-09-03,2384,0.432745
2020-09-03,2475,0.452764
2020-09-03,2566,0.472798
2020-09-03,2657,0.492844
2020-09-03,2748,0.512568
2020-09-03,2846,0.533264
2020-09-03,2937,0.551876
2020-09-03,3028,0.570129
2020-09-03,3119,0.588054
2020-09-03,3210,0.604962
2020-09-03,3301,0.621217
2020-09-03,3392,0.636871
2020-09-03,3483,0.652103
2020-09-03,3574,0.666817
2020-09-04,7,0.11102
2020-09-04,10,0.116937
2020-09-04,45,0.215223
2020-09-04,73,0.22794
2020-09-04,101,0.239227
2020-09-04,137,0.253616
2020-09-04,165,0.255308
2020-09-04,192,0.253621
2020-09-04,283,0.240514
2020-09-04,374,0.23132
2020-09-04,465,0.227707
2020-09-04,556,0.230253
2020-09-04,647,0.229944
2020-09-04,745,0.231029
2020-09-04,836,0.234014
2020-09-04,920,0.239947
2020-09-04,1018,0.246605
2020-09-04,1109,0.254644
2020-09-04,1200,0.264537
2020-09-04,1291,0.276961
2020-09-04,1382,0.290083
2020-09-04,1473,0.304712
2020-09-04,1564,0.320584
2020-09-04,1655,0.33805
2020-09-04,1746,0.356334
2020-09-04,1837,0.375563
2020-09-04,1928,0.395843
2020-09-04,2019,0.417259
2020-09-04,2110,0.438792
2020-09-04,2201,0.460843
2020-09-04,2292,0.483152
2020-09-04,2383,0.50588
2020-09-04,2474,0.528425
2020-09-04,2565,0.550804
2020-09-04,2656,0.573035
2020-09-04,2747,0.594798
2020-09-04,2845,0.617717
2020-09-04,2936,0.638261
2020-09-04,3027,0.658328
2020-09-04,3118,0.677962
2020-09-04,3209,0.696482
2020-09-04,3300,0.71426
2020-09-04,3391,0.731354
2020-09-04,3482,0.747951
2020-09-04,3573,0.76396
2020-09-08,7,0.110259
2020-09-08,30,0.15765
2020-09-08,41,0.175136
2020-09-08,69,0.206915
2020-09-08,97,0.226199
2020-09-08,133,0.247291
2020-09-08,161,0.251887
2020-09-08,188,0.252111
2020-09-08,279,0.239309
2020-09-08,370,0.229066
2020-09-08,461,0.223866
2020-09-08,552,0.225393
2020-09-08,643,0.223619
2020-09-08,741,0.222866
2020-09-08,832,0.223988
2020-09-08,916,0.228079
2020-09-08,1014,0.232973
2020-09-08,1105,0.239243
2020-09-08,1196,0.247258
2020-09-08,1287,0.258078
2020-09-08,1378,0.26981
2020-09-08,1469,0.282912
2020-09-08,1560,0.297143
2020-09-08,1651,0.313154
2020-09-08,1742,0.329872
2020-09-08,1833,0.347693
2020-09-08,1924,0.366701
2020-09-08,2015,0.386963
2020-09-08,2106,0.407222
2020-09-08,2197,0.427899
2020-09-08,2288,0.449143
2020-09-08,2379,0.47089
2020-09-08,2470,0.492524
2020-09-08,2561,0.514059
2020-09-08,2652,0.535503
2020-09-08,2743,0.556698
2020-09-08,2841,0.578873
2020-09-08,2932,0.598767
2020-09-08,3023,0.618225
2020-09-08,3114,0.637284
2020-09-08,3205,0.655261
2020-09-08,3296,0.672524
2020-09-08,3387,0.689131
2020-09-08,3478,0.705265
2020-09-08,3569,0.720834
2020-09-09,7,0.114061
2020-09-09,30,0.153341
2020-09-09,40,0.170749
2020-09-09,68,0.208975
2020-09-09,96,0.230816
2020-09-09,132,0.25219
2020-09-09,160,0.255958
2020-09-09,187,0.255596
2020-09-09,278,0.241607
2020-09-09,369,0.230769
2020-09-09,460,0.226224
2020-09-09,551,0.227364
2020-09-09,642,0.225308
2020-09-09,740,0.225001
2020-09-09,831,0.226446
2020-09-09,915,0.23078
2020-09-09,1013,0.235908
2020-09-09,1104,0.24236
2020-09-09,1195,0.250529
2020-09-09,1286,0.261485
2020-09-09,1377,0.273335
2020-09-09,1468,0.286541
2020-09-09,1559,0.300865
2020-09-09,1650,0.316959
2020-09-09,1741,0.334017
2020-09-09,1832,0.352145
2020-09-09,1923,0.371431
2020-09-09,2014,0.391946
2020-09-09,2105,0.412656
2020-09-09,2196,0.433745
2020-09-09,2287,0.45537
2020-09-09,2378,0.477468
2020-09-09,2469,0.499428
2020-09-09,2560,0.521265
2020-09-09,2651,0.54299
2020-09-09,2742,0.564448
2020-09-09,2840,0.586886
2020-09-09,2931,0.607009
2020-09-09,3022,0.626682
2020-09-09,3113,0.645943
2020-09-09,3204,0.66411
2020-09-09,3295,0.681552
2020-09-09,3386,0.698329
2020-09-09,3477,0.714624
2020-09-09,3568,0.730346
2020-09-10,7,0.109752
2020-09-10,30,0.153219
2020-09-10,39,0.1669
2020-09-10,67,0.207305
2020-09-10,95,0.229868
2020-09-10,131,0.251666
2020-09-10,159,0.25555
2020-09-10,186,0.253774
2020-09-10,277,0.240333
2020-09-10,368,0.228527
2020-09-10,459,0.222408
2020-09-10,550,0.222505
2020-09-10,641,0.219697
2020-09-10,739,0.218118
2020-09-10,830,0.218652
2020-09-10,914,0.222311
2020-09-10,1012,0.226792
2020-09-10,1103,0.232748
2020-09-10,1194,0.240499
2020-09-10,1285,0.250739
2020-09-10,1376,0.261968
2020-09-10,1467,0.274946
2020-09-10,1558,0.28907
2020-09-10,1649,0.304987
2020-09-10,1740,0.321886
2020-09-10,1831,0.339873
2020-09-10,1922,0.359031
2020-09-10,2013,0.379431
2020-09-10,2104,0.400035
2020-09-10,2195,0.421028
2020-09-10,2286,0.442565
2020-09-10,2377,0.464582
2020-09-10,2468,0.486466
2020-09-10,2559,0.508233
2020-09-10,2650,0.529894
2020-09-10,2741,0.551291
2020-09-10,2839,0.573667
2020-09-10,2930,0.593737
2020-09-10,3021,0.613359
2020-09-10,3112,0.632573
2020-09-10,3203,0.650694
2020-09-10,3294,0.668094
2020-09-10,3385,0.68483
2020-09-10,3476,0.701086
2020-09-10,3567,0.716771
2020-09-11,7,0.104683
2020-09-11,30,0.154487
2020-09-11,38,0.166385
2020-09-11,66,0.205471
2020-09-11,94,0.225801
2020-09-11,130,0.244683
2020-09-11,158,0.247134
2020-09-11,185,0.244357
2020-09-11,276,0.22896
2020-09-11,367,0.216174
2020-09-11,458,0.208468
2020-09-11,549,0.207516
2020-09-11,640,0.203953
2020-09-11,738,0.201771
2020-09-11,829,0.201876
2020-09-11,913,0.205218
2020-09-11,1011,0.209396
2020-09-11,1102,0.215121
2020-09-11,1193,0.222677
2020-09-11,1284,0.233111
2020-09-11,1375,0.24451
2020-09-11,1466,0.257323
2020-09-11,1557,0.271598
2020-09-11,1648,0.287651
2020-09-11,1739,0.304673
2020-09-11,1830,0.32277
2020-09-11,1921,0.342029
2020-09-11,2012,0.362522
2020-09-11,2103,0.383211
2020-09-11,2194,0.404492
2020-09-11,2285,0.426293
2020-09-11,2376,0.448555
2020-09-11,2467,0.470667
2020-09-11,2558,0.492645
2020-09-11,2649,0.514675
2020-09-11,2740,0.536418
2020-09-11,2838,0.559141
2020-09-11,2929,0.579512
2020-09-11,3020,0.599417
2020-09-11,3111,0.618897
2020-09-11,3202,0.637269
2020-09-11,3293,0.654906
2020-09-11,3384,0.671865
2020-09-11,3475,0.688333
2020-09-11,3566,0.704219
2020-09-11,3657,0.719566
2020-09-14,7,0.108363
2020-09-14,30,0.154233
2020-09-14,35,0.162098
2020-09-14,63,0.201572
2020-09-14,91,0.222212
2020-09-14,127,0.242557
2020-09-14,155,0.244524
2020-09-14,182,0.241337
2020-09-14,273,0.230156
2020-09-14,364,0.219498
2020-09-14,455,0.214117
2020-09-14,546,0.214752
2020-09-14,637,0.21231
2020-09-14,735,0.211032
2020-09-14,826,0.211792
2020-09-14,910,0.215632
2020-09-14,1008,0.219795
2020-09-14,1099,0.225513
2020-09-14,1190,0.233069
2020-09-14,1281,0.243508
2020-09-14,1372,0.254579
2020-09-14,1463,0.267107
2020-09-14,1554,0.281133
2020-09-14,1645,0.296967
2020-09-14,1736,0.31353
2020-09-14,1827,0.331216
2020-09-14,1918,0.350105
2020-09-14,2009,0.370262
2020-09-14,2100,0.390646
2020-09-14,2191,0.411647
2020-09-14,2282,0.433192
2020-09-14,2373,0.455217
2020-09-14,2464,0.47711
2020-09-14,2555,0.498884
2020-09-14,2646,0.520725
2020-09-14,2737,0.54229
2020-09-14,2835,0.564834
2020-09-14,2926,0.585049
2020-09-14,3017,0.604807
2020-09-14,3108,0.624148
2020-09-14,3199,0.642388
2020-09-14,3290,0.659899
2020-09-14,3381,0.676739
2020-09-14,3472,0.693094
2020-09-14,3563,0.708871
2020-09-14,3654,0.724114
2020-09-15,7,0.107471
2020-09-15,30,0.152581
2020-09-15,34,0.158563
2020-09-15,62,0.20027
2020-09-15,90,0.221544
2020-09-15,126,0.242242
2020-09-15,154,0.244279
2020-09-15,181,0.24111
2020-09-15,272,0.229964
2020-09-15,363,0.220595
2020-09-15,454,0.214982
2020-09-15,545,0.215474
2020-09-15,636,0.21365
2020-09-15,734,0.212868
2020-09-15,825,0.213426
2020-09-15,909,0.21712
2020-09-15,1007,0.221635
2020-09-15,1098,0.227626
2020-09-15,1189,0.235413
2020-09-15,1280,0.245695
2020-09-15,1371,0.256964
2020-09-15,1462,0.269667
2020-09-15,1553,0.283849
2020-09-15,1644,0.299823
2020-09-15,1735,0.316511
2020-09-15,1826,0.33431
2020-09-15,1917,0.353302
2020-09-15,2008,0.373554
2020-09-15,2099,0.394024
2020-09-15,2190,0.415104
2020-09-15,2281,0.436722
2020-09-15,2372,0.458816
2020-09-15,2463,0.480771
2020-09-15,2554,0.502603
2020-09-15,2645,0.524499
2020-09-15,2736,0.546114
2020-09-15,2834,0.568709
2020-09-15,2925,0.588968
2020-09-15,3016,0.608766
2020-09-15,3107,0.628145
2020-09-15,3198,0.646421
2020-09-15,3289,0.663966
2020-09-15,3380,0.680837
2020-09-15,3471,0.697222
2020-09-15,3562,0.713027
2020-09-15,3653,0.728297
2020-09-16,7,0.104054
2020-09-16,30,0.152074
2020-09-16,33,0.156156
2020-09-16,61,0.194998
2020-09-16,89,0.214981
2020-09-16,125,0.233356
2020-09-16,153,0.23425
2020-09-16,180,0.230287
2020-09-16,271,0.222734
2020-09-16,362,0.215157
2020-09-16,453,0.211642
2020-09-16,544,0.213541
2020-09-16,635,0.211991
2020-09-16,733,0.211429
2020-09-16,824,0.212706
2020-09-16,908,0.216471
2020-09-16,1006,0.221054
2020-09-16,1097,0.227099
2020-09-16,1188,0.234933
2020-09-16,1279,0.245257
2020-09-16,1370,0.256563
2020-09-16,1461,0.269616
2020-09-16,1552,0.284106
2020-09-16,1643,0.300356
2020-09-16,1734,0.317557
2020-09-16,1825,0.335819
2020-09-16,1916,0.35523
2020-09-16,2007,0.376092
2020-09-16,2098,0.397339
2020-09-16,2189,0.419133
2020-09-16,2280,0.441407
2020-09-16,2371,0.464106
2020-09-16,2462,0.486623
2020-09-16,2553,0.508975
2020-09-16,2644,0.531355
2020-09-16,2735,0.553423
2020-09-16,2833,0.576473
2020-09-16,2924,0.597126
2020-09-16,3015,0.617295
2020-09-16,3106,0.637022
2020-09-16,3197,0.655627
2020-09-16,3288,0.673481
2020-09-16,3379,0.690646
2020-09-16,3470,0.707308
2020-09-16,3561,0.723376
2020-09-16,3652,0.738896
2020-09-17,7,0.104936
2020-09-17,30,0.15841
2020-09-17,32,0.160559
2020-09-17,60,0.195629
2020-09-17,88,0.212413
2020-09-17,124,0.23021
2020-09-17,152,0.230756
2020-09-17,179,0.227298
2020-09-17,270,0.219016
2020-09-17,361,0.211078
2020-09-17,452,0.207357
2020-09-17,543,0.209128
2020-09-17,634,0.208209
2020-09-17,732,0.208153
2020-09-17,823,0.209234
2020-09-17,907,0.213324
2020-09-17,1005,0.218218
2020-09-17,1096,0.224504
2020-09-17,1187,0.232544
2020-09-17,1278,0.243406
2020-09-17,1369,0.255181
2020-09-17,1460,0.268644
2020-09-17,1551,0.283795
2020-09-17,1642,0.300633
2020-09-17,1733,0.318361
2020-09-17,1824,0.33735
2020-09-17,1915,0.35742
2020-09-17,2006,0.378652
2020-09-17,2097,0.400237
2020-09-17,2188,0.422341
2020-09-17,2279,0.444901
2020-09-17,2370,0.467864
2020-09-17,2461,0.490624
2020-09-17,2552,0.513204
2020-09-17,2643,0.535795
2020-09-17,2734,0.558059
2020-09-17,2832,0.581306
2020-09-17,2923,0.60213
2020-09-17,3014,0.62246
2020-09-17,3105,0.642339
2020-09-17,3196,0.661085
2020-09-17,3287,0.679074
2020-09-17,3378,0.696365
2020-09-17,3469,0.713147
2020-09-17,3560,0.729329
2020-09-17,3651,0.744957
2020-09-18,7,0.101641
2020-09-18,30,0.157903
2020-09-18,31,0.15892
2020-09-18,59,0.191754
2020-09-18,87,0.208347
2020-09-18,123,0.225995
2020-09-18,151,0.226386
2020-09-18,178,0.224341
2020-09-18,269,0.218743
2020-09-18,360,0.213413
2020-09-18,451,0.211257
2020-09-18,542,0.214078
2020-09-18,633,0.213903
2020-09-18,731,0.214442
2020-09-18,822,0.216511
2020-09-18,906,0.22087
2020-09-18,1004,0.226022
2020-09-18,1095,0.232506
2020-09-18,1186,0.240717
2020-09-18,1277,0.251366
2020-09-18,1368,0.262957
2020-09-18,1459,0.276575
2020-09-18,1550,0.291865
2020-09-18,1641,0.308827
2020-09-18,1732,0.326667
2020-09-18,1823,0.345757
2020-09-18,1914,0.366159
2020-09-18,2005,0.387924
2020-09-18,2096,0.409776
2020-09-18,2187,0.432124
2020-09-18,2278,0.455111
2020-09-18,2369,0.478662
2020-09-18,2460,0.501968
2020-09-18,2551,0.525053
2020-09-18,2642,0.548115
2020-09-18,2733,0.570987
2020-09-18,2831,0.595019
2020-09-18,2922,0.616368
2020-09-18,3013,0.63719
2020-09-18,3104,0.657532
2020-09-18,3195,0.676715
2020-09-18,3286,0.695116
2020-09-18,3377,0.712797
2020-09-18,3468,0.729948
2020-09-18,3559,0.74648
2020-09-18,3650,0.76244
2020-09-21,7,0.112419
2020-09-21,28,0.150366
2020-09-21,56,0.189235
2020-09-21,84,0.20726
2020-09-21,120,0.227196
2020-09-21,148,0.228327
2020-09-21,175,0.226729
2020-09-21,266,0.221984
2020-09-21,357,0.217075
2020-09-21,448,0.214161
2020-09-21,539,0.215652
2020-09-21,630,0.213785
2020-09-21,728,0.212978
2020-09-21,819,0.213528
2020-09-21,903,0.216765
2020-09-21,1001,0.220847
2020-09-21,1092,0.226514
2020-09-21,1183,0.233647
2020-09-21,1274,0.243741
2020-09-21,1365,0.254853
2020-09-21,1456,0.26774
2020-09-21,1547,0.28209
2020-09-21,1638,0.298502
2020-09-21,1729,0.31585
2020-09-21,1820,0.334247
2020-09-21,1911,0.353784
2020-09-21,2002,0.374764
2020-09-21,2093,0.3959
2020-09-21,2184,0.417592
2020-09-21,2275,0.439775
2020-09-21,2366,0.46239
2020-09-21,2457,0.484829
2020-09-21,2548,0.507109
2020-09-21,2639,0.529422
2020-09-21,2730,0.551594
2020-09-21,2828,0.574748
2020-09-21,2919,0.595333
2020-09-21,3010,0.615437
2020-09-21,3101,0.635102
2020-09-21,3192,0.653646
2020-09-21,3283,0.671443
2020-09-21,3374,0.688552
2020-09-21,3465,0.70516
2020-09-21,3556,0.721177
2020-09-21,3647,0.736647
2020-09-22,7,0.101013
2020-09-22,27,0.14641
2020-09-22,55,0.188
2020-09-22,83,0.208369
2020-09-22,119,0.22967
2020-09-22,147,0.231303
2020-09-22,174,0.23002
2020-09-22,265,0.224128
2020-09-22,356,0.217362
2020-09-22,447,0.213351
2020-09-22,538,0.214125
2020-09-22,629,0.211743
2020-09-22,727,0.210527
2020-09-22,818,0.210786
2020-09-22,902,0.213811
2020-09-22,1000,0.217193
2020-09-22,1091,0.222325
2020-09-22,1182,0.229397
2020-09-22,1273,0.239079
2020-09-22,1364,0.249834
2020-09-22,1455,0.262411
2020-09-22,1546,0.276488
2020-09-22,1637,0.292658
2020-09-22,1728,0.309791
2020-09-22,1819,0.327995
2020-09-22,1910,0.347357
2020-09-22,2001,0.36818
2020-09-22,2092,0.389172
2020-09-22,2183,0.410734
2020-09-22,2274,0.432795
2020-09-22,2365,0.4553
2020-09-22,2456,0.477636
2020-09-22,2547,0.49982
2020-09-22,2638,0.522044
2020-09-22,2729,0.544134
2020-09-22,2827,0.567204
2020-09-22,2918,0.587716
2020-09-22,3009,0.607751
2020-09-22,3100,0.627352
2020-09-22,3191,0.645835
2020-09-22,3282,0.663573
2020-09-22,3373,0.680626
2020-09-22,3464,0.697182
2020-09-22,3555,0.713149
2020-09-22,3646,0.728571
2020-09-23,7,0.103801
2020-09-23,26,0.142113
2020-09-23,54,0.186701
2020-09-23,82,0.207762
2020-09-23,118,0.229429
2020-09-23,146,0.231119
2020-09-23,173,0.229858
2020-09-23,264,0.223999
2020-09-23,355,0.219845
2020-09-23,446,0.217386
2020-09-23,537,0.219195
2020-09-23,628,0.218277
2020-09-23,726,0.218913
2020-09-23,817,0.220496
2020-09-23,901,0.224036
2020-09-23,999,0.228406
2020-09-23,1090,0.234298
2020-09-23,1181,0.241625
2020-09-23,1272,0.251526
2020-09-23,1363,0.262472
2020-09-23,1454,0.275218
2020-09-23,1545,0.289444
2020-09-23,1636,0.305467
2020-09-23,1727,0.322468
2020-09-23,1818,0.340554
2020-09-23,1909,0.359811
2020-09-23,2000,0.380307
2020-09-23,2091,0.401002
2020-09-23,2182,0.422291
2020-09-23,2273,0.444102
2020-09-23,2364,0.466375
2020-09-23,2455,0.488497
2020-09-23,2546,0.510483
2020-09-23,2637,0.532521
2020-09-23,2728,0.554439
2020-09-23,2826,0.577335
2020-09-23,2917,0.597695
2020-09-23,3008,0.617588
2020-09-23,3099,0.637055
2020-09-23,3190,0.655411
2020-09-23,3281,0.673029
2020-09-23,3372,0.689969
2020-09-23,3463,0.706417
2020-09-23,3554,0.722281
2020-09-23,3645,0.737606
2020-09-24,7,0.107096
2020-09-24,25,0.138131
2020-09-24,53,0.185664
2020-09-24,81,0.205591
2020-09-24,117,0.224993
2020-09-24,145,0.226572
2020-09-24,172,0.225222
2020-09-24,263,0.222698
2020-09-24,354,0.218866
2020-09-24,445,0.216602
2020-09-24,536,0.219407
2020-09-24,627,0.219928
2020-09-24,725,0.221027
2020-09-24,816,0.222941
2020-09-24,900,0.227202
2020-09-24,998,0.232261
2020-09-24,1089,0.238683
2020-09-24,1180,0.246459
2020-09-24,1271,0.256747
2020-09-24,1362,0.268029
2020-09-24,1453,0.281069
2020-09-24,1544,0.295557
2020-09-24,1635,0.311813
2020-09-24,1726,0.328756
2020-09-24,1817,0.346791
2020-09-24,1908,0.366001
2020-09-24,1999,0.386457
2020-09-24,2090,0.407113
2020-09-24,2181,0.428157
2020-09-24,2272,0.449743
2020-09-24,2363,0.471809
2020-09-24,2454,0.493738
2020-09-24,2545,0.515545
2020-09-24,2636,0.537417
2020-09-24,2727,0.559179
2020-09-24,2825,0.581919
2020-09-24,2916,0.602143
2020-09-24,3007,0.621908
2020-09-24,3098,0.641254
2020-09-24,3189,0.659496
2020-09-24,3280,0.677006
2020-09-24,3371,0.693844
2020-09-24,3462,0.710194
2020-09-24,3553,0.725967
2020-09-24,3644,0.741203
2020-09-25,7,0.101641
2020-09-25,24,0.136018
2020-09-25,52,0.185603
2020-09-25,80,0.205801
2020-09-25,116,0.225304
2020-09-25,144,0.22782
2020-09-25,171,0.227065
2020-09-25,262,0.222131
2020-09-25,353,0.217129
2020-09-25,444,0.214177
2020-09-25,535,0.216538
2020-09-25,626,0.217477
2020-09-25,724,0.218909
2020-09-25,815,0.221062
2020-09-25,899,0.225503
2020-09-25,997,0.230734
2020-09-25,1088,0.236866
2020-09-25,1179,0.244398
2020-09-25,1270,0.254479
2020-09-25,1361,0.265582
2020-09-25,1452,0.278468
2020-09-25,1543,0.292819
2020-09-25,1634,0.308956
2020-09-25,1725,0.325793
2020-09-25,1816,0.343732
2020-09-25,1907,0.362857
2020-09-25,1998,0.383236
2020-09-25,2089,0.403822
2020-09-25,2180,0.424802
2020-09-25,2271,0.446329
2020-09-25,2362,0.468341
2020-09-25,2453,0.49022
2020-09-25,2544,0.511981
2020-09-25,2635,0.53381
2020-09-25,2726,0.555531
2020-09-25,2824,0.57823
2020-09-25,2915,0.598419
2020-09-25,3006,0.61815
2020-09-25,3097,0.637464
2020-09-25,3188,0.655676
2020-09-25,3279,0.673157
2020-09-25,3370,0.689967
2020-09-25,3461,0.706557
2020-09-25,3552,0.722557
2020-09-25,3643,0.738009
2020-09-28,7,0.107471
2020-09-28,21,0.132541
2020-09-28,49,0.182805
2020-09-28,77,0.201121
2020-09-28,113,0.219404
2020-09-28,141,0.221131
2020-09-28,168,0.219809
2020-09-28,259,0.215587
2020-09-28,350,0.212243
2020-09-28,441,0.211325
2020-09-28,532,0.215054
2020-09-28,623,0.216954
2020-09-28,721,0.21984
2020-09-28,812,0.223033
2020-09-28,896,0.227779
2020-09-28,994,0.2333
2020-09-28,1085,0.240084
2020-09-28,1176,0.24817
2020-09-28,1267,0.258368
2020-09-28,1358,0.269574
2020-09-28,1449,0.282554
2020-09-28,1540,0.296991
2020-09-28,1631,0.313207
2020-09-28,1722,0.330116
2020-09-28,1813,0.348122
2020-09-28,1904,0.367309
2020-09-28,1995,0.387746
2020-09-28,2086,0.408386
2020-09-28,2177,0.429415
2020-09-28,2268,0.450989
2020-09-28,2359,0.473044
2020-09-28,2450,0.494963
2020-09-28,2541,0.516761
2020-09-28,2632,0.538624
2020-09-28,2723,0.560377
2020-09-28,2821,0.583108
2020-09-28,2912,0.603323
2020-09-28,3003,0.623078
2020-09-28,3094,0.642415
2020-09-28,3185,0.660646
2020-09-28,3276,0.678146
2020-09-28,3367,0.694973
2020-09-28,3458,0.711579
2020-09-28,3549,0.727592
2020-09-28,3640,0.743058
2020-09-29,7,0.105322
2020-09-29,20,0.131174
2020-09-29,48,0.181804
2020-09-29,76,0.198862
2020-09-29,112,0.216405
2020-09-29,140,0.217731
2020-09-29,167,0.216131
2020-09-29,258,0.211403
2020-09-29,349,0.207819
2020-09-29,440,0.206766
2020-09-29,531,0.210415
2020-09-29,622,0.212256
2020-09-29,720,0.215096
2020-09-29,811,0.218256
2020-09-29,895,0.222981
2020-09-29,993,0.228481
2020-09-29,1084,0.234825
2020-09-29,1175,0.242148
2020-09-29,1266,0.251695
2020-09-29,1357,0.262339
2020-09-29,1448,0.274509
2020-09-29,1539,0.287934
2020-09-29,1630,0.303252
2020-09-29,1721,0.319359
2020-09-29,1812,0.336645
2020-09-29,1903,0.354939
2020-09-29,1994,0.374566
2020-09-29,2085,0.394466
2020-09-29,2176,0.414818
2020-09-29,2267,0.435769
2020-09-29,2358,0.45725
2020-09-29,2449,0.478637
2020-09-29,2540,0.499942
2020-09-29,2631,0.521346
2020-09-29,2722,0.542671
2020-09-29,2820,0.564971
2020-09-29,2911,0.584812
2020-09-29,3002,0.604216
2020-09-29,3093,0.623222
2020-09-29,3184,0.641141
2020-09-29,3275,0.658345
2020-09-29,3366,0.674893
2020-09-29,3457,0.691234
2020-09-29,3548,0.706996
2020-09-29,3639,0.722223
2020-09-30,7,0.097839
2020-09-30,19,0.12521
2020-09-30,47,0.18198
2020-09-30,75,0.1992
2020-09-30,111,0.215148
2020-09-30,139,0.215716
2020-09-30,166,0.213609
2020-09-30,257,0.207962
2020-09-30,348,0.203943
2020-09-30,439,0.20159
2020-09-30,530,0.203525
2020-09-30,621,0.206378
2020-09-30,719,0.210023
2020-09-30,810,0.213757
2020-09-30,894,0.21891
2020-09-30,992,0.225318
2020-09-30,1083,0.232785
2020-09-30,1174,0.24145
2020-09-30,1265,0.252512
2020-09-30,1356,0.264468
2020-09-30,1447,0.278105
2020-09-30,1538,0.293124
2020-09-30,1629,0.309858
2020-09-30,1720,0.327232
2020-09-30,1811,0.345657
2020-09-30,1902,0.365225
2020-09-30,1993,0.386008
2020-09-30,2084,0.406965
2020-09-30,2175,0.428284
2020-09-30,2266,0.450126
2020-09-30,2357,0.472428
2020-09-30,2448,0.494576
2020-09-30,2539,0.516586
2020-09-30,2630,0.538646
2020-09-30,2721,0.560584
2020-09-30,2819,0.583499
2020-09-30,2910,0.603874
2020-09-30,3001,0.623779
2020-09-30,3092,0.643256
2020-09-30,3183,0.66162
2020-09-30,3274,0.679243
2020-09-30,3365,0.696187
2020-09-30,3456,0.712904
2020-09-30,3547,0.729022
2020-09-30,3638,0.744586
2020-10-01,7,0.097332
2020-10-01,18,0.117543
2020-10-01,46,0.180214
2020-10-01,74,0.198335
2020-10-01,110,0.214711
2020-10-01,138,0.215372
2020-10-01,165,0.213308
2020-10-01,256,0.209547
2020-10-01,347,0.206429
2020-10-01,438,0.20566
2020-10-01,529,0.208642
2020-10-01,620,0.212236
2020-10-01,718,0.215778
2020-10-01,809,0.219439
2020-10-01,893,0.22454
2020-10-01,991,0.230899
2020-10-01,1082,0.238329
2020-10-01,1173,0.247358
2020-10-01,1264,0.258368
2020-10-01,1355,0.270279
2020-10-01,1446,0.283878
2020-10-01,1537,0.298865
2020-10-01,1628,0.315289
2020-10-01,1719,0.332385
2020-10-01,1810,0.350561
2020-10-01,1901,0.369662
2020-10-01,1992,0.390022
2020-10-01,2083,0.410593
2020-10-01,2174,0.431558
2020-10-01,2265,0.452871
2020-10-01,2356,0.474686
2020-10-01,2447,0.496383
2020-10-01,2538,0.517974
2020-10-01,2629,0.539646
2020-10-01,2720,0.56122
2020-10-01,2818,0.583769
2020-10-01,2909,0.603826
2020-10-01,3000,0.623433
2020-10-01,3091,0.642629
2020-10-01,3182,0.660727
2020-10-01,3273,0.6781
2020-10-01,3364,0.694807
2020-10-01,3455,0.711298
2020-10-01,3546,0.727203
2020-10-01,3637,0.742564
2020-10-02,7,0.094037
2020-10-02,17,0.113995
2020-10-02,45,0.180266
2020-10-02,73,0.198615
2020-10-02,109,0.215049
2020-10-02,137,0.215645
2020-10-02,164,0.213524
2020-10-02,255,0.209671
2020-10-02,346,0.206512
2020-10-02,437,0.204669
2020-10-02,528,0.206954
2020-10-02,619,0.210801
2020-10-02,717,0.215237
2020-10-02,808,0.219534
2020-10-02,892,0.225109
2020-10-02,990,0.231919
2020-10-02,1081,0.240124
2020-10-02,1172,0.249807
2020-10-02,1263,0.261744
2020-10-02,1354,0.274799
2020-10-02,1445,0.289398
2020-10-02,1536,0.305267
2020-10-02,1627,0.322758
2020-10-02,1718,0.340809
2020-10-02,1809,0.359845
2020-10-02,1900,0.379723
2020-10-02,1991,0.400789
2020-10-02,2082,0.422005
2020-10-02,2173,0.443561
2020-10-02,2264,0.465417
2020-10-02,2355,0.487734
2020-10-02,2446,0.509895
2020-10-02,2537,0.531916
2020-10-02,2628,0.553988
2020-10-02,2719,0.575936
2020-10-02,2817,0.59886
2020-10-02,2908,0.619243
2020-10-02,2999,0.639155
2020-10-02,3090,0.658639
2020-10-02,3181,0.677152
2020-10-02,3272,0.694916
2020-10-02,3363,0.711993
2020-10-02,3454,0.728835
2020-10-02,3545,0.745072
2020-10-02,3636,0.76075
2020-10-05,7,0.097971
2020-10-05,14,0.111607
2020-10-05,42,0.180825
2020-10-05,70,0.197709
2020-10-05,106,0.213194
2020-10-05,134,0.213133
2020-10-05,161,0.211394
2020-10-05,252,0.210094
2020-10-05,343,0.208139
2020-10-05,434,0.207004
2020-10-05,525,0.210654
2020-10-05,616,0.216967
2020-10-05,714,0.223357
2020-10-05,805,0.229616
2020-10-05,889,0.237128
2020-10-05,987,0.246287
2020-10-05,1078,0.256294
2020-10-05,1169,0.267897
2020-10-05,1260,0.281848
2020-10-05,1351,0.296988
2020-10-05,1442,0.313732
2020-10-05,1533,0.331493
2020-10-05,1624,0.35095
2020-10-05,1715,0.371028
2020-10-05,1806,0.391887
2020-10-05,1897,0.413656
2020-10-05,1988,0.436443
2020-10-05,2079,0.459228
2020-10-05,2170,0.482434
2020-10-05,2261,0.506011
2020-10-05,2352,0.529915
2020-10-05,2443,0.553545
2020-10-05,2534,0.57693
2020-10-05,2625,0.60027
2020-10-05,2716,0.6234
2020-10-05,2814,0.647511
2020-10-05,2905,0.668923
2020-10-05,2996,0.689802
2020-10-05,3087,0.710195
2020-10-05,3178,0.729564
2020-10-05,3269,0.748136
2020-10-05,3360,0.765976
2020-10-05,3451,0.783541
2020-10-05,3542,0.800463
2020-10-05,3633,0.81679
2020-10-06,7,0.100759
2020-10-06,13,0.11096
2020-10-06,41,0.185769
2020-10-06,69,0.202949
2020-10-06,105,0.216785
2020-10-06,133,0.215967
2020-10-06,160,0.213739
2020-10-06,251,0.211583
2020-10-06,342,0.209227
2020-10-06,433,0.207861
2020-10-06,524,0.211369
2020-10-06,615,0.217587
2020-10-06,713,0.2239
2020-10-06,804,0.229531
2020-10-06,888,0.236581
2020-10-06,986,0.2453
2020-10-06,1077,0.254972
2020-10-06,1168,0.265899
2020-10-06,1259,0.278907
2020-10-06,1350,0.293233
2020-10-06,1441,0.309266
2020-10-06,1532,0.326402
2020-10-06,1623,0.345022
2020-10-06,1714,0.364351
2020-10-06,1805,0.384538
2020-10-06,1896,0.405701
2020-10-06,1987,0.427705
2020-10-06,2078,0.449776
2020-10-06,2169,0.472329
2020-10-06,2260,0.495305
2020-10-06,2351,0.518655
2020-10-06,2442,0.541772
2020-10-06,2533,0.564863
2020-10-06,2624,0.587929
2020-10-06,2715,0.610805
2020-10-06,2813,0.634659
2020-10-06,2904,0.655848
2020-10-06,2995,0.676517
2020-10-06,3086,0.696712
2020-10-06,3177,0.715894
2020-10-06,3268,0.73429
2020-10-06,3359,0.751963
2020-10-06,3450,0.76937
2020-10-06,3541,0.786141
2020-10-06,3632,0.802326
2020-10-07,7,0.100627
2020-10-07,12,0.110712
2020-10-07,40,0.187565
2020-10-07,68,0.204258
2020-10-07,104,0.217774
2020-10-07,132,0.21674
2020-10-07,159,0.215227
2020-10-07,250,0.214366
2020-10-07,341,0.213964
2020-10-07,432,0.214799
2020-10-07,523,0.219751
2020-10-07,614,0.226989
2020-10-07,712,0.234806
2020-10-07,803,0.242079
2020-10-07,887,0.250827
2020-10-07,985,0.261665
2020-10-07,1076,0.27296
2020-10-07,1167,0.285653
2020-10-07,1258,0.300539
2020-10-07,1349,0.316831
2020-10-07,1440,0.334584
2020-10-07,1531,0.353535
2020-10-07,1622,0.373767
2020-10-07,1713,0.394538
2020-10-07,1804,0.416276
2020-10-07,1895,0.438841
2020-10-07,1986,0.462119
2020-10-07,2077,0.485351
2020-10-07,2168,0.50918
2020-10-07,2259,0.53333
2020-10-07,2350,0.557763
2020-10-07,2441,0.581881
2020-10-07,2532,0.6059
2020-10-07,2623,0.629831
2020-10-07,2714,0.653512
2020-10-07,2812,0.678175
2020-10-07,2903,0.700066
2020-10-07,2994,0.721394
2020-10-07,3085,0.742209
2020-10-07,3176,0.761976
2020-10-07,3267,0.780923
2020-10-07,3358,0.799117
2020-10-07,3449,0.817017
2020-10-07,3540,0.834257
2020-10-07,3631,0.850885
2020-10-08,7,0.097079
2020-10-08,11,0.105718
2020-10-08,39,0.186308
2020-10-08,67,0.201657
2020-10-08,103,0.216213
2020-10-08,131,0.215505
2020-10-08,158,0.214194
2020-10-08,249,0.213706
2020-10-08,340,0.212124
2020-10-08,431,0.211209
2020-10-08,522,0.21503
2020-10-08,613,0.222229
2020-10-08,711,0.230015
2020-10-08,802,0.237266
2020-10-08,886,0.24552
2020-10-08,984,0.255888
2020-10-08,1075,0.266826
2020-10-08,1166,0.279218
2020-10-08,1257,0.293848
2020-10-08,1348,0.309579
2020-10-08,1439,0.326842
2020-10-08,1530,0.345363
2020-10-08,1621,0.365498
2020-10-08,1712,0.386183
2020-10-08,1803,0.407588
2020-10-08,1894,0.429853
2020-10-08,1985,0.453092
2020-10-08,2076,0.476288
2020-10-08,2167,0.499871
2020-10-08,2258,0.523796
2020-10-08,2349,0.54802
2020-10-08,2440,0.571947
2020-10-08,2531,0.595788
2020-10-08,2622,0.619552
2020-10-08,2713,0.643079
2020-10-08,2811,0.667586
2020-10-08,2902,0.689341
2020-10-08,2993,0.710542
2020-10-08,3084,0.731236
2020-10-08,3175,0.75089
2020-10-08,3266,0.769729
2020-10-08,3357,0.787821
2020-10-08,3448,0.805625
2020-10-08,3539,0.822772
2020-10-08,3630,0.839314
2020-10-09,7,0.096197
2020-10-09,10,0.10258
2020-10-09,38,0.18947
2020-10-09,66,0.205861
2020-10-09,102,0.219076
2020-10-09,130,0.217746
2020-10-09,157,0.216041
2020-10-09,248,0.214874
2020-10-09,339,0.212973
2020-10-09,430,0.212949
2020-10-09,521,0.217358
2020-10-09,612,0.224976
2020-10-09,710,0.233093
2020-10-09,801,0.241154
2020-10-09,885,0.25001
2020-10-09,983,0.260446
2020-10-09,1074,0.271866
2020-10-09,1165,0.284666
2020-10-09,1256,0.299647
2020-10-09,1347,0.316024
2020-10-09,1438,0.333852
2020-10-09,1529,0.352872
2020-10-09,1620,0.373166
2020-10-09,1711,0.393993
2020-10-09,1802,0.415782
2020-10-09,1893,0.438395
2020-10-09,1984,0.461717
2020-10-09,2075,0.48499
2020-10-09,2166,0.508643
2020-10-09,2257,0.532632
2020-10-09,2348,0.556917
2020-10-09,2439,0.580898
2020-10-09,2530,0.60479
2020-10-09,2621,0.628602
2020-10-09,2712,0.652172
2020-10-09,2810,0.676724
2020-10-09,2901,0.698517
2020-10-09,2992,0.719753
2020-10-09,3083,0.74048
2020-10-09,3174,0.760164
2020-10-09,3265,0.779033
2020-10-09,3356,0.797152
2020-10-09,3447,0.814981
2020-10-09,3538,0.832153
2020-10-09,3629,0.848716
2020-10-12,7,0.098225
2020-10-12,31,0.146244
2020-10-12,35,0.151768
2020-10-12,63,0.185696
2020-10-12,99,0.206644
2020-10-12,127,0.208023
2020-10-12,154,0.20799
2020-10-12,245,0.209799
2020-10-12,336,0.209256
2020-10-12,427,0.210024
2020-10-12,518,0.214972
2020-10-12,609,0.222984
2020-10-12,707,0.231412
2020-10-12,798,0.239695
2020-10-12,882,0.24872
2020-10-12,980,0.259317
2020-10-12,1071,0.270434
2020-10-12,1162,0.282983
2020-10-12,1253,0.297754
2020-10-12,1344,0.31361
2020-10-12,1435,0.330987
2020-10-12,1526,0.349611
2020-10-12,1617,0.369557
2020-10-12,1708,0.390074
2020-10-12,1799,0.411586
2020-10-12,1890,0.433706
2020-10-12,1981,0.456814
2020-10-12,2072,0.479891
2020-10-12,2163,0.503367
2020-10-12,2254,0.527193
2020-10-12,2345,0.551327
2020-10-12,2436,0.575169
2020-10-12,2527,0.598931
2020-10-12,2618,0.622623
2020-10-12,2709,0.646081
2020-10-12,2807,0.670518
2020-10-12,2898,0.692212
2020-10-12,2989,0.713353
2020-10-12,3080,0.733992
2020-10-12,3171,0.753591
2020-10-12,3262,0.772378
2020-10-12,3353,0.79042
2020-10-12,3444,0.808175
2020-10-12,3535,0.825277
2020-10-12,3626,0.841773
2020-10-13,7,0.097839
2020-10-13,31,0.150431
2020-10-13,34,0.153725
2020-10-13,62,0.189605
2020-10-13,98,0.211193
2020-10-13,126,0.212698
2020-10-13,153,0.212734
2020-10-13,244,0.212781
2020-10-13,335,0.21005
2020-10-13,426,0.208485
2020-10-13,517,0.211931
2020-10-13,608,0.218895
2020-10-13,706,0.225792
2020-10-13,797,0.232414
2020-10-13,881,0.239728
2020-10-13,979,0.248194
2020-10-13,1070,0.257683
2020-10-13,1161,0.268464
2020-10-13,1252,0.281358
2020-10-13,1343,0.295592
2020-10-13,1434,0.311233
2020-10-13,1525,0.32833
2020-10-13,1616,0.346922
2020-10-13,1707,0.366229
2020-10-13,1798,0.3864
2020-10-13,1889,0.407307
2020-10-13,1980,0.429316
2020-10-13,2071,0.45139
2020-10-13,2162,0.473948
2020-10-13,2253,0.496726
2020-10-13,2344,0.519895
2020-10-13,2435,0.542843
2020-10-13,2526,0.565777
2020-10-13,2617,0.588698
2020-10-13,2708,0.611436
2020-10-13,2806,0.635152
2020-10-13,2897,0.656218
2020-10-13,2988,0.67677
2020-10-13,3079,0.696854
2020-10-13,3170,0.71593
2020-10-13,3261,0.734223
2020-10-13,3352,0.751797
2020-10-13,3443,0.76911
2020-10-13,3534,0.785792
2020-10-13,3625,0.801889
2020-10-14,7,0.101266
2020-10-14,31,0.147765
2020-10-14,33,0.150527
2020-10-14,61,0.19079
2020-10-14,97,0.212161
2020-10-14,125,0.213461
2020-10-14,152,0.213362
2020-10-14,243,0.211276
2020-10-14,334,0.207566
2020-10-14,425,0.205445
2020-10-14,516,0.209434
2020-10-14,607,0.216783
2020-10-14,705,0.223984
2020-10-14,796,0.230242
2020-10-14,880,0.237288
2020-10-14,978,0.246007
2020-10-14,1069,0.25526
2020-10-14,1160,0.265843
2020-10-14,1251,0.278569
2020-10-14,1342,0.29266
2020-10-14,1433,0.308177
2020-10-14,1524,0.325165
2020-10-14,1615,0.343662
2020-10-14,1706,0.362884
2020-10-14,1797,0.382979
2020-10-14,1888,0.403819
2020-10-14,1979,0.425766
2020-10-14,2070,0.447785
2020-10-14,2161,0.470292
2020-10-14,2252,0.493024
2020-10-14,2343,0.51615
2020-10-14,2434,0.539059
2020-10-14,2525,0.561956
2020-10-14,2616,0.584842
2020-10-14,2707,0.607549
2020-10-14,2805,0.631232
2020-10-14,2896,0.65227
2020-10-14,2987,0.672795
2020-10-14,3078,0.692854
2020-10-14,3169,0.711906
2020-10-14,3260,0.730176
2020-10-14,3351,0.747728
2020-10-14,3442,0.76502
2020-10-14,3533,0.781682
2020-10-14,3624,0.79776
2020-10-15,7,0.102909
2020-10-15,31,0.149286
2020-10-15,32,0.150578
2020-10-15,60,0.189122
2020-10-15,96,0.209441
2020-10-15,124,0.210222
2020-10-15,151,0.209794
2020-10-15,242,0.210947
2020-10-15,333,0.208701
2020-10-15,424,0.207418
2020-10-15,515,0.211961
2020-10-15,606,0.219704
2020-10-15,704,0.227919
2020-10-15,795,0.235474
2020-10-15,879,0.242996
2020-10-15,977,0.252168
2020-10-15,1068,0.262199
2020-10-15,1159,0.273837
2020-10-15,1250,0.287466
2020-10-15,1341,0.302338
2020-10-15,1432,0.318859
2020-10-15,1523,0.336732
2020-10-15,1614,0.356015
2020-10-15,1705,0.37594
2020-10-15,1796,0.396666
2020-10-15,1887,0.418321
2020-10-15,1978,0.441008
2020-10-15,2069,0.463702
2020-10-15,2160,0.486828
2020-10-15,2251,0.510127
2020-10-15,2342,0.533777
2020-10-15,2433,0.55717
2020-10-15,2524,0.580517
2020-10-15,2615,0.603821
2020-10-15,2706,0.626918
2020-10-15,2804,0.650992
2020-10-15,2895,0.672369
2020-10-15,2986,0.693212
2020-10-15,3077,0.71357
2020-10-15,3168,0.732904
2020-10-15,3259,0.75144
2020-10-15,3350,0.769243
2020-10-15,3441,0.786772
2020-10-15,3532,0.803659
2020-10-15,3623,0.819951
2020-10-16,7,0.102148
2020-10-16,31,0.153473
2020-10-16,59,0.191297
2020-10-16,95,0.211005
2020-10-16,123,0.211436
2020-10-16,150,0.210787
2020-10-16,185,0.210227
2020-10-16,241,0.208489
2020-10-16,332,0.205521
2020-10-16,423,0.203829
2020-10-16,514,0.209016
2020-10-16,605,0.217215
2020-10-16,703,0.225082
2020-10-16,794,0.232391
2020-10-16,878,0.240217
2020-10-16,976,0.249677
2020-10-16,1067,0.259931
2020-10-16,1158,0.271756
2020-10-16,1249,0.285548
2020-10-16,1340,0.300561
2020-10-16,1431,0.317207
2020-10-16,1522,0.335191
2020-10-16,1613,0.354858
2020-10-16,1704,0.375127
2020-10-16,1795,0.396418
2020-10-16,1886,0.418341
2020-10-16,1977,0.441272
2020-10-16,2068,0.46441
2020-10-16,2159,0.487942
2020-10-16,2250,0.511616
2020-10-16,2341,0.535611
2020-10-16,2432,0.559324
2020-10-16,2523,0.582967
2020-10-16,2614,0.606547
2020-10-16,2705,0.6299
2020-10-16,2803,0.654232
2020-10-16,2894,0.675832
2020-10-16,2985,0.696885
2020-10-16,3076,0.71744
2020-10-16,3167,0.736958
2020-10-16,3258,0.755669
2020-10-16,3349,0.773637
2020-10-16,3440,0.791323
2020-10-16,3531,0.808357
2020-10-16,3622,0.824789
2020-10-19,7,0.10811
2020-10-19,28,0.140706
2020-10-19,56,0.184405
2020-10-19,92,0.20547
2020-10-19,120,0.207203
2020-10-19,147,0.207319
2020-10-19,182,0.207416
2020-10-19,238,0.206317
2020-10-19,329,0.203923
2020-10-19,420,0.202566
2020-10-19,511,0.208008
2020-10-19,602,0.217166
2020-10-19,700,0.226492
2020-10-19,791,0.234832
2020-10-19,875,0.243423
2020-10-19,973,0.25412
2020-10-19,1064,0.265755
2020-10-19,1155,0.278748
2020-10-19,1246,0.293912
2020-10-19,1337,0.310113
2020-10-19,1428,0.327797
2020-10-19,1519,0.346698
2020-10-19,1610,0.367182
2020-10-19,1701,0.38818
2020-10-19,1792,0.41013
2020-10-19,1883,0.432891
2020-10-19,1974,0.456585
2020-10-19,2065,0.480419
2020-10-19,2156,0.504589
2020-10-19,2247,0.528849
2020-10-19,2338,0.553385
2020-10-19,2429,0.577597
2020-10-19,2520,0.601703
2020-10-19,2611,0.625714
2020-10-19,2702,0.649469
2020-10-19,2800,0.674202
2020-10-19,2891,0.69615
2020-10-19,2982,0.717529
2020-10-19,3073,0.73839
2020-10-19,3164,0.758197
2020-10-19,3255,0.777178
2020-10-19,3346,0.795402
2020-10-19,3437,0.813329
2020-10-19,3528,0.830592
2020-10-19,3619,0.847241
2020-10-20,7,0.104936
2020-10-20,27,0.140627
2020-10-20,55,0.185161
2020-10-20,91,0.206158
2020-10-20,119,0.207744
2020-10-20,146,0.20776
2020-10-20,181,0.207773
2020-10-20,237,0.206585
2020-10-20,328,0.204109
2020-10-20,419,0.202708
2020-10-20,510,0.20904
2020-10-20,601,0.218824
2020-10-20,699,0.228641
2020-10-20,790,0.237327
2020-10-20,874,0.246662
2020-10-20,972,0.258065
2020-10-20,1063,0.27024
2020-10-20,1154,0.284089
2020-10-20,1245,0.299985
2020-10-20,1336,0.317508
2020-10-20,1427,0.33667
2020-10-20,1518,0.357176
2020-10-20,1609,0.379083
2020-10-20,1700,0.401623
2020-10-20,1791,0.425215
2020-10-20,1882,0.449705
2020-10-20,1973,0.474968
2020-10-20,2064,0.500232
2020-10-20,2155,0.525925
2020-10-20,2246,0.551789
2020-10-20,2337,0.578001
2020-10-20,2428,0.603763
2020-10-20,2519,0.629306
2020-10-20,2610,0.654654
2020-10-20,2701,0.679656
2020-10-20,2799,0.70564
2020-10-20,2890,0.728673
2020-10-20,2981,0.751072
2020-10-20,3072,0.772891
2020-10-20,3163,0.7936
2020-10-20,3254,0.813433
2020-10-20,3345,0.832462
2020-10-20,3436,0.851152
2020-10-20,3527,0.869138
2020-10-20,3618,0.886474
2020-10-21,7,0.109884
2020-10-21,26,0.141583
2020-10-21,54,0.18776
2020-10-21,90,0.209978
2020-10-21,118,0.210671
2020-10-21,145,0.210142
2020-10-21,180,0.209692
2020-10-21,236,0.208044
2020-10-21,327,0.205154
2020-10-21,418,0.203522
2020-10-21,509,0.208815
2020-10-21,600,0.217881
2020-10-21,698,0.227133
2020-10-21,789,0.235421
2020-10-21,873,0.244462
2020-10-21,971,0.255587
2020-10-21,1062,0.267552
2020-10-21,1153,0.281226
2020-10-21,1244,0.297344
2020-10-21,1335,0.31506
2020-10-21,1426,0.334392
2020-10-21,1517,0.355048
2020-10-21,1608,0.377089
2020-10-21,1699,0.40002
2020-10-21,1790,0.423964
2020-10-21,1881,0.449017
2020-10-21,1972,0.474791
2020-10-21,2063,0.500522
2020-10-21,2154,0.526641
2020-10-21,2245,0.553103
2020-10-21,2336,0.579865
2020-10-21,2427,0.606136
2020-10-21,2518,0.632151
2020-10-21,2609,0.657938
2020-10-21,2700,0.683349
2020-10-21,2798,0.709744
2020-10-21,2889,0.733134
2020-10-21,2980,0.755866
2020-10-21,3071,0.777999
2020-10-21,3162,0.799004
2020-10-21,3253,0.819116
2020-10-21,3344,0.838408
2020-10-21,3435,0.857348
2020-10-21,3526,0.87557
2020-10-21,3617,0.893129
2020-10-22,7,0.104176
2020-10-22,25,0.139529
2020-10-22,53,0.189002
2020-10-22,89,0.210967
2020-10-22,117,0.212642
2020-10-22,144,0.21269
2020-10-22,179,0.21273
2020-10-22,235,0.211559
2020-10-22,326,0.209093
2020-10-22,417,0.207704
2020-10-22,508,0.213166
2020-10-22,599,0.223125
2020-10-22,697,0.233078
2020-10-22,788,0.242444
2020-10-22,872,0.252283
2020-10-22,970,0.264676
2020-10-22,1061,0.277611
2020-10-22,1152,0.292501
2020-10-22,1243,0.310031
2020-10-22,1334,0.328967
2020-10-22,1425,0.349363
2020-10-22,1516,0.371261
2020-10-22,1607,0.394689
2020-10-22,1698,0.41886
2020-10-22,1789,0.443917
2020-10-22,1880,0.469976
2020-10-22,1971,0.496897
2020-10-22,2062,0.523672
2020-10-22,2153,0.550749
2020-10-22,2244,0.578089
2020-10-22,2335,0.605858
2020-10-22,2426,0.63306
2020-10-22,2517,0.659939
2020-10-22,2608,0.686529
2020-10-22,2699,0.712689
2020-10-22,2797,0.740011
2020-10-22,2888,0.764206
2020-10-22,2979,0.787694
2020-10-22,3070,0.810537
2020-10-22,3161,0.832211
2020-10-22,3252,0.852955
2020-10-22,3343,0.872844
2020-10-22,3434,0.892348
2020-10-22,3525,0.911106
2020-10-22,3616,0.929173
2020-10-23,7,0.104176
2020-10-23,24,0.142591
2020-10-23,52,0.192731
2020-10-23,88,0.215493
2020-10-23,116,0.217314
2020-10-23,143,0.216481
2020-10-23,178,0.216772
2020-10-23,234,0.215841
2020-10-23,325,0.213588
2020-10-23,416,0.211212
2020-10-23,507,0.215145
2020-10-23,598,0.224049
2020-10-23,696,0.233173
2020-10-23,787,0.241369
2020-10-23,871,0.250346
2020-10-23,969,0.261923
2020-10-23,1060,0.274236
2020-10-23,1151,0.288606
2020-10-23,1242,0.305693
2020-10-23,1333,0.324249
2020-10-23,1424,0.344314
2020-10-23,1515,0.365921
2020-10-23,1606,0.389094
2020-10-23,1697,0.413036
2020-10-23,1788,0.437889
2020-10-23,1879,0.463763
2020-10-23,1970,0.490518
2020-10-23,2061,0.517142
2020-10-23,2152,0.544079
2020-10-23,2243,0.571292
2020-10-23,2334,0.598747
2020-10-23,2425,0.625658
2020-10-23,2516,0.652268
2020-10-23,2607,0.678607
2020-10-23,2698,0.704532
2020-10-23,2796,0.731442
2020-10-23,2887,0.755279
2020-10-23,2978,0.77843
2020-10-23,3069,0.800957
2020-10-23,3160,0.822332
2020-10-23,3251,0.842793
2020-10-23,3342,0.862414
2020-10-23,3433,0.881665
2020-10-23,3524,0.900183
2020-10-23,3615,0.918022
2020-10-26,7,0.103923
2020-10-26,21,0.132898
2020-10-26,49,0.191646
2020-10-26,85,0.215671
2020-10-26,113,0.217496
2020-10-26,140,0.21661
2020-10-26,175,0.216881
2020-10-26,231,0.215911
2020-10-26,322,0.213617
2020-10-26,413,0.211217
2020-10-26,504,0.215173
2020-10-26,595,0.223343
2020-10-26,693,0.231173
2020-10-26,784,0.238456
2020-10-26,868,0.246276
2020-10-26,966,0.256247
2020-10-26,1057,0.266904
2020-10-26,1148,0.279484
2020-10-26,1239,0.294679
2020-10-26,1330,0.311605
2020-10-26,1421,0.330254
2020-10-26,1512,0.350009
2020-10-26,1603,0.371543
2020-10-26,1694,0.394025
2020-10-26,1785,0.417567
2020-10-26,1876,0.44177
2020-10-26,1967,0.466776
2020-10-26,2058,0.491805
2020-10-26,2149,0.517285
2020-10-26,2240,0.542953
2020-10-26,2331,0.568985
2020-10-26,2422,0.59458
2020-10-26,2513,0.619968
2020-10-26,2604,0.645171
2020-10-26,2695,0.670036
2020-10-26,2793,0.695882
2020-10-26,2884,0.718793
2020-10-26,2975,0.741076
2020-10-26,3066,0.762785
2020-10-26,3157,0.783388
2020-10-26,3248,0.803119
2020-10-26,3339,0.822051
2020-10-26,3430,0.840647
2020-10-26,3521,0.858544
2020-10-26,3612,0.875793
2020-10-27,7,0.095051
2020-10-27,20,0.12299
2020-10-27,48,0.188742
2020-10-27,84,0.214298
2020-10-27,112,0.216482
2020-10-27,139,0.215787
2020-10-27,174,0.216224
2020-10-27,230,0.215411
2020-10-27,321,0.213251
2020-10-27,412,0.210927
2020-10-27,503,0.214943
2020-10-27,594,0.223938
2020-10-27,692,0.232413
2020-10-27,783,0.239561
2020-10-27,867,0.246792
2020-10-27,965,0.255692
2020-10-27,1056,0.265534
2020-10-27,1147,0.27743
2020-10-27,1238,0.291672
2020-10-27,1329,0.30743
2020-10-27,1420,0.324738
2020-10-27,1511,0.343618
2020-10-27,1602,0.364091
2020-10-27,1693,0.385356
2020-10-27,1784,0.407805
2020-10-27,1875,0.431022
2020-10-27,1966,0.455133
2020-10-27,2057,0.479348
2020-10-27,2148,0.504082
2020-10-27,2239,0.529065
2020-10-27,2330,0.554466
2020-10-27,2421,0.579478
2020-10-27,2512,0.604325
2020-10-27,2603,0.629024
2020-10-27,2694,0.653421
2020-10-27,2792,0.678795
2020-10-27,2883,0.701297
2020-10-27,2974,0.723195
2020-10-27,3065,0.744542
2020-10-27,3156,0.764804
2020-10-27,3247,0.784213
2020-10-27,3338,0.802839
2020-10-27,3429,0.821147
2020-10-27,3520,0.838769
2020-10-27,3611,0.855758
2020-10-28,7,0.100881
2020-10-28,19,0.125337
2020-10-28,47,0.18807
2020-10-28,83,0.214225
2020-10-28,111,0.215169
2020-10-28,138,0.213734
2020-10-28,173,0.213564
2020-10-28,229,0.212158
2020-10-28,320,0.209476
2020-10-28,411,0.207981
2020-10-28,502,0.213458
2020-10-28,593,0.222696
2020-10-28,691,0.231359
2020-10-28,782,0.238639
2020-10-28,866,0.246459
2020-10-28,964,0.256432
2020-10-28,1055,0.267093
2020-10-28,1146,0.279278
2020-10-28,1237,0.293768
2020-10-28,1328,0.310088
2020-10-28,1419,0.327887
2020-10-28,1510,0.3472
2020-10-28,1601,0.368058
2020-10-28,1692,0.389938
2020-10-28,1783,0.412941
2020-10-28,1874,0.436657
2020-10-28,1965,0.461222
2020-10-28,2056,0.486075
2020-10-28,2147,0.511392
2020-10-28,2238,0.536912
2020-10-28,2329,0.562807
2020-10-28,2420,0.588275
2020-10-28,2511,0.613546
2020-10-28,2602,0.638639
2020-10-28,2693,0.663403
2020-10-28,2791,0.689145
2020-10-28,2882,0.711966
2020-10-28,2973,0.734163
2020-10-28,3064,0.755791
2020-10-28,3155,0.776318
2020-10-28,3246,0.795977
2020-10-28,3337,0.814839
2020-10-28,3428,0.83337
2020-10-28,3519,0.851204
2020-10-28,3610,0.868393
2020-10-29,7,0.106589
2020-10-29,18,0.127032
2020-10-29,46,0.187012
2020-10-29,82,0.211726
2020-10-29,110,0.212024
2020-10-29,137,0.211198
2020-10-29,172,0.210512
2020-10-29,228,0.208605
2020-10-29,319,0.205482
2020-10-29,410,0.203746
2020-10-29,501,0.209083
2020-10-29,592,0.219009
2020-10-29,690,0.228928
2020-10-29,781,0.237681
2020-10-29,865,0.247079
2020-10-29,963,0.258545
2020-10-29,1054,0.270783
2020-10-29,1145,0.284698
2020-10-29,1236,0.301037
2020-10-29,1327,0.319301
2020-10-29,1418,0.33912
2020-10-29,1509,0.360515
2020-10-29,1600,0.383507
2020-10-29,1691,0.407291
2020-10-29,1782,0.432262
2020-10-29,1873,0.458001
2020-10-29,1964,0.484636
2020-10-29,2055,0.511374
2020-10-29,2146,0.538631
2020-10-29,2237,0.566139
2020-10-29,2328,0.593866
2020-10-29,2419,0.621028
2020-10-29,2510,0.647869
2020-10-29,2601,0.674422
2020-10-29,2692,0.700718
2020-10-29,2790,0.727997
2020-10-29,2881,0.752151
2020-10-29,2972,0.7756
2020-10-29,3063,0.798405
2020-10-29,3154,0.82004
2020-10-29,3245,0.840744
2020-10-29,3336,0.860595
2020-10-29,3427,0.880062
2020-10-29,3518,0.898783
2020-10-29,3609,0.916815
2020-10-30,7,0.105068
2020-10-30,17,0.120535
2020-10-30,45,0.185891
2020-10-30,81,0.211408
2020-10-30,109,0.211791
2020-10-30,136,0.211005
2020-10-30,171,0.210354
2020-10-30,227,0.208477
2020-10-30,318,0.206832
2020-10-30,409,0.205918
2020-10-30,500,0.211792
2020-10-30,591,0.222098
2020-10-30,689,0.232312
2020-10-30,780,0.241273
2020-10-30,864,0.250825
2020-10-30,962,0.262954
2020-10-30,1053,0.275697
2020-10-30,1144,0.290039
2020-10-30,1235,0.306744
2020-10-30,1326,0.325673
2020-10-30,1417,0.346396
2020-10-30,1508,0.368283
2020-10-30,1599,0.391998
2020-10-30,1690,0.416701
2020-10-30,1781,0.442498
2020-10-30,1872,0.469228
2020-10-30,1963,0.496762
2020-10-30,2054,0.52432
2020-10-30,2145,0.552328
2020-10-30,2236,0.58073
2020-10-30,2327,0.609281
2020-10-30,2418,0.637205
2020-10-30,2509,0.664753
2020-10-30,2600,0.691964
2020-10-30,2691,0.718871
2020-10-30,2789,0.746764
2020-10-30,2880,0.771451
2020-10-30,2971,0.795399
2020-10-30,3062,0.818673
2020-10-30,3153,0.84075
2020-10-30,3244,0.861872
2020-10-30,3335,0.882117
2020-10-30,3426,0.901956
2020-10-30,3517,0.921031
2020-10-30,3608,0.939398
2020-11-02,7,0.105068
2020-11-02,17,0.120535
2020-11-02,45,0.185891
2020-11-02,81,0.211408
2020-11-02,109,0.211791
2020-11-02,136,0.211005
2020-11-02,171,0.210354
2020-11-02,227,0.208477
2020-11-02,318,0.206832
2020-11-02,409,0.205918
2020-11-02,500,0.211792
2020-11-02,591,0.222098
2020-11-02,689,0.232312
2020-11-02,780,0.241273
2020-11-02,864,0.250825
2020-11-02,962,0.262954
2020-11-02,1053,0.275697
2020-11-02,1144,0.290039
2020-11-02,1235,0.306744
2020-11-02,1326,0.325673
2020-11-02,1417,0.346396
2020-11-02,1508,0.368283
2020-11-02,1599,0.391998
2020-11-02,1690,0.416701
2020-11-02,1781,0.442498
2020-11-02,1872,0.469228
2020-11-02,1963,0.496762
2020-11-02,2054,0.52432
2020-11-02,2145,0.552328
2020-11-02,2236,0.58073
2020-11-02,2327,0.609281
2020-11-02,2418,0.637205
2020-11-02,2509,0.664753
2020-11-02,2600,0.691964
2020-11-02,2691,0.718871
2020-11-02,2789,0.746764
2020-11-02,2880,0.771451
2020-11-02,2971,0.795399
2020-11-02,3062,0.818673
2020-11-02,3153,0.84075
2020-11-02,3244,0.861872
2020-11-02,3335,0.882117
2020-11-02,3426,0.901956
2020-11-02,3517,0.921031
2020-11-02,3608,0.939398
2020-11-03,7,0.104936
2020-11-03,13,0.113962
2020-11-03,41,0.195375
2020-11-03,77,0.222522
2020-11-03,105,0.221308
2020-11-03,132,0.219588
2020-11-03,167,0.219248
2020-11-03,223,0.216376
2020-11-03,314,0.215357
2020-11-03,405,0.215935
2020-11-03,496,0.221877
2020-11-03,587,0.231475
2020-11-03,685,0.240408
2020-11-03,776,0.248465
2020-11-03,860,0.257359
2020-11-03,958,0.268352
2020-11-03,1049,0.280236
2020-11-03,1140,0.293862
2020-11-03,1231,0.309964
2020-11-03,1322,0.32838
2020-11-03,1413,0.348662
2020-11-03,1504,0.370164
2020-11-03,1595,0.393254
2020-11-03,1686,0.417674
2020-11-03,1777,0.44322
2020-11-03,1868,0.469727
2020-11-03,1959,0.497059
2020-11-03,2050,0.524433
2020-11-03,2141,0.552273
2020-11-03,2232,0.580522
2020-11-03,2323,0.608933
2020-11-03,2414,0.636726
2020-11-03,2505,0.664152
2020-11-03,2596,0.691248
2020-11-03,2687,0.718049
2020-11-03,2785,0.745833
2020-11-03,2876,0.770424
2020-11-03,2967,0.794281
2020-11-03,3058,0.817469
2020-11-03,3149,0.839463
2020-11-03,3240,0.860505
2020-11-03,3331,0.880673
2020-11-03,3422,0.90044
2020-11-03,3513,0.919445
2020-11-03,3604,0.937745
2020-11-04,7,0.103547
2020-11-04,12,0.11104
2020-11-04,40,0.196533
2020-11-04,76,0.221089
2020-11-04,104,0.218884
2020-11-04,131,0.216606
2020-11-04,166,0.214755
2020-11-04,222,0.210447
2020-11-04,313,0.208203
2020-11-04,404,0.205828
2020-11-04,495,0.209915
2020-11-04,586,0.217453
2020-11-04,684,0.224053
2020-11-04,775,0.229878
2020-11-04,859,0.236636
2020-11-04,957,0.245095
2020-11-04,1048,0.254613
2020-11-04,1139,0.265442
2020-11-04,1230,0.278416
2020-11-04,1321,0.292741
2020-11-04,1412,0.308809
2020-11-04,1503,0.326303
2020-11-04,1594,0.345556
2020-11-04,1685,0.366009
2020-11-04,1776,0.387737
2020-11-04,1867,0.410306
2020-11-04,1958,0.433832
2020-11-04,2049,0.45774
2020-11-04,2140,0.48241
2020-11-04,2231,0.507336
2020-11-04,2322,0.532488
2020-11-04,2413,0.557267
2020-11-04,2504,0.581899
2020-11-04,2595,0.606044
2020-11-04,2686,0.630093
2020-11-04,2784,0.655117
2020-11-04,2875,0.677312
2020-11-04,2966,0.698919
2020-11-04,3057,0.719992
2020-11-04,3148,0.739993
2020-11-04,3239,0.759154
2020-11-04,3330,0.777543
2020-11-04,3421,0.795626
2020-11-04,3512,0.813034
2020-11-04,3603,0.829818
2020-11-05,7,0.106204
2020-11-05,11,0.110061
2020-11-05,39,0.192991
2020-11-05,75,0.214709
2020-11-05,103,0.212839
2020-11-05,130,0.210746
2020-11-05,165,0.210127
2020-11-05,221,0.206972
2020-11-05,312,0.205734
2020-11-05,403,0.205055
2020-11-05,494,0.209293
2020-11-05,585,0.220093
2020-11-05,683,0.229231
2020-11-05,774,0.236837
2020-11-05,858,0.244906
2020-11-05,956,0.254603
2020-11-05,1047,0.264624
2020-11-05,1138,0.275877
2020-11-05,1229,0.289213
2020-11-05,1320,0.303852
2020-11-05,1411,0.320195
2020-11-05,1502,0.337931
2020-11-05,1593,0.357399
2020-11-05,1684,0.378045
2020-11-05,1775,0.399686
2020-11-05,1866,0.422177
2020-11-05,1957,0.445635
2020-11-05,2048,0.469479
2020-11-05,2139,0.493876
2020-11-05,2230,0.518552
2020-11-05,2321,0.543473
2020-11-05,2412,0.568039
2020-11-05,2503,0.592289
2020-11-05,2594,0.616078
2020-11-05,2685,0.639796
2020-11-05,2783,0.664488
2020-11-05,2874,0.686393
2020-11-05,2965,0.707729
2020-11-05,3056,0.728547
2020-11-05,3147,0.748307
2020-11-05,3238,0.76724
2020-11-05,3329,0.785414
2020-11-05,3420,0.803293
2020-11-05,3511,0.820507
2020-11-05,3602,0.837106
2020-11-06,7,0.103923
2020-11-06,10,0.107261
2020-11-06,38,0.190702
2020-11-06,74,0.211361
2020-11-06,102,0.210392
2020-11-06,129,0.208795
2020-11-06,164,0.207507
2020-11-06,220,0.206295
2020-11-06,311,0.205251
2020-11-06,402,0.204679
2020-11-06,493,0.20993
2020-11-06,584,0.221439
2020-11-06,682,0.231853
2020-11-06,773,0.240352
2020-11-06,857,0.249576
2020-11-06,955,0.260882
2020-11-06,1046,0.272129
2020-11-06,1137,0.284818
2020-11-06,1228,0.299754
2020-11-06,1319,0.316122
2020-11-06,1410,0.333971
2020-11-06,1501,0.353339
2020-11-06,1592,0.374253
2020-11-06,1683,0.396188
2020-11-06,1774,0.419247
2020-11-06,1865,0.443017
2020-11-06,1956,0.467634
2020-11-06,2047,0.492536
2020-11-06,2138,0.518115
2020-11-06,2229,0.543876
2020-11-06,2320,0.569797
2020-11-06,2411,0.595287
2020-11-06,2502,0.620393
2020-11-06,2593,0.644979
2020-11-06,2684,0.669439
2020-11-06,2782,0.694875
2020-11-06,2873,0.717425
2020-11-06,2964,0.739367
2020-11-06,3055,0.760754
2020-11-06,3146,0.781049
2020-11-06,3237,0.800488
2020-11-06,3328,0.819139
2020-11-06,3419,0.83747
2020-11-06,3510,0.855112
2020-11-06,3601,0.872118
2020-11-09,7,0.103294
2020-11-09,30,0.131677
2020-11-09,35,0.138235
2020-11-09,71,0.18894
2020-11-09,99,0.195716
2020-11-09,126,0.198312
2020-11-09,161,0.202584
2020-11-09,217,0.206549
2020-11-09,308,0.209911
2020-11-09,399,0.212895
2020-11-09,490,0.220416
2020-11-09,581,0.235895
2020-11-09,679,0.250117
2020-11-09,770,0.261879
2020-11-09,854,0.274
2020-11-09,952,0.288562
2020-11-09,1043,0.303612
2020-11-09,1134,0.320716
2020-11-09,1225,0.340167
2020-11-09,1316,0.361829
2020-11-09,1407,0.38527
2020-11-09,1498,0.410475
2020-11-09,1589,0.436848
2020-11-09,1680,0.464201
2020-11-09,1771,0.492639
2020-11-09,1862,0.521758
2020-11-09,1953,0.551461
2020-11-09,2044,0.581444
2020-11-09,2135,0.611672
2020-11-09,2226,0.641907
2020-11-09,2317,0.672148
2020-11-09,2408,0.701821
2020-11-09,2499,0.730988
2020-11-09,2590,0.759526
2020-11-09,2681,0.787669
2020-11-09,2779,0.816797
2020-11-09,2870,0.842711
2020-11-09,2961,0.867808
2020-11-09,3052,0.892162
2020-11-09,3143,0.915251
2020-11-09,3234,0.937325
2020-11-09,3325,0.958467
2020-11-09,3416,0.979155
2020-11-09,3507,0.999031
2020-11-09,3598,1.018157
2020-11-10,7,0.107978
2020-11-10,30,0.142068
2020-11-10,34,0.146235
2020-11-10,70,0.196156
2020-11-10,98,0.203836
2020-11-10,125,0.206889
2020-11-10,160,0.21042
2020-11-10,216,0.213686
2020-11-10,307,0.214943
2020-11-10,398,0.215625
2020-11-10,489,0.222654
2020-11-10,580,0.238604
2020-11-10,678,0.253187
2020-11-10,769,0.2658
2020-11-10,853,0.278546
2020-11-10,951,0.293699
2020-11-10,1042,0.309641
2020-11-10,1133,0.327089
2020-11-10,1224,0.347211
2020-11-10,1315,0.369453
2020-11-10,1406,0.3934
2020-11-10,1497,0.418742
2020-11-10,1588,0.445528
2020-11-10,1679,0.473523
2020-11-10,1770,0.502278
2020-11-10,1861,0.531683
2020-11-10,1952,0.561881
2020-11-10,2043,0.592315
2020-11-10,2134,0.622955
2020-11-10,2225,0.653569
2020-11-10,2316,0.684357
2020-11-10,2407,0.714536
2020-11-10,2498,0.744172
2020-11-10,2589,0.773144
2020-11-10,2680,0.801692
2020-11-10,2778,0.831226
2020-11-10,2869,0.857653
2020-11-10,2960,0.883231
2020-11-10,3051,0.908035
2020-11-10,3142,0.931549
2020-11-10,3233,0.954024
2020-11-10,3324,0.975544
2020-11-10,3415,0.99659
2020-11-10,3506,1.016806
2020-11-10,3597,1.036254
2020-11-11,7,0.10228
2020-11-11,30,0.143335
2020-11-11,33,0.146583
2020-11-11,69,0.207623
2020-11-11,97,0.214999
2020-11-11,124,0.217853
2020-11-11,159,0.220108
2020-11-11,215,0.222186
2020-11-11,306,0.222426
2020-11-11,397,0.222556
2020-11-11,488,0.229251
2020-11-11,579,0.244192
2020-11-11,677,0.257988
2020-11-11,768,0.270048
2020-11-11,852,0.281891
2020-11-11,950,0.29567
2020-11-11,1041,0.310127
2020-11-11,1132,0.325923
2020-11-11,1223,0.344266
2020-11-11,1314,0.364625
2020-11-11,1405,0.386608
2020-11-11,1496,0.410226
2020-11-11,1587,0.435197
2020-11-11,1678,0.4613
2020-11-11,1769,0.488359
2020-11-11,1860,0.516234
2020-11-11,1951,0.544811
2020-11-11,2042,0.573768
2020-11-11,2133,0.603058
2020-11-11,2224,0.632432
2020-11-11,2315,0.66188
2020-11-11,2406,0.69082
2020-11-11,2497,0.719308
2020-11-11,2588,0.747212
2020-11-11,2679,0.774765
2020-11-11,2777,0.803301
2020-11-11,2868,0.82886
2020-11-11,2959,0.853624
2020-11-11,3050,0.877664
2020-11-11,3141,0.900457
2020-11-11,3232,0.92225
2020-11-11,3323,0.943126
2020-11-11,3414,0.963563
2020-11-11,3505,0.9832
2020-11-11,3596,1.002099
2020-11-12,7,0.102787
2020-11-12,30,0.142828
2020-11-12,32,0.145018
2020-11-12,68,0.199735
2020-11-12,96,0.205053
2020-11-12,123,0.206776
2020-11-12,158,0.209254
2020-11-12,214,0.211529
2020-11-12,305,0.211926
2020-11-12,396,0.213305
2020-11-12,487,0.220796
2020-11-12,578,0.236296
2020-11-12,676,0.249789
2020-11-12,767,0.261035
2020-11-12,851,0.271782
2020-11-12,949,0.284004
2020-11-12,1040,0.296395
2020-11-12,1131,0.31005
2020-11-12,1222,0.325443
2020-11-12,1313,0.342562
2020-11-12,1404,0.361398
2020-11-12,1495,0.381946
2020-11-12,1586,0.403911
2020-11-12,1677,0.426786
2020-11-12,1768,0.450691
2020-11-12,1859,0.475475
2020-11-12,1950,0.501013
2020-11-12,2041,0.526979
2020-11-12,2132,0.553318
2020-11-12,2223,0.579776
2020-11-12,2314,0.60634
2020-11-12,2405,0.632615
2020-11-12,2496,0.658631
2020-11-12,2587,0.684239
2020-11-12,2678,0.709652
2020-11-12,2776,0.73604
2020-11-12,2867,0.759736
2020-11-12,2958,0.782752
2020-11-12,3049,0.805147
2020-11-12,3140,0.82639
2020-11-12,3231,0.846721
2020-11-12,3322,0.866215
2020-11-12,3413,0.885343
2020-11-12,3504,0.903739
2020-11-12,3595,0.92146
2020-11-13,7,0.106082
2020-11-13,30,0.138266
2020-11-13,31,0.139333
2020-11-13,67,0.200644
2020-11-13,95,0.207244
2020-11-13,122,0.209618
2020-11-13,157,0.212608
2020-11-13,185,0.214186
2020-11-13,213,0.21535
2020-11-13,304,0.216121
2020-11-13,395,0.217704
2020-11-13,486,0.225335
2020-11-13,577,0.240945
2020-11-13,675,0.254518
2020-11-13,766,0.265819
2020-11-13,850,0.276606
2020-11-13,948,0.288867
2020-11-13,1039,0.301286
2020-11-13,1130,0.314968
2020-11-13,1221,0.330761
2020-11-13,1312,0.348226
2020-11-13,1403,0.367365
2020-11-13,1494,0.38818
2020-11-13,1585,0.410382
2020-11-13,1676,0.433743
2020-11-13,1767,0.458085
2020-11-13,1858,0.483263
2020-11-13,1949,0.509159
2020-11-13,2040,0.535451
2020-11-13,2131,0.562088
2020-11-13,2222,0.58882
2020-11-13,2313,0.615636
2020-11-13,2404,0.642144
2020-11-13,2495,0.668376
2020-11-13,2586,0.694184
2020-11-13,2677,0.719783
2020-11-13,2775,0.746358
2020-11-13,2866,0.770216
2020-11-13,2957,0.793383
2020-11-13,3048,0.81592
2020-11-13,3139,0.837297
2020-11-13,3230,0.857754
2020-11-13,3321,0.877367
2020-11-13,3412,0.896607
2020-11-13,3503,0.915109
2020-11-13,3594,0.93293
2020-11-16,7,0.102148
2020-11-16,28,0.141716
2020-11-16,64,0.20171
2020-11-16,92,0.208201
2020-11-16,119,0.210417
2020-11-16,154,0.212132
2020-11-16,182,0.21303
2020-11-16,210,0.213688
2020-11-16,301,0.213438
2020-11-16,392,0.21448
2020-11-16,483,0.221811
2020-11-16,574,0.237259
2020-11-16,672,0.25143
2020-11-16,763,0.263747
2020-11-16,847,0.27528
2020-11-16,945,0.288242
2020-11-16,1036,0.301643
2020-11-16,1127,0.31615
2020-11-16,1218,0.33265
2020-11-16,1309,0.35108
2020-11-16,1400,0.371061
2020-11-16,1491,0.392619
2020-11-16,1582,0.415771
2020-11-16,1673,0.439982
2020-11-16,1764,0.465087
2020-11-16,1855,0.490955
2020-11-16,1946,0.517713
2020-11-16,2037,0.544791
2020-11-16,2128,0.572147
2020-11-16,2219,0.599539
2020-11-16,2310,0.627162
2020-11-16,2401,0.654415
2020-11-16,2492,0.681337
2020-11-16,2583,0.707787
2020-11-16,2674,0.733983
2020-11-16,2772,0.761156
2020-11-16,2863,0.785532
2020-11-16,2954,0.809184
2020-11-16,3045,0.832176
2020-11-16,3136,0.853981
2020-11-16,3227,0.874841
2020-11-16,3318,0.894834
2020-11-16,3409,0.914433
2020-11-16,3500,0.933275
2020-11-16,3591,0.951419
2020-11-17,7,0.103416
2020-11-17,27,0.145286
2020-11-17,63,0.205641
2020-11-17,91,0.210993
2020-11-17,118,0.212589
2020-11-17,153,0.213819
2020-11-17,181,0.214461
2020-11-17,209,0.21493
2020-11-17,300,0.214302
2020-11-17,391,0.215146
2020-11-17,482,0.222367
2020-11-17,573,0.236948
2020-11-17,671,0.249707
2020-11-17,762,0.260431
2020-11-17,846,0.270296
2020-11-17,944,0.281686
2020-11-17,1035,0.293449
2020-11-17,1126,0.306176
2020-11-17,1217,0.320786
2020-11-17,1308,0.337237
2020-11-17,1399,0.3555
2020-11-17,1490,0.37555
2020-11-17,1581,0.397078
2020-11-17,1672,0.419568
2020-11-17,1763,0.44313
2020-11-17,1854,0.467607
2020-11-17,1945,0.493106
2020-11-17,2036,0.518811
2020-11-17,2127,0.544912
2020-11-17,2218,0.571153
2020-11-17,2309,0.597716
2020-11-17,2400,0.623798
2020-11-17,2491,0.649635
2020-11-17,2582,0.675075
2020-11-17,2673,0.700331
2020-11-17,2771,0.726561
2020-11-17,2862,0.750119
2020-11-17,2953,0.773002
2020-11-17,3044,0.795273
2020-11-17,3135,0.816397
2020-11-17,3226,0.836614
2020-11-17,3317,0.855999
2020-11-17,3408,0.875023
2020-11-17,3499,0.89332
2020-11-17,3590,0.910945
2020-11-18,7,0.104308
2020-11-18,26,0.140836
2020-11-18,62,0.207691
2020-11-18,90,0.214042
2020-11-18,117,0.214948
2020-11-18,152,0.216809
2020-11-18,180,0.21699
2020-11-18,208,0.217121
2020-11-18,299,0.217366
2020-11-18,390,0.217497
2020-11-18,481,0.224288
2020-11-18,572,0.236978
2020-11-18,670,0.24901
2020-11-18,761,0.259832
2020-11-18,845,0.270271
2020-11-18,943,0.282729
2020-11-18,1034,0.295303
2020-11-18,1125,0.30912
2020-11-18,1216,0.325037
2020-11-18,1307,0.342615
2020-11-18,1398,0.361858
2020-11-18,1489,0.38277
2020-11-18,1580,0.405353
2020-11-18,1671,0.428783
2020-11-18,1762,0.453189
2020-11-18,1853,0.478179
2020-11-18,1944,0.504143
2020-11-18,2035,0.530271
2020-11-18,2126,0.55676
2020-11-18,2217,0.583356
2020-11-18,2308,0.610047
2020-11-18,2399,0.636247
2020-11-18,2490,0.662193
2020-11-18,2581,0.687735
2020-11-18,2672,0.713086
2020-11-18,2770,0.73941
2020-11-18,2861,0.763049
2020-11-18,2952,0.786009
2020-11-18,3043,0.80835
2020-11-18,3134,0.829541
2020-11-18,3225,0.849821
2020-11-18,3316,0.869266
2020-11-18,3407,0.888345
2020-11-18,3498,0.906695
2020-11-18,3589,0.924371
2020-11-19,7,0.104308
2020-11-19,25,0.13812
2020-11-19,61,0.204682
2020-11-19,89,0.210457
2020-11-19,116,0.211025
2020-11-19,151,0.212634
2020-11-19,179,0.212675
2020-11-19,207,0.212705
2020-11-19,298,0.212753
2020-11-19,389,0.213963
2020-11-19,480,0.221438
2020-11-19,571,0.233797
2020-11-19,669,0.245571
2020-11-19,760,0.256212
2020-11-19,844,0.267024
2020-11-19,942,0.278779
2020-11-19,1033,0.290821
2020-11-19,1124,0.304194
2020-11-19,1215,0.319355
2020-11-19,1306,0.336284
2020-11-19,1397,0.354964
2020-11-19,1488,0.375384
2020-11-19,1579,0.397241
2020-11-19,1670,0.419748
2020-11-19,1761,0.443328
2020-11-19,1852,0.467573
2020-11-19,1943,0.492626
2020-11-19,2034,0.517926
2020-11-19,2125,0.543657
2020-11-19,2216,0.56935
2020-11-19,2307,0.59521
2020-11-19,2398,0.620641
2020-11-19,2489,0.645875
2020-11-19,2580,0.670755
2020-11-19,2671,0.695317
2020-11-19,2769,0.72085
2020-11-19,2860,0.743801
2020-11-19,2951,0.766117
2020-11-19,3042,0.787852
2020-11-19,3133,0.808472
2020-11-19,3224,0.828213
2020-11-19,3315,0.847147
2020-11-19,3406,0.865744
2020-11-19,3497,0.883636
2020-11-19,3588,0.900876
2020-11-20,7,0.097971
2020-11-20,24,0.138058
2020-11-20,60,0.205767
2020-11-20,88,0.211262
2020-11-20,115,0.211646
2020-11-20,150,0.21312
2020-11-20,178,0.213086
2020-11-20,206,0.21306
2020-11-20,297,0.211446
2020-11-20,388,0.211778
2020-11-20,479,0.218721
2020-11-20,570,0.230727
2020-11-20,668,0.242969
2020-11-20,759,0.253329
2020-11-20,843,0.263432
2020-11-20,941,0.275046
2020-11-20,1032,0.286982
2020-11-20,1123,0.300267
2020-11-20,1214,0.315356
2020-11-20,1305,0.332224
2020-11-20,1396,0.350522
2020-11-20,1487,0.370608
2020-11-20,1578,0.39217
2020-11-20,1669,0.414416
2020-11-20,1760,0.4375
2020-11-20,1851,0.461299
2020-11-20,1942,0.485948
2020-11-20,2033,0.51088
2020-11-20,2124,0.536059
2020-11-20,2215,0.561245
2020-11-20,2306,0.586638
2020-11-20,2397,0.611638
2020-11-20,2488,0.636288
2020-11-20,2579,0.660624
2020-11-20,2670,0.684679
2020-11-20,2768,0.709704
2020-11-20,2859,0.732215
2020-11-20,2950,0.754116
2020-11-20,3041,0.775462
2020-11-20,3132,0.795714
2020-11-20,3223,0.815108
2020-11-20,3314,0.833715
2020-11-20,3405,0.852001
2020-11-20,3496,0.869599
2020-11-20,3587,0.88656
2020-11-23,7,0.102655
2020-11-23,21,0.132816
2020-11-23,57,0.205799
2020-11-23,85,0.211477
2020-11-23,112,0.21182
2020-11-23,147,0.213283
2020-11-23,175,0.213222
2020-11-23,203,0.213177
2020-11-23,294,0.213079
2020-11-23,385,0.214225
2020-11-23,476,0.221713
2020-11-23,567,0.233302
2020-11-23,665,0.245219
2020-11-23,756,0.255959
2020-11-23,840,0.266848
2020-11-23,938,0.279201
2020-11-23,1029,0.2917
2020-11-23,1120,0.30546
2020-11-23,1211,0.321338
2020-11-23,1302,0.338888
2020-11-23,1393,0.358113
2020-11-23,1484,0.379015
2020-11-23,1575,0.401302
2020-11-23,1666,0.424471
2020-11-23,1757,0.448646
2020-11-23,1848,0.473428
2020-11-23,1939,0.49897
2020-11-23,2030,0.524715
2020-11-23,2121,0.550854
2020-11-23,2212,0.576922
2020-11-23,2303,0.603126
2020-11-23,2394,0.628875
2020-11-23,2485,0.654219
2020-11-23,2576,0.6792
2020-11-23,2667,0.703855
2020-11-23,2765,0.72948
2020-11-23,2856,0.752511
2020-11-23,2947,0.774899
2020-11-23,3038,0.796703
2020-11-23,3129,0.817385
2020-11-23,3220,0.837184
2020-11-23,3311,0.856172
2020-11-23,3402,0.87482
2020-11-23,3493,0.892759
2020-11-23,3584,0.910043
2020-11-24,7,0.09645
2020-11-24,20,0.123879
2020-11-24,56,0.207168
2020-11-24,84,0.214147
2020-11-24,111,0.215077
2020-11-24,146,0.215769
2020-11-24,174,0.215307
2020-11-24,202,0.214973
2020-11-24,293,0.214317
2020-11-24,384,0.215172
2020-11-24,475,0.222495
2020-11-24,566,0.235607
2020-11-24,664,0.24795
2020-11-24,755,0.258375
2020-11-24,839,0.269035
2020-11-24,937,0.281172
2020-11-24,1028,0.293958
2020-11-24,1119,0.307958
2020-11-24,1210,0.324422
2020-11-24,1301,0.342478
2020-11-24,1392,0.362144
2020-11-24,1483,0.383434
2020-11-24,1574,0.406357
2020-11-24,1665,0.430093
2020-11-24,1756,0.454777
2020-11-24,1847,0.480268
2020-11-24,1938,0.506689
2020-11-24,2029,0.533234
2020-11-24,2120,0.560104
2020-11-24,2211,0.587051
2020-11-24,2302,0.614065
2020-11-24,2393,0.640562
2020-11-24,2484,0.666783
2020-11-24,2575,0.69258
2020-11-24,2666,0.717994
2020-11-24,2764,0.74438
2020-11-24,2855,0.768072
2020-11-24,2946,0.791079
2020-11-24,3037,0.813464
2020-11-24,3128,0.834694
2020-11-24,3219,0.855009
2020-11-24,3310,0.874485
2020-11-24,3401,0.893594
2020-11-24,3492,0.91197
2020-11-24,3583,0.929669
2020-11-25,7,0.096319
2020-11-25,19,0.123028
2020-11-25,55,0.210048
2020-11-25,83,0.216139
2020-11-25,110,0.216588
2020-11-25,145,0.21692
2020-11-25,173,0.216269
2020-11-25,201,0.2158
2020-11-25,292,0.214884
2020-11-25,383,0.215607
2020-11-25,474,0.222861
2020-11-25,565,0.235122
2020-11-25,663,0.246807
2020-11-25,754,0.256772
2020-11-25,838,0.26659
2020-11-25,936,0.277935
2020-11-25,1027,0.290123
2020-11-25,1118,0.304036
2020-11-25,1209,0.320428
2020-11-25,1300,0.338068
2020-11-25,1391,0.357375
2020-11-25,1482,0.37835
2020-11-25,1573,0.400997
2020-11-25,1664,0.424487
2020-11-25,1755,0.448951
2020-11-25,1846,0.474244
2020-11-25,1937,0.500487
2020-11-25,2028,0.52687
2020-11-25,2119,0.553592
2020-11-25,2210,0.580403
2020-11-25,2301,0.607292
2020-11-25,2392,0.633673
2020-11-25,2483,0.659787
2020-11-25,2574,0.685483
2020-11-25,2665,0.710805
2020-11-25,2763,0.737097
2020-11-25,2854,0.760707
2020-11-25,2945,0.783638
2020-11-25,3036,0.805951
2020-11-25,3127,0.827112
2020-11-25,3218,0.847362
2020-11-25,3309,0.866776
2020-11-25,3400,0.885827
2020-11-25,3491,0.904147
2020-11-25,3582,0.921794
2020-11-27,7,0.094169
2020-11-27,17,0.121439
2020-11-27,53,0.2111
2020-11-27,81,0.215226
2020-11-27,108,0.214645
2020-11-27,143,0.214217
2020-11-27,171,0.213171
2020-11-27,199,0.212419
2020-11-27,290,0.210968
2020-11-27,381,0.21142
2020-11-27,472,0.218535
2020-11-27,563,0.229901
2020-11-27,661,0.240893
2020-11-27,752,0.250375
2020-11-27,836,0.259841
2020-11-27,934,0.270856
2020-11-27,1025,0.282797
2020-11-27,1116,0.296093
2020-11-27,1207,0.311584
2020-11-27,1298,0.328453
2020-11-27,1389,0.346759
2020-11-27,1480,0.366548
2020-11-27,1571,0.387856
2020-11-27,1662,0.409878
2020-11-27,1753,0.433027
2020-11-27,1844,0.456887
2020-11-27,1935,0.481833
2020-11-27,2026,0.506809
2020-11-27,2117,0.532028
2020-11-27,2208,0.557461
2020-11-27,2299,0.583081
2020-11-27,2390,0.608097
2020-11-27,2481,0.63276
2020-11-27,2572,0.657109
2020-11-27,2663,0.681175
2020-11-27,2761,0.706208
2020-11-27,2852,0.728725
2020-11-27,2943,0.75063
2020-11-27,3034,0.771978
2020-11-27,3125,0.79223
2020-11-27,3216,0.811622
2020-11-27,3307,0.830225
2020-11-27,3398,0.848507
2020-11-27,3489,0.8661
2020-11-27,3580,0.883054
2020-11-30,7,0.097079
2020-11-30,14,0.114859
2020-11-30,50,0.214638
2020-11-30,78,0.217653
2020-11-30,105,0.216431
2020-11-30,140,0.215547
2020-11-30,168,0.214261
2020-11-30,196,0.213342
2020-11-30,287,0.211583
2020-11-30,378,0.21189
2020-11-30,469,0.217977
2020-11-30,560,0.221262
2020-11-30,658,0.225292
2020-11-30,749,0.229937
2020-11-30,833,0.237412
2020-11-30,931,0.245492
2020-11-30,1022,0.256118
2020-11-30,1113,0.270804
2020-11-30,1204,0.287479
2020-11-30,1295,0.305725
2020-11-30,1386,0.325231
2020-11-30,1477,0.346387
2020-11-30,1568,0.369199
2020-11-30,1659,0.392561
2020-11-30,1750,0.416914
2020-11-30,1841,0.442109
2020-11-30,1932,0.468028
2020-11-30,2023,0.493889
2020-11-30,2114,0.520136
2020-11-30,2205,0.54672
2020-11-30,2296,0.5734
2020-11-30,2387,0.599394
2020-11-30,2478,0.624964
2020-11-30,2569,0.650155
2020-11-30,2660,0.675004
2020-11-30,2758,0.700822
2020-11-30,2849,0.724018
2020-11-30,2940,0.74656
2020-11-30,3031,0.768507
2020-11-30,3122,0.789321
2020-11-30,3213,0.809243
2020-11-30,3304,0.828345
2020-11-30,3395,0.8471
2020-11-30,3486,0.86514
2020-11-30,3577,0.882519
2020-12-01,7,0.10228
2020-12-01,13,0.114128
2020-12-01,49,0.21648
2020-12-01,77,0.220707
2020-12-01,104,0.219996
2020-12-01,139,0.218208
2020-12-01,167,0.216468
2020-12-01,195,0.215228
2020-12-01,286,0.212862
2020-12-01,377,0.214085
2020-12-01,468,0.222713
2020-12-01,559,0.227707
2020-12-01,657,0.233805
2020-12-01,748,0.240502
2020-12-01,832,0.250499
2020-12-01,930,0.260945
2020-12-01,1021,0.273815
2020-12-01,1112,0.290795
2020-12-01,1203,0.309802
2020-12-01,1294,0.330408
2020-12-01,1385,0.352297
2020-12-01,1476,0.375854
2020-12-01,1567,0.40079
2020-12-01,1658,0.426597
2020-12-01,1749,0.453404
2020-12-01,1840,0.48106
2020-12-01,1931,0.509446
2020-12-01,2022,0.537779
2020-12-01,2113,0.566284
2020-12-01,2204,0.595148
2020-12-01,2295,0.624127
2020-12-01,2386,0.652438
2020-12-01,2477,0.680153
2020-12-01,2568,0.707515
2020-12-01,2659,0.734387
2020-12-01,2757,0.762231
2020-12-01,2848,0.787185
2020-12-01,2939,0.811376
2020-12-01,3030,0.834871
2020-12-01,3121,0.857144
2020-12-01,3212,0.878441
2020-12-01,3303,0.898843
2020-12-01,3394,0.918827
2020-12-01,3485,0.938031
2020-12-01,3576,0.956515
2020-12-02,7,0.104683
2020-12-02,12,0.115006
2020-12-02,48,0.21313
2020-12-02,76,0.21678
2020-12-02,103,0.214434
2020-12-02,138,0.212758
2020-12-02,166,0.211072
2020-12-02,194,0.209873
2020-12-02,285,0.207591
2020-12-02,376,0.208866
2020-12-02,467,0.21853
2020-12-02,558,0.224215
2020-12-02,656,0.230843
2020-12-02,747,0.237293
2020-12-02,831,0.247627
2020-12-02,929,0.258387
2020-12-02,1020,0.271046
2020-12-02,1111,0.289098
2020-12-02,1202,0.309016
2020-12-02,1293,0.330405
2020-12-02,1384,0.353308
2020-12-02,1475,0.377756
2020-12-02,1566,0.403479
2020-12-02,1657,0.429987
2020-12-02,1748,0.457423
2020-12-02,1839,0.485646
2020-12-02,1930,0.514545
2020-12-02,2021,0.543573
2020-12-02,2112,0.572713
2020-12-02,2203,0.60216
2020-12-02,2294,0.631675
2020-12-02,2385,0.660481
2020-12-02,2476,0.688654
2020-12-02,2567,0.716441
2020-12-02,2658,0.743882
2020-12-02,2756,0.772297
2020-12-02,2847,0.797745
2020-12-02,2938,0.822399
2020-12-02,3029,0.846329
2020-12-02,3120,0.869012
2020-12-02,3211,0.890694
2020-12-02,3302,0.91146
2020-12-02,3393,0.931789
2020-12-02,3484,0.951319
2020-12-02,3575,0.970113
2020-12-03,7,0.104815
2020-12-03,11,0.113156
2020-12-03,47,0.210903
2020-12-03,75,0.211648
2020-12-03,102,0.207954
2020-12-03,137,0.206627
2020-12-03,165,0.204251
2020-12-03,193,0.202564
2020-12-03,284,0.200993
2020-12-03,375,0.202643
2020-12-03,466,0.212553
2020-12-03,557,0.218398
2020-12-03,655,0.225148
2020-12-03,746,0.232302
2020-12-03,830,0.24264
2020-12-03,928,0.252868
2020-12-03,1019,0.264677
2020-12-03,1110,0.282436
2020-12-03,1201,0.301725
2020-12-03,1292,0.322575
2020-12-03,1383,0.344678
2020-12-03,1474,0.368113
2020-12-03,1565,0.392942
2020-12-03,1656,0.418656
2020-12-03,1747,0.445379
2020-12-03,1838,0.472712
2020-12-03,1929,0.500805
2020-12-03,2020,0.529101
2020-12-03,2111,0.557571
2020-12-03,2202,0.586404
2020-12-03,2293,0.615354
2020-12-03,2384,0.643638
2020-12-03,2475,0.671327
2020-12-03,2566,0.698665
2020-12-03,2657,0.725687
2020-12-03,2755,0.753682
2020-12-03,2846,0.778766
2020-12-03,2937,0.803077
2020-12-03,3028,0.826686
2020-12-03,3119,0.849064
2020-12-03,3210,0.87046
2020-12-03,3301,0.890955
2020-12-03,3392,0.911027
2020-12-03,3483,0.930315
2020-12-03,3574,0.948877
2020-12-04,7,0.09645
2020-12-04,10,0.103625
2020-12-04,46,0.216906
2020-12-04,74,0.217308
2020-12-04,101,0.213419
2020-12-04,136,0.21198
2020-12-04,164,0.209541
2020-12-04,192,0.207813
2020-12-04,283,0.204548
2020-12-04,374,0.205338
2020-12-04,465,0.214742
2020-12-04,556,0.219409
2020-12-04,654,0.22526
2020-12-04,745,0.23179
2020-12-04,829,0.242193
2020-12-04,927,0.25248
2020-12-04,1018,0.264787
2020-12-04,1109,0.286293
2020-12-04,1200,0.309144
2020-12-04,1291,0.333055
2020-12-04,1382,0.358149
2020-12-04,1473,0.384519
2020-12-04,1564,0.412236
2020-12-04,1655,0.44052
2020-12-04,1746,0.469546
2020-12-04,1837,0.499454
2020-12-04,1928,0.530117
2020-12-04,2019,0.560751
2020-12-04,2110,0.591357
2020-12-04,2201,0.622148
2020-12-04,2292,0.653103
2020-12-04,2383,0.683429
2020-12-04,2474,0.713196
2020-12-04,2565,0.742464
2020-12-04,2656,0.771283
2020-12-04,2754,0.801079
2020-12-04,2845,0.827723
2020-12-04,2936,0.853499
2020-12-04,3027,0.878484
2020-12-04,3118,0.902157
2020-12-04,3209,0.924775
2020-12-04,3300,0.946423
2020-12-04,3391,0.967587
2020-12-04,3482,0.987908
2020-12-04,3573,1.007451
2020-12-07,7,0.099107
2020-12-07,31,0.147765
2020-12-07,43,0.161886
2020-12-07,71,0.184003
2020-12-07,98,0.189172
2020-12-07,133,0.192747
2020-12-07,161,0.192726
2020-12-07,189,0.192711
2020-12-07,280,0.194319
2020-12-07,371,0.196381
2020-12-07,462,0.205615
2020-12-07,553,0.209308
2020-12-07,651,0.214418
2020-12-07,742,0.220441
2020-12-07,826,0.22946
2020-12-07,924,0.237907
2020-12-07,1015,0.248379
2020-12-07,1106,0.268377
2020-12-07,1197,0.289184
2020-12-07,1288,0.311342
2020-12-07,1379,0.334584
2020-12-07,1470,0.359334
2020-12-07,1561,0.385328
2020-12-07,1652,0.411803
2020-12-07,1743,0.43921
2020-12-07,1834,0.46741
2020-12-07,1925,0.496529
2020-12-07,2016,0.525758
2020-12-07,2107,0.5553
2020-12-07,2198,0.584907
2020-12-07,2289,0.61457
2020-12-07,2380,0.643704
2020-12-07,2471,0.672552
2020-12-07,2562,0.700966
2020-12-07,2653,0.728989
2020-12-07,2751,0.757986
2020-12-07,2842,0.783937
2020-12-07,2933,0.809061
2020-12-07,3024,0.833433
2020-12-07,3115,0.856528
2020-12-07,3206,0.878599
2020-12-07,3297,0.89973
2020-12-07,3388,0.920404
2020-12-07,3479,0.94026
2020-12-07,3570,0.959362
2020-12-08,7,0.10811
2020-12-08,31,0.150806
2020-12-08,42,0.165819
2020-12-08,70,0.188706
2020-12-08,97,0.192619
2020-12-08,132,0.196651
2020-12-08,160,0.196833
2020-12-08,188,0.196961
2020-12-08,279,0.198842
2020-12-08,370,0.201043
2020-12-08,461,0.210377
2020-12-08,552,0.214127
2020-12-08,650,0.218519
2020-12-08,741,0.224046
2020-12-08,825,0.233224
2020-12-08,923,0.241819
2020-12-08,1014,0.25195
2020-12-08,1105,0.270838
2020-12-08,1196,0.290704
2020-12-08,1287,0.311699
2020-12-08,1378,0.333931
2020-12-08,1469,0.357485
2020-12-08,1560,0.382423
2020-12-08,1651,0.407958
2020-12-08,1742,0.434261
2020-12-08,1833,0.461216
2020-12-08,1924,0.489209
2020-12-08,2015,0.517413
2020-12-08,2106,0.546019
2020-12-08,2197,0.574768
2020-12-08,2288,0.603642
2020-12-08,2379,0.632046
2020-12-08,2470,0.660218
2020-12-08,2561,0.688004
2020-12-08,2652,0.715443
2020-12-08,2750,0.743854
2020-12-08,2841,0.769297
2020-12-08,2932,0.793943
2020-12-08,3023,0.817866
2020-12-08,3114,0.840538
2020-12-08,3205,0.86221
2020-12-08,3296,0.882964
2020-12-08,3387,0.90328
2020-12-08,3478,0.922798
2020-12-08,3569,0.941578
2020-12-09,7,0.106711
2020-12-09,31,0.149924
2020-12-09,41,0.164962
2020-12-09,69,0.182358
2020-12-09,96,0.186671
2020-12-09,131,0.189615
2020-12-09,159,0.189252
2020-12-09,187,0.188998
2020-12-09,278,0.190175
2020-12-09,369,0.19327
2020-12-09,460,0.203159
2020-12-09,551,0.207272
2020-12-09,649,0.212705
2020-12-09,740,0.218955
2020-12-09,824,0.22918
2020-12-09,922,0.23929
2020-12-09,1013,0.251023
2020-12-09,1104,0.272092
2020-12-09,1195,0.293807
2020-12-09,1286,0.316747
2020-12-09,1377,0.340669
2020-12-09,1468,0.366017
2020-12-09,1559,0.39254
2020-12-09,1650,0.419486
2020-12-09,1741,0.447316
2020-12-09,1832,0.475898
2020-12-09,1923,0.505363
2020-12-09,2014,0.534907
2020-12-09,2105,0.564738
2020-12-09,2196,0.595027
2020-12-09,2287,0.62552
2020-12-09,2378,0.655419
2020-12-09,2469,0.684976
2020-12-09,2560,0.714047
2020-12-09,2651,0.742683
2020-12-09,2749,0.772293
2020-12-09,2840,0.799098
2020-12-09,2931,0.824866
2020-12-09,3022,0.849842
2020-12-09,3113,0.873505
2020-12-09,3204,0.896111
2020-12-09,3295,0.917748
2020-12-09,3386,0.938899
2020-12-09,3477,0.959208
2020-12-09,3568,0.978738
2020-12-10,7,0.105068
2020-12-10,31,0.156007
2020-12-10,40,0.165382
2020-12-10,68,0.178687
2020-12-10,95,0.181208
2020-12-10,130,0.182916
2020-12-10,158,0.181942
2020-12-10,186,0.181261
2020-12-10,277,0.181654
2020-12-10,368,0.183106
2020-12-10,459,0.193023
2020-12-10,550,0.196305
2020-12-10,648,0.200341
2020-12-10,739,0.205626
2020-12-10,823,0.215155
2020-12-10,921,0.224075
2020-12-10,1012,0.23491
2020-12-10,1103,0.255238
2020-12-10,1194,0.276327
2020-12-10,1285,0.298372
2020-12-10,1376,0.321518
2020-12-10,1467,0.345874
2020-12-10,1558,0.371523
2020-12-10,1649,0.39769
2020-12-10,1740,0.42456
2020-12-10,1831,0.452278
2020-12-10,1922,0.480962
2020-12-10,2013,0.509796
2020-12-10,2104,0.538759
2020-12-10,2195,0.568044
2020-12-10,2286,0.597613
2020-12-10,2377,0.626659
2020-12-10,2468,0.655426
2020-12-10,2559,0.683763
2020-12-10,2650,0.711715
2020-12-10,2748,0.74064
2020-12-10,2839,0.766851
2020-12-10,2930,0.792061
2020-12-10,3021,0.816512
2020-12-10,3112,0.839682
2020-12-10,3203,0.861821
2020-12-10,3294,0.883017
2020-12-10,3385,0.903751
2020-12-10,3476,0.923664
2020-12-10,3567,0.942819
2020-12-11,7,0.100759
2020-12-11,31,0.160822
2020-12-11,39,0.165528
2020-12-11,67,0.176852
2020-12-11,94,0.177015
2020-12-11,129,0.175748
2020-12-11,157,0.174238
2020-12-11,185,0.172418
2020-12-11,276,0.170716
2020-12-11,367,0.171115
2020-12-11,458,0.180416
2020-12-11,549,0.182434
2020-12-11,647,0.185507
2020-12-11,738,0.189505
2020-12-11,822,0.198105
2020-12-11,920,0.205613
2020-12-11,1011,0.215385
2020-12-11,1102,0.235253
2020-12-11,1193,0.255953
2020-12-11,1284,0.277666
2020-12-11,1375,0.300524
2020-12-11,1466,0.324629
2020-12-11,1557,0.349761
2020-12-11,1648,0.375471
2020-12-11,1739,0.402195
2020-12-11,1830,0.429531
2020-12-11,1921,0.457632
2020-12-11,2012,0.485934
2020-12-11,2103,0.514631
2020-12-11,2194,0.543673
2020-12-11,2285,0.572816
2020-12-11,2376,0.60147
2020-12-11,2467,0.629873
2020-12-11,2558,0.657872
2020-12-11,2649,0.68551
2020-12-11,2747,0.714119
2020-12-11,2838,0.740056
2020-12-11,2929,0.765009
2020-12-11,3020,0.789219
2020-12-11,3111,0.81216
2020-12-11,3202,0.834084
2020-12-11,3293,0.855076
2020-12-11,3384,0.875617
2020-12-11,3475,0.895348
2020-12-11,3566,0.914328
2020-12-11,3657,0.93249
2020-12-14,7,0.099614
2020-12-14,31,0.155247
2020-12-14,36,0.158555
2020-12-14,64,0.172352
2020-12-14,91,0.173855
2020-12-14,126,0.173436
2020-12-14,154,0.172317
2020-12-14,182,0.170763
2020-12-14,273,0.169594
2020-12-14,364,0.170276
2020-12-14,455,0.179807
2020-12-14,546,0.181938
2020-12-14,644,0.185101
2020-12-14,735,0.189165
2020-12-14,819,0.198351
2020-12-14,917,0.206398
2020-12-14,1008,0.216586
2020-12-14,1099,0.236409
2020-12-14,1190,0.257073
2020-12-14,1281,0.278757
2020-12-14,1372,0.301593
2020-12-14,1463,0.325681
2020-12-14,1554,0.351096
2020-12-14,1645,0.377058
2020-12-14,1736,0.404011
2020-12-14,1827,0.431805
2020-12-14,1918,0.460321
2020-12-14,2009,0.489002
2020-12-14,2100,0.518264
2020-12-14,2191,0.548035
2020-12-14,2282,0.578252
2020-12-14,2373,0.608089
2020-12-14,2464,0.637402
2020-12-14,2555,0.666246
2020-12-14,2646,0.694842
2020-12-14,2744,0.724953
2020-12-14,2835,0.751704
2020-12-14,2926,0.777262
2020-12-14,3017,0.802041
2020-12-14,3108,0.825516
2020-12-14,3199,0.847942
2020-12-14,3290,0.869408
2020-12-14,3381,0.890397
2020-12-14,3472,0.910551
2020-12-14,3563,0.929933
2020-12-14,3654,0.948476
2020-12-15,7,0.103416
2020-12-15,31,0.154608
2020-12-15,35,0.158105
2020-12-15,63,0.174574
2020-12-15,90,0.176948
2020-12-15,125,0.177079
2020-12-15,153,0.176213
2020-12-15,181,0.174831
2020-12-15,272,0.173993
2020-12-15,363,0.174845
2020-12-15,454,0.184496
2020-12-15,545,0.186694
2020-12-15,643,0.189909
2020-12-15,734,0.194011
2020-12-15,818,0.20271
2020-12-15,916,0.210842
2020-12-15,1007,0.221096
2020-12-15,1098,0.241403
2020-12-15,1189,0.262864
2020-12-15,1280,0.285593
2020-12-15,1371,0.309336
2020-12-15,1462,0.334533
2020-12-15,1553,0.361225
2020-12-15,1644,0.388602
2020-12-15,1735,0.416822
2020-12-15,1826,0.445757
2020-12-15,1917,0.475546
2020-12-15,2008,0.505613
2020-12-15,2099,0.536141
2020-12-15,2190,0.567072
2020-12-15,2281,0.598357
2020-12-15,2372,0.62918
2020-12-15,2463,0.659405
2020-12-15,2554,0.689096
2020-12-15,2645,0.718655
2020-12-15,2743,0.749729
2020-12-15,2834,0.777316
2020-12-15,2925,0.803657
2020-12-15,3016,0.82917
2020-12-15,3107,0.853337
2020-12-15,3198,0.876416
2020-12-15,3289,0.898497
2020-12-15,3380,0.920068
2020-12-15,3471,0.940774
2020-12-15,3562,0.960679
2020-12-15,3653,0.979718
2020-12-16,7,0.102148
2020-12-16,31,0.160062
2020-12-16,34,0.162783
2020-12-16,62,0.180838
2020-12-16,89,0.181338
2020-12-16,124,0.180231
2020-12-16,152,0.178779
2020-12-16,180,0.177779
2020-12-16,271,0.175947
2020-12-16,362,0.17631
2020-12-16,453,0.185688
2020-12-16,544,0.187691
2020-12-16,642,0.190759
2020-12-16,733,0.194761
2020-12-16,817,0.203394
2020-12-16,915,0.211461
2020-12-16,1006,0.221669
2020-12-16,1097,0.241947
2020-12-16,1188,0.263385
2020-12-16,1279,0.285734
2020-12-16,1370,0.309485
2020-12-16,1461,0.33469
2020-12-16,1552,0.36139
2020-12-16,1643,0.388775
2020-12-16,1734,0.417002
2020-12-16,1825,0.445944
2020-12-16,1916,0.47574
2020-12-16,2007,0.505813
2020-12-16,2098,0.536347
2020-12-16,2189,0.567073
2020-12-16,2280,0.598171
2020-12-16,2371,0.62882
2020-12-16,2462,0.658884
2020-12-16,2553,0.688425
2020-12-16,2644,0.717844
2020-12-16,2742,0.748598
2020-12-16,2833,0.775906
2020-12-16,2924,0.801986
2020-12-16,3015,0.827253
2020-12-16,3106,0.851188
2020-12-16,3197,0.874048
2020-12-16,3288,0.895922
2020-12-16,3379,0.917297
2020-12-16,3470,0.937816
2020-12-16,3561,0.957545
2020-12-16,3652,0.976415
2020-12-17,7,0.102787
2020-12-17,31,0.153726
2020-12-17,33,0.156488
2020-12-17,61,0.180055
2020-12-17,88,0.182357
2020-12-17,123,0.180951
2020-12-17,151,0.180296
2020-12-17,179,0.179846
2020-12-17,270,0.177311
2020-12-17,361,0.178608
2020-12-17,452,0.187544
2020-12-17,543,0.190089
2020-12-17,641,0.193569
2020-12-17,732,0.197857
2020-12-17,816,0.206704
2020-12-17,914,0.214968
2020-12-17,1005,0.225328
2020-12-17,1096,0.245741
2020-12-17,1187,0.267294
2020-12-17,1278,0.289742
2020-12-17,1369,0.313581
2020-12-17,1460,0.338863
2020-12-17,1551,0.365336
2020-12-17,1642,0.392519
2020-12-17,1733,0.420565
2020-12-17,1824,0.449346
2020-12-17,1915,0.478995
2020-12-17,2006,0.508936
2020-12-17,2097,0.539349
2020-12-17,2188,0.569964
2020-12-17,2279,0.60096
2020-12-17,2370,0.631515
2020-12-17,2461,0.661491
2020-12-17,2552,0.690951
2020-12-17,2643,0.720294
2020-12-17,2741,0.750972
2020-12-17,2832,0.778213
2020-12-17,2923,0.80423
2020-12-17,3014,0.829438
2020-12-17,3105,0.853317
2020-12-17,3196,0.876123
2020-12-17,3287,0.897946
2020-12-17,3378,0.919273
2020-12-17,3469,0.939746
2020-12-17,3560,0.959431
2020-12-17,3651,0.97826
2020-12-18,7,0.102534
2020-12-18,31,0.145738
2020-12-18,32,0.147262
2020-12-18,60,0.173162
2020-12-18,87,0.176056
2020-12-18,122,0.174992
2020-12-18,150,0.174499
2020-12-18,178,0.174161
2020-12-18,269,0.173539
2020-12-18,360,0.174513
2020-12-18,451,0.183273
2020-12-18,542,0.185688
2020-12-18,640,0.189073
2020-12-18,731,0.193926
2020-12-18,815,0.203189
2020-12-18,913,0.211839
2020-12-18,1004,0.222493
2020-12-18,1095,0.243581
2020-12-18,1186,0.265706
2020-12-18,1277,0.288646
2020-12-18,1368,0.312912
2020-12-18,1459,0.338885
2020-12-18,1550,0.366264
2020-12-18,1641,0.394253
2020-12-18,1732,0.423288
2020-12-18,1823,0.452958
2020-12-18,1914,0.483653
2020-12-18,2005,0.514544
2020-12-18,2096,0.545825
2020-12-18,2187,0.577237
2020-12-18,2278,0.608964
2020-12-18,2369,0.640389
2020-12-18,2460,0.671357
2020-12-18,2551,0.701738
2020-12-18,2642,0.731938
2020-12-18,2740,0.763474
2020-12-18,2831,0.79146
2020-12-18,2922,0.818331
2020-12-18,3013,0.844341
2020-12-18,3104,0.868975
2020-12-18,3195,0.892492
2020-12-18,3286,0.914987
2020-12-18,3377,0.93695
2020-12-18,3468,0.958024
2020-12-18,3559,0.97828
2020-12-18,3650,0.997651
2020-12-21,7,0.097718
2020-12-21,29,0.14313
2020-12-21,57,0.174913
2020-12-21,84,0.177347
2020-12-21,119,0.177367
2020-12-21,147,0.177377
2020-12-21,175,0.177384
2020-12-21,266,0.175653
2020-12-21,357,0.176096
2020-12-21,448,0.184593
2020-12-21,539,0.187654
2020-12-21,637,0.191532
2020-12-21,728,0.196098
2020-12-21,812,0.20517
2020-12-21,910,0.213636
2020-12-21,1001,0.224158
2020-12-21,1092,0.244743
2020-12-21,1183,0.266835
2020-12-21,1274,0.29011
2020-12-21,1365,0.314669
2020-12-21,1456,0.340902
2020-12-21,1547,0.368513
2020-12-21,1638,0.39671
2020-12-21,1729,0.425665
2020-12-21,1820,0.455518
2020-12-21,1911,0.486139
2020-12-21,2002,0.516964
2020-12-21,2093,0.548185
2020-12-21,2184,0.579541
2020-12-21,2275,0.611218
2020-12-21,2366,0.642596
2020-12-21,2457,0.67352
2020-12-21,2548,0.703859
2020-12-21,2639,0.734021
2020-12-21,2737,0.765517
2020-12-21,2828,0.793466
2020-12-21,2919,0.820303
2020-12-21,3010,0.846279
2020-12-21,3101,0.87088
2020-12-21,3192,0.894365
2020-12-21,3283,0.916829
2020-12-21,3374,0.938761
2020-12-21,3465,0.959807
2020-12-21,3556,0.980033
2020-12-21,3647,0.999376
2020-12-22,7,0.102402
2020-12-22,28,0.139877
2020-12-22,56,0.175121
2020-12-22,83,0.179166
2020-12-22,118,0.18015
2020-12-22,146,0.179626
2020-12-22,174,0.179271
2020-12-22,265,0.178626
2020-12-22,356,0.179605
2020-12-22,447,0.188438
2020-12-22,538,0.189998
2020-12-22,636,0.192739
2020-12-22,727,0.196526
2020-12-22,811,0.205041
2020-12-22,909,0.212437
2020-12-22,1000,0.222157
2020-12-22,1091,0.242084
2020-12-22,1182,0.26323
2020-12-22,1273,0.285333
2020-12-22,1364,0.308878
2020-12-22,1455,0.334225
2020-12-22,1546,0.361056
2020-12-22,1637,0.38856
2020-12-22,1728,0.416896
2020-12-22,1819,0.445939
2020-12-22,1910,0.475828
2020-12-22,2001,0.505988
2020-12-22,2092,0.536602
2020-12-22,2183,0.567402
2020-12-22,2274,0.598568
2020-12-22,2365,0.629474
2020-12-22,2456,0.659961
2020-12-22,2547,0.689894
2020-12-22,2638,0.719679
2020-12-22,2736,0.750796
2020-12-22,2827,0.778416
2020-12-22,2918,0.804944
2020-12-22,3009,0.83063
2020-12-22,3100,0.854957
2020-12-22,3191,0.878184
2020-12-22,3282,0.900403
2020-12-22,3373,0.922104
2020-12-22,3464,0.94293
2020-12-22,3555,0.962949
2020-12-22,3646,0.982094
2020-12-23,7,0.10152
2020-12-23,27,0.141958
2020-12-23,55,0.176784
2020-12-23,82,0.182
2020-12-23,117,0.183661
2020-12-23,145,0.183434
2020-12-23,173,0.183281
2020-12-23,264,0.182997
2020-12-23,355,0.184158
2020-12-23,446,0.193116
2020-12-23,537,0.194744
2020-12-23,635,0.19754
2020-12-23,726,0.201365
2020-12-23,810,0.209914
2020-12-23,908,0.217886
2020-12-23,999,0.228042
2020-12-23,1090,0.248341
2020-12-23,1181,0.270193
2020-12-23,1272,0.293264
2020-12-23,1363,0.317648
2020-12-23,1454,0.343731
2020-12-23,1545,0.371211
2020-12-23,1636,0.399574
2020-12-23,1727,0.428679
2020-12-23,1818,0.458667
2020-12-23,1909,0.489652
2020-12-23,2000,0.520807
2020-12-23,2091,0.552331
2020-12-23,2182,0.584175
2020-12-23,2273,0.616301
2020-12-23,2364,0.647899
2020-12-23,2455,0.679026
2020-12-23,2546,0.709553
2020-12-23,2637,0.73989
2020-12-23,2735,0.77156
2020-12-23,2826,0.799823
2020-12-23,2917,0.826951
2020-12-23,3008,0.853202
2020-12-23,3099,0.87806
2020-12-23,3190,0.901787
2020-12-23,3281,0.924479
2020-12-23,3372,0.946626
2020-12-23,3463,0.967875
2020-12-23,3554,0.988294
2020-12-23,3645,1.00782
2020-12-24,7,0.099238
2020-12-24,26,0.137158
2020-12-24,54,0.169861
2020-12-24,81,0.17407
2020-12-24,116,0.175079
2020-12-24,144,0.174548
2020-12-24,172,0.174191
2020-12-24,263,0.175298
2020-12-24,354,0.177139
2020-12-24,445,0.186516
2020-12-24,536,0.188408
2020-12-24,634,0.191404
2020-12-24,725,0.195369
2020-12-24,809,0.204024
2020-12-24,907,0.212094
2020-12-24,998,0.222789
2020-12-24,1089,0.243122
2020-12-24,1180,0.264614
2020-12-24,1271,0.287379
2020-12-24,1362,0.311497
2020-12-24,1453,0.337349
2020-12-24,1544,0.364627
2020-12-24,1635,0.392529
2020-12-24,1726,0.421222
2020-12-24,1817,0.45084
2020-12-24,1908,0.481492
2020-12-24,1999,0.512344
2020-12-24,2090,0.543591
2020-12-24,2181,0.574971
2020-12-24,2272,0.606671
2020-12-24,2363,0.638069
2020-12-24,2454,0.669012
2020-12-24,2545,0.699367
2020-12-24,2636,0.729544
2020-12-24,2734,0.761054
2020-12-24,2825,0.789177
2020-12-24,2916,0.816174
2020-12-24,3007,0.842302
2020-12-24,3098,0.867043
2020-12-24,3189,0.89066
2020-12-24,3280,0.913247
2020-12-24,3371,0.935295
2020-12-24,3462,0.95645
2020-12-24,3553,0.97678
2020-12-24,3644,0.99622
2020-12-28,7,0.099238
2020-12-28,26,0.137158
2020-12-28,54,0.169861
2020-12-28,81,0.17407
2020-12-28,116,0.175079
2020-12-28,144,0.174548
2020-12-28,172,0.174191
2020-12-28,263,0.175298
2020-12-28,354,0.177139
2020-12-28,445,0.186516
2020-12-28,536,0.188408
2020-12-28,634,0.191404
2020-12-28,725,0.195369
2020-12-28,809,0.204024
2020-12-28,907,0.212094
2020-12-28,998,0.222789
2020-12-28,1089,0.243122
2020-12-28,1180,0.264614
2020-12-28,1271,0.287379
2020-12-28,1362,0.311497
2020-12-28,1453,0.337349
2020-12-28,1544,0.364627
2020-12-28,1635,0.392529
2020-12-28,1726,0.421222
2020-12-28,1817,0.45084
2020-12-28,1908,0.481492
2020-12-28,1999,0.512344
2020-12-28,2090,0.543591
2020-12-28,2181,0.574971
2020-12-28,2272,0.606671
2020-12-28,2363,0.638069
2020-12-28,2454,0.669012
2020-12-28,2545,0.699367
2020-12-28,2636,0.729544
2020-12-28,2734,0.761054
2020-12-28,2825,0.789177
2020-12-28,2916,0.816174
2020-12-28,3007,0.842302
2020-12-28,3098,0.867043
2020-12-28,3189,0.89066
2020-12-28,3280,0.913247
2020-12-28,3371,0.935295
2020-12-28,3462,0.95645
2020-12-28,3553,0.97678
2020-12-28,3644,0.99622
2020-12-29,7,0.103669
2020-12-29,21,0.129983
2020-12-29,49,0.168675
2020-12-29,76,0.173582
2020-12-29,111,0.173192
2020-12-29,139,0.172002
2020-12-29,167,0.17121
2020-12-29,258,0.171603
2020-12-29,349,0.174434
2020-12-29,440,0.184477
2020-12-29,531,0.186736
2020-12-29,629,0.190016
2020-12-29,720,0.194184
2020-12-29,804,0.203017
2020-12-29,902,0.211242
2020-12-29,993,0.221604
2020-12-29,1084,0.241705
2020-12-29,1175,0.263007
2020-12-29,1266,0.285612
2020-12-29,1357,0.309599
2020-12-29,1448,0.335341
2020-12-29,1539,0.362528
2020-12-29,1630,0.39035
2020-12-29,1721,0.419241
2020-12-29,1812,0.449041
2020-12-29,1903,0.479617
2020-12-29,1994,0.510402
2020-12-29,2085,0.541587
2020-12-29,2176,0.572912
2020-12-29,2267,0.604562
2020-12-29,2358,0.635913
2020-12-29,2449,0.666811
2020-12-29,2540,0.697124
2020-12-29,2631,0.727087
2020-12-29,2729,0.75838
2020-12-29,2820,0.786476
2020-12-29,2911,0.813447
2020-12-29,3002,0.839548
2020-12-29,3093,0.864261
2020-12-29,3184,0.887851
2020-12-29,3275,0.91041
2020-12-29,3366,0.932431
2020-12-29,3457,0.953559
2020-12-29,3548,0.973862
2020-12-29,3639,0.993276
2020-12-30,7,0.095943
2020-12-30,20,0.123053
2020-12-30,48,0.166593
2020-12-30,75,0.172315
2020-12-30,110,0.172325
2020-12-30,138,0.171302
2020-12-30,166,0.170624
2020-12-30,257,0.169431
2020-12-30,348,0.171513
2020-12-30,439,0.181134
2020-12-30,530,0.183101
2020-12-30,628,0.186163
2020-12-30,719,0.190183
2020-12-30,803,0.198386
2020-12-30,901,0.206021
2020-12-30,992,0.215943
2020-12-30,1083,0.235688
2020-12-30,1174,0.256689
2020-12-30,1265,0.279039
2020-12-30,1356,0.302805
2020-12-30,1447,0.328038
2020-12-30,1538,0.354776
2020-12-30,1629,0.3822
2020-12-30,1720,0.410737
2020-12-30,1811,0.440218
2020-12-30,1902,0.470507
2020-12-30,1993,0.500799
2020-12-30,2084,0.531537
2020-12-30,2175,0.562874
2020-12-30,2266,0.594737
2020-12-30,2357,0.626286
2020-12-30,2448,0.657367
2020-12-30,2539,0.68785
2020-12-30,2630,0.718145
2020-12-30,2728,0.749771
2020-12-30,2819,0.778317
2020-12-30,2910,0.805553
2020-12-30,3001,0.831901
2020-12-30,3092,0.856848
2020-12-30,3183,0.880657
2020-12-30,3274,0.903423
2020-12-30,3365,0.92564
2020-12-30,3456,0.946953
2020-12-30,3547,0.967431
2020-12-30,3638,0.987011
2020-12-31,7,0.097079
2020-12-31,19,0.121474
2020-12-31,47,0.166881
2020-12-31,74,0.172576
2020-12-31,109,0.172502
2020-12-31,137,0.171435
2020-12-31,165,0.17073
2020-12-31,256,0.169495
2020-12-31,347,0.170237
2020-12-31,438,0.179093
2020-12-31,529,0.179672
2020-12-31,627,0.181691
2020-12-31,718,0.184999
2020-12-31,802,0.192694
2020-12-31,900,0.199854
2020-12-31,991,0.209422
2020-12-31,1082,0.228882
2020-12-31,1173,0.24925
2020-12-31,1264,0.270695
2020-12-31,1355,0.29368
2020-12-31,1446,0.31823
2020-12-31,1537,0.344368
2020-12-31,1628,0.37126
2020-12-31,1719,0.399322
2020-12-31,1810,0.428376
2020-12-31,1901,0.458279
2020-12-31,1992,0.488222
2020-12-31,2083,0.51864
2020-12-31,2174,0.549685
2020-12-31,2265,0.581281
2020-12-31,2356,0.612582
2020-12-31,2447,0.643434
2020-12-31,2538,0.673704
2020-12-31,2629,0.703801
2020-12-31,2727,0.735591
2020-12-31,2818,0.763954
2020-12-31,2909,0.791016
2020-12-31,3000,0.817202
2020-12-31,3091,0.841995
2020-12-31,3182,0.865658
2020-12-31,3273,0.888287
2020-12-31,3364,0.910374
2020-12-31,3455,0.931563
2020-12-31,3546,0.951924
2020-12-31,3637,0.971392
2021-01-04,7,0.0986
2021-01-04,15,0.112961
2021-01-04,43,0.169786
2021-01-04,70,0.174685
2021-01-04,105,0.173906
2021-01-04,133,0.172511
2021-01-04,161,0.17072
2021-01-04,252,0.167639
2021-01-04,343,0.167538
2021-01-04,434,0.174916
2021-01-04,525,0.175345
2021-01-04,623,0.177261
2021-01-04,714,0.179861
2021-01-04,798,0.187601
2021-01-04,896,0.194797
2021-01-04,987,0.204403
2021-01-04,1078,0.223503
2021-01-04,1169,0.243966
2021-01-04,1260,0.265495
2021-01-04,1351,0.288557
2021-01-04,1442,0.31318
2021-01-04,1533,0.339385
2021-01-04,1624,0.366339
2021-01-04,1715,0.394459
2021-01-04,1806,0.423567
2021-01-04,1897,0.453522
2021-01-04,1988,0.483511
2021-01-04,2079,0.513973
2021-01-04,2170,0.545059
2021-01-04,2261,0.576694
2021-01-04,2352,0.60803
2021-01-04,2443,0.638538
2021-01-04,2534,0.668487
2021-01-04,2625,0.69846
2021-01-04,2723,0.730308
2021-01-04,2814,0.758392
2021-01-04,2905,0.785191
2021-01-04,2996,0.811282
2021-01-04,3087,0.835984
2021-01-04,3178,0.85956
2021-01-04,3269,0.882105
2021-01-04,3360,0.904112
2021-01-04,3451,0.925225
2021-01-04,3542,0.945513
2021-01-04,3633,0.96491
2021-01-05,7,0.104308
2021-01-05,14,0.112586
2021-01-05,42,0.171014
2021-01-05,69,0.175504
2021-01-05,104,0.174441
2021-01-05,132,0.172922
2021-01-05,160,0.171048
2021-01-05,251,0.167836
2021-01-05,342,0.167682
2021-01-05,433,0.176112
2021-01-05,524,0.177214
2021-01-05,622,0.179637
2021-01-05,713,0.18323
2021-01-05,797,0.191694
2021-01-05,895,0.200113
2021-01-05,986,0.211108
2021-01-05,1077,0.231799
2021-01-05,1168,0.253606
2021-01-05,1259,0.277017
2021-01-05,1350,0.302048
2021-01-05,1441,0.328393
2021-01-05,1532,0.356116
2021-01-05,1623,0.384701
2021-01-05,1714,0.414279
2021-01-05,1805,0.444699
2021-01-05,1896,0.476082
2021-01-05,1987,0.5076
2021-01-05,2078,0.539456
2021-01-05,2169,0.571819
2021-01-05,2260,0.604628
2021-01-05,2351,0.637048
2021-01-05,2442,0.668933
2021-01-05,2533,0.700161
2021-01-05,2624,0.731324
2021-01-05,2722,0.764181
2021-01-05,2813,0.793139
2021-01-05,2904,0.820757
2021-01-05,2995,0.848077
2021-01-05,3086,0.873935
2021-01-05,3177,0.8986
2021-01-05,3268,0.922173
2021-01-05,3359,0.945153
2021-01-05,3450,0.967186
2021-01-05,3541,0.988347
2021-01-05,3632,1.008573
2021-01-06,7,0.104308
2021-01-06,13,0.111687
2021-01-06,41,0.177346
2021-01-06,68,0.183413
2021-01-06,103,0.18482
2021-01-06,131,0.183238
2021-01-06,159,0.182213
2021-01-06,250,0.182302
2021-01-06,341,0.183696
2021-01-06,432,0.191974
2021-01-06,523,0.193845
2021-01-06,621,0.196845
2021-01-06,712,0.200835
2021-01-06,796,0.210124
2021-01-06,894,0.220419
2021-01-06,985,0.233761
2021-01-06,1076,0.256838
2021-01-06,1167,0.281448
2021-01-06,1258,0.307257
2021-01-06,1349,0.334705
2021-01-06,1440,0.363481
2021-01-06,1531,0.393948
2021-01-06,1622,0.424968
2021-01-06,1713,0.456992
2021-01-06,1804,0.489865
2021-01-06,1895,0.523465
2021-01-06,1986,0.557227
2021-01-06,2077,0.591131
2021-01-06,2168,0.62537
2021-01-06,2259,0.659902
2021-01-06,2350,0.694107
2021-01-06,2441,0.727643
2021-01-06,2532,0.760403
2021-01-06,2623,0.792991
2021-01-06,2721,0.827274
2021-01-06,2812,0.857631
2021-01-06,2903,0.88656
2021-01-06,2994,0.91511
2021-01-06,3085,0.942125
2021-01-06,3176,0.967882
2021-01-06,3267,0.992484
2021-01-06,3358,1.016437
2021-01-06,3449,1.039392
2021-01-06,3540,1.061426
2021-01-06,3631,1.082483
2021-01-07,7,0.103416
2021-01-07,12,0.109884
2021-01-07,40,0.174899
2021-01-07,67,0.18
2021-01-07,102,0.180852
2021-01-07,130,0.179021
2021-01-07,158,0.177839
2021-01-07,249,0.177675
2021-01-07,340,0.180312
2021-01-07,431,0.190393
2021-01-07,522,0.192543
2021-01-07,620,0.196555
2021-01-07,711,0.202532
2021-01-07,795,0.213795
2021-01-07,893,0.225923
2021-01-07,984,0.241111
2021-01-07,1075,0.266587
2021-01-07,1166,0.293618
2021-01-07,1257,0.321864
2021-01-07,1348,0.351763
2021-01-07,1439,0.382999
2021-01-07,1530,0.415634
2021-01-07,1621,0.449147
2021-01-07,1712,0.483397
2021-01-07,1803,0.518273
2021-01-07,1894,0.553925
2021-01-07,1985,0.589783
2021-01-07,2076,0.625819
2021-01-07,2167,0.661799
2021-01-07,2258,0.697931
2021-01-07,2349,0.733611
2021-01-07,2440,0.76889
2021-01-07,2531,0.803446
2021-01-07,2622,0.837706
2021-01-07,2720,0.873662
2021-01-07,2811,0.905469
2021-01-07,2902,0.936231
2021-01-07,2993,0.966502
2021-01-07,3084,0.995136
2021-01-07,3175,1.022274
2021-01-07,3266,1.04818
2021-01-07,3357,1.073365
2021-01-07,3448,1.097487
2021-01-07,3539,1.120629
2021-01-07,3630,1.142736
2021-01-08,7,0.103547
2021-01-08,11,0.107644
2021-01-08,39,0.177753
2021-01-08,66,0.183837
2021-01-08,101,0.183368
2021-01-08,129,0.182077
2021-01-08,157,0.181246
2021-01-08,248,0.179832
2021-01-08,339,0.181897
2021-01-08,430,0.191666
2021-01-08,521,0.193598
2021-01-08,619,0.199053
2021-01-08,710,0.206667
2021-01-08,794,0.220186
2021-01-08,892,0.234964
2021-01-08,983,0.253081
2021-01-08,1074,0.281427
2021-01-08,1165,0.31088
2021-01-08,1256,0.341931
2021-01-08,1347,0.374598
2021-01-08,1438,0.408572
2021-01-08,1529,0.44392
2021-01-08,1620,0.479841
2021-01-08,1711,0.516243
2021-01-08,1802,0.553053
2021-01-08,1893,0.590453
2021-01-08,1984,0.627898
2021-01-08,2075,0.665381
2021-01-08,2166,0.702685
2021-01-08,2257,0.739832
2021-01-08,2348,0.776643
2021-01-08,2439,0.812967
2021-01-08,2530,0.848493
2021-01-08,2621,0.883304
2021-01-08,2719,0.919812
2021-01-08,2810,0.952423
2021-01-08,2901,0.983938
2021-01-08,2992,1.01461
2021-01-08,3083,1.04362
2021-01-08,3174,1.071112
2021-01-08,3265,1.097352
2021-01-08,3356,1.122853
2021-01-08,3447,1.147273
2021-01-08,3538,1.170697
2021-01-08,3629,1.193073
2021-01-11,7,0.100252
2021-01-11,8,0.101398
2021-01-11,36,0.18615
2021-01-11,63,0.191097
2021-01-11,98,0.189831
2021-01-11,126,0.187073
2021-01-11,154,0.185318
2021-01-11,245,0.184256
2021-01-11,336,0.186514
2021-01-11,427,0.196448
2021-01-11,518,0.198441
2021-01-11,616,0.202346
2021-01-11,707,0.208916
2021-01-11,791,0.222248
2021-01-11,889,0.236848
2021-01-11,980,0.255316
2021-01-11,1071,0.283982
2021-01-11,1162,0.314896
2021-01-11,1253,0.347935
2021-01-11,1344,0.382665
2021-01-11,1435,0.418765
2021-01-11,1526,0.456288
2021-01-11,1617,0.494141
2021-01-11,1708,0.532269
2021-01-11,1799,0.570629
2021-01-11,1890,0.609432
2021-01-11,1981,0.64815
2021-01-11,2072,0.686794
2021-01-11,2163,0.725162
2021-01-11,2254,0.763488
2021-01-11,2345,0.801191
2021-01-11,2436,0.83834
2021-01-11,2527,0.874812
2021-01-11,2618,0.910502
2021-01-11,2716,0.947707
2021-01-11,2807,0.98092
2021-01-11,2898,1.013316
2021-01-11,2989,1.04466
2021-01-11,3080,1.073555
2021-01-11,3171,1.100937
2021-01-11,3262,1.127495
2021-01-11,3353,1.153569
2021-01-11,3444,1.178532
2021-01-11,3535,1.20247
2021-01-11,3626,1.225332
2021-01-12,7,0.103041
2021-01-12,31,0.12901
2021-01-12,35,0.137463
2021-01-12,62,0.163693
2021-01-12,97,0.174131
2021-01-12,125,0.176003
2021-01-12,153,0.177189
2021-01-12,244,0.181044
2021-01-12,335,0.185558
2021-01-12,426,0.197884
2021-01-12,517,0.201412
2021-01-12,615,0.206465
2021-01-12,706,0.213166
2021-01-12,790,0.226063
2021-01-12,888,0.240258
2021-01-12,979,0.258428
2021-01-12,1070,0.287286
2021-01-12,1161,0.317968
2021-01-12,1252,0.35081
2021-01-12,1343,0.386057
2021-01-12,1434,0.422609
2021-01-12,1525,0.460229
2021-01-12,1616,0.498168
2021-01-12,1707,0.536373
2021-01-12,1798,0.574803
2021-01-12,1889,0.613668
2021-01-12,1980,0.652211
2021-01-12,2071,0.690474
2021-01-12,2162,0.728279
2021-01-12,2253,0.766089
2021-01-12,2344,0.803315
2021-01-12,2435,0.839833
2021-01-12,2526,0.875539
2021-01-12,2617,0.910516
2021-01-12,2715,0.946823
2021-01-12,2806,0.97926
2021-01-12,2897,1.010767
2021-01-12,2988,1.041278
2021-01-12,3079,1.069538
2021-01-12,3170,1.09632
2021-01-12,3261,1.122311
2021-01-12,3352,1.147849
2021-01-12,3443,1.172304
2021-01-12,3534,1.195759
2021-01-12,3625,1.218163
2021-01-13,7,0.099238
2021-01-13,31,0.12825
2021-01-13,34,0.134141
2021-01-13,61,0.162271
2021-01-13,96,0.171488
2021-01-13,124,0.172827
2021-01-13,152,0.173673
2021-01-13,243,0.175065
2021-01-13,334,0.17846
2021-01-13,425,0.189081
2021-01-13,516,0.191487
2021-01-13,614,0.195706
2021-01-13,705,0.201844
2021-01-13,789,0.213266
2021-01-13,887,0.225534
2021-01-13,978,0.242265
2021-01-13,1069,0.26951
2021-01-13,1160,0.298436
2021-01-13,1251,0.329413
2021-01-13,1342,0.362364
2021-01-13,1433,0.396912
2021-01-13,1524,0.43277
2021-01-13,1615,0.469146
2021-01-13,1706,0.505686
2021-01-13,1797,0.542621
2021-01-13,1888,0.579892
2021-01-13,1979,0.616988
2021-01-13,2070,0.653931
2021-01-13,2161,0.690528
2021-01-13,2252,0.727024
2021-01-13,2343,0.762842
2021-01-13,2434,0.798247
2021-01-13,2525,0.832919
2021-01-13,2616,0.866759
2021-01-13,2714,0.901928
2021-01-13,2805,0.933377
2021-01-13,2896,0.96396
2021-01-13,2987,0.992986
2021-01-13,3078,1.019998
2021-01-13,3169,1.045603
2021-01-13,3260,1.070765
2021-01-13,3351,1.095519
2021-01-13,3442,1.118831
2021-01-13,3533,1.141202
2021-01-13,3624,1.162576
2021-01-14,7,0.099614
2021-01-14,31,0.130663
2021-01-14,33,0.133721
2021-01-14,60,0.160228
2021-01-14,95,0.168428
2021-01-14,123,0.170474
2021-01-14,151,0.171762
2021-01-14,242,0.173879
2021-01-14,333,0.177608
2021-01-14,424,0.187349
2021-01-14,515,0.189171
2021-01-14,613,0.192957
2021-01-14,704,0.198805
2021-01-14,788,0.209485
2021-01-14,886,0.221064
2021-01-14,977,0.237757
2021-01-14,1068,0.265412
2021-01-14,1159,0.295082
2021-01-14,1250,0.326696
2021-01-14,1341,0.360542
2021-01-14,1432,0.396195
2021-01-14,1523,0.433328
2021-01-14,1614,0.470835
2021-01-14,1705,0.508655
2021-01-14,1796,0.546996
2021-01-14,1887,0.586026
2021-01-14,1978,0.624717
2021-01-14,2069,0.663338
2021-01-14,2160,0.701683
2021-01-14,2251,0.73999
2021-01-14,2342,0.777673
2021-01-14,2433,0.814992
2021-01-14,2524,0.851439
2021-01-14,2615,0.886931
2021-01-14,2713,0.923752
2021-01-14,2804,0.957288
2021-01-14,2895,0.989667
2021-01-14,2986,1.020533
2021-01-14,3077,1.049425
2021-01-14,3168,1.076801
2021-01-14,3259,1.103635
2021-01-14,3350,1.12997
2021-01-14,3441,1.154779
2021-01-14,3532,1.178569
2021-01-14,3623,1.20129
2021-01-15,7,0.102027
2021-01-15,31,0.131291
2021-01-15,32,0.132608
2021-01-15,59,0.160074
2021-01-15,94,0.168418
2021-01-15,122,0.170484
2021-01-15,150,0.171778
2021-01-15,185,0.171886
2021-01-15,241,0.173169
2021-01-15,332,0.175715
2021-01-15,423,0.184796
2021-01-15,514,0.186176
2021-01-15,612,0.189637
2021-01-15,703,0.195267
2021-01-15,787,0.205257
2021-01-15,885,0.215635
2021-01-15,976,0.23049
2021-01-15,1067,0.256199
2021-01-15,1158,0.284233
2021-01-15,1249,0.314082
2021-01-15,1340,0.346062
2021-01-15,1431,0.379765
2021-01-15,1522,0.414881
2021-01-15,1613,0.4506
2021-01-15,1704,0.486824
2021-01-15,1795,0.523731
2021-01-15,1886,0.561465
2021-01-15,1977,0.598982
2021-01-15,2068,0.636531
2021-01-15,2159,0.673895
2021-01-15,2250,0.711301
2021-01-15,2341,0.748153
2021-01-15,2432,0.784703
2021-01-15,2523,0.820437
2021-01-15,2614,0.855265
2021-01-15,2712,0.891604
2021-01-15,2803,0.924557
2021-01-15,2894,0.95639
2021-01-15,2985,0.986744
2021-01-15,3076,1.015152
2021-01-15,3167,1.042072
2021-01-15,3258,1.068475
2021-01-15,3349,1.094403
2021-01-15,3440,1.118826
2021-01-15,3531,1.142249
2021-01-15,3622,1.164622
2021-01-19,7,0.099999
2021-01-19,28,0.12738
2021-01-19,55,0.164386
2021-01-19,90,0.173395
2021-01-19,118,0.17435
2021-01-19,146,0.174938
2021-01-19,181,0.175417
2021-01-19,237,0.177085
2021-01-19,328,0.178576
2021-01-19,419,0.187122
2021-01-19,510,0.187194
2021-01-19,608,0.189697
2021-01-19,699,0.194032
2021-01-19,783,0.203118
2021-01-19,881,0.212654
2021-01-19,972,0.226902
2021-01-19,1063,0.252148
2021-01-19,1154,0.2798
2021-01-19,1245,0.309329
2021-01-19,1336,0.341039
2021-01-19,1427,0.374512
2021-01-19,1518,0.409429
2021-01-19,1609,0.444973
2021-01-19,1700,0.481042
2021-01-19,1791,0.517555
2021-01-19,1882,0.554935
2021-01-19,1973,0.59213
2021-01-19,2064,0.629386
2021-01-19,2155,0.666482
2021-01-19,2246,0.70364
2021-01-19,2337,0.740264
2021-01-19,2428,0.776414
2021-01-19,2519,0.811774
2021-01-19,2610,0.846253
2021-01-19,2708,0.882242
2021-01-19,2799,0.914727
2021-01-19,2890,0.946119
2021-01-19,2981,0.976057
2021-01-19,3072,1.004071
2021-01-19,3163,1.030619
2021-01-19,3254,1.056669
2021-01-19,3345,1.082263
2021-01-19,3436,1.106368
2021-01-19,3527,1.129488
2021-01-19,3618,1.151573
2021-01-20,7,0.102027
2021-01-20,27,0.125569
2021-01-20,54,0.1667
2021-01-20,89,0.176894
2021-01-20,117,0.178232
2021-01-20,145,0.179054
2021-01-20,180,0.179721
2021-01-20,236,0.181577
2021-01-20,327,0.183232
2021-01-20,418,0.190785
2021-01-20,509,0.190203
2021-01-20,607,0.192224
2021-01-20,698,0.196896
2021-01-20,782,0.206231
2021-01-20,880,0.215995
2021-01-20,971,0.230419
2021-01-20,1062,0.256255
2021-01-20,1153,0.284406
2021-01-20,1244,0.313992
2021-01-20,1335,0.345753
2021-01-20,1426,0.379594
2021-01-20,1517,0.414533
2021-01-20,1608,0.450096
2021-01-20,1699,0.485912
2021-01-20,1790,0.522197
2021-01-20,1881,0.559373
2021-01-20,1972,0.596382
2021-01-20,2063,0.633246
2021-01-20,2154,0.669982
2021-01-20,2245,0.706606
2021-01-20,2336,0.74254
2021-01-20,2427,0.77824
2021-01-20,2518,0.813184
2021-01-20,2609,0.847275
2021-01-20,2707,0.882875
2021-01-20,2798,0.915023
2021-01-20,2889,0.946099
2021-01-20,2980,0.975739
2021-01-20,3071,1.003473
2021-01-20,3162,1.029756
2021-01-20,3253,1.055556
2021-01-20,3344,1.080913
2021-01-20,3435,1.104793
2021-01-20,3526,1.127701
2021-01-20,3617,1.149583
2021-01-21,7,0.098346
2021-01-21,26,0.124829
2021-01-21,53,0.16324
2021-01-21,88,0.17291
2021-01-21,116,0.172775
2021-01-21,144,0.172692
2021-01-21,179,0.173616
2021-01-21,235,0.173311
2021-01-21,326,0.177279
2021-01-21,417,0.186149
2021-01-21,508,0.186396
2021-01-21,606,0.189036
2021-01-21,697,0.19347
2021-01-21,781,0.20264
2021-01-21,879,0.212816
2021-01-21,970,0.227552
2021-01-21,1061,0.254093
2021-01-21,1152,0.282839
2021-01-21,1243,0.313304
2021-01-21,1334,0.346171
2021-01-21,1425,0.380979
2021-01-21,1516,0.417072
2021-01-21,1607,0.453659
2021-01-21,1698,0.490659
2021-01-21,1789,0.528009
2021-01-21,1880,0.566146
2021-01-21,1971,0.604261
2021-01-21,2062,0.642355
2021-01-21,2153,0.680217
2021-01-21,2244,0.717876
2021-01-21,2335,0.75496
2021-01-21,2426,0.791724
2021-01-21,2517,0.827837
2021-01-21,2608,0.863015
2021-01-21,2706,0.899702
2021-01-21,2797,0.932791
2021-01-21,2888,0.964748
2021-01-21,2979,0.995216
2021-01-21,3070,1.023877
2021-01-21,3161,1.051033
2021-01-21,3252,1.077658
2021-01-21,3343,1.103794
2021-01-21,3434,1.128411
2021-01-21,3525,1.152018
2021-01-21,3616,1.174563
2021-01-22,7,0.099492
2021-01-22,25,0.11973
2021-01-22,52,0.160211
2021-01-22,87,0.169172
2021-01-22,115,0.169945
2021-01-22,143,0.170416
2021-01-22,178,0.170796
2021-01-22,234,0.171165
2021-01-22,325,0.174327
2021-01-22,416,0.182756
2021-01-22,507,0.182703
2021-01-22,605,0.185125
2021-01-22,696,0.190076
2021-01-22,780,0.199624
2021-01-22,878,0.209582
2021-01-22,969,0.224162
2021-01-22,1060,0.25015
2021-01-22,1151,0.278432
2021-01-22,1242,0.308874
2021-01-22,1333,0.341723
2021-01-22,1424,0.376192
2021-01-22,1515,0.411989
2021-01-22,1606,0.448314
2021-01-22,1697,0.485081
2021-01-22,1788,0.522478
2021-01-22,1879,0.560659
2021-01-22,1970,0.598579
2021-01-22,2061,0.636497
2021-01-22,2152,0.674198
2021-01-22,2243,0.711912
2021-01-22,2334,0.749048
2021-01-22,2425,0.78567
2021-01-22,2516,0.821651
2021-01-22,2607,0.856706
2021-01-22,2705,0.893087
2021-01-22,2796,0.92591
2021-01-22,2887,0.957778
2021-01-22,2978,0.98816
2021-01-22,3069,1.016741
2021-01-22,3160,1.043821
2021-01-22,3251,1.070373
2021-01-22,3342,1.09644
2021-01-22,3433,1.120992
2021-01-22,3524,1.144537
2021-01-22,3615,1.167023
2021-01-25,7,0.098225
2021-01-25,22,0.117624
2021-01-25,49,0.161744
2021-01-25,84,0.170386
2021-01-25,112,0.170877
2021-01-25,140,0.171171
2021-01-25,175,0.171406
2021-01-25,231,0.171632
2021-01-25,322,0.174692
2021-01-25,413,0.183102
2021-01-25,504,0.182986
2021-01-25,602,0.185374
2021-01-25,693,0.189649
2021-01-25,777,0.198184
2021-01-25,875,0.206636
2021-01-25,966,0.219153
2021-01-25,1057,0.243466
2021-01-25,1148,0.270346
2021-01-25,1239,0.299225
2021-01-25,1330,0.330385
2021-01-25,1421,0.363386
2021-01-25,1512,0.397894
2021-01-25,1603,0.43279
2021-01-25,1694,0.468283
2021-01-25,1785,0.504281
2021-01-25,1876,0.541199
2021-01-25,1967,0.577974
2021-01-25,2058,0.614625
2021-01-25,2149,0.651165
2021-01-25,2240,0.687815
2021-01-25,2331,0.723969
2021-01-25,2422,0.759682
2021-01-25,2513,0.794819
2021-01-25,2604,0.829088
2021-01-25,2702,0.864682
2021-01-25,2793,0.896822
2021-01-25,2884,0.928048
2021-01-25,2975,0.957827
2021-01-25,3066,0.985839
2021-01-25,3157,1.012381
2021-01-25,3248,1.038425
2021-01-25,3339,1.064012
2021-01-25,3430,1.088107
2021-01-25,3521,1.111218
2021-01-25,3612,1.133291
2021-01-26,7,0.092902
2021-01-26,21,0.111156
2021-01-26,48,0.159834
2021-01-26,83,0.169385
2021-01-26,111,0.170133
2021-01-26,139,0.170579
2021-01-26,174,0.170935
2021-01-26,230,0.171277
2021-01-26,321,0.174447
2021-01-26,412,0.182931
2021-01-26,503,0.182846
2021-01-26,601,0.185261
2021-01-26,692,0.189556
2021-01-26,776,0.198661
2021-01-26,874,0.207069
2021-01-26,965,0.220036
2021-01-26,1056,0.244732
2021-01-26,1147,0.271937
2021-01-26,1238,0.301094
2021-01-26,1329,0.332496
2021-01-26,1420,0.365709
2021-01-26,1511,0.400405
2021-01-26,1602,0.435468
2021-01-26,1693,0.471109
2021-01-26,1784,0.507499
2021-01-26,1875,0.544771
2021-01-26,1966,0.581867
2021-01-26,2057,0.61881
2021-01-26,2148,0.655619
2021-01-26,2239,0.692514
2021-01-26,2330,0.728894
2021-01-26,2421,0.764816
2021-01-26,2512,0.799964
2021-01-26,2603,0.834243
2021-01-26,2701,0.869846
2021-01-26,2792,0.901994
2021-01-26,2883,0.933227
2021-01-26,2974,0.963012
2021-01-26,3065,0.991028
2021-01-26,3156,1.017575
2021-01-26,3247,1.043623
2021-01-26,3338,1.069213
2021-01-26,3429,1.093312
2021-01-26,3520,1.116425
2021-01-26,3611,1.1385
2021-01-27,7,0.101134
2021-01-27,20,0.112665
2021-01-27,47,0.160055
2021-01-27,82,0.167465
2021-01-27,110,0.167418
2021-01-27,138,0.16739
2021-01-27,173,0.167368
2021-01-27,229,0.167344
2021-01-27,320,0.170201
2021-01-27,411,0.179646
2021-01-27,502,0.180156
2021-01-27,600,0.183014
2021-01-27,691,0.187612
2021-01-27,775,0.196939
2021-01-27,873,0.20555
2021-01-27,964,0.218196
2021-01-27,1055,0.242638
2021-01-27,1146,0.26963
2021-01-27,1237,0.298236
2021-01-27,1328,0.328817
2021-01-27,1419,0.360992
2021-01-27,1510,0.394776
2021-01-27,1601,0.429031
2021-01-27,1692,0.463952
2021-01-27,1783,0.499437
2021-01-27,1874,0.535894
2021-01-27,1965,0.57225
2021-01-27,2056,0.608519
2021-01-27,2147,0.64471
2021-01-27,2238,0.681039
2021-01-27,2329,0.716896
2021-01-27,2420,0.752335
2021-01-27,2511,0.787035
2021-01-27,2602,0.820897
2021-01-27,2700,0.856082
2021-01-27,2791,0.887867
2021-01-27,2882,0.918761
2021-01-27,2973,0.948226
2021-01-27,3064,0.975942
2021-01-27,3155,1.002204
2021-01-27,3246,1.027984
2021-01-27,3337,1.05332
2021-01-27,3428,1.077178
2021-01-27,3519,1.100063
2021-01-27,3610,1.121921
2021-01-28,7,0.093023
2021-01-28,19,0.108802
2021-01-28,46,0.156515
2021-01-28,81,0.165546
2021-01-28,109,0.165992
2021-01-28,137,0.166255
2021-01-28,172,0.166463
2021-01-28,228,0.166662
2021-01-28,319,0.169722
2021-01-28,410,0.179297
2021-01-28,501,0.179871
2021-01-28,599,0.18361
2021-01-28,690,0.188804
2021-01-28,774,0.199113
2021-01-28,872,0.209198
2021-01-28,963,0.223905
2021-01-28,1054,0.2505
2021-01-28,1145,0.279707
2021-01-28,1236,0.310575
2021-01-28,1327,0.343456
2021-01-28,1418,0.37796
2021-01-28,1509,0.413793
2021-01-28,1600,0.450151
2021-01-28,1691,0.48695
2021-01-28,1782,0.524377
2021-01-28,1873,0.562588
2021-01-28,1964,0.600535
2021-01-28,2055,0.638253
2021-01-28,2146,0.675771
2021-01-28,2237,0.713317
2021-01-28,2328,0.750296
2021-01-28,2419,0.786772
2021-01-28,2510,0.822434
2021-01-28,2601,0.857189
2021-01-28,2699,0.893267
2021-01-28,2790,0.925826
2021-01-28,2881,0.957444
2021-01-28,2972,0.987588
2021-01-28,3063,1.015942
2021-01-28,3154,1.042805
2021-01-28,3245,1.069152
2021-01-28,3336,1.095025
2021-01-28,3427,1.11939
2021-01-28,3518,1.142755
2021-01-28,3609,1.165069
2021-01-29,7,0.094676
2021-01-29,18,0.107339
2021-01-29,45,0.152428
2021-01-29,80,0.156708
2021-01-29,108,0.156821
2021-01-29,136,0.156887
2021-01-29,171,0.156939
2021-01-29,227,0.156987
2021-01-29,318,0.159926
2021-01-29,409,0.169449
2021-01-29,500,0.169972
2021-01-29,598,0.172848
2021-01-29,689,0.177464
2021-01-29,773,0.187917
2021-01-29,871,0.198703
2021-01-29,962,0.214898
2021-01-29,1053,0.242734
2021-01-29,1144,0.273389
2021-01-29,1235,0.305867
2021-01-29,1326,0.340832
2021-01-29,1417,0.377478
2021-01-29,1508,0.415499
2021-01-29,1599,0.454085
2021-01-29,1690,0.493143
2021-01-29,1781,0.532858
2021-01-29,1872,0.573378
2021-01-29,1963,0.613654
2021-01-29,2054,0.653719
2021-01-29,2145,0.693597
2021-01-29,2236,0.733517
2021-01-29,2327,0.772683
2021-01-29,2418,0.811181
2021-01-29,2509,0.848717
2021-01-29,2600,0.885567
2021-01-29,2698,0.923926
2021-01-29,2789,0.958459
2021-01-29,2880,0.991926
2021-01-29,2971,1.023806
2021-01-29,3062,1.053791
2021-01-29,3153,1.082191
2021-01-29,3244,1.109988
2021-01-29,3335,1.137231
2021-01-29,3426,1.162893
2021-01-29,3517,1.187488
2021-01-29,3608,1.21097
2021-02-01,7,0.084284
2021-02-01,15,0.095819
2021-02-01,42,0.148276
2021-02-01,77,0.15461
2021-02-01,105,0.155285
2021-02-01,133,0.155676
2021-02-01,168,0.155982
2021-02-01,224,0.15627
2021-02-01,315,0.160908
2021-02-01,406,0.171416
2021-02-01,497,0.17251
2021-02-01,595,0.174983
2021-02-01,686,0.178663
2021-02-01,770,0.188474
2021-02-01,868,0.198091
2021-02-01,959,0.212952
2021-02-01,1050,0.240159
2021-02-01,1141,0.270293
2021-02-01,1232,0.302331
2021-02-01,1323,0.336922
2021-02-01,1414,0.373572
2021-02-01,1505,0.4116
2021-02-01,1596,0.449904
2021-02-01,1687,0.488711
2021-02-01,1778,0.528203
2021-02-01,1869,0.568523
2021-02-01,1960,0.608617
2021-02-01,2051,0.648515
2021-02-01,2142,0.688027
2021-02-01,2233,0.72761
2021-02-01,2324,0.766663
2021-02-01,2415,0.805246
2021-02-01,2506,0.843042
2021-02-01,2597,0.879957
2021-02-01,2695,0.918379
2021-02-01,2786,0.95313
2021-02-01,2877,0.986801
2021-02-01,2968,1.01887
2021-02-01,3059,1.049031
2021-02-01,3150,1.077596
2021-02-01,3241,1.105548
2021-02-01,3332,1.132937
2021-02-01,3423,1.158735
2021-02-01,3514,1.183459
2021-02-01,3605,1.207062
2021-02-02,7,0.08618
2021-02-02,14,0.096402
2021-02-02,41,0.149755
2021-02-02,76,0.15549
2021-02-02,104,0.155935
2021-02-02,132,0.156192
2021-02-02,167,0.156391
2021-02-02,223,0.156577
2021-02-02,314,0.161141
2021-02-02,405,0.171623
2021-02-02,496,0.173611
2021-02-02,594,0.177578
2021-02-02,685,0.182265
2021-02-02,769,0.192802
2021-02-02,867,0.203086
2021-02-02,958,0.218931
2021-02-02,1049,0.246963
2021-02-02,1140,0.278197
2021-02-02,1231,0.311547
2021-02-02,1322,0.347619
2021-02-02,1413,0.38556
2021-02-02,1504,0.42503
2021-02-02,1595,0.464899
2021-02-02,1686,0.505376
2021-02-02,1777,0.546365
2021-02-02,1868,0.588037
2021-02-02,1959,0.629357
2021-02-02,2050,0.670595
2021-02-02,2141,0.711548
2021-02-02,2232,0.752454
2021-02-02,2323,0.792725
2021-02-02,2414,0.832434
2021-02-02,2505,0.871274
2021-02-02,2596,0.909159
2021-02-02,2694,0.948734
2021-02-02,2785,0.984484
2021-02-02,2876,1.018929
2021-02-02,2967,1.05188
2021-02-02,3058,1.08302
2021-02-02,3149,1.112506
2021-02-02,3240,1.141327
2021-02-02,3331,1.169538
2021-02-02,3422,1.196114
2021-02-02,3513,1.221575
2021-02-02,3604,1.245877
2021-02-03,7,0.096319
2021-02-03,13,0.101604
2021-02-03,40,0.159622
2021-02-03,75,0.16556
2021-02-03,103,0.166028
2021-02-03,131,0.166296
2021-02-03,166,0.166503
2021-02-03,222,0.166696
2021-02-03,313,0.171279
2021-02-03,404,0.181786
2021-02-03,495,0.183773
2021-02-03,593,0.187742
2021-02-03,684,0.193106
2021-02-03,768,0.204133
2021-02-03,866,0.215439
2021-02-03,957,0.232053
2021-02-03,1048,0.26073
2021-02-03,1139,0.292509
2021-02-03,1230,0.326325
2021-02-03,1321,0.363149
2021-02-03,1412,0.402072
2021-02-03,1503,0.442711
2021-02-03,1594,0.483616
2021-02-03,1685,0.525016
2021-02-03,1776,0.567093
2021-02-03,1867,0.609747
2021-02-03,1958,0.652191
2021-02-03,2049,0.694454
2021-02-03,2140,0.736343
2021-02-03,2231,0.778315
2021-02-03,2322,0.819568
2021-02-03,2413,0.860184
2021-02-03,2504,0.899864
2021-02-03,2595,0.938708
2021-02-03,2693,0.97924
2021-02-03,2784,1.015819
2021-02-03,2875,1.0512
2021-02-03,2966,1.085029
2021-02-03,3057,1.116994
2021-02-03,3148,1.147402
2021-02-03,3239,1.177093
2021-02-03,3330,1.206126
2021-02-03,3421,1.23348
2021-02-03,3512,1.259678
2021-02-03,3603,1.284679
2021-02-04,7,0.096957
2021-02-04,12,0.103684
2021-02-04,39,0.15824
2021-02-04,74,0.162515
2021-02-04,102,0.162432
2021-02-04,130,0.162385
2021-02-04,165,0.162347
2021-02-04,221,0.162311
2021-02-04,312,0.166709
2021-02-04,403,0.17713
2021-02-04,494,0.179045
2021-02-04,592,0.183804
2021-02-04,683,0.190375
2021-02-04,767,0.202271
2021-02-04,865,0.214375
2021-02-04,956,0.231589
2021-02-04,1047,0.261214
2021-02-04,1138,0.293792
2021-02-04,1229,0.328289
2021-02-04,1320,0.365703
2021-02-04,1411,0.405141
2021-02-04,1502,0.445928
2021-02-04,1593,0.487252
2021-02-04,1684,0.529027
2021-02-04,1775,0.571181
2021-02-04,1866,0.614151
2021-02-04,1957,0.656882
2021-02-04,2048,0.699406
2021-02-04,2139,0.741533
2021-02-04,2230,0.783724
2021-02-04,2321,0.825179
2021-02-04,2412,0.86598
2021-02-04,2503,0.905832
2021-02-04,2594,0.945012
2021-02-04,2692,0.985697
2021-02-04,2783,1.022408
2021-02-04,2874,1.057912
2021-02-04,2965,1.09201
2021-02-04,3056,1.124078
2021-02-04,3147,1.154583
2021-02-04,3238,1.184364
2021-02-04,3329,1.213483
2021-02-04,3420,1.240917
2021-02-04,3511,1.267191
2021-02-04,3602,1.292265
2021-02-05,7,0.090367
2021-02-05,11,0.096112
2021-02-05,38,0.153883
2021-02-05,73,0.157875
2021-02-05,101,0.157672
2021-02-05,129,0.157557
2021-02-05,164,0.157468
2021-02-05,220,0.157383
2021-02-05,311,0.161755
2021-02-05,402,0.173324
2021-02-05,493,0.17501
2021-02-05,591,0.180445
2021-02-05,682,0.187475
2021-02-05,766,0.199704
2021-02-05,864,0.212113
2021-02-05,955,0.229561
2021-02-05,1046,0.259831
2021-02-05,1137,0.292953
2021-02-05,1228,0.327916
2021-02-05,1319,0.365733
2021-02-05,1410,0.40585
2021-02-05,1501,0.44754
2021-02-05,1592,0.489665
2021-02-05,1683,0.532427
2021-02-05,1774,0.575985
2021-02-05,1865,0.620469
2021-02-05,1956,0.664573
2021-02-05,2047,0.708571
2021-02-05,2138,0.752262
2021-02-05,2229,0.796094
2021-02-05,2320,0.839258
2021-02-05,2411,0.88183
2021-02-05,2502,0.923507
2021-02-05,2593,0.964382
2021-02-05,2691,1.007131
2021-02-05,2782,1.045793
2021-02-05,2873,1.083284
2021-02-05,2964,1.119246
2021-02-05,3055,1.152765
2021-02-05,3146,1.184637
2021-02-05,3237,1.215709
2021-02-05,3328,1.246046
2021-02-05,3419,1.274635
2021-02-05,3510,1.302002
2021-02-05,3601,1.328114
2021-02-08,7,0.082763
2021-02-08,8,0.08464
2021-02-08,35,0.162077
2021-02-08,70,0.162144
2021-02-08,98,0.160715
2021-02-08,126,0.159921
2021-02-08,161,0.160419
2021-02-08,217,0.160879
2021-02-08,308,0.165758
2021-02-08,399,0.1765
2021-02-08,490,0.178548
2021-02-08,588,0.184266
2021-02-08,679,0.191493
2021-02-08,763,0.204444
2021-02-08,861,0.21751
2021-02-08,952,0.235465
2021-02-08,1043,0.266632
2021-02-08,1134,0.30092
2021-02-08,1225,0.337256
2021-02-08,1316,0.376262
2021-02-08,1407,0.417419
2021-02-08,1498,0.460025
2021-02-08,1589,0.502673
2021-02-08,1680,0.545901
2021-02-08,1771,0.58962
2021-02-08,1862,0.634002
2021-02-08,1953,0.678014
2021-02-08,2044,0.721703
2021-02-08,2135,0.765111
2021-02-08,2226,0.808476
2021-02-08,2317,0.851012
2021-02-08,2408,0.893003
2021-02-08,2499,0.934139
2021-02-08,2590,0.974511
2021-02-08,2688,1.016571
2021-02-08,2779,1.054635
2021-02-08,2870,1.091565
2021-02-08,2961,1.126999
2021-02-08,3052,1.160019
2021-02-08,3143,1.19142
2021-02-08,3234,1.222046
2021-02-08,3325,1.251961
2021-02-08,3416,1.280149
2021-02-08,3507,1.307135
2021-02-08,3598,1.332883
2021-02-09,7,0.086565
2021-02-09,28,0.117484
2021-02-09,34,0.125452
2021-02-09,69,0.144097
2021-02-09,97,0.147863
2021-02-09,125,0.149942
2021-02-09,160,0.152625
2021-02-09,216,0.155108
2021-02-09,307,0.161713
2021-02-09,398,0.173408
2021-02-09,489,0.176035
2021-02-09,587,0.181336
2021-02-09,678,0.188288
2021-02-09,762,0.200491
2021-02-09,860,0.212869
2021-02-09,951,0.230318
2021-02-09,1042,0.26108
2021-02-09,1133,0.295031
2021-02-09,1224,0.330706
2021-02-09,1315,0.369145
2021-02-09,1406,0.409483
2021-02-09,1497,0.451371
2021-02-09,1588,0.493383
2021-02-09,1679,0.535771
2021-02-09,1770,0.578477
2021-02-09,1861,0.621946
2021-02-09,1952,0.66513
2021-02-09,2043,0.708065
2021-02-09,2134,0.750567
2021-02-09,2225,0.793103
2021-02-09,2316,0.834873
2021-02-09,2407,0.876156
2021-02-09,2498,0.916636
2021-02-09,2589,0.956398
2021-02-09,2687,0.997847
2021-02-09,2778,1.035382
2021-02-09,2869,1.071816
2021-02-09,2960,1.106785
2021-02-09,3051,1.139366
2021-02-09,3142,1.170353
2021-02-09,3233,1.200588
2021-02-09,3324,1.230134
2021-02-09,3415,1.257971
2021-02-09,3506,1.284625
2021-02-09,3597,1.310057
2021-02-10,7,0.091756
2021-02-10,28,0.111016
2021-02-10,33,0.11823
2021-02-10,68,0.146084
2021-02-10,96,0.152267
2021-02-10,124,0.154512
2021-02-10,159,0.157323
2021-02-10,215,0.159914
2021-02-10,306,0.165111
2021-02-10,397,0.176056
2021-02-10,488,0.178195
2021-02-10,586,0.183144
2021-02-10,677,0.189182
2021-02-10,761,0.200184
2021-02-10,859,0.211455
2021-02-10,950,0.227603
2021-02-10,1041,0.256862
2021-02-10,1132,0.289555
2021-02-10,1223,0.32416
2021-02-10,1314,0.361681
2021-02-10,1405,0.40122
2021-02-10,1496,0.442409
2021-02-10,1587,0.483802
2021-02-10,1678,0.525639
2021-02-10,1769,0.56785
2021-02-10,1860,0.610874
2021-02-10,1951,0.653654
2021-02-10,2042,0.696222
2021-02-10,2133,0.738388
2021-02-10,2224,0.780615
2021-02-10,2315,0.822101
2021-02-10,2406,0.863121
2021-02-10,2497,0.903357
2021-02-10,2588,0.942892
2021-02-10,2686,0.984113
2021-02-10,2777,1.021451
2021-02-10,2868,1.057699
2021-02-10,2959,1.092494
2021-02-10,3050,1.124911
2021-02-10,3141,1.155742
2021-02-10,3232,1.18583
2021-02-10,3323,1.215237
2021-02-10,3414,1.242942
2021-02-10,3505,1.26947
2021-02-10,3596,1.294783
2021-02-11,7,0.087832
2021-02-11,28,0.113804
2021-02-11,32,0.118987
2021-02-11,67,0.146861
2021-02-11,95,0.151386
2021-02-11,123,0.152697
2021-02-11,158,0.154804
2021-02-11,214,0.15674
2021-02-11,305,0.16139
2021-02-11,396,0.173217
2021-02-11,487,0.175891
2021-02-11,585,0.181235
2021-02-11,676,0.18822
2021-02-11,760,0.200464
2021-02-11,858,0.212873
2021-02-11,949,0.229873
2021-02-11,1040,0.259847
2021-02-11,1131,0.293551
2021-02-11,1222,0.329017
2021-02-11,1313,0.367281
2021-02-11,1404,0.407469
2021-02-11,1495,0.449536
2021-02-11,1586,0.491706
2021-02-11,1677,0.534236
2021-02-11,1768,0.577329
2021-02-11,1859,0.621149
2021-02-11,1950,0.664649
2021-02-11,2041,0.707873
2021-02-11,2132,0.750639
2021-02-11,2223,0.793417
2021-02-11,2314,0.835409
2021-02-11,2405,0.876897
2021-02-11,2496,0.917566
2021-02-11,2587,0.957504
2021-02-11,2685,0.999127
2021-02-11,2776,1.036813
2021-02-11,2867,1.073387
2021-02-11,2958,1.108486
2021-02-11,3049,1.141188
2021-02-11,3140,1.172288
2021-02-11,3231,1.20263
2021-02-11,3322,1.232275
2021-02-11,3413,1.260206
2021-02-11,3504,1.286948
2021-02-11,3595,1.312463
2021-02-12,7,0.092517
2021-02-12,28,0.108867
2021-02-12,31,0.113121
2021-02-12,66,0.141841
2021-02-12,94,0.147909
2021-02-12,122,0.150028
2021-02-12,157,0.152744
2021-02-12,185,0.15341
2021-02-12,213,0.154567
2021-02-12,304,0.159882
2021-02-12,395,0.172087
2021-02-12,486,0.174978
2021-02-12,584,0.181334
2021-02-12,675,0.189
2021-02-12,759,0.201734
2021-02-12,857,0.21575
2021-02-12,948,0.234436
2021-02-12,1039,0.266256
2021-02-12,1130,0.301919
2021-02-12,1221,0.33943
2021-02-12,1312,0.379808
2021-02-12,1403,0.422164
2021-02-12,1494,0.466135
2021-02-12,1585,0.51028
2021-02-12,1676,0.554845
2021-02-12,1767,0.600023
2021-02-12,1858,0.645723
2021-02-12,1949,0.690928
2021-02-12,2040,0.735928
2021-02-12,2131,0.78075
2021-02-12,2222,0.825413
2021-02-12,2313,0.869143
2021-02-12,2404,0.912235
2021-02-12,2495,0.954391
2021-02-12,2586,0.99571
2021-02-12,2684,1.038715
2021-02-12,2775,1.077596
2021-02-12,2866,1.115289
2021-02-12,2957,1.151437
2021-02-12,3048,1.185276
2021-02-12,3139,1.217446
2021-02-12,3230,1.248797
2021-02-12,3321,1.279396
2021-02-12,3412,1.308229
2021-02-12,3503,1.335826
2021-02-12,3594,1.362153
2021-02-16,7,0.092517
2021-02-16,28,0.108867
2021-02-16,31,0.113121
2021-02-16,66,0.141841
2021-02-16,94,0.147909
2021-02-16,122,0.150028
2021-02-16,157,0.152744
2021-02-16,185,0.15341
2021-02-16,213,0.154567
2021-02-16,304,0.159882
2021-02-16,395,0.172087
2021-02-16,486,0.174978
2021-02-16,584,0.181334
2021-02-16,675,0.189
2021-02-16,759,0.201734
2021-02-16,857,0.21575
2021-02-16,948,0.234436
2021-02-16,1039,0.266256
2021-02-16,1130,0.301919
2021-02-16,1221,0.33943
2021-02-16,1312,0.379808
2021-02-16,1403,0.422164
2021-02-16,1494,0.466135
2021-02-16,1585,0.51028
2021-02-16,1676,0.554845
2021-02-16,1767,0.600023
2021-02-16,1858,0.645723
2021-02-16,1949,0.690928
2021-02-16,2040,0.735928
2021-02-16,2131,0.78075
2021-02-16,2222,0.825413
2021-02-16,2313,0.869143
2021-02-16,2404,0.912235
2021-02-16,2495,0.954391
2021-02-16,2586,0.99571
2021-02-16,2684,1.038715
2021-02-16,2775,1.077596
2021-02-16,2866,1.115289
2021-02-16,2957,1.151437
2021-02-16,3048,1.185276
2021-02-16,3139,1.217446
2021-02-16,3230,1.248797
2021-02-16,3321,1.279396
2021-02-16,3412,1.308229
2021-02-16,3503,1.335826
2021-02-16,3594,1.362153
2021-02-17,7,0.087701
2021-02-17,26,0.110171
2021-02-17,61,0.138575
2021-02-17,89,0.142822
2021-02-17,117,0.143823
2021-02-17,152,0.145723
2021-02-17,180,0.146711
2021-02-17,208,0.148115
2021-02-17,299,0.153941
2021-02-17,390,0.167689
2021-02-17,481,0.171442
2021-02-17,579,0.177594
2021-02-17,670,0.185824
2021-02-17,754,0.200125
2021-02-17,852,0.216739
2021-02-17,943,0.239827
2021-02-17,1034,0.278008
2021-02-17,1125,0.320246
2021-02-17,1216,0.365247
2021-02-17,1307,0.413488
2021-02-17,1398,0.464005
2021-02-17,1489,0.516068
2021-02-17,1580,0.567953
2021-02-17,1671,0.619964
2021-02-17,1762,0.671818
2021-02-17,1853,0.724034
2021-02-17,1944,0.775377
2021-02-17,2035,0.825964
2021-02-17,2126,0.875892
2021-02-17,2217,0.925447
2021-02-17,2308,0.973878
2021-02-17,2399,1.021313
2021-02-17,2490,1.067675
2021-02-17,2581,1.113078
2021-02-17,2679,1.160164
2021-02-17,2770,1.202576
2021-02-17,2861,1.243733
2021-02-17,2952,1.283283
2021-02-17,3043,1.320318
2021-02-17,3134,1.355495
2021-02-17,3225,1.389681
2021-02-17,3316,1.422959
2021-02-17,3407,1.454324
2021-02-17,3498,1.48432
2021-02-17,3589,1.512922
2021-02-18,7,0.084406
2021-02-18,25,0.108631
2021-02-18,60,0.138407
2021-02-18,88,0.141143
2021-02-18,116,0.142558
2021-02-18,151,0.143588
2021-02-18,179,0.144123
2021-02-18,207,0.145199
2021-02-18,298,0.150387
2021-02-18,389,0.163816
2021-02-18,480,0.167351
2021-02-18,578,0.173348
2021-02-18,669,0.182168
2021-02-18,753,0.196896
2021-02-18,851,0.214484
2021-02-18,942,0.236836
2021-02-18,1033,0.273535
2021-02-18,1124,0.314124
2021-02-18,1215,0.357726
2021-02-18,1306,0.404415
2021-02-18,1397,0.453253
2021-02-18,1488,0.503846
2021-02-18,1579,0.554431
2021-02-18,1670,0.605283
2021-02-18,1761,0.656099
2021-02-18,1852,0.707379
2021-02-18,1943,0.757874
2021-02-18,2034,0.807689
2021-02-18,2125,0.856694
2021-02-18,2216,0.905197
2021-02-18,2307,0.952657
2021-02-18,2398,0.999386
2021-02-18,2489,1.045095
2021-02-18,2580,1.08989
2021-02-18,2678,1.136367
2021-02-18,2769,1.178251
2021-02-18,2860,1.218914
2021-02-18,2951,1.258156
2021-02-18,3042,1.2949
2021-02-18,3133,1.329802
2021-02-18,3224,1.363729
2021-02-18,3315,1.396761
2021-02-18,3406,1.427893
2021-02-18,3497,1.457668
2021-02-18,3588,1.48606
2021-02-19,7,0.089728
2021-02-19,24,0.111885
2021-02-19,59,0.140235
2021-02-19,87,0.142414
2021-02-19,115,0.143532
2021-02-19,150,0.144342
2021-02-19,178,0.144761
2021-02-19,206,0.145755
2021-02-19,297,0.152343
2021-02-19,388,0.166537
2021-02-19,479,0.170524
2021-02-19,577,0.176853
2021-02-19,668,0.18659
2021-02-19,752,0.202541
2021-02-19,850,0.222419
2021-02-19,941,0.247455
2021-02-19,1032,0.286376
2021-02-19,1123,0.329651
2021-02-19,1214,0.375917
2021-02-19,1305,0.425956
2021-02-19,1396,0.478367
2021-02-19,1487,0.532714
2021-02-19,1578,0.586327
2021-02-19,1669,0.640151
2021-02-19,1760,0.693631
2021-02-19,1851,0.74756
2021-02-19,1942,0.799982
2021-02-19,2033,0.851324
2021-02-19,2124,0.901725
2021-02-19,2215,0.951507
2021-02-19,2306,0.999748
2021-02-19,2397,1.047005
2021-02-19,2488,1.093203
2021-02-19,2579,1.138452
2021-02-19,2677,1.185381
2021-02-19,2768,1.227657
2021-02-19,2859,1.268525
2021-02-19,2950,1.30796
2021-02-19,3041,1.344883
2021-02-19,3132,1.379954
2021-02-19,3223,1.41404
2021-02-19,3314,1.447222
2021-02-19,3405,1.478496
2021-02-19,3496,1.508404
2021-02-19,3587,1.536922
2021-02-22,7,0.091128
2021-02-22,21,0.108023
2021-02-22,56,0.138722
2021-02-22,84,0.141483
2021-02-22,112,0.142864
2021-02-22,147,0.143849
2021-02-22,175,0.145165
2021-02-22,203,0.146817
2021-02-22,294,0.153144
2021-02-22,385,0.168456
2021-02-22,476,0.172102
2021-02-22,574,0.178195
2021-02-22,665,0.188485
2021-02-22,749,0.205424
2021-02-22,847,0.227382
2021-02-22,938,0.254964
2021-02-22,1029,0.296468
2021-02-22,1120,0.341915
2021-02-22,1211,0.390034
2021-02-22,1302,0.441322
2021-02-22,1393,0.494823
2021-02-22,1484,0.549819
2021-02-22,1575,0.603714
2021-02-22,1666,0.657513
2021-02-22,1757,0.710969
2021-02-22,1848,0.764629
2021-02-22,1939,0.816804
2021-02-22,2030,0.867921
2021-02-22,2121,0.917897
2021-02-22,2212,0.967289
2021-02-22,2303,1.015168
2021-02-22,2394,1.061899
2021-02-22,2485,1.107606
2021-02-22,2576,1.152399
2021-02-22,2674,1.19887
2021-02-22,2765,1.240748
2021-02-22,2856,1.281242
2021-02-22,2947,1.320324
2021-02-22,3038,1.356914
2021-02-22,3129,1.391668
2021-02-22,3220,1.425455
2021-02-22,3311,1.458353
2021-02-22,3402,1.489357
2021-02-22,3493,1.519008
2021-02-22,3584,1.547281
2021-02-23,7,0.091503
2021-02-23,20,0.108685
2021-02-23,55,0.142746
2021-02-23,83,0.144183
2021-02-23,111,0.144895
2021-02-23,146,0.146616
2021-02-23,174,0.147494
2021-02-23,202,0.148832
2021-02-23,293,0.156128
2021-02-23,384,0.170773
2021-02-23,475,0.173982
2021-02-23,573,0.178898
2021-02-23,664,0.187718
2021-02-23,748,0.203059
2021-02-23,846,0.223557
2021-02-23,937,0.250557
2021-02-23,1028,0.290699
2021-02-23,1119,0.335011
2021-02-23,1210,0.382168
2021-02-23,1301,0.432277
2021-02-23,1392,0.484426
2021-02-23,1483,0.537927
2021-02-23,1574,0.590791
2021-02-23,1665,0.643673
2021-02-23,1756,0.696307
2021-02-23,1847,0.749226
2021-02-23,1938,0.80073
2021-02-23,2029,0.851462
2021-02-23,2120,0.901302
2021-02-23,2211,0.950569
2021-02-23,2302,0.998133
2021-02-23,2393,1.044573
2021-02-23,2484,1.09001
2021-02-23,2575,1.134552
2021-02-23,2673,1.180771
2021-02-23,2764,1.222431
2021-02-23,2855,1.26272
2021-02-23,2946,1.301609
2021-02-23,3037,1.338017
2021-02-23,3128,1.3726
2021-02-23,3219,1.406224
2021-02-23,3310,1.438969
2021-02-23,3401,1.469826
2021-02-23,3492,1.499338
2021-02-23,3583,1.527479
2021-02-24,7,0.094037
2021-02-24,19,0.106636
2021-02-24,54,0.145941
2021-02-24,82,0.148035
2021-02-24,110,0.149064
2021-02-24,145,0.151013
2021-02-24,173,0.152005
2021-02-24,201,0.153427
2021-02-24,292,0.160896
2021-02-24,383,0.17565
2021-02-24,474,0.178903
2021-02-24,572,0.18472
2021-02-24,663,0.194145
2021-02-24,747,0.210493
2021-02-24,845,0.232503
2021-02-24,936,0.261122
2021-02-24,1027,0.303506
2021-02-24,1118,0.349286
2021-02-24,1209,0.39731
2021-02-24,1300,0.448167
2021-02-24,1391,0.500968
2021-02-24,1482,0.55473
2021-02-24,1573,0.607532
2021-02-24,1664,0.660082
2021-02-24,1755,0.712419
2021-02-24,1846,0.765071
2021-02-24,1937,0.816331
2021-02-24,2028,0.866614
2021-02-24,2119,0.916043
2021-02-24,2210,0.964933
2021-02-24,2301,1.01215
2021-02-24,2392,1.058267
2021-02-24,2483,1.103406
2021-02-24,2574,1.147669
2021-02-24,2672,1.193609
2021-02-24,2763,1.235027
2021-02-24,2854,1.275089
2021-02-24,2945,1.313765
2021-02-24,3036,1.349972
2021-02-24,3127,1.384364
2021-02-24,3218,1.417809
2021-02-24,3309,1.450383
2021-02-24,3400,1.481079
2021-02-24,3491,1.510437
2021-02-24,3582,1.538432
2021-02-25,7,0.084791
2021-02-25,18,0.101518
2021-02-25,53,0.153312
2021-02-25,81,0.156389
2021-02-25,109,0.157885
2021-02-25,144,0.160168
2021-02-25,172,0.161326
2021-02-25,200,0.162869
2021-02-25,291,0.17058
2021-02-25,382,0.184273
2021-02-25,473,0.188798
2021-02-25,571,0.201622
2021-02-25,662,0.218487
2021-02-25,746,0.243522
2021-02-25,844,0.277008
2021-02-25,935,0.318076
2021-02-25,1026,0.373846
2021-02-25,1117,0.432888
2021-02-25,1208,0.492553
2021-02-25,1299,0.553417
2021-02-25,1390,0.613918
2021-02-25,1481,0.673501
2021-02-25,1572,0.731446
2021-02-25,1663,0.788021
2021-02-25,1754,0.843177
2021-02-25,1845,0.897621
2021-02-25,1936,0.950502
2021-02-25,2027,1.002259
2021-02-25,2118,1.052818
2021-02-25,2209,1.102326
2021-02-25,2300,1.150111
2021-02-25,2391,1.196752
2021-02-25,2482,1.242375
2021-02-25,2573,1.287087
2021-02-25,2671,1.333472
2021-02-25,2762,1.375276
2021-02-25,2853,1.415699
2021-02-25,2944,1.454712
2021-02-25,3035,1.491235
2021-02-25,3126,1.525925
2021-02-25,3217,1.559649
2021-02-25,3308,1.592487
2021-02-25,3399,1.623432
2021-02-25,3490,1.653026
2021-02-25,3581,1.681244
2021-02-26,7,0.090235
2021-02-26,17,0.104476
2021-02-26,52,0.156981
2021-02-26,80,0.16236
2021-02-26,108,0.16495
2021-02-26,143,0.166761
2021-02-26,171,0.168506
2021-02-26,199,0.170473
2021-02-26,290,0.177414
2021-02-26,381,0.190721
2021-02-26,472,0.194012
2021-02-26,570,0.205091
2021-02-26,661,0.222202
2021-02-26,745,0.247993
2021-02-26,843,0.281588
2021-02-26,934,0.32324
2021-02-26,1025,0.379504
2021-02-26,1116,0.438549
2021-02-26,1207,0.498218
2021-02-26,1298,0.559086
2021-02-26,1389,0.619921
2021-02-26,1480,0.679485
2021-02-26,1571,0.736828
2021-02-26,1662,0.792314
2021-02-26,1753,0.846231
2021-02-26,1844,0.899557
2021-02-26,1935,0.950952
2021-02-26,2026,1.000902
2021-02-26,2117,1.049158
2021-02-26,2208,1.096139
2021-02-26,2299,1.141396
2021-02-26,2390,1.18551
2021-02-26,2481,1.228236
2021-02-26,2572,1.269722
2021-02-26,2670,1.312511
2021-02-26,2761,1.350871
2021-02-26,2852,1.387747
2021-02-26,2943,1.423589
2021-02-26,3034,1.457129
2021-02-26,3125,1.48901
2021-02-26,3216,1.520084
2021-02-26,3307,1.550419
2021-02-26,3398,1.578993
2021-02-26,3489,1.60634
2021-02-26,3580,1.632424
2021-03-01,7,0.087447
2021-03-01,14,0.094247
2021-03-01,49,0.151843
2021-03-01,77,0.155614
2021-03-01,105,0.157373
2021-03-01,140,0.158582
2021-03-01,168,0.160032
2021-03-01,196,0.161792
2021-03-01,287,0.166738
2021-03-01,378,0.180281
2021-03-01,469,0.181687
2021-03-01,567,0.190577
2021-03-01,658,0.204869
2021-03-01,742,0.226993
2021-03-01,840,0.256661
2021-03-01,931,0.293463
2021-03-01,1022,0.344437
2021-03-01,1113,0.399068
2021-03-01,1204,0.455757
2021-03-01,1295,0.515134
2021-03-01,1386,0.57567
2021-03-01,1477,0.635593
2021-03-01,1568,0.693542
2021-03-01,1659,0.749841
2021-03-01,1750,0.804747
2021-03-01,1841,0.858964
2021-03-01,1932,0.9114
2021-03-01,2023,0.962522
2021-03-01,2114,1.0125
2021-03-01,2205,1.061473
2021-03-01,2296,1.108563
2021-03-01,2387,1.154368
2021-03-01,2478,1.198845
2021-03-01,2569,1.242135
2021-03-01,2667,1.286725
2021-03-01,2758,1.326642
2021-03-01,2849,1.364975
2021-03-01,2940,1.402182
2021-03-01,3031,1.437155
2021-03-01,3122,1.470382
2021-03-01,3213,1.502727
2021-03-01,3304,1.53426
2021-03-01,3395,1.563968
2021-03-01,3486,1.592388
2021-03-01,3577,1.61949
2021-03-02,7,0.085805
2021-03-02,13,0.091824
2021-03-02,48,0.154234
2021-03-02,76,0.157174
2021-03-02,104,0.15853
2021-03-02,139,0.159457
2021-03-02,167,0.159919
2021-03-02,195,0.160976
2021-03-02,286,0.166199
2021-03-02,377,0.179908
2021-03-02,468,0.181389
2021-03-02,566,0.188592
2021-03-02,657,0.201076
2021-03-02,741,0.223086
2021-03-02,839,0.251471
2021-03-02,930,0.285849
2021-03-02,1021,0.333945
2021-03-02,1112,0.385759
2021-03-02,1203,0.439678
2021-03-02,1294,0.495967
2021-03-02,1385,0.553491
2021-03-02,1476,0.610774
2021-03-02,1567,0.666389
2021-03-02,1658,0.720888
2021-03-02,1749,0.774443
2021-03-02,1840,0.827692
2021-03-02,1931,0.87949
2021-03-02,2022,0.930258
2021-03-02,2113,0.979911
2021-03-02,2204,1.029211
2021-03-02,2295,1.077001
2021-03-02,2386,1.123453
2021-03-02,2477,1.168343
2021-03-02,2568,1.212373
2021-03-02,2666,1.258259
2021-03-02,2757,1.299629
2021-03-02,2848,1.339643
2021-03-02,2939,1.378427
2021-03-02,3030,1.415335
2021-03-02,3121,1.450384
2021-03-02,3212,1.484019
2021-03-02,3303,1.516771
2021-03-02,3394,1.547631
2021-03-02,3485,1.577143
2021-03-02,3576,1.605282
2021-03-03,7,0.091634
2021-03-03,12,0.094299
2021-03-03,47,0.159969
2021-03-03,75,0.162699
2021-03-03,103,0.162566
2021-03-03,138,0.162476
2021-03-03,166,0.163286
2021-03-03,194,0.164595
2021-03-03,285,0.168681
2021-03-03,376,0.183052
2021-03-03,467,0.185898
2021-03-03,565,0.194968
2021-03-03,656,0.209397
2021-03-03,740,0.233367
2021-03-03,838,0.264728
2021-03-03,929,0.302803
2021-03-03,1020,0.354849
2021-03-03,1111,0.409967
2021-03-03,1202,0.466692
2021-03-03,1293,0.525746
2021-03-03,1384,0.585672
2021-03-03,1475,0.64537
2021-03-03,1566,0.703412
2021-03-03,1657,0.760068
2021-03-03,1748,0.815293
2021-03-03,1839,0.870045
2021-03-03,1930,0.923203
2021-03-03,2021,0.97498
2021-03-03,2112,1.025337
2021-03-03,2203,1.074866
2021-03-03,2294,1.122665
2021-03-03,2385,1.169317
2021-03-03,2476,1.214577
2021-03-03,2567,1.258593
2021-03-03,2665,1.304278
2021-03-03,2756,1.345475
2021-03-03,2847,1.385325
2021-03-03,2938,1.423955
2021-03-03,3029,1.460718
2021-03-03,3120,1.49563
2021-03-03,3211,1.529134
2021-03-03,3302,1.561763
2021-03-03,3393,1.592507
2021-03-03,3484,1.621907
2021-03-03,3575,1.649939
2021-03-04,7,0.087579
2021-03-04,11,0.090471
2021-03-04,46,0.158553
2021-03-04,74,0.161855
2021-03-04,102,0.161953
2021-03-04,137,0.163314
2021-03-04,165,0.164847
2021-03-04,193,0.166671
2021-03-04,284,0.17173
2021-03-04,375,0.185399
2021-03-04,466,0.188783
2021-03-04,564,0.197367
2021-03-04,655,0.212189
2021-03-04,739,0.238177
2021-03-04,837,0.273754
2021-03-04,928,0.316444
2021-03-04,1019,0.372743
2021-03-04,1110,0.431832
2021-03-04,1201,0.492309
2021-03-04,1292,0.554943
2021-03-04,1383,0.618308
2021-03-04,1474,0.681331
2021-03-04,1565,0.742603
2021-03-04,1656,0.802409
2021-03-04,1747,0.860717
2021-03-04,1838,0.918495
2021-03-04,1929,0.974391
2021-03-04,2020,1.028658
2021-03-04,2111,1.081506
2021-03-04,2202,1.133319
2021-03-04,2293,1.18322
2021-03-04,2384,1.231619
2021-03-04,2475,1.278497
2021-03-04,2566,1.324016
2021-03-04,2664,1.371201
2021-03-04,2755,1.413695
2021-03-04,2846,1.45476
2021-03-04,2937,1.494528
2021-03-04,3028,1.53236
2021-03-04,3119,1.568278
2021-03-04,3210,1.602731
2021-03-04,3301,1.636117
2021-03-04,3392,1.667576
2021-03-04,3483,1.697655
2021-03-04,3574,1.726329
2021-03-05,7,0.089353
2021-03-05,10,0.091269
2021-03-05,45,0.162214
2021-03-05,73,0.164158
2021-03-05,101,0.163618
2021-03-05,136,0.163256
2021-03-05,164,0.163943
2021-03-05,192,0.165169
2021-03-05,283,0.169099
2021-03-05,374,0.183445
2021-03-05,465,0.186227
2021-03-05,563,0.19439
2021-03-05,654,0.209649
2021-03-05,738,0.235384
2021-03-05,836,0.270144
2021-03-05,927,0.311744
2021-03-05,1018,0.368066
2021-03-05,1109,0.427178
2021-03-05,1200,0.488058
2021-03-05,1291,0.551396
2021-03-05,1382,0.615706
2021-03-05,1473,0.679557
2021-03-05,1564,0.741558
2021-03-05,1655,0.801736
2021-03-05,1746,0.860111
2021-03-05,1837,0.917701
2021-03-05,1928,0.973425
2021-03-05,2019,1.027536
2021-03-05,2110,1.080023
2021-03-05,2201,1.131504
2021-03-05,2292,1.181098
2021-03-05,2383,1.229022
2021-03-05,2474,1.275273
2021-03-05,2565,1.320208
2021-03-05,2663,1.366811
2021-03-05,2754,1.4088
2021-03-05,2845,1.449391
2021-03-05,2936,1.488559
2021-03-05,3027,1.525826
2021-03-05,3118,1.561212
2021-03-05,3209,1.595162
2021-03-05,3300,1.627933
2021-03-05,3391,1.658811
2021-03-05,3482,1.688338
2021-03-05,3573,1.716489
2021-03-08,7,0.086312
2021-03-08,31,0.107467
2021-03-08,42,0.12043
2021-03-08,70,0.13917
2021-03-08,98,0.147202
2021-03-08,133,0.152485
2021-03-08,161,0.156821
2021-03-08,189,0.160624
2021-03-08,280,0.169367
2021-03-08,371,0.186249
2021-03-08,462,0.190492
2021-03-08,560,0.202385
2021-03-08,651,0.220137
2021-03-08,735,0.247673
2021-03-08,833,0.284686
2021-03-08,924,0.329474
2021-03-08,1015,0.38936
2021-03-08,1106,0.451872
2021-03-08,1197,0.516021
2021-03-08,1288,0.582171
2021-03-08,1379,0.648922
2021-03-08,1470,0.71491
2021-03-08,1561,0.779088
2021-03-08,1652,0.840921
2021-03-08,1743,0.900512
2021-03-08,1834,0.958944
2021-03-08,1925,1.014951
2021-03-08,2016,1.069088
2021-03-08,2107,1.121379
2021-03-08,2198,1.172053
2021-03-08,2289,1.220501
2021-03-08,2380,1.267364
2021-03-08,2471,1.312445
2021-03-08,2562,1.355933
2021-03-08,2660,1.400716
2021-03-08,2751,1.440963
2021-03-08,2842,1.479922
2021-03-08,2933,1.517558
2021-03-08,3024,1.553383
2021-03-08,3115,1.58741
2021-03-08,3206,1.620076
2021-03-08,3297,1.651634
2021-03-08,3388,1.681361
2021-03-08,3479,1.709797
2021-03-08,3570,1.736911
2021-03-09,7,0.089353
2021-03-09,31,0.108613
2021-03-09,41,0.120309
2021-03-09,69,0.13937
2021-03-09,97,0.145964
2021-03-09,132,0.150271
2021-03-09,160,0.153248
2021-03-09,188,0.156093
2021-03-09,279,0.164692
2021-03-09,370,0.18277
2021-03-09,461,0.188709
2021-03-09,559,0.200936
2021-03-09,650,0.218918
2021-03-09,734,0.245472
2021-03-09,832,0.281
2021-03-09,923,0.323206
2021-03-09,1014,0.37963
2021-03-09,1105,0.43842
2021-03-09,1196,0.499417
2021-03-09,1287,0.562506
2021-03-09,1378,0.626603
2021-03-09,1469,0.690265
2021-03-09,1560,0.752389
2021-03-09,1651,0.812394
2021-03-09,1742,0.870347
2021-03-09,1833,0.927304
2021-03-09,1924,0.981974
2021-03-09,2015,1.034895
2021-03-09,2106,1.086074
2021-03-09,2197,1.135937
2021-03-09,2288,1.183638
2021-03-09,2379,1.229617
2021-03-09,2470,1.27388
2021-03-09,2561,1.316608
2021-03-09,2659,1.360629
2021-03-09,2750,1.400217
2021-03-09,2841,1.43856
2021-03-09,2932,1.475617
2021-03-09,3023,1.510897
2021-03-09,3114,1.54441
2021-03-09,3205,1.576592
2021-03-09,3296,1.607692
2021-03-09,3387,1.636986
2021-03-09,3478,1.66501
2021-03-09,3569,1.691733
2021-03-10,7,0.087832
2021-03-10,31,0.107346
2021-03-10,40,0.118557
2021-03-10,68,0.13862
2021-03-10,96,0.146979
2021-03-10,131,0.152403
2021-03-10,159,0.155023
2021-03-10,187,0.158376
2021-03-10,278,0.167918
2021-03-10,369,0.186498
2021-03-10,460,0.191713
2021-03-10,558,0.202545
2021-03-10,649,0.218198
2021-03-10,733,0.242549
2021-03-10,831,0.274883
2021-03-10,922,0.313243
2021-03-10,1013,0.366528
2021-03-10,1104,0.423534
2021-03-10,1195,0.483022
2021-03-10,1286,0.545175
2021-03-10,1377,0.608461
2021-03-10,1468,0.671413
2021-03-10,1559,0.73291
2021-03-10,1650,0.792634
2021-03-10,1741,0.850598
2021-03-10,1832,0.907565
2021-03-10,1923,0.962243
2021-03-10,2014,1.01517
2021-03-10,2105,1.066355
2021-03-10,2196,1.116431
2021-03-10,2287,1.164528
2021-03-10,2378,1.210872
2021-03-10,2469,1.255286
2021-03-10,2560,1.298154
2021-03-10,2658,1.342316
2021-03-10,2749,1.382024
2021-03-10,2840,1.420479
2021-03-10,2931,1.457641
2021-03-10,3022,1.49302
2021-03-10,3113,1.526624
2021-03-10,3204,1.558892
2021-03-10,3295,1.590073
2021-03-10,3386,1.619443
2021-03-10,3477,1.647539
2021-03-10,3568,1.67433
2021-03-11,7,0.085551
2021-03-11,31,0.107467
2021-03-11,39,0.115913
2021-03-11,67,0.139499
2021-03-11,95,0.149181
2021-03-11,130,0.154053
2021-03-11,158,0.156398
2021-03-11,186,0.159562
2021-03-11,277,0.168749
2021-03-11,368,0.185921
2021-03-11,459,0.190257
2021-03-11,557,0.200473
2021-03-11,648,0.21573
2021-03-11,732,0.239235
2021-03-11,830,0.271401
2021-03-11,921,0.310648
2021-03-11,1012,0.364674
2021-03-11,1103,0.421884
2021-03-11,1194,0.481162
2021-03-11,1285,0.54278
2021-03-11,1376,0.605268
2021-03-11,1467,0.667522
2021-03-11,1558,0.728401
2021-03-11,1649,0.787574
2021-03-11,1740,0.845045
2021-03-11,1831,0.901817
2021-03-11,1922,0.956557
2021-03-11,2013,1.00954
2021-03-11,2104,1.060774
2021-03-11,2195,1.110896
2021-03-11,2286,1.159033
2021-03-11,2377,1.205414
2021-03-11,2468,1.249862
2021-03-11,2559,1.29294
2021-03-11,2657,1.33731
2021-03-11,2748,1.377199
2021-03-11,2839,1.415822
2021-03-11,2930,1.453141
2021-03-11,3021,1.488667
2021-03-11,3112,1.52241
2021-03-11,3203,1.554808
2021-03-11,3294,1.586111
2021-03-11,3385,1.615596
2021-03-11,3476,1.6438
2021-03-11,3567,1.670694
2021-03-12,7,0.085551
2021-03-12,31,0.107599
2021-03-12,38,0.11484
2021-03-12,66,0.139238
2021-03-12,94,0.149101
2021-03-12,129,0.154033
2021-03-12,157,0.1573
2021-03-12,185,0.161112
2021-03-12,276,0.171491
2021-03-12,367,0.190543
2021-03-12,458,0.195984
2021-03-12,556,0.206994
2021-03-12,647,0.224208
2021-03-12,731,0.250262
2021-03-12,829,0.28655
2021-03-12,920,0.329346
2021-03-12,1011,0.386295
2021-03-12,1102,0.446364
2021-03-12,1193,0.508836
2021-03-12,1284,0.573911
2021-03-12,1375,0.640066
2021-03-12,1466,0.706157
2021-03-12,1557,0.771011
2021-03-12,1648,0.833998
2021-03-12,1739,0.895144
2021-03-12,1830,0.955225
2021-03-12,1921,1.013435
2021-03-12,2012,1.069801
2021-03-12,2103,1.124123
2021-03-12,2194,1.176866
2021-03-12,2285,1.227415
2021-03-12,2376,1.276407
2021-03-12,2467,1.323457
2021-03-12,2558,1.368952
2021-03-12,2656,1.415736
2021-03-12,2747,1.457713
2021-03-12,2838,1.498128
2021-03-12,2929,1.537126
2021-03-12,3020,1.57423
2021-03-12,3111,1.609458
2021-03-12,3202,1.643255
2021-03-12,3293,1.67588
2021-03-12,3384,1.706616
2021-03-12,3475,1.736005
2021-03-12,3566,1.764022
2021-03-12,3657,1.791021
2021-03-15,7,0.090874
2021-03-15,31,0.108988
2021-03-15,35,0.11311
2021-03-15,63,0.141691
2021-03-15,91,0.151125
2021-03-15,126,0.155612
2021-03-15,154,0.159577
2021-03-15,182,0.163881
2021-03-15,273,0.173452
2021-03-15,364,0.193437
2021-03-15,455,0.198335
2021-03-15,553,0.208988
2021-03-15,644,0.225284
2021-03-15,728,0.250154
2021-03-15,826,0.284183
2021-03-15,917,0.325346
2021-03-15,1008,0.381455
2021-03-15,1099,0.440834
2021-03-15,1190,0.502727
2021-03-15,1281,0.566953
2021-03-15,1372,0.632374
2021-03-15,1463,0.697823
2021-03-15,1554,0.761813
2021-03-15,1645,0.824028
2021-03-15,1736,0.88448
2021-03-15,1827,0.943935
2021-03-15,1918,1.001576
2021-03-15,2009,1.057421
2021-03-15,2100,1.111265
2021-03-15,2191,1.163568
2021-03-15,2282,1.21391
2021-03-15,2373,1.262709
2021-03-15,2464,1.309578
2021-03-15,2555,1.354903
2021-03-15,2653,1.401515
2021-03-15,2744,1.443341
2021-03-15,2835,1.483614
2021-03-15,2926,1.522478
2021-03-15,3017,1.559453
2021-03-15,3108,1.594557
2021-03-15,3199,1.628238
2021-03-15,3290,1.660751
2021-03-15,3381,1.691378
2021-03-15,3472,1.720665
2021-03-15,3563,1.748583
2021-03-15,3654,1.775487
2021-03-16,7,0.086058
2021-03-16,31,0.109627
2021-03-16,34,0.112882
2021-03-16,62,0.143172
2021-03-16,90,0.15225
2021-03-16,125,0.157877
2021-03-16,153,0.162381
2021-03-16,181,0.166275
2021-03-16,272,0.176775
2021-03-16,363,0.197252
2021-03-16,454,0.201396
2021-03-16,552,0.211526
2021-03-16,643,0.227488
2021-03-16,727,0.252137
2021-03-16,825,0.285972
2021-03-16,916,0.325996
2021-03-16,1007,0.380732
2021-03-16,1098,0.439386
2021-03-16,1189,0.500668
2021-03-16,1280,0.564373
2021-03-16,1371,0.629343
2021-03-16,1462,0.694396
2021-03-16,1553,0.758037
2021-03-16,1644,0.820219
2021-03-16,1735,0.880641
2021-03-16,1826,0.940069
2021-03-16,1917,0.997684
2021-03-16,2008,1.053733
2021-03-16,2099,1.107982
2021-03-16,2190,1.160864
2021-03-16,2281,1.211938
2021-03-16,2372,1.26122
2021-03-16,2463,1.308536
2021-03-16,2554,1.354454
2021-03-16,2652,1.401658
2021-03-16,2743,1.443996
2021-03-16,2834,1.484747
2021-03-16,2925,1.524059
2021-03-16,3016,1.561454
2021-03-16,3107,1.596954
2021-03-16,3198,1.631006
2021-03-16,3289,1.663871
2021-03-16,3380,1.69483
2021-03-16,3471,1.72443
2021-03-16,3562,1.752646
2021-03-16,3653,1.779832
2021-03-17,7,0.089982
2021-03-17,31,0.111776
2021-03-17,33,0.114167
2021-03-17,61,0.140874
2021-03-17,89,0.147587
2021-03-17,124,0.151714
2021-03-17,152,0.154582
2021-03-17,180,0.157346
2021-03-17,271,0.165778
2021-03-17,362,0.183982
2021-03-17,453,0.187748
2021-03-17,551,0.198521
2021-03-17,642,0.214197
2021-03-17,726,0.236902
2021-03-17,824,0.267171
2021-03-17,915,0.303572
2021-03-17,1006,0.354442
2021-03-17,1097,0.409879
2021-03-17,1188,0.469214
2021-03-17,1279,0.532331
2021-03-17,1370,0.597464
2021-03-17,1461,0.66329
2021-03-17,1552,0.728499
2021-03-17,1643,0.792635
2021-03-17,1734,0.855334
2021-03-17,1825,0.917564
2021-03-17,1916,0.978194
2021-03-17,2007,1.037441
2021-03-17,2098,1.095264
2021-03-17,2189,1.151841
2021-03-17,2280,1.206515
2021-03-17,2371,1.259506
2021-03-17,2462,1.310814
2021-03-17,2553,1.360797
2021-03-17,2651,1.412436
2021-03-17,2742,1.458609
2021-03-17,2833,1.502948
2021-03-17,2924,1.545624
2021-03-17,3015,1.586482
2021-03-17,3106,1.62539
2021-03-17,3197,1.662368
2021-03-17,3288,1.697997
2021-03-17,3379,1.73157
2021-03-17,3470,1.763647
2021-03-17,3561,1.794213
2021-03-17,3652,1.823632
2021-03-18,7,0.083017
2021-03-18,31,0.112415
2021-03-18,32,0.113631
2021-03-18,60,0.142216
2021-03-18,88,0.150191
2021-03-18,123,0.155053
2021-03-18,151,0.158261
2021-03-18,179,0.161257
2021-03-18,270,0.170111
2021-03-18,361,0.191104
2021-03-18,452,0.196504
2021-03-18,550,0.209347
2021-03-18,641,0.227107
2021-03-18,725,0.253041
2021-03-18,823,0.286851
2021-03-18,914,0.326371
2021-03-18,1005,0.380266
2021-03-18,1096,0.438646
2021-03-18,1187,0.501251
2021-03-18,1278,0.567531
2021-03-18,1369,0.636079
2021-03-18,1460,0.704892
2021-03-18,1551,0.773032
2021-03-18,1642,0.840051
2021-03-18,1733,0.905328
2021-03-18,1824,0.969878
2021-03-18,1915,1.032366
2021-03-18,2006,1.093529
2021-03-18,2097,1.152663
2021-03-18,2188,1.210231
2021-03-18,2279,1.266017
2021-03-18,2370,1.320227
2021-03-18,2461,1.372289
2021-03-18,2552,1.422793
2021-03-18,2650,1.47495
2021-03-18,2741,1.521571
2021-03-18,2832,1.566328
2021-03-18,2923,1.609395
2021-03-18,3014,1.650622
2021-03-18,3105,1.689874
2021-03-18,3196,1.727177
2021-03-18,3287,1.763112
2021-03-18,3378,1.796974
2021-03-18,3469,1.829325
2021-03-18,3560,1.860149
2021-03-18,3651,1.889814
2021-03-19,7,0.082378
2021-03-19,31,0.10988
2021-03-19,59,0.140729
2021-03-19,87,0.149275
2021-03-19,122,0.15444
2021-03-19,150,0.157783
2021-03-19,178,0.160872
2021-03-19,269,0.168174
2021-03-19,360,0.190996
2021-03-19,451,0.19643
2021-03-19,549,0.208406
2021-03-19,640,0.226327
2021-03-19,724,0.253563
2021-03-19,822,0.289162
2021-03-19,913,0.331017
2021-03-19,1004,0.387295
2021-03-19,1095,0.448505
2021-03-19,1186,0.513896
2021-03-19,1277,0.582927
2021-03-19,1368,0.653859
2021-03-19,1459,0.725072
2021-03-19,1550,0.795627
2021-03-19,1641,0.86451
2021-03-19,1732,0.931455
2021-03-19,1823,0.997504
2021-03-19,1914,1.061347
2021-03-19,2005,1.123512
2021-03-19,2096,1.18356
2021-03-19,2187,1.241965
2021-03-19,2278,1.29852
2021-03-19,2369,1.353244
2021-03-19,2460,1.405783
2021-03-19,2551,1.456728
2021-03-19,2649,1.509324
2021-03-19,2740,1.556325
2021-03-19,2831,1.601437
2021-03-19,2922,1.644836
2021-03-19,3013,1.686373
2021-03-19,3104,1.725917
2021-03-19,3195,1.763495
2021-03-19,3286,1.799689
2021-03-19,3377,1.833796
2021-03-19,3468,1.866378
2021-03-19,3559,1.897421
2021-03-19,3650,1.927294
2021-03-22,7,0.080228
2021-03-22,28,0.105287
2021-03-22,56,0.14262
2021-03-22,84,0.15253
2021-03-22,119,0.158358
2021-03-22,147,0.161989
2021-03-22,175,0.165269
2021-03-22,266,0.172883
2021-03-22,357,0.197279
2021-03-22,448,0.202502
2021-03-22,546,0.213454
2021-03-22,637,0.230738
2021-03-22,721,0.256983
2021-03-22,819,0.291092
2021-03-22,910,0.330868
2021-03-22,1001,0.385489
2021-03-22,1092,0.444912
2021-03-22,1183,0.508412
2021-03-22,1274,0.575472
2021-03-22,1365,0.6447
2021-03-22,1456,0.71411
2021-03-22,1547,0.782775
2021-03-22,1638,0.849976
2021-03-22,1729,0.915413
2021-03-22,1820,0.979853
2021-03-22,1911,1.042237
2021-03-22,2002,1.103073
2021-03-22,2093,1.161905
2021-03-22,2184,1.218983
2021-03-22,2275,1.274115
2021-03-22,2366,1.327523
2021-03-22,2457,1.378841
2021-03-22,2548,1.428651
2021-03-22,2646,1.48011
2021-03-22,2737,1.526126
2021-03-22,2828,1.570314
2021-03-22,2919,1.612845
2021-03-22,3010,1.653566
2021-03-22,3101,1.692339
2021-03-22,3192,1.729189
2021-03-22,3283,1.764693
2021-03-22,3374,1.798146
2021-03-22,3465,1.830106
2021-03-22,3556,1.86056
2021-03-22,3647,1.88987
2021-03-23,7,0.082003
2021-03-23,27,0.105445
2021-03-23,55,0.144667
2021-03-23,83,0.154005
2021-03-23,118,0.159446
2021-03-23,146,0.16192
2021-03-23,174,0.164414
2021-03-23,265,0.172351
2021-03-23,356,0.194361
2021-03-23,447,0.20019
2021-03-23,545,0.211578
2021-03-23,636,0.228433
2021-03-23,720,0.254393
2021-03-23,818,0.287034
2021-03-23,909,0.32574
2021-03-23,1000,0.379501
2021-03-23,1091,0.43737
2021-03-23,1182,0.498781
2021-03-23,1273,0.563332
2021-03-23,1364,0.629716
2021-03-23,1455,0.696637
2021-03-23,1546,0.762811
2021-03-23,1637,0.827798
2021-03-23,1728,0.891254
2021-03-23,1819,0.953911
2021-03-23,1910,1.014681
2021-03-23,2001,1.07405
2021-03-23,2092,1.131543
2021-03-23,2183,1.187393
2021-03-23,2274,1.241394
2021-03-23,2365,1.293758
2021-03-23,2456,1.344109
2021-03-23,2547,1.39302
2021-03-23,2645,1.443583
2021-03-23,2736,1.488821
2021-03-23,2827,1.532281
2021-03-23,2918,1.57413
2021-03-23,3009,1.614208
2021-03-23,3100,1.652377
2021-03-23,3191,1.688655
2021-03-23,3282,1.72362
2021-03-23,3373,1.756562
2021-03-23,3464,1.788038
2021-03-23,3555,1.818031
2021-03-23,3646,1.846904
2021-03-24,7,0.092902
2021-03-24,26,0.107844
2021-03-24,54,0.145234
2021-03-24,82,0.154493
2021-03-24,117,0.159834
2021-03-24,145,0.162251
2021-03-24,173,0.164706
2021-03-24,264,0.174318
2021-03-24,355,0.195886
2021-03-24,446,0.201417
2021-03-24,544,0.211692
2021-03-24,635,0.227831
2021-03-24,719,0.253306
2021-03-24,817,0.285511
2021-03-24,908,0.323398
2021-03-24,999,0.376044
2021-03-24,1090,0.432565
2021-03-24,1181,0.493231
2021-03-24,1272,0.557145
2021-03-24,1363,0.623316
2021-03-24,1454,0.689736
2021-03-24,1545,0.755468
2021-03-24,1636,0.820061
2021-03-24,1727,0.883164
2021-03-24,1818,0.945251
2021-03-24,1909,1.005504
2021-03-24,2000,1.063945
2021-03-24,2091,1.120369
2021-03-24,2182,1.17503
2021-03-24,2273,1.227533
2021-03-24,2364,1.27832
2021-03-24,2455,1.327023
2021-03-24,2546,1.374225
2021-03-24,2644,1.422891
2021-03-24,2735,1.466322
2021-03-24,2826,1.508091
2021-03-24,2917,1.548353
2021-03-24,3008,1.58694
2021-03-24,3099,1.623705
2021-03-24,3190,1.658659
2021-03-24,3281,1.692233
2021-03-24,3372,1.723858
2021-03-24,3463,1.754087
2021-03-24,3554,1.782896
2021-03-24,3645,1.810643
2021-03-25,7,0.086058
2021-03-25,25,0.104495
2021-03-25,53,0.144359
2021-03-25,81,0.154035
2021-03-25,116,0.15956
2021-03-25,144,0.162047
2021-03-25,172,0.164549
2021-03-25,263,0.174253
2021-03-25,354,0.195899
2021-03-25,445,0.200403
2021-03-25,543,0.209966
2021-03-25,634,0.225651
2021-03-25,718,0.250231
2021-03-25,816,0.281629
2021-03-25,907,0.318931
2021-03-25,998,0.370654
2021-03-25,1089,0.42641
2021-03-25,1180,0.486432
2021-03-25,1271,0.55016
2021-03-25,1362,0.616172
2021-03-25,1453,0.682769
2021-03-25,1544,0.748954
2021-03-25,1635,0.814511
2021-03-25,1726,0.87874
2021-03-25,1817,0.942093
2021-03-25,1908,1.003491
2021-03-25,1999,1.063199
2021-03-25,2090,1.120781
2021-03-25,2181,1.17671
2021-03-25,2272,1.230581
2021-03-25,2363,1.282631
2021-03-25,2454,1.332501
2021-03-25,2545,1.380786
2021-03-25,2643,1.430534
2021-03-25,2734,1.474899
2021-03-25,2825,1.517542
2021-03-25,2916,1.558622
2021-03-25,3007,1.597978
2021-03-25,3098,1.635465
2021-03-25,3189,1.6711
2021-03-25,3280,1.705316
2021-03-25,3371,1.737549
2021-03-25,3462,1.768353
2021-03-25,3553,1.797707
2021-03-25,3644,1.825972
2021-03-26,7,0.085805
2021-03-26,24,0.102047
2021-03-26,52,0.145361
2021-03-26,80,0.154807
2021-03-26,115,0.160145
2021-03-26,143,0.163527
2021-03-26,171,0.166632
2021-03-26,262,0.175649
2021-03-26,353,0.196996
2021-03-26,444,0.201286
2021-03-26,542,0.211622
2021-03-26,633,0.228551
2021-03-26,717,0.254606
2021-03-26,815,0.288559
2021-03-26,906,0.328765
2021-03-26,997,0.383797
2021-03-26,1088,0.442311
2021-03-26,1179,0.504668
2021-03-26,1270,0.570397
2021-03-26,1361,0.63848
2021-03-26,1452,0.707205
2021-03-26,1543,0.775563
2021-03-26,1634,0.84305
2021-03-26,1725,0.909004
2021-03-26,1816,0.973907
2021-03-26,1907,1.036705
2021-03-26,1998,1.097685
2021-03-26,2089,1.156426
2021-03-26,2180,1.213417
2021-03-26,2271,1.268263
2021-03-26,2362,1.321017
2021-03-26,2453,1.371539
2021-03-26,2544,1.420428
2021-03-26,2642,1.470777
2021-03-26,2733,1.515663
2021-03-26,2824,1.558791
2021-03-26,2915,1.600326
2021-03-26,3006,1.640109
2021-03-26,3097,1.677997
2021-03-26,3188,1.714009
2021-03-26,3279,1.748581
2021-03-26,3370,1.781151
2021-03-26,3461,1.812272
2021-03-26,3552,1.841927
2021-03-26,3643,1.870478
2021-03-29,7,0.083017
2021-03-29,21,0.098758
2021-03-29,49,0.1495
2021-03-29,77,0.159652
2021-03-29,112,0.165203
2021-03-29,140,0.16866
2021-03-29,168,0.171809
2021-03-29,259,0.179112
2021-03-29,350,0.201059
2021-03-29,441,0.205585
2021-03-29,539,0.216118
2021-03-29,630,0.233941
2021-03-29,714,0.261855
2021-03-29,812,0.299946
2021-03-29,903,0.345258
2021-03-29,994,0.404964
2021-03-29,1085,0.467801
2021-03-29,1176,0.533818
2021-03-29,1267,0.602689
2021-03-29,1358,0.673495
2021-03-29,1449,0.744601
2021-03-29,1540,0.815056
2021-03-29,1631,0.884403
2021-03-29,1722,0.952284
2021-03-29,1813,1.019171
2021-03-29,1904,1.083759
2021-03-29,1995,1.146132
2021-03-29,2086,1.20614
2021-03-29,2177,1.26429
2021-03-29,2268,1.320199
2021-03-29,2359,1.373931
2021-03-29,2450,1.425354
2021-03-29,2541,1.474898
2021-03-29,2639,1.525897
2021-03-29,2730,1.571344
2021-03-29,2821,1.614995
2021-03-29,2912,1.657018
2021-03-29,3003,1.697257
2021-03-29,3094,1.735573
2021-03-29,3185,1.771987
2021-03-29,3276,1.806938
2021-03-29,3367,1.839862
2021-03-29,3458,1.871319
2021-03-29,3549,1.901292
2021-03-29,3640,1.930143
2021-03-30,7,0.087447
2021-03-30,20,0.103305
2021-03-30,48,0.15393
2021-03-30,76,0.164451
2021-03-30,111,0.170137
2021-03-30,139,0.172625
2021-03-30,167,0.175128
2021-03-30,258,0.183075
2021-03-30,349,0.205373
2021-03-30,440,0.211113
2021-03-30,538,0.22435
2021-03-30,629,0.243942
2021-03-30,713,0.273102
2021-03-30,811,0.311716
2021-03-30,902,0.357422
2021-03-30,993,0.417928
2021-03-30,1084,0.48228
2021-03-30,1175,0.549971
2021-03-30,1266,0.620639
2021-03-30,1357,0.693002
2021-03-30,1448,0.765469
2021-03-30,1539,0.837122
2021-03-30,1630,0.907532
2021-03-30,1721,0.976096
2021-03-30,1812,1.043089
2021-03-30,1903,1.107531
2021-03-30,1994,1.169771
2021-03-30,2085,1.229656
2021-03-30,2176,1.287481
2021-03-30,2267,1.342685
2021-03-30,2358,1.395766
2021-03-30,2449,1.4464
2021-03-30,2540,1.495208
2021-03-30,2638,1.545473
2021-03-30,2729,1.590283
2021-03-30,2820,1.633176
2021-03-30,2911,1.674488
2021-03-30,3002,1.714059
2021-03-30,3093,1.751745
2021-03-30,3184,1.787564
2021-03-30,3275,1.821952
2021-03-30,3366,1.854345
2021-03-30,3457,1.885297
2021-03-30,3548,1.914791
2021-03-30,3639,1.943187
2021-03-31,7,0.088715
2021-03-31,19,0.101212
2021-03-31,47,0.151141
2021-03-31,75,0.162844
2021-03-31,110,0.16748
2021-03-31,138,0.170525
2021-03-31,166,0.173398
2021-03-31,257,0.180194
2021-03-31,348,0.203309
2021-03-31,439,0.21054
2021-03-31,537,0.225755
2021-03-31,628,0.247376
2021-03-31,712,0.277965
2021-03-31,810,0.318487
2021-03-31,901,0.366115
2021-03-31,992,0.428204
2021-03-31,1083,0.494725
2021-03-31,1174,0.564642
2021-03-31,1265,0.637216
2021-03-31,1356,0.711231
2021-03-31,1447,0.785457
2021-03-31,1538,0.85866
2021-03-31,1629,0.930164
2021-03-31,1720,0.999437
2021-03-31,1811,1.067067
2021-03-31,1902,1.132084
2021-03-31,1993,1.194844
2021-03-31,2084,1.255202
2021-03-31,2175,1.31346
2021-03-31,2266,1.369061
2021-03-31,2357,1.422507
2021-03-31,2448,1.473477
2021-03-31,2539,1.522597
2021-03-31,2637,1.573172
2021-03-31,2728,1.61825
2021-03-31,2819,1.661392
2021-03-31,2910,1.702938
2021-03-31,3001,1.742727
2021-03-31,3092,1.780618
2021-03-31,3183,1.81663
2021-03-31,3274,1.8512
2021-03-31,3365,1.883764
2021-03-31,3456,1.914878
2021-03-31,3547,1.944524
2021-03-31,3638,1.973065
2021-04-01,7,0.086058
2021-04-01,18,0.098421
2021-04-01,46,0.151134
2021-04-01,74,0.16108
2021-04-01,109,0.166325
2021-04-01,137,0.169628
2021-04-01,165,0.172671
2021-04-01,256,0.181553
2021-04-01,347,0.205707
2021-04-01,438,0.212457
2021-04-01,536,0.22735
2021-04-01,627,0.248774
2021-04-01,711,0.278642
2021-04-01,809,0.317906
2021-04-01,900,0.363599
2021-04-01,991,0.42366
2021-04-01,1082,0.487649
2021-04-01,1173,0.555039
2021-04-01,1264,0.625454
2021-04-01,1355,0.697601
2021-04-01,1446,0.769878
2021-04-01,1537,0.840766
2021-04-01,1628,0.910214
2021-04-01,1719,0.977647
2021-04-01,1810,1.043369
2021-04-01,1901,1.106418
2021-04-01,1992,1.16739
2021-04-01,2083,1.225896
2021-04-01,2174,1.282245
2021-04-01,2265,1.33609
2021-04-01,2356,1.387915
2021-04-01,2447,1.437384
2021-04-01,2538,1.48493
2021-04-01,2636,1.533931
2021-04-01,2727,1.577648
2021-04-01,2818,1.619516
2021-04-01,2909,1.65971
2021-04-01,3000,1.698229
2021-04-01,3091,1.734924
2021-04-01,3182,1.769808
2021-04-01,3273,1.803312
2021-04-01,3364,1.834867
2021-04-01,3455,1.865025
2021-04-01,3546,1.893764
2021-04-01,3637,1.921443
2021-04-05,7,0.086058
2021-04-05,18,0.098421
2021-04-05,46,0.151134
2021-04-05,74,0.16108
2021-04-05,109,0.166325
2021-04-05,137,0.169628
2021-04-05,165,0.172671
2021-04-05,256,0.181553
2021-04-05,347,0.205707
2021-04-05,438,0.212457
2021-04-05,536,0.22735
2021-04-05,627,0.248774
2021-04-05,711,0.278642
2021-04-05,809,0.317906
2021-04-05,900,0.363599
2021-04-05,991,0.42366
2021-04-05,1082,0.487649
2021-04-05,1173,0.555039
2021-04-05,1264,0.625454
2021-04-05,1355,0.697601
2021-04-05,1446,0.769878
2021-04-05,1537,0.840766
2021-04-05,1628,0.910214
2021-04-05,1719,0.977647
2021-04-05,1810,1.043369
2021-04-05,1901,1.106418
2021-04-05,1992,1.16739
2021-04-05,2083,1.225896
2021-04-05,2174,1.282245
2021-04-05,2265,1.33609
2021-04-05,2356,1.387915
2021-04-05,2447,1.437384
2021-04-05,2538,1.48493
2021-04-05,2636,1.533931
2021-04-05,2727,1.577648
2021-04-05,2818,1.619516
2021-04-05,2909,1.65971
2021-04-05,3000,1.698229
2021-04-05,3091,1.734924
2021-04-05,3182,1.769808
2021-04-05,3273,1.803312
2021-04-05,3364,1.834867
2021-04-05,3455,1.865025
2021-04-05,3546,1.893764
2021-04-05,3637,1.921443
2021-04-06,7,0.087326
2021-04-06,13,0.093672
2021-04-06,41,0.156057
2021-04-06,69,0.164726
2021-04-06,104,0.168996
2021-04-06,132,0.171858
2021-04-06,160,0.174605
2021-04-06,251,0.182963
2021-04-06,342,0.208443
2021-04-06,433,0.21576
2021-04-06,531,0.232053
2021-04-06,622,0.254443
2021-04-06,706,0.284451
2021-04-06,804,0.323252
2021-04-06,895,0.367113
2021-04-06,986,0.424354
2021-04-06,1077,0.486019
2021-04-06,1168,0.551856
2021-04-06,1259,0.620591
2021-04-06,1350,0.69095
2021-04-06,1441,0.761349
2021-04-06,1532,0.830278
2021-04-06,1623,0.8977
2021-04-06,1714,0.96305
2021-04-06,1805,1.027148
2021-04-06,1896,1.088723
2021-04-06,1987,1.148351
2021-04-06,2078,1.205625
2021-04-06,2169,1.260841
2021-04-06,2260,1.314045
2021-04-06,2351,1.365079
2021-04-06,2442,1.413999
2021-04-06,2533,1.461031
2021-04-06,2631,1.509329
2021-04-06,2722,1.552266
2021-04-06,2813,1.593239
2021-04-06,2904,1.63259
2021-04-06,2995,1.670315
2021-04-06,3086,1.70626
2021-04-06,3177,1.740434
2021-04-06,3268,1.773266
2021-04-06,3359,1.804182
2021-04-06,3450,1.833733
2021-04-06,3541,1.861895
2021-04-06,3632,1.889023
2021-04-07,7,0.087072
2021-04-07,12,0.092938
2021-04-07,40,0.157397
2021-04-07,68,0.165641
2021-04-07,103,0.169642
2021-04-07,131,0.172388
2021-04-07,159,0.175059
2021-04-07,250,0.181441
2021-04-07,341,0.204698
2021-04-07,432,0.211754
2021-04-07,530,0.226009
2021-04-07,621,0.24561
2021-04-07,705,0.273092
2021-04-07,803,0.309621
2021-04-07,894,0.351829
2021-04-07,985,0.407736
2021-04-07,1076,0.468299
2021-04-07,1167,0.532817
2021-04-07,1258,0.600425
2021-04-07,1349,0.670154
2021-04-07,1440,0.740321
2021-04-07,1531,0.809045
2021-04-07,1622,0.876285
2021-04-07,1713,0.941739
2021-04-07,1804,1.005931
2021-04-07,1895,1.067589
2021-04-07,1986,1.127292
2021-04-07,2077,1.184854
2021-04-07,2168,1.240544
2021-04-07,2259,1.29398
2021-04-07,2350,1.345228
2021-04-07,2441,1.394345
2021-04-07,2532,1.44156
2021-04-07,2630,1.490039
2021-04-07,2721,1.533131
2021-04-07,2812,1.574249
2021-04-07,2903,1.613736
2021-04-07,2994,1.651588
2021-04-07,3085,1.687651
2021-04-07,3176,1.721937
2021-04-07,3267,1.754873
2021-04-07,3358,1.785888
2021-04-07,3449,1.815532
2021-04-07,3540,1.843781
2021-04-07,3631,1.870993
2021-04-08,7,0.086433
2021-04-08,11,0.090885
2021-04-08,39,0.15847
2021-04-08,67,0.166389
2021-04-08,102,0.171912
2021-04-08,130,0.17419
2021-04-08,158,0.176558
2021-04-08,249,0.18427
2021-04-08,340,0.206838
2021-04-08,431,0.212389
2021-04-08,529,0.225614
2021-04-08,620,0.243818
2021-04-08,704,0.269741
2021-04-08,802,0.304251
2021-04-08,893,0.34499
2021-04-08,984,0.399716
2021-04-08,1075,0.458874
2021-04-08,1166,0.521817
2021-04-08,1257,0.587716
2021-04-08,1348,0.655286
2021-04-08,1439,0.72325
2021-04-08,1530,0.790034
2021-04-08,1621,0.855267
2021-04-08,1712,0.91866
2021-04-08,1803,0.980999
2021-04-08,1894,1.040981
2021-04-08,1985,1.099161
2021-04-08,2076,1.155333
2021-04-08,2167,1.20975
2021-04-08,2258,1.262015
2021-04-08,2349,1.312181
2021-04-08,2440,1.360296
2021-04-08,2531,1.406581
2021-04-08,2629,1.454132
2021-04-08,2720,1.49642
2021-04-08,2811,1.536785
2021-04-08,2902,1.575566
2021-04-08,2993,1.612754
2021-04-08,3084,1.648193
2021-04-08,3175,1.681889
2021-04-08,3266,1.714269
2021-04-08,3357,1.744756
2021-04-08,3448,1.7739
2021-04-08,3539,1.801675
2021-04-08,3630,1.828435
2021-04-09,7,0.087832
2021-04-09,10,0.091088
2021-04-09,38,0.160302
2021-04-09,66,0.169714
2021-04-09,101,0.174139
2021-04-09,129,0.175951
2021-04-09,157,0.178021
2021-04-09,248,0.183368
2021-04-09,339,0.206245
2021-04-09,430,0.211934
2021-04-09,528,0.225269
2021-04-09,619,0.244297
2021-04-09,703,0.27141
2021-04-09,801,0.307617
2021-04-09,892,0.35064
2021-04-09,983,0.407707
2021-04-09,1074,0.469242
2021-04-09,1165,0.534191
2021-04-09,1256,0.601808
2021-04-09,1347,0.670865
2021-04-09,1438,0.740126
2021-04-09,1529,0.808051
2021-04-09,1620,0.874296
2021-04-09,1711,0.938592
2021-04-09,1802,1.001741
2021-04-09,1893,1.062454
2021-04-09,1984,1.121065
2021-04-09,2075,1.177409
2021-04-09,2166,1.231982
2021-04-09,2257,1.284389
2021-04-09,2348,1.334686
2021-04-09,2439,1.382921
2021-04-09,2530,1.429316
2021-04-09,2628,1.476975
2021-04-09,2719,1.519357
2021-04-09,2810,1.559809
2021-04-09,2901,1.59867
2021-04-09,2992,1.635934
2021-04-09,3083,1.671443
2021-04-09,3174,1.705205
2021-04-09,3265,1.737646
2021-04-09,3356,1.768191
2021-04-09,3447,1.797389
2021-04-09,3538,1.825215
2021-04-09,3629,1.852023
2021-04-12,7,0.079975
2021-04-12,30,0.113804
2021-04-12,35,0.118811
2021-04-12,63,0.147111
2021-04-12,98,0.159744
2021-04-12,126,0.164798
2021-04-12,154,0.168936
2021-04-12,245,0.177723
2021-04-12,336,0.200961
2021-04-12,427,0.207816
2021-04-12,525,0.223887
2021-04-12,616,0.245457
2021-04-12,700,0.274977
2021-04-12,798,0.314612
2021-04-12,889,0.360171
2021-04-12,980,0.419816
2021-04-12,1071,0.483501
2021-04-12,1162,0.549875
2021-04-12,1253,0.618349
2021-04-12,1344,0.688149
2021-04-12,1435,0.757739
2021-04-12,1526,0.82565
2021-04-12,1617,0.891879
2021-04-12,1708,0.955888
2021-04-12,1799,1.018778
2021-04-12,1890,1.07901
2021-04-12,1981,1.137181
2021-04-12,2072,1.19312
2021-04-12,2163,1.247319
2021-04-12,2254,1.299177
2021-04-12,2345,1.348769
2021-04-12,2436,1.39616
2021-04-12,2527,1.441953
2021-04-12,2625,1.489007
2021-04-12,2716,1.530863
2021-04-12,2807,1.570822
2021-04-12,2898,1.60922
2021-04-12,2989,1.646047
2021-04-12,3080,1.681143
2021-04-12,3171,1.714514
2021-04-12,3262,1.746585
2021-04-12,3353,1.776778
2021-04-12,3444,1.805642
2021-04-12,3535,1.833149
2021-04-12,3626,1.859654
2021-04-13,7,0.083392
2021-04-13,30,0.116217
2021-04-13,34,0.119845
2021-04-13,62,0.145846
2021-04-13,97,0.159066
2021-04-13,125,0.164312
2021-04-13,153,0.168566
2021-04-13,244,0.177527
2021-04-13,335,0.202264
2021-04-13,426,0.208856
2021-04-13,524,0.221922
2021-04-13,615,0.24007
2021-04-13,699,0.265412
2021-04-13,797,0.299426
2021-04-13,888,0.339852
2021-04-13,979,0.394395
2021-04-13,1070,0.452992
2021-04-13,1161,0.515082
2021-04-13,1252,0.579898
2021-04-13,1343,0.646197
2021-04-13,1434,0.712732
2021-04-13,1525,0.777652
2021-04-13,1616,0.841228
2021-04-13,1707,0.902866
2021-04-13,1798,0.963625
2021-04-13,1889,1.021931
2021-04-13,1980,1.078354
2021-04-13,2071,1.132918
2021-04-13,2162,1.186072
2021-04-13,2253,1.236967
2021-04-13,2344,1.28567
2021-04-13,2435,1.332239
2021-04-13,2526,1.377449
2021-04-13,2624,1.424111
2021-04-13,2715,1.465795
2021-04-13,2806,1.505593
2021-04-13,2897,1.543839
2021-04-13,2988,1.580522
2021-04-13,3079,1.615483
2021-04-13,3170,1.648726
2021-04-13,3261,1.680676
2021-04-13,3352,1.710755
2021-04-13,3443,1.739509
2021-04-13,3534,1.766912
2021-04-13,3625,1.793319
2021-04-14,7,0.087954
2021-04-14,30,0.11723
2021-04-14,33,0.120491
2021-04-14,61,0.146622
2021-04-14,96,0.157849
2021-04-14,124,0.162268
2021-04-14,152,0.165992
2021-04-14,243,0.174056
2021-04-14,334,0.198432
2021-04-14,425,0.204776
2021-04-14,523,0.218631
2021-04-14,614,0.238047
2021-04-14,698,0.265497
2021-04-14,796,0.302036
2021-04-14,887,0.344317
2021-04-14,978,0.400382
2021-04-14,1069,0.460246
2021-04-14,1160,0.52301
2021-04-14,1251,0.588036
2021-04-14,1342,0.654517
2021-04-14,1433,0.720891
2021-04-14,1524,0.785668
2021-04-14,1615,0.848831
2021-04-14,1706,0.9101
2021-04-14,1797,0.970016
2021-04-14,1888,1.027559
2021-04-14,1979,1.083519
2021-04-14,2070,1.137662
2021-04-14,2161,1.190215
2021-04-14,2252,1.240558
2021-04-14,2343,1.289143
2021-04-14,2434,1.33579
2021-04-14,2525,1.38089
2021-04-14,2623,1.427252
2021-04-14,2714,1.468678
2021-04-14,2805,1.508396
2021-04-14,2896,1.546567
2021-04-14,2987,1.58318
2021-04-14,3078,1.618074
2021-04-14,3169,1.651253
2021-04-14,3260,1.683142
2021-04-14,3351,1.713162
2021-04-14,3442,1.741862
2021-04-14,3533,1.769212
2021-04-14,3624,1.795568
2021-04-15,7,0.085044
2021-04-15,30,0.116592
2021-04-15,32,0.11888
2021-04-15,60,0.150929
2021-04-15,95,0.164422
2021-04-15,123,0.169688
2021-04-15,151,0.173001
2021-04-15,242,0.180368
2021-04-15,333,0.201708
2021-04-15,424,0.206277
2021-04-15,522,0.217974
2021-04-15,613,0.234512
2021-04-15,697,0.258155
2021-04-15,795,0.289405
2021-04-15,886,0.326273
2021-04-15,977,0.376539
2021-04-15,1068,0.430305
2021-04-15,1159,0.48714
2021-04-15,1250,0.54637
2021-04-15,1341,0.60716
2021-04-15,1432,0.667927
2021-04-15,1523,0.727467
2021-04-15,1614,0.785984
2021-04-15,1705,0.842834
2021-04-15,1796,0.89878
2021-04-15,1887,0.952736
2021-04-15,1978,1.005208
2021-04-15,2069,1.055947
2021-04-15,2160,1.105598
2021-04-15,2251,1.153475
2021-04-15,2342,1.199786
2021-04-15,2433,1.24433
2021-04-15,2524,1.287478
2021-04-15,2622,1.331892
2021-04-15,2713,1.371632
2021-04-15,2804,1.409774
2021-04-15,2895,1.446467
2021-04-15,2986,1.481692
2021-04-15,3077,1.51528
2021-04-15,3168,1.547228
2021-04-15,3259,1.577954
2021-04-15,3350,1.606874
2021-04-15,3441,1.634531
2021-04-15,3532,1.660893
2021-04-15,3623,1.686309
2021-04-16,7,0.0891
2021-04-16,30,0.117484
2021-04-16,31,0.118648
2021-04-16,59,0.153756
2021-04-16,94,0.168227
2021-04-16,122,0.173826
2021-04-16,150,0.177335
2021-04-16,185,0.182145
2021-04-16,241,0.191642
2021-04-16,332,0.212734
2021-04-16,423,0.217121
2021-04-16,521,0.227754
2021-04-16,612,0.243618
2021-04-16,696,0.268029
2021-04-16,794,0.300599
2021-04-16,885,0.33844
2021-04-16,976,0.389981
2021-04-16,1067,0.44567
2021-04-16,1158,0.504524
2021-04-16,1249,0.565848
2021-04-16,1340,0.628448
2021-04-16,1431,0.690794
2021-04-16,1522,0.751721
2021-04-16,1613,0.811469
2021-04-16,1704,0.869417
2021-04-16,1795,0.926348
2021-04-16,1886,0.980949
2021-04-16,1977,1.034006
2021-04-16,2068,1.085278
2021-04-16,2159,1.135414
2021-04-16,2250,1.183534
2021-04-16,2341,1.230068
2021-04-16,2432,1.274817
2021-04-16,2523,1.318154
2021-04-16,2621,1.362756
2021-04-16,2712,1.402659
2021-04-16,2803,1.440951
2021-04-16,2894,1.477786
2021-04-16,2985,1.513143
2021-04-16,3076,1.546854
2021-04-16,3167,1.578918
2021-04-16,3258,1.609753
2021-04-16,3349,1.638775
2021-04-16,3440,1.666529
2021-04-16,3531,1.692982
2021-04-16,3622,1.718485
2021-04-19,7,0.082256
2021-04-19,28,0.112449
2021-04-19,56,0.152537
2021-04-19,91,0.167954
2021-04-19,119,0.173759
2021-04-19,147,0.177352
2021-04-19,182,0.182238
2021-04-19,238,0.189448
2021-04-19,329,0.209937
2021-04-19,420,0.213864
2021-04-19,518,0.224216
2021-04-19,609,0.239173
2021-04-19,693,0.262387
2021-04-19,791,0.293271
2021-04-19,882,0.329908
2021-04-19,973,0.380986
2021-04-19,1064,0.437169
2021-04-19,1155,0.496846
2021-04-19,1246,0.559247
2021-04-19,1337,0.623125
2021-04-19,1428,0.686584
2021-04-19,1519,0.748792
2021-04-19,1610,0.809672
2021-04-19,1701,0.868897
2021-04-19,1792,0.926975
2021-04-19,1883,0.982852
2021-04-19,1974,1.037064
2021-04-19,2065,1.089386
2021-04-19,2156,1.140483
2021-04-19,2247,1.189482
2021-04-19,2338,1.236825
2021-04-19,2429,1.282319
2021-04-19,2520,1.326347
2021-04-19,2618,1.371636
2021-04-19,2709,1.412131
2021-04-19,2800,1.450975
2021-04-19,2891,1.488325
2021-04-19,2982,1.524164
2021-04-19,3073,1.558328
2021-04-19,3164,1.590816
2021-04-19,3255,1.622051
2021-04-19,3346,1.65145
2021-04-19,3437,1.679558
2021-04-19,3528,1.706347
2021-04-19,3619,1.732168
2021-04-20,7,0.086565
2021-04-20,27,0.106063
2021-04-20,55,0.148841
2021-04-20,90,0.165866
2021-04-20,118,0.172216
2021-04-20,146,0.17613
2021-04-20,181,0.181279
2021-04-20,237,0.188746
2021-04-20,328,0.209493
2021-04-20,419,0.213525
2021-04-20,517,0.223002
2021-04-20,608,0.237407
2021-04-20,692,0.259639
2021-04-20,790,0.289019
2021-04-20,881,0.324045
2021-04-20,972,0.373357
2021-04-20,1063,0.427649
2021-04-20,1154,0.485737
2021-04-20,1245,0.546784
2021-04-20,1336,0.60915
2021-04-20,1427,0.671291
2021-04-20,1518,0.732338
2021-04-20,1609,0.792189
2021-04-20,1700,0.850495
2021-04-20,1791,0.907746
2021-04-20,1882,0.962875
2021-04-20,1973,1.016408
2021-04-20,2064,1.06811
2021-04-20,2155,1.118639
2021-04-20,2246,1.167116
2021-04-20,2337,1.213976
2021-04-20,2428,1.259024
2021-04-20,2519,1.302637
2021-04-20,2617,1.347511
2021-04-20,2708,1.387646
2021-04-20,2799,1.426154
2021-04-20,2890,1.463188
2021-04-20,2981,1.49873
2021-04-20,3072,1.532615
2021-04-20,3163,1.564839
2021-04-20,3254,1.595824
2021-04-20,3345,1.624986
2021-04-20,3436,1.65287
2021-04-20,3527,1.679445
2021-04-20,3618,1.705064
2021-04-21,7,0.085926
2021-04-21,26,0.107281
2021-04-21,54,0.146277
2021-04-21,89,0.162509
2021-04-21,117,0.168503
2021-04-21,145,0.172182
2021-04-21,180,0.177142
2021-04-21,236,0.18442
2021-04-21,327,0.205024
2021-04-21,418,0.210039
2021-04-21,516,0.221158
2021-04-21,607,0.236623
2021-04-21,691,0.259598
2021-04-21,789,0.290278
2021-04-21,880,0.327307
2021-04-21,971,0.378261
2021-04-21,1062,0.433483
2021-04-21,1153,0.491959
2021-04-21,1244,0.55297
2021-04-21,1335,0.615305
2021-04-21,1426,0.67742
2021-04-21,1517,0.738442
2021-04-21,1608,0.79827
2021-04-21,1699,0.856554
2021-04-21,1790,0.913786
2021-04-21,1881,0.968896
2021-04-21,1972,1.022411
2021-04-21,2063,1.074096
2021-04-21,2154,1.124608
2021-04-21,2245,1.173069
2021-04-21,2336,1.219914
2021-04-21,2427,1.264946
2021-04-21,2518,1.308545
2021-04-21,2616,1.353403
2021-04-21,2707,1.393525
2021-04-21,2798,1.432019
2021-04-21,2889,1.46904
2021-04-21,2980,1.504569
2021-04-21,3071,1.538441
2021-04-21,3162,1.570652
2021-04-21,3253,1.601625
2021-04-21,3344,1.630775
2021-04-21,3435,1.658647
2021-04-21,3526,1.685211
2021-04-21,3617,1.710818
2021-04-22,7,0.088593
2021-04-22,25,0.103467
2021-04-22,53,0.143875
2021-04-22,88,0.159231
2021-04-22,116,0.164844
2021-04-22,144,0.169261
2021-04-22,179,0.174819
2021-04-22,235,0.182682
2021-04-22,326,0.203834
2021-04-22,417,0.209121
2021-04-22,515,0.220436
2021-04-22,606,0.236796
2021-04-22,690,0.2604
2021-04-22,788,0.291648
2021-04-22,879,0.328578
2021-04-22,970,0.379465
2021-04-22,1061,0.434636
2021-04-22,1152,0.493071
2021-04-22,1243,0.55442
2021-04-22,1334,0.617048
2021-04-22,1425,0.679417
2021-04-22,1516,0.740662
2021-04-22,1607,0.800688
2021-04-22,1698,0.858877
2021-04-22,1789,0.916022
2021-04-22,1880,0.971054
2021-04-22,1971,1.024496
2021-04-22,2062,1.076114
2021-04-22,2153,1.126565
2021-04-22,2244,1.174968
2021-04-22,2335,1.221759
2021-04-22,2426,1.26674
2021-04-22,2517,1.310291
2021-04-22,2615,1.355102
2021-04-22,2706,1.39518
2021-04-22,2797,1.433635
2021-04-22,2888,1.470618
2021-04-22,2979,1.506111
2021-04-22,3070,1.539947
2021-04-22,3161,1.572126
2021-04-22,3252,1.603067
2021-04-22,3343,1.632186
2021-04-22,3434,1.660029
2021-04-22,3525,1.686565
2021-04-22,3616,1.712145
2021-04-23,7,0.086433
2021-04-23,24,0.105727
2021-04-23,52,0.148424
2021-04-23,87,0.164165
2021-04-23,115,0.169861
2021-04-23,143,0.174318
2021-04-23,178,0.178913
2021-04-23,234,0.18583
2021-04-23,325,0.206166
2021-04-23,416,0.210955
2021-04-23,514,0.222909
2021-04-23,605,0.239685
2021-04-23,689,0.264824
2021-04-23,787,0.298082
2021-04-23,878,0.33701
2021-04-23,969,0.390008
2021-04-23,1060,0.44693
2021-04-23,1151,0.506842
2021-04-23,1242,0.569452
2021-04-23,1333,0.63317
2021-04-23,1424,0.696488
2021-04-23,1515,0.758265
2021-04-23,1606,0.81876
2021-04-23,1697,0.877367
2021-04-23,1788,0.934887
2021-04-23,1879,0.990255
2021-04-23,1970,1.044002
2021-04-23,2061,1.095897
2021-04-23,2152,1.146387
2021-04-23,2243,1.194826
2021-04-23,2334,1.241648
2021-04-23,2425,1.286659
2021-04-23,2516,1.330235
2021-04-23,2614,1.37507
2021-04-23,2705,1.41517
2021-04-23,2796,1.453643
2021-04-23,2887,1.490643
2021-04-23,2978,1.526152
2021-04-23,3069,1.560002
2021-04-23,3160,1.592193
2021-04-23,3251,1.623146
2021-04-23,3342,1.652276
2021-04-23,3433,1.680129
2021-04-23,3524,1.706673
2021-04-23,3615,1.732261
2021-04-26,7,0.085419
2021-04-26,21,0.101925
2021-04-26,49,0.149409
2021-04-26,84,0.165302
2021-04-26,112,0.170866
2021-04-26,140,0.175217
2021-04-26,175,0.180726
2021-04-26,231,0.188521
2021-04-26,322,0.209718
2021-04-26,413,0.214876
2021-04-26,511,0.227119
2021-04-26,602,0.244874
2021-04-26,686,0.270107
2021-04-26,784,0.303465
2021-04-26,875,0.343019
2021-04-26,966,0.396568
2021-04-26,1057,0.453958
2021-04-26,1148,0.514271
2021-04-26,1239,0.577229
2021-04-26,1330,0.641595
2021-04-26,1421,0.705477
2021-04-26,1512,0.767747
2021-04-26,1603,0.82839
2021-04-26,1694,0.887126
2021-04-26,1785,0.944759
2021-04-26,1876,1.000226
2021-04-26,1967,1.05406
2021-04-26,2058,1.105809
2021-04-26,2149,1.156164
2021-04-26,2240,1.204474
2021-04-26,2331,1.251177
2021-04-26,2422,1.296075
2021-04-26,2513,1.339545
2021-04-26,2611,1.384271
2021-04-26,2702,1.424275
2021-04-26,2793,1.462657
2021-04-26,2884,1.49957
2021-04-26,2975,1.534995
2021-04-26,3066,1.568766
2021-04-26,3157,1.60088
2021-04-26,3248,1.631759
2021-04-26,3339,1.660818
2021-04-26,3430,1.688602
2021-04-26,3521,1.71508
2021-04-26,3612,1.740604
2021-04-27,7,0.087701
2021-04-27,20,0.101309
2021-04-27,48,0.150141
2021-04-27,83,0.165917
2021-04-27,111,0.171376
2021-04-27,139,0.176677
2021-04-27,174,0.181923
2021-04-27,230,0.189461
2021-04-27,321,0.210457
2021-04-27,412,0.215464
2021-04-27,510,0.227618
2021-04-27,601,0.245327
2021-04-27,685,0.271784
2021-04-27,783,0.306876
2021-04-27,874,0.348227
2021-04-27,965,0.403726
2021-04-27,1056,0.463603
2021-04-27,1147,0.526811
2021-04-27,1238,0.592612
2021-04-27,1329,0.659431
2021-04-27,1420,0.725774
2021-04-27,1511,0.79051
2021-04-27,1602,0.853624
2021-04-27,1693,0.914834
2021-04-27,1784,0.974688
2021-04-27,1875,1.031914
2021-04-27,1966,1.087343
2021-04-27,2057,1.140766
2021-04-27,2148,1.192653
2021-04-27,2239,1.242369
2021-04-27,2330,1.290367
2021-04-27,2421,1.336272
2021-04-27,2512,1.380676
2021-04-27,2610,1.426332
2021-04-27,2701,1.46714
2021-04-27,2792,1.506272
2021-04-27,2883,1.543888
2021-04-27,2974,1.579972
2021-04-27,3065,1.614362
2021-04-27,3156,1.647059
2021-04-27,3247,1.678488
2021-04-27,3338,1.708066
2021-04-27,3429,1.736341
2021-04-27,3520,1.763284
2021-04-27,3611,1.78925
2021-04-28,7,0.083899
2021-04-28,19,0.10003
2021-04-28,47,0.147644
2021-04-28,82,0.162515
2021-04-28,110,0.167599
2021-04-28,138,0.172676
2021-04-28,173,0.177737
2021-04-28,229,0.186331
2021-04-28,320,0.208283
2021-04-28,411,0.213784
2021-04-28,509,0.22531
2021-04-28,600,0.24263
2021-04-28,684,0.268213
2021-04-28,782,0.301894
2021-04-28,873,0.341702
2021-04-28,964,0.395964
2021-04-28,1055,0.454823
2021-04-28,1146,0.51758
2021-04-28,1237,0.58337
2021-04-28,1328,0.650526
2021-04-28,1419,0.717487
2021-04-28,1510,0.782766
2021-04-28,1601,0.846646
2021-04-28,1692,0.908539
2021-04-28,1783,0.969263
2021-04-28,1874,1.027517
2021-04-28,1965,1.083878
2021-04-28,2056,1.13815
2021-04-28,2147,1.190812
2021-04-28,2238,1.241446
2021-04-28,2329,1.290288
2021-04-28,2420,1.336972
2021-04-28,2511,1.382098
2021-04-28,2609,1.428475
2021-04-28,2700,1.469904
2021-04-28,2791,1.509618
2021-04-28,2882,1.547777
2021-04-28,2973,1.58437
2021-04-28,3064,1.619239
2021-04-28,3155,1.652387
2021-04-28,3246,1.68424
2021-04-28,3337,1.714219
2021-04-28,3428,1.742874
2021-04-28,3519,1.770177
2021-04-28,3610,1.796484
2021-04-29,7,0.082763
2021-04-29,18,0.096581
2021-04-29,46,0.148872
2021-04-29,81,0.165586
2021-04-29,109,0.171229
2021-04-29,137,0.176638
2021-04-29,172,0.181953
2021-04-29,228,0.190794
2021-04-29,319,0.211542
2021-04-29,410,0.215208
2021-04-29,508,0.225505
2021-04-29,599,0.241285
2021-04-29,683,0.265825
2021-04-29,781,0.299214
2021-04-29,872,0.338819
2021-04-29,963,0.392932
2021-04-29,1054,0.452109
2021-04-29,1145,0.515137
2021-04-29,1236,0.581159
2021-04-29,1327,0.648864
2021-04-29,1418,0.716303
2021-04-29,1509,0.782305
2021-04-29,1600,0.846825
2021-04-29,1691,0.90956
2021-04-29,1782,0.971038
2021-04-29,1873,1.029972
2021-04-29,1964,1.087182
2021-04-29,2055,1.142227
2021-04-29,2146,1.195595
2021-04-29,2237,1.246877
2021-04-29,2328,1.296315
2021-04-29,2419,1.34355
2021-04-29,2510,1.389186
2021-04-29,2608,1.436071
2021-04-29,2699,1.477939
2021-04-29,2790,1.518061
2021-04-29,2881,1.556603
2021-04-29,2972,1.593555
2021-04-29,3063,1.628761
2021-04-29,3154,1.662225
2021-04-29,3245,1.694378
2021-04-29,3336,1.724638
2021-04-29,3427,1.75356
2021-04-29,3518,1.781115
2021-04-29,3609,1.807661
2021-04-30,7,0.078829
2021-04-30,17,0.091832
2021-04-30,45,0.14824
2021-04-30,80,0.165439
2021-04-30,108,0.171173
2021-04-30,136,0.176633
2021-04-30,171,0.18198
2021-04-30,227,0.190854
2021-04-30,318,0.2102
2021-04-30,409,0.213046
2021-04-30,507,0.222802
2021-04-30,598,0.23902
2021-04-30,682,0.263875
2021-04-30,780,0.296916
2021-04-30,871,0.335749
2021-04-30,962,0.38973
2021-04-30,1053,0.448803
2021-04-30,1144,0.511344
2021-04-30,1235,0.576956
2021-04-30,1326,0.644653
2021-04-30,1417,0.71241
2021-04-30,1508,0.778691
2021-04-30,1599,0.84317
2021-04-30,1690,0.905595
2021-04-30,1781,0.966795
2021-04-30,1872,1.025477
2021-04-30,1963,1.082457
2021-04-30,2054,1.137292
2021-04-30,2145,1.190467
2021-04-30,2236,1.241365
2021-04-30,2327,1.290449
2021-04-30,2418,1.337545
2021-04-30,2509,1.383052
2021-04-30,2607,1.429807
2021-04-30,2698,1.471562
2021-04-30,2789,1.511578
2021-04-30,2880,1.55002
2021-04-30,2971,1.586878
2021-04-30,3062,1.621994
2021-04-30,3153,1.655374
2021-04-30,3244,1.687446
2021-04-30,3335,1.71763
2021-04-30,3426,1.746478
2021-04-30,3517,1.773964
2021-04-30,3608,1.800444
2021-05-03,7,0.078829
2021-05-03,17,0.091832
2021-05-03,45,0.14824
2021-05-03,80,0.165439
2021-05-03,108,0.171173
2021-05-03,136,0.176633
2021-05-03,171,0.18198
2021-05-03,227,0.190854
2021-05-03,318,0.2102
2021-05-03,409,0.213046
2021-05-03,507,0.222802
2021-05-03,598,0.23902
2021-05-03,682,0.263875
2021-05-03,780,0.296916
2021-05-03,871,0.335749
2021-05-03,962,0.38973
2021-05-03,1053,0.448803
2021-05-03,1144,0.511344
2021-05-03,1235,0.576956
2021-05-03,1326,0.644653
2021-05-03,1417,0.71241
2021-05-03,1508,0.778691
2021-05-03,1599,0.84317
2021-05-03,1690,0.905595
2021-05-03,1781,0.966795
2021-05-03,1872,1.025477
2021-05-03,1963,1.082457
2021-05-03,2054,1.137292
2021-05-03,2145,1.190467
2021-05-03,2236,1.241365
2021-05-03,2327,1.290449
2021-05-03,2418,1.337545
2021-05-03,2509,1.383052
2021-05-03,2607,1.429807
2021-05-03,2698,1.471562
2021-05-03,2789,1.511578
2021-05-03,2880,1.55002
2021-05-03,2971,1.586878
2021-05-03,3062,1.621994
2021-05-03,3153,1.655374
2021-05-03,3244,1.687446
2021-05-03,3335,1.71763
2021-05-03,3426,1.746478
2021-05-03,3517,1.773964
2021-05-03,3608,1.800444
2021-05-04,7,0.081871
2021-05-04,13,0.088873
2021-05-04,41,0.151074
2021-05-04,76,0.167873
2021-05-04,104,0.173172
2021-05-04,132,0.176224
2021-05-04,167,0.17966
2021-05-04,223,0.18673
2021-05-04,314,0.204581
2021-05-04,405,0.208718
2021-05-04,503,0.218408
2021-05-04,594,0.233856
2021-05-04,678,0.257615
2021-05-04,776,0.28842
2021-05-04,867,0.324606
2021-05-04,958,0.375546
2021-05-04,1049,0.43125
2021-05-04,1140,0.490974
2021-05-04,1231,0.554196
2021-05-04,1322,0.619494
2021-05-04,1413,0.685162
2021-05-04,1504,0.749297
2021-05-04,1595,0.812161
2021-05-04,1686,0.87314
2021-05-04,1777,0.933041
2021-05-04,1868,0.990545
2021-05-04,1959,1.046454
2021-05-04,2050,1.100532
2021-05-04,2141,1.153227
2021-05-04,2232,1.20368
2021-05-04,2323,1.252351
2021-05-04,2414,1.299063
2021-05-04,2505,1.344393
2021-05-04,2603,1.391159
2021-05-04,2694,1.432921
2021-05-04,2785,1.47294
2021-05-04,2876,1.511384
2021-05-04,2967,1.548241
2021-05-04,3058,1.583354
2021-05-04,3149,1.616729
2021-05-04,3240,1.648795
2021-05-04,3331,1.678971
2021-05-04,3422,1.70781
2021-05-04,3513,1.735285
2021-05-04,3604,1.761755
2021-05-05,7,0.078069
2021-05-05,12,0.084115
2021-05-05,40,0.149428
2021-05-05,75,0.164854
2021-05-05,103,0.169647
2021-05-05,131,0.172392
2021-05-05,166,0.176657
2021-05-05,222,0.184516
2021-05-05,313,0.203068
2021-05-05,404,0.207556
2021-05-05,502,0.217492
2021-05-05,593,0.23233
2021-05-05,677,0.255685
2021-05-05,775,0.286133
2021-05-05,866,0.321537
2021-05-05,957,0.37138
2021-05-05,1048,0.426181
2021-05-05,1139,0.484747
2021-05-05,1230,0.546613
2021-05-05,1321,0.610742
2021-05-05,1412,0.675394
2021-05-05,1503,0.738635
2021-05-05,1594,0.800706
2021-05-05,1685,0.860978
2021-05-05,1776,0.919985
2021-05-05,1867,0.976681
2021-05-05,1958,1.031857
2021-05-05,2049,1.085267
2021-05-05,2140,1.13735
2021-05-05,2231,1.187445
2021-05-05,2322,1.235786
2021-05-05,2413,1.282192
2021-05-05,2504,1.327238
2021-05-05,2602,1.37391
2021-05-05,2693,1.415759
2021-05-05,2784,1.45586
2021-05-05,2875,1.49438
2021-05-05,2966,1.531308
2021-05-05,3057,1.566487
2021-05-05,3148,1.599923
2021-05-05,3239,1.632046
2021-05-05,3330,1.662277
2021-05-05,3421,1.691166
2021-05-05,3512,1.718689
2021-05-05,3603,1.745204
2021-05-06,7,0.074267
2021-05-06,11,0.077964
2021-05-06,39,0.142089
2021-05-06,74,0.1564
2021-05-06,102,0.160778
2021-05-06,130,0.163271
2021-05-06,165,0.167346
2021-05-06,221,0.175032
2021-05-06,312,0.193454
2021-05-06,403,0.197836
2021-05-06,501,0.207711
2021-05-06,592,0.223299
2021-05-06,676,0.247181
2021-05-06,774,0.278105
2021-05-06,865,0.313862
2021-05-06,956,0.364487
2021-05-06,1047,0.41994
2021-05-06,1138,0.479057
2021-05-06,1229,0.541019
2021-05-06,1320,0.605235
2021-05-06,1411,0.669636
2021-05-06,1502,0.732351
2021-05-06,1593,0.793667
2021-05-06,1684,0.852992
2021-05-06,1775,0.911148
2021-05-06,1866,0.967076
2021-05-06,1957,1.021555
2021-05-06,2048,1.074104
2021-05-06,2139,1.1254
2021-05-06,2230,1.174566
2021-05-06,2321,1.22205
2021-05-06,2412,1.267662
2021-05-06,2503,1.311972
2021-05-06,2601,1.357719
2021-05-06,2692,1.398599
2021-05-06,2783,1.437794
2021-05-06,2874,1.475463
2021-05-06,2965,1.511593
2021-05-06,3056,1.546021
2021-05-06,3147,1.57875
2021-05-06,3238,1.610205
2021-05-06,3329,1.639802
2021-05-06,3420,1.668093
2021-05-06,3511,1.695047
2021-05-06,3602,1.721021
2021-05-07,7,0.070343
2021-05-07,10,0.074398
2021-05-07,38,0.140971
2021-05-07,73,0.153584
2021-05-07,101,0.157381
2021-05-07,129,0.16063
2021-05-07,164,0.165294
2021-05-07,220,0.173537
2021-05-07,311,0.189491
2021-05-07,402,0.192487
2021-05-07,500,0.199458
2021-05-07,591,0.211663
2021-05-07,675,0.231356
2021-05-07,773,0.257265
2021-05-07,864,0.288861
2021-05-07,955,0.335654
2021-05-07,1046,0.387509
2021-05-07,1137,0.443609
2021-05-07,1228,0.503381
2021-05-07,1319,0.56606
2021-05-07,1410,0.629776
2021-05-07,1501,0.692501
2021-05-07,1592,0.754403
2021-05-07,1683,0.814795
2021-05-07,1774,0.874167
2021-05-07,1865,0.931437
2021-05-07,1956,0.987367
2021-05-07,2047,1.041462
2021-05-07,2138,1.094385
2021-05-07,2229,1.145251
2021-05-07,2320,1.1943
2021-05-07,2411,1.241549
2021-05-07,2502,1.287377
2021-05-07,2600,1.334638
2021-05-07,2691,1.376825
2021-05-07,2782,1.41724
2021-05-07,2873,1.456052
2021-05-07,2964,1.493254
2021-05-07,3055,1.52869
2021-05-07,3146,1.562367
2021-05-07,3237,1.594717
2021-05-07,3328,1.62516
2021-05-07,3419,1.65425
2021-05-07,3510,1.681963
2021-05-07,3601,1.708656
2021-05-10,7,0.072493
2021-05-10,31,0.099489
2021-05-10,35,0.104134
2021-05-10,70,0.13824
2021-05-10,98,0.147986
2021-05-10,126,0.154526
2021-05-10,161,0.160604
2021-05-10,217,0.170172
2021-05-10,308,0.187275
2021-05-10,399,0.190799
2021-05-10,497,0.199144
2021-05-10,588,0.212244
2021-05-10,672,0.233219
2021-05-10,770,0.26028
2021-05-10,861,0.292202
2021-05-10,952,0.338824
2021-05-10,1043,0.390551
2021-05-10,1134,0.446555
2021-05-10,1225,0.506255
2021-05-10,1316,0.568878
2021-05-10,1407,0.632548
2021-05-10,1498,0.69523
2021-05-10,1589,0.757092
2021-05-10,1680,0.81772
2021-05-10,1771,0.877561
2021-05-10,1862,0.935496
2021-05-10,1953,0.992028
2021-05-10,2044,1.046893
2021-05-10,2135,1.100518
2021-05-10,2226,1.152232
2021-05-10,2317,1.202258
2021-05-10,2408,1.250408
2021-05-10,2499,1.297068
2021-05-10,2597,1.345158
2021-05-10,2688,1.388059
2021-05-10,2779,1.42914
2021-05-10,2870,1.468573
2021-05-10,2961,1.506356
2021-05-10,3052,1.542487
2021-05-10,3143,1.576818
2021-05-10,3234,1.609782
2021-05-10,3325,1.640805
2021-05-10,3416,1.670443
2021-05-10,3507,1.698674
2021-05-10,3598,1.725859
2021-05-11,7,0.072239
2021-05-11,31,0.095048
2021-05-11,34,0.098432
2021-05-11,69,0.135925
2021-05-11,97,0.146439
2021-05-11,125,0.153379
2021-05-11,160,0.159745
2021-05-11,216,0.16958
2021-05-11,307,0.186914
2021-05-11,398,0.191688
2021-05-11,496,0.201877
2021-05-11,587,0.216931
2021-05-11,671,0.239252
2021-05-11,769,0.268161
2021-05-11,860,0.301965
2021-05-11,951,0.350122
2021-05-11,1042,0.40312
2021-05-11,1133,0.460195
2021-05-11,1224,0.520808
2021-05-11,1315,0.58422
2021-05-11,1406,0.648576
2021-05-11,1497,0.71186
2021-05-11,1588,0.774254
2021-05-11,1679,0.835355
2021-05-11,1770,0.895619
2021-05-11,1861,0.953936
2021-05-11,1952,1.010812
2021-05-11,2043,1.06599
2021-05-11,2134,1.119901
2021-05-11,2225,1.171876
2021-05-11,2316,1.222142
2021-05-11,2407,1.270512
2021-05-11,2498,1.317377
2021-05-11,2596,1.365669
2021-05-11,2687,1.408743
2021-05-11,2778,1.449986
2021-05-11,2869,1.489571
2021-05-11,2960,1.527495
2021-05-11,3051,1.563758
2021-05-11,3142,1.598213
2021-05-11,3233,1.631294
2021-05-11,3324,1.662426
2021-05-11,3415,1.692168
2021-05-11,3506,1.720496
2021-05-11,3597,1.747773
2021-05-12,7,0.073506
2021-05-12,31,0.099489
2021-05-12,33,0.101541
2021-05-12,68,0.135376
2021-05-12,96,0.144682
2021-05-12,124,0.150929
2021-05-12,159,0.15676
2021-05-12,215,0.166098
2021-05-12,306,0.184524
2021-05-12,397,0.191019
2021-05-12,495,0.20437
2021-05-12,586,0.222996
2021-05-12,670,0.250305
2021-05-12,768,0.284947
2021-05-12,859,0.324519
2021-05-12,950,0.378804
2021-05-12,1041,0.437303
2021-05-12,1132,0.4994
2021-05-12,1223,0.564289
2021-05-12,1314,0.631733
2021-05-12,1405,0.699598
2021-05-12,1496,0.766268
2021-05-12,1587,0.831948
2021-05-12,1678,0.895701
2021-05-12,1769,0.958085
2021-05-12,1860,1.018311
2021-05-12,1951,1.076917
2021-05-12,2042,1.133443
2021-05-12,2133,1.188587
2021-05-12,2224,1.241692
2021-05-12,2315,1.292998
2021-05-12,2406,1.342328
2021-05-12,2497,1.390265
2021-05-12,2595,1.439625
2021-05-12,2686,1.483622
2021-05-12,2777,1.525726
2021-05-12,2868,1.566116
2021-05-12,2959,1.604796
2021-05-12,3050,1.641769
2021-05-12,3141,1.676891
2021-05-12,3232,1.710602
2021-05-12,3323,1.742329
2021-05-12,3414,1.772633
2021-05-12,3505,1.801494
2021-05-12,3596,1.829276
2021-05-13,7,0.069704
2021-05-13,31,0.102277
2021-05-13,32,0.103117
2021-05-13,67,0.133986
2021-05-13,95,0.142305
2021-05-13,123,0.147991
2021-05-13,158,0.153386
2021-05-13,214,0.162324
2021-05-13,305,0.178914
2021-05-13,396,0.184386
2021-05-13,494,0.196064
2021-05-13,585,0.21365
2021-05-13,669,0.23963
2021-05-13,767,0.272447
2021-05-13,858,0.309633
2021-05-13,949,0.361522
2021-05-13,1040,0.41805
2021-05-13,1131,0.478092
2021-05-13,1222,0.540857
2021-05-13,1313,0.606127
2021-05-13,1404,0.6721
2021-05-13,1495,0.736802
2021-05-13,1586,0.80074
2021-05-13,1677,0.86294
2021-05-13,1768,0.924189
2021-05-13,1859,0.983392
2021-05-13,1950,1.04107
2021-05-13,2041,1.09675
2021-05-13,2132,1.15112
2021-05-13,2223,1.203514
2021-05-13,2314,1.254164
2021-05-13,2405,1.302888
2021-05-13,2496,1.350262
2021-05-13,2594,1.399061
2021-05-13,2685,1.442572
2021-05-13,2776,1.484221
2021-05-13,2867,1.524185
2021-05-13,2958,1.562464
2021-05-13,3049,1.59906
2021-05-13,3140,1.633826
2021-05-13,3231,1.667201
2021-05-13,3322,1.69861
2021-05-13,3413,1.728612
2021-05-13,3504,1.757186
2021-05-13,3595,1.784697
2021-05-14,7,0.06717
2021-05-14,31,0.09885
2021-05-14,66,0.13245
2021-05-14,94,0.141315
2021-05-14,122,0.147275
2021-05-14,157,0.152864
2021-05-14,185,0.158115
2021-05-14,213,0.163984
2021-05-14,304,0.180131
2021-05-14,395,0.185337
2021-05-14,493,0.19685
2021-05-14,584,0.214343
2021-05-14,668,0.240275
2021-05-14,766,0.273052
2021-05-14,857,0.310217
2021-05-14,948,0.362105
2021-05-14,1039,0.418636
2021-05-14,1130,0.478277
2021-05-14,1221,0.540704
2021-05-14,1312,0.605333
2021-05-14,1403,0.670422
2021-05-14,1494,0.73404
2021-05-14,1585,0.796728
2021-05-14,1676,0.857539
2021-05-14,1767,0.917283
2021-05-14,1858,0.974881
2021-05-14,1949,1.031102
2021-05-14,2040,1.085455
2021-05-14,2131,1.138611
2021-05-14,2222,1.189683
2021-05-14,2313,1.239116
2021-05-14,2404,1.286713
2021-05-14,2495,1.333043
2021-05-14,2593,1.380799
2021-05-14,2684,1.423409
2021-05-14,2775,1.464215
2021-05-14,2866,1.503389
2021-05-14,2957,1.540927
2021-05-14,3048,1.576825
2021-05-14,3139,1.610933
2021-05-14,3230,1.643687
2021-05-14,3321,1.674508
2021-05-14,3412,1.703953
2021-05-14,3503,1.732
2021-05-14,3594,1.759008
2021-05-17,7,0.068437
2021-05-17,28,0.095048
2021-05-17,63,0.128136
2021-05-17,91,0.137062
2021-05-17,119,0.141787
2021-05-17,154,0.146428
2021-05-17,182,0.151196
2021-05-17,210,0.15672
2021-05-17,301,0.172161
2021-05-17,392,0.176904
2021-05-17,490,0.189161
2021-05-17,581,0.207156
2021-05-17,665,0.233472
2021-05-17,763,0.266602
2021-05-17,854,0.304585
2021-05-17,945,0.35718
2021-05-17,1036,0.414307
2021-05-17,1127,0.474864
2021-05-17,1218,0.538077
2021-05-17,1309,0.603388
2021-05-17,1400,0.669072
2021-05-17,1491,0.733208
2021-05-17,1582,0.796353
2021-05-17,1673,0.857843
2021-05-17,1764,0.918193
2021-05-17,1855,0.976334
2021-05-17,1946,1.033045
2021-05-17,2037,1.087842
2021-05-17,2128,1.141402
2021-05-17,2219,1.192842
2021-05-17,2310,1.242611
2021-05-17,2401,1.290517
2021-05-17,2492,1.337132
2021-05-17,2590,1.385169
2021-05-17,2681,1.428021
2021-05-17,2772,1.46905
2021-05-17,2863,1.508432
2021-05-17,2954,1.546163
2021-05-17,3045,1.582241
2021-05-17,3136,1.616517
2021-05-17,3227,1.649427
2021-05-17,3318,1.680395
2021-05-17,3409,1.709978
2021-05-17,3500,1.738153
2021-05-17,3591,1.765283
2021-05-18,7,0.071732
2021-05-18,27,0.095809
2021-05-18,62,0.12757
2021-05-18,90,0.136771
2021-05-18,118,0.140402
2021-05-18,153,0.144231
2021-05-18,181,0.148581
2021-05-18,209,0.153803
2021-05-18,300,0.168643
2021-05-18,391,0.173038
2021-05-18,489,0.185079
2021-05-18,580,0.202951
2021-05-18,664,0.229198
2021-05-18,762,0.26227
2021-05-18,853,0.30022
2021-05-18,944,0.352803
2021-05-18,1035,0.409926
2021-05-18,1126,0.470482
2021-05-18,1217,0.534075
2021-05-18,1308,0.599715
2021-05-18,1399,0.665684
2021-05-18,1490,0.73007
2021-05-18,1581,0.793435
2021-05-18,1672,0.855121
2021-05-18,1763,0.915906
2021-05-18,1854,0.974438
2021-05-18,1945,1.031503
2021-05-18,2036,1.086622
2021-05-18,2127,1.140474
2021-05-18,2218,1.192182
2021-05-18,2309,1.242198
2021-05-18,2400,1.29033
2021-05-18,2491,1.337155
2021-05-18,2589,1.3854
2021-05-18,2680,1.428431
2021-05-18,2771,1.469627
2021-05-18,2862,1.509164
2021-05-18,2953,1.547041
2021-05-18,3044,1.583254
2021-05-18,3135,1.617658
2021-05-18,3226,1.650689
2021-05-18,3317,1.681769
2021-05-18,3408,1.711458
2021-05-18,3499,1.739734
2021-05-18,3590,1.76696
2021-05-19,7,0.068822
2021-05-19,26,0.091792
2021-05-19,61,0.126379
2021-05-19,89,0.136058
2021-05-19,117,0.141104
2021-05-19,152,0.144797
2021-05-19,180,0.149083
2021-05-19,208,0.154262
2021-05-19,299,0.170554
2021-05-19,390,0.175696
2021-05-19,488,0.188246
2021-05-19,579,0.207243
2021-05-19,663,0.235553
2021-05-19,761,0.27111
2021-05-19,852,0.311944
2021-05-19,943,0.367357
2021-05-19,1034,0.42726
2021-05-19,1125,0.490965
2021-05-19,1216,0.557236
2021-05-19,1307,0.625533
2021-05-19,1398,0.693812
2021-05-19,1489,0.760224
2021-05-19,1580,0.82538
2021-05-19,1671,0.888385
2021-05-19,1762,0.950092
2021-05-19,1853,1.009453
2021-05-19,1944,1.067268
2021-05-19,2035,1.123068
2021-05-19,2126,1.177543
2021-05-19,2217,1.229615
2021-05-19,2308,1.279765
2021-05-19,2399,1.328022
2021-05-19,2490,1.37496
2021-05-19,2588,1.423317
2021-05-19,2679,1.466444
2021-05-19,2770,1.50773
2021-05-19,2861,1.54735
2021-05-19,2952,1.585304
2021-05-19,3043,1.62159
2021-05-19,3134,1.656061
2021-05-19,3225,1.689154
2021-05-19,3316,1.720294
2021-05-19,3407,1.750038
2021-05-19,3498,1.778367
2021-05-19,3589,1.805641
2021-05-20,7,0.063114
2021-05-20,25,0.086114
2021-05-20,60,0.121633
2021-05-20,88,0.131319
2021-05-20,116,0.136329
2021-05-20,151,0.139978
2021-05-20,179,0.144249
2021-05-20,207,0.149421
2021-05-20,298,0.165699
2021-05-20,389,0.170805
2021-05-20,487,0.182326
2021-05-20,578,0.199895
2021-05-20,662,0.225967
2021-05-20,760,0.25889
2021-05-20,851,0.296749
2021-05-20,942,0.349291
2021-05-20,1033,0.406388
2021-05-20,1124,0.467338
2021-05-20,1215,0.531271
2021-05-20,1306,0.597207
2021-05-20,1397,0.663434
2021-05-20,1488,0.728044
2021-05-20,1579,0.791315
2021-05-20,1670,0.852641
2021-05-20,1761,0.912841
2021-05-20,1852,0.970843
2021-05-20,1943,1.027427
2021-05-20,2034,1.082106
2021-05-20,2125,1.135555
2021-05-20,2216,1.186891
2021-05-20,2307,1.236363
2021-05-20,2398,1.283993
2021-05-20,2489,1.33035
2021-05-20,2587,1.378128
2021-05-20,2678,1.420753
2021-05-20,2769,1.461569
2021-05-20,2860,1.50075
2021-05-20,2951,1.53829
2021-05-20,3042,1.574187
2021-05-20,3133,1.608291
2021-05-20,3224,1.641038
2021-05-20,3315,1.671849
2021-05-20,3406,1.701283
2021-05-20,3497,1.729316
2021-05-20,3588,1.75631
2021-05-21,7,0.062739
2021-05-21,24,0.084102
2021-05-21,59,0.12292
2021-05-21,87,0.133934
2021-05-21,115,0.139585
2021-05-21,150,0.143682
2021-05-21,178,0.147394
2021-05-21,206,0.152164
2021-05-21,297,0.167656
2021-05-21,388,0.172316
2021-05-21,486,0.184577
2021-05-21,577,0.202621
2021-05-21,661,0.22903
2021-05-21,759,0.262254
2021-05-21,850,0.300881
2021-05-21,941,0.354058
2021-05-21,1032,0.412128
2021-05-21,1123,0.473896
2021-05-21,1214,0.538526
2021-05-21,1305,0.605063
2021-05-21,1396,0.671813
2021-05-21,1487,0.73688
2021-05-21,1578,0.800555
2021-05-21,1669,0.862239
2021-05-21,1760,0.92276
2021-05-21,1851,0.980801
2021-05-21,1942,1.03742
2021-05-21,2033,1.09213
2021-05-21,2124,1.145606
2021-05-21,2215,1.19676
2021-05-21,2306,1.246063
2021-05-21,2397,1.293535
2021-05-21,2488,1.339746
2021-05-21,2586,1.387377
2021-05-21,2677,1.429875
2021-05-21,2768,1.470572
2021-05-21,2859,1.50964
2021-05-21,2950,1.547074
2021-05-21,3041,1.58287
2021-05-21,3132,1.616879
2021-05-21,3223,1.649536
2021-05-21,3314,1.680262
2021-05-21,3405,1.709614
2021-05-21,3496,1.737569
2021-05-21,3587,1.764489
2021-05-24,7,0.063114
2021-05-24,21,0.080116
2021-05-24,56,0.117169
2021-05-24,84,0.127114
2021-05-24,112,0.132087
2021-05-24,147,0.135639
2021-05-24,175,0.139079
2021-05-24,203,0.143668
2021-05-24,294,0.158812
2021-05-24,385,0.163203
2021-05-24,483,0.174306
2021-05-24,574,0.191663
2021-05-24,658,0.217651
2021-05-24,756,0.249857
2021-05-24,847,0.287778
2021-05-24,938,0.340432
2021-05-24,1029,0.397641
2021-05-24,1120,0.458287
2021-05-24,1211,0.521972
2021-05-24,1302,0.587701
2021-05-24,1393,0.65342
2021-05-24,1484,0.717271
2021-05-24,1575,0.779867
2021-05-24,1666,0.840587
2021-05-24,1757,0.900243
2021-05-24,1848,0.957501
2021-05-24,1939,1.013408
2021-05-24,2030,1.067467
2021-05-24,2121,1.120347
2021-05-24,2212,1.17095
2021-05-24,2303,1.219745
2021-05-24,2394,1.266745
2021-05-24,2485,1.312517
2021-05-24,2583,1.359708
2021-05-24,2674,1.401824
2021-05-24,2765,1.442162
2021-05-24,2856,1.480893
2021-05-24,2947,1.518009
2021-05-24,3038,1.553505
2021-05-24,3129,1.587229
2021-05-24,3220,1.619616
2021-05-24,3311,1.650085
2021-05-24,3402,1.679192
2021-05-24,3493,1.706915
2021-05-24,3584,1.733613
2021-05-25,7,0.062607
2021-05-25,20,0.07812
2021-05-25,55,0.115504
2021-05-25,83,0.124421
2021-05-25,111,0.128839
2021-05-25,146,0.131979
2021-05-25,174,0.135212
2021-05-25,202,0.139658
2021-05-25,293,0.154524
2021-05-25,384,0.158743
2021-05-25,482,0.168715
2021-05-25,573,0.184576
2021-05-25,657,0.208272
2021-05-25,755,0.237795
2021-05-25,846,0.273246
2021-05-25,937,0.323438
2021-05-25,1028,0.378177
2021-05-25,1119,0.43635
2021-05-25,1210,0.497557
2021-05-25,1301,0.561157
2021-05-25,1392,0.625027
2021-05-25,1483,0.687256
2021-05-25,1574,0.748418
2021-05-25,1665,0.807583
2021-05-25,1756,0.865846
2021-05-25,1847,0.922097
2021-05-25,1938,0.97709
2021-05-25,2029,1.030317
2021-05-25,2120,1.082221
2021-05-25,2211,1.132134
2021-05-25,2302,1.180492
2021-05-25,2393,1.227088
2021-05-25,2484,1.272486
2021-05-25,2582,1.319304
2021-05-25,2673,1.361096
2021-05-25,2764,1.401132
2021-05-25,2855,1.439578
2021-05-25,2946,1.476428
2021-05-25,3037,1.511672
2021-05-25,3128,1.545159
2021-05-25,3219,1.577322
2021-05-25,3310,1.607578
2021-05-25,3401,1.636485
2021-05-25,3492,1.664016
2021-05-25,3583,1.690532
2021-05-26,7,0.058937
2021-05-26,19,0.076359
2021-05-26,54,0.110649
2021-05-26,82,0.117871
2021-05-26,110,0.121416
2021-05-26,145,0.123922
2021-05-26,173,0.126838
2021-05-26,201,0.131059
2021-05-26,292,0.145498
2021-05-26,383,0.149464
2021-05-26,481,0.160315
2021-05-26,572,0.176735
2021-05-26,656,0.201471
2021-05-26,754,0.231917
2021-05-26,845,0.268043
2021-05-26,936,0.318794
2021-05-26,1027,0.373998
2021-05-26,1118,0.432974
2021-05-26,1209,0.494867
2021-05-26,1300,0.559058
2021-05-26,1391,0.623442
2021-05-26,1482,0.68612
2021-05-26,1573,0.747678
2021-05-26,1664,0.807472
2021-05-26,1755,0.866297
2021-05-26,1846,0.923053
2021-05-26,1937,0.978503
2021-05-26,2028,1.032146
2021-05-26,2119,1.084645
2021-05-26,2210,1.135103
2021-05-26,2301,1.183963
2021-05-26,2392,1.231214
2021-05-26,2483,1.277217
2021-05-26,2581,1.324638
2021-05-26,2672,1.366951
2021-05-26,2763,1.407471
2021-05-26,2854,1.446372
2021-05-26,2945,1.483646
2021-05-26,3036,1.51929
2021-05-26,3127,1.553152
2021-05-26,3218,1.585668
2021-05-26,3309,1.616258
2021-05-26,3400,1.64548
2021-05-26,3491,1.673309
2021-05-26,3582,1.700109
2021-05-27,7,0.062232
2021-05-27,18,0.07652
2021-05-27,53,0.104656
2021-05-27,81,0.108782
2021-05-27,109,0.110788
2021-05-27,144,0.11343
2021-05-27,172,0.116421
2021-05-27,200,0.120703
2021-05-27,291,0.135261
2021-05-27,382,0.140469
2021-05-27,480,0.153179
2021-05-27,571,0.172379
2021-05-27,655,0.19966
2021-05-27,753,0.232359
2021-05-27,844,0.270664
2021-05-27,935,0.323676
2021-05-27,1026,0.381192
2021-05-27,1117,0.442106
2021-05-27,1208,0.505646
2021-05-27,1299,0.571255
2021-05-27,1390,0.637201
2021-05-27,1481,0.701557
2021-05-27,1572,0.764598
2021-05-27,1663,0.825711
2021-05-27,1754,0.885979
2021-05-27,1845,0.944033
2021-05-27,1936,1.00066
2021-05-27,2027,1.055597
2021-05-27,2118,1.109279
2021-05-27,2209,1.160822
2021-05-27,2300,1.210679
2021-05-27,2391,1.258851
2021-05-27,2482,1.305706
2021-05-27,2580,1.353976
2021-05-27,2671,1.397021
2021-05-27,2762,1.438225
2021-05-27,2853,1.477764
2021-05-27,2944,1.515637
2021-05-27,3035,1.551843
2021-05-27,3126,1.586235
2021-05-27,3217,1.61925
2021-05-27,3308,1.65031
2021-05-27,3399,1.679977
2021-05-27,3490,1.708228
2021-05-27,3581,1.735426
2021-05-28,7,0.058805
2021-05-28,17,0.070582
2021-05-28,52,0.106667
2021-05-28,80,0.111915
2021-05-28,108,0.114442
2021-05-28,143,0.117449
2021-05-28,171,0.120629
2021-05-28,199,0.125053
2021-05-28,290,0.141477
2021-05-28,381,0.146424
2021-05-28,479,0.157942
2021-05-28,570,0.176416
2021-05-28,654,0.203871
2021-05-28,752,0.236724
2021-05-28,843,0.274603
2021-05-28,934,0.327288
2021-05-28,1025,0.38454
2021-05-28,1116,0.445236
2021-05-28,1207,0.508592
2021-05-28,1298,0.573691
2021-05-28,1389,0.639193
2021-05-28,1480,0.70316
2021-05-28,1571,0.765857
2021-05-28,1662,0.826661
2021-05-28,1753,0.886652
2021-05-28,1844,0.944456
2021-05-28,1935,1.000855
2021-05-28,2026,1.055584
2021-05-28,2117,1.109075
2021-05-28,2208,1.160235
2021-05-28,2299,1.209738
2021-05-28,2390,1.257581
2021-05-28,2481,1.304318
2021-05-28,2579,1.352659
2021-05-28,2670,1.395936
2021-05-28,2761,1.437523
2021-05-28,2852,1.477581
2021-05-28,2943,1.515939
2021-05-28,3034,1.552601
2021-05-28,3125,1.587421
2021-05-28,3216,1.620841
2021-05-28,3307,1.652282
2021-05-28,3398,1.682309
2021-05-28,3489,1.710901
2021-05-28,3580,1.738424
2021-06-01,7,0.061847
2021-06-01,13,0.069186
2021-06-01,48,0.1056
2021-06-01,76,0.10965
2021-06-01,104,0.111519
2021-06-01,139,0.114072
2021-06-01,167,0.117044
2021-06-01,195,0.121346
2021-06-01,286,0.137567
2021-06-01,377,0.14351
2021-06-01,475,0.155727
2021-06-01,566,0.174687
2021-06-01,650,0.202534
2021-06-01,748,0.236402
2021-06-01,839,0.275594
2021-06-01,930,0.329894
2021-06-01,1021,0.38849
2021-06-01,1112,0.450322
2021-06-01,1203,0.515415
2021-06-01,1294,0.582367
2021-06-01,1385,0.649811
2021-06-01,1476,0.715475
2021-06-01,1567,0.779961
2021-06-01,1658,0.84263
2021-06-01,1749,0.904552
2021-06-01,1840,0.964091
2021-06-01,1931,1.022057
2021-06-01,2022,1.077982
2021-06-01,2113,1.132564
2021-06-01,2204,1.184719
2021-06-01,2295,1.235136
2021-06-01,2386,1.28382
2021-06-01,2477,1.331333
2021-06-01,2575,1.380446
2021-06-01,2666,1.424387
2021-06-01,2757,1.466591
2021-06-01,2848,1.507224
2021-06-01,2939,1.54612
2021-06-01,3030,1.583285
2021-06-01,3121,1.618576
2021-06-01,3212,1.652438
2021-06-01,3303,1.684295
2021-06-01,3394,1.714714
2021-06-01,3485,1.743676
2021-06-01,3576,1.771548
2021-06-02,7,0.060965
2021-06-02,12,0.066556
2021-06-02,47,0.111365
2021-06-02,75,0.115209
2021-06-02,103,0.116963
2021-06-02,138,0.118154
2021-06-02,166,0.120456
2021-06-02,194,0.124288
2021-06-02,285,0.141244
2021-06-02,376,0.146313
2021-06-02,474,0.157976
2021-06-02,565,0.175792
2021-06-02,649,0.202883
2021-06-02,747,0.236086
2021-06-02,838,0.273711
2021-06-02,929,0.325776
2021-06-02,1020,0.382089
2021-06-02,1111,0.442017
2021-06-02,1202,0.505115
2021-06-02,1293,0.570355
2021-06-02,1384,0.636314
2021-06-02,1475,0.700675
2021-06-02,1566,0.764009
2021-06-02,1657,0.825653
2021-06-02,1748,0.886656
2021-06-02,1839,0.945365
2021-06-02,1930,1.002581
2021-06-02,2021,1.057822
2021-06-02,2112,1.111777
2021-06-02,2203,1.163358
2021-06-02,2294,1.213244
2021-06-02,2385,1.261439
2021-06-02,2476,1.308498
2021-06-02,2574,1.357158
2021-06-02,2665,1.400707
2021-06-02,2756,1.442544
2021-06-02,2847,1.482833
2021-06-02,2938,1.521406
2021-06-02,3029,1.558267
2021-06-02,3120,1.593271
2021-06-02,3211,1.626862
2021-06-02,3302,1.658463
2021-06-02,3393,1.688638
2021-06-02,3484,1.717369
2021-06-02,3575,1.745022
2021-06-03,7,0.063368
2021-06-03,11,0.066453
2021-06-03,46,0.110386
2021-06-03,74,0.114652
2021-06-03,102,0.116576
2021-06-03,137,0.117875
2021-06-03,165,0.120238
2021-06-03,193,0.124121
2021-06-03,284,0.14119
2021-06-03,375,0.147516
2021-06-03,473,0.160004
2021-06-03,564,0.179159
2021-06-03,648,0.207825
2021-06-03,746,0.243084
2021-06-03,837,0.283295
2021-06-03,928,0.338941
2021-06-03,1019,0.39865
2021-06-03,1110,0.461418
2021-06-03,1201,0.526545
2021-06-03,1292,0.593528
2021-06-03,1383,0.660999
2021-06-03,1474,0.726997
2021-06-03,1565,0.791775
2021-06-03,1656,0.854703
2021-06-03,1747,0.916855
2021-06-03,1838,0.976598
2021-06-03,1929,1.03451
2021-06-03,2020,1.090384
2021-06-03,2111,1.1447
2021-06-03,2202,1.196401
2021-06-03,2293,1.246198
2021-06-03,2384,1.294116
2021-06-03,2475,1.340734
2021-06-03,2573,1.38876
2021-06-03,2664,1.431762
2021-06-03,2755,1.473087
2021-06-03,2846,1.512897
2021-06-03,2937,1.55102
2021-06-03,3028,1.587457
2021-06-03,3119,1.622061
2021-06-03,3210,1.655275
2021-06-03,3301,1.686518
2021-06-03,3392,1.716355
2021-06-03,3483,1.744764
2021-06-03,3574,1.772112
2021-06-04,7,0.061218
2021-06-04,10,0.063978
2021-06-04,45,0.110813
2021-06-04,73,0.113029
2021-06-04,101,0.114017
2021-06-04,136,0.115984
2021-06-04,164,0.118684
2021-06-04,192,0.122814
2021-06-04,283,0.140364
2021-06-04,374,0.145674
2021-06-04,472,0.156467
2021-06-04,563,0.173771
2021-06-04,647,0.199894
2021-06-04,745,0.231581
2021-06-04,836,0.268684
2021-06-04,927,0.320858
2021-06-04,1018,0.376818
2021-06-04,1109,0.435626
2021-06-04,1200,0.497015
2021-06-04,1291,0.560078
2021-06-04,1382,0.623816
2021-06-04,1473,0.685918
2021-06-04,1564,0.747256
2021-06-04,1655,0.80712
2021-06-04,1746,0.866267
2021-06-04,1837,0.923552
2021-06-04,1928,0.979476
2021-06-04,2019,1.033541
2021-06-04,2110,1.086204
2021-06-04,2201,1.136804
2021-06-04,2292,1.185588
2021-06-04,2383,1.23257
2021-06-04,2474,1.27832
2021-06-04,2572,1.325482
2021-06-04,2663,1.367736
2021-06-04,2754,1.408363
2021-06-04,2845,1.447519
2021-06-04,2936,1.485028
2021-06-04,3027,1.520888
2021-06-04,3118,1.554948
2021-06-04,3209,1.587648
2021-06-04,3300,1.618405
2021-06-04,3391,1.647782
2021-06-04,3482,1.675755
2021-06-04,3573,1.702688
2021-06-07,7,0.0621
2021-06-07,30,0.082376
2021-06-07,42,0.095618
2021-06-07,70,0.104008
2021-06-07,98,0.107603
2021-06-07,133,0.111302
2021-06-07,161,0.114867
2021-06-07,189,0.119628
2021-06-07,280,0.138401
2021-06-07,371,0.144236
2021-06-07,469,0.155398
2021-06-07,560,0.172969
2021-06-07,644,0.199318
2021-06-07,742,0.231878
2021-06-07,833,0.269635
2021-06-07,924,0.322882
2021-06-07,1015,0.379732
2021-06-07,1106,0.438876
2021-06-07,1197,0.500556
2021-06-07,1288,0.563873
2021-06-07,1379,0.627499
2021-06-07,1470,0.6895
2021-06-07,1561,0.750452
2021-06-07,1652,0.809693
2021-06-07,1743,0.868281
2021-06-07,1834,0.924809
2021-06-07,1925,0.980045
2021-06-07,2016,1.033482
2021-06-07,2107,1.085787
2021-06-07,2198,1.136057
2021-06-07,2289,1.184533
2021-06-07,2380,1.23123
2021-06-07,2471,1.276714
2021-06-07,2569,1.323607
2021-06-07,2660,1.365629
2021-06-07,2751,1.406037
2021-06-07,2842,1.444986
2021-06-07,2933,1.4823
2021-06-07,3024,1.517974
2021-06-07,3115,1.551858
2021-06-07,3206,1.58439
2021-06-07,3297,1.614987
2021-06-07,3388,1.644211
2021-06-07,3479,1.672038
2021-06-07,3570,1.698832
2021-06-08,7,0.060458
2021-06-08,30,0.078067
2021-06-08,41,0.090882
2021-06-08,69,0.099258
2021-06-08,97,0.104262
2021-06-08,132,0.107531
2021-06-08,160,0.111778
2021-06-08,188,0.117024
2021-06-08,279,0.135061
2021-06-08,370,0.140487
2021-06-08,468,0.151397
2021-06-08,559,0.168001
2021-06-08,643,0.193055
2021-06-08,741,0.223808
2021-06-08,832,0.259725
2021-06-08,923,0.311013
2021-06-08,1014,0.365808
2021-06-08,1105,0.423238
2021-06-08,1196,0.483467
2021-06-08,1287,0.545184
2021-06-08,1378,0.607089
2021-06-08,1469,0.667581
2021-06-08,1560,0.727201
2021-06-08,1651,0.785534
2021-06-08,1742,0.843045
2021-06-08,1833,0.898603
2021-06-08,1924,0.952961
2021-06-08,2015,1.005598
2021-06-08,2106,1.056954
2021-06-08,2197,1.106353
2021-06-08,2288,1.154228
2021-06-08,2379,1.200368
2021-06-08,2470,1.245337
2021-06-08,2568,1.291717
2021-06-08,2659,1.333294
2021-06-08,2750,1.373286
2021-06-08,2841,1.411846
2021-06-08,2932,1.448794
2021-06-08,3023,1.484124
2021-06-08,3114,1.517684
2021-06-08,3205,1.54991
2021-06-08,3296,1.580217
2021-06-08,3387,1.609166
2021-06-08,3478,1.636732
2021-06-08,3569,1.663278
2021-06-09,7,0.064006
2021-06-09,30,0.075664
2021-06-09,40,0.085964
2021-06-09,68,0.098576
2021-06-09,96,0.10383
2021-06-09,131,0.10724
2021-06-09,159,0.111565
2021-06-09,187,0.116871
2021-06-09,278,0.135023
2021-06-09,369,0.140473
2021-06-09,467,0.15141
2021-06-09,558,0.168041
2021-06-09,642,0.191803
2021-06-09,740,0.220752
2021-06-09,831,0.254829
2021-06-09,922,0.30366
2021-06-09,1013,0.355989
2021-06-09,1104,0.410946
2021-06-09,1195,0.468313
2021-06-09,1286,0.527574
2021-06-09,1377,0.58735
2021-06-09,1468,0.645977
2021-06-09,1559,0.703949
2021-06-09,1650,0.760816
2021-06-09,1741,0.817015
2021-06-09,1832,0.87139
2021-06-09,1923,0.924438
2021-06-09,2014,0.975884
2021-06-09,2105,1.026151
2021-06-09,2196,1.074551
2021-06-09,2287,1.121506
2021-06-09,2378,1.166797
2021-06-09,2469,1.210978
2021-06-09,2567,1.256572
2021-06-09,2658,1.297471
2021-06-09,2749,1.336829
2021-06-09,2840,1.374795
2021-06-09,2931,1.411186
2021-06-09,3022,1.445992
2021-06-09,3113,1.479057
2021-06-09,3204,1.510817
2021-06-09,3295,1.540683
2021-06-09,3386,1.569214
2021-06-09,3477,1.596384
2021-06-09,3568,1.622553
2021-06-10,7,0.058684
2021-06-10,30,0.073637
2021-06-10,39,0.083054
2021-06-10,67,0.099188
2021-06-10,95,0.105812
2021-06-10,130,0.110078
2021-06-10,158,0.114826
2021-06-10,186,0.120433
2021-06-10,277,0.139145
2021-06-10,368,0.144844
2021-06-10,466,0.154884
2021-06-10,557,0.17015
2021-06-10,641,0.193673
2021-06-10,739,0.221742
2021-06-10,830,0.254641
2021-06-10,921,0.302544
2021-06-10,1012,0.35366
2021-06-10,1103,0.40719
2021-06-10,1194,0.46335
2021-06-10,1285,0.52122
2021-06-10,1376,0.579789
2021-06-10,1467,0.637045
2021-06-10,1558,0.693807
2021-06-10,1649,0.749597
2021-06-10,1740,0.804831
2021-06-10,1831,0.858086
2021-06-10,1922,0.91012
2021-06-10,2013,0.960642
2021-06-10,2104,1.009848
2021-06-10,2195,1.056855
2021-06-10,2286,1.102328
2021-06-10,2377,1.146249
2021-06-10,2468,1.18879
2021-06-10,2566,1.232556
2021-06-10,2657,1.271876
2021-06-10,2748,1.309761
2021-06-10,2839,1.346347
2021-06-10,2930,1.381443
2021-06-10,3021,1.415032
2021-06-10,3112,1.446951
2021-06-10,3203,1.477629
2021-06-10,3294,1.506473
2021-06-10,3385,1.534037
2021-06-10,3476,1.560289
2021-06-10,3567,1.585588
2021-06-11,7,0.060458
2021-06-11,30,0.07389
2021-06-11,38,0.0819
2021-06-11,66,0.096618
2021-06-11,94,0.102568
2021-06-11,129,0.107748
2021-06-11,157,0.112037
2021-06-11,185,0.11733
2021-06-11,276,0.137132
2021-06-11,367,0.143346
2021-06-11,465,0.155859
2021-06-11,556,0.173481
2021-06-11,640,0.198598
2021-06-11,738,0.22874
2021-06-11,829,0.26369
2021-06-11,920,0.313752
2021-06-11,1011,0.367097
2021-06-11,1102,0.422072
2021-06-11,1193,0.479457
2021-06-11,1284,0.538379
2021-06-11,1375,0.598196
2021-06-11,1466,0.656543
2021-06-11,1557,0.713972
2021-06-11,1648,0.770076
2021-06-11,1739,0.82559
2021-06-11,1830,0.878846
2021-06-11,1921,0.930879
2021-06-11,2012,0.981172
2021-06-11,2103,1.030168
2021-06-11,2194,1.076981
2021-06-11,2285,1.122274
2021-06-11,2376,1.166029
2021-06-11,2467,1.208415
2021-06-11,2565,1.251834
2021-06-11,2656,1.290681
2021-06-11,2747,1.328123
2021-06-11,2838,1.364295
2021-06-11,2929,1.399002
2021-06-11,3020,1.432225
2021-06-11,3111,1.463799
2021-06-11,3202,1.494151
2021-06-11,3293,1.522686
2021-06-11,3384,1.549957
2021-06-11,3475,1.575932
2021-06-11,3566,1.600967
2021-06-11,3657,1.625007
2021-06-14,7,0.063114
2021-06-14,30,0.075664
2021-06-14,35,0.080242
2021-06-14,63,0.099777
2021-06-14,91,0.10807
2021-06-14,126,0.114661
2021-06-14,154,0.11962
2021-06-14,182,0.125393
2021-06-14,273,0.146104
2021-06-14,364,0.152659
2021-06-14,462,0.165428
2021-06-14,553,0.184071
2021-06-14,637,0.210582
2021-06-14,735,0.242625
2021-06-14,826,0.27896
2021-06-14,917,0.330684
2021-06-14,1008,0.385398
2021-06-14,1099,0.441939
2021-06-14,1190,0.501042
2021-06-14,1281,0.561799
2021-06-14,1372,0.623208
2021-06-14,1463,0.682945
2021-06-14,1554,0.7416
2021-06-14,1645,0.798512
2021-06-14,1736,0.854748
2021-06-14,1827,0.908649
2021-06-14,1918,0.961025
2021-06-14,2009,1.011398
2021-06-14,2100,1.060465
2021-06-14,2191,1.10734
2021-06-14,2282,1.152488
2021-06-14,2373,1.195912
2021-06-14,2464,1.237991
2021-06-14,2562,1.2811
2021-06-14,2653,1.319679
2021-06-14,2744,1.356869
2021-06-14,2835,1.392803
2021-06-14,2926,1.427129
2021-06-14,3017,1.459992
2021-06-14,3108,1.491226
2021-06-14,3199,1.521256
2021-06-14,3290,1.549486
2021-06-14,3381,1.576467
2021-06-14,3472,1.602165
2021-06-14,3563,1.626937
2021-06-14,3654,1.650726
2021-06-15,7,0.068944
2021-06-15,30,0.082883
2021-06-15,34,0.086447
2021-06-15,62,0.10235
2021-06-15,90,0.109935
2021-06-15,125,0.116056
2021-06-15,153,0.120793
2021-06-15,181,0.126416
2021-06-15,272,0.146861
2021-06-15,363,0.153244
2021-06-15,461,0.165916
2021-06-15,552,0.185348
2021-06-15,636,0.213069
2021-06-15,734,0.246176
2021-06-15,825,0.283281
2021-06-15,916,0.335637
2021-06-15,1007,0.390872
2021-06-15,1098,0.447848
2021-06-15,1189,0.506935
2021-06-15,1280,0.567321
2021-06-15,1371,0.627738
2021-06-15,1462,0.686606
2021-06-15,1553,0.744196
2021-06-15,1644,0.800161
2021-06-15,1735,0.855284
2021-06-15,1826,0.908182
2021-06-15,1917,0.95965
2021-06-15,2008,1.009196
2021-06-15,2099,1.057507
2021-06-15,2190,1.103689
2021-06-15,2281,1.148399
2021-06-15,2372,1.191418
2021-06-15,2463,1.233121
2021-06-15,2561,1.275855
2021-06-15,2652,1.31411
2021-06-15,2743,1.350996
2021-06-15,2834,1.386647
2021-06-15,2925,1.420706
2021-06-15,3016,1.453318
2021-06-15,3107,1.484315
2021-06-15,3198,1.514121
2021-06-15,3289,1.542138
2021-06-15,3380,1.568918
2021-06-15,3471,1.594426
2021-06-15,3562,1.619016
2021-06-15,3653,1.642633
2021-06-16,7,0.064767
2021-06-16,30,0.083643
2021-06-16,33,0.086451
2021-06-16,61,0.109593
2021-06-16,89,0.119769
2021-06-16,124,0.127456
2021-06-16,152,0.132925
2021-06-16,180,0.139057
2021-06-16,271,0.160437
2021-06-16,362,0.167247
2021-06-16,460,0.18344
2021-06-16,551,0.206705
2021-06-16,635,0.239014
2021-06-16,733,0.279528
2021-06-16,824,0.324173
2021-06-16,915,0.383587
2021-06-16,1006,0.445976
2021-06-16,1097,0.509754
2021-06-16,1188,0.575374
2021-06-16,1279,0.64172
2021-06-16,1370,0.707637
2021-06-16,1461,0.771002
2021-06-16,1552,0.832264
2021-06-16,1643,0.890932
2021-06-16,1734,0.947942
2021-06-16,1825,1.001783
2021-06-16,1916,1.053623
2021-06-16,2007,1.103278
2021-06-16,2098,1.151249
2021-06-16,2189,1.196699
2021-06-16,2280,1.240331
2021-06-16,2371,1.281969
2021-06-16,2462,1.322205
2021-06-16,2560,1.36328
2021-06-16,2651,1.399932
2021-06-16,2742,1.434988
2021-06-16,2833,1.4686
2021-06-16,2924,1.500747
2021-06-16,3015,1.531563
2021-06-16,3106,1.560867
2021-06-16,3197,1.589077
2021-06-16,3288,1.615586
2021-06-16,3379,1.640939
2021-06-16,3470,1.665093
2021-06-16,3561,1.688529
2021-06-16,3652,1.711047
2021-06-17,7,0.078322
2021-06-17,30,0.094673
2021-06-17,32,0.095981
2021-06-17,60,0.110331
2021-06-17,88,0.117161
2021-06-17,123,0.122768
2021-06-17,151,0.127263
2021-06-17,179,0.13273
2021-06-17,270,0.152906
2021-06-17,361,0.160355
2021-06-17,459,0.178055
2021-06-17,550,0.204768
2021-06-17,634,0.24141
2021-06-17,732,0.287757
2021-06-17,823,0.337143
2021-06-17,914,0.400869
2021-06-17,1005,0.465417
2021-06-17,1096,0.529738
2021-06-17,1187,0.594268
2021-06-17,1278,0.657882
2021-06-17,1369,0.719752
2021-06-17,1460,0.778316
2021-06-17,1551,0.834153
2021-06-17,1642,0.887159
2021-06-17,1733,0.938043
2021-06-17,1824,0.986115
2021-06-17,1915,1.032255
2021-06-17,2006,1.076498
2021-06-17,2097,1.119527
2021-06-17,2188,1.160445
2021-06-17,2279,1.199908
2021-06-17,2370,1.237695
2021-06-17,2461,1.274366
2021-06-17,2559,1.311888
2021-06-17,2650,1.345473
2021-06-17,2741,1.377664
2021-06-17,2832,1.408597
2021-06-17,2923,1.438231
2021-06-17,3014,1.466684
2021-06-17,3105,1.493765
2021-06-17,3196,1.519878
2021-06-17,3287,1.544405
2021-06-17,3378,1.567882
2021-06-17,3469,1.59026
2021-06-17,3560,1.612009
2021-06-17,3651,1.632925
2021-06-18,7,0.087326
2021-06-18,30,0.09226
2021-06-18,31,0.09316
2021-06-18,59,0.113902
2021-06-18,87,0.122925
2021-06-18,122,0.129833
2021-06-18,150,0.135877
2021-06-18,178,0.142412
2021-06-18,269,0.166244
2021-06-18,360,0.176746
2021-06-18,458,0.200733
2021-06-18,549,0.232131
2021-06-18,633,0.27192
2021-06-18,731,0.322382
2021-06-18,822,0.374156
2021-06-18,913,0.437791
2021-06-18,1004,0.500889
2021-06-18,1095,0.562741
2021-06-18,1186,0.623243
2021-06-18,1277,0.682682
2021-06-18,1368,0.740597
2021-06-18,1459,0.795066
2021-06-18,1550,0.846696
2021-06-18,1641,0.89512
2021-06-18,1732,0.941638
2021-06-18,1823,0.985526
2021-06-18,1914,1.027641
2021-06-18,2005,1.067765
2021-06-18,2096,1.106814
2021-06-18,2187,1.144083
2021-06-18,2278,1.179986
2021-06-18,2369,1.214487
2021-06-18,2460,1.248114
2021-06-18,2558,1.282602
2021-06-18,2649,1.313568
2021-06-18,2740,1.343316
2021-06-18,2831,1.371961
2021-06-18,2922,1.399135
2021-06-18,3013,1.425278
2021-06-18,3104,1.450183
2021-06-18,3195,1.474244
2021-06-18,3286,1.496832
2021-06-18,3377,1.518475
2021-06-18,3468,1.539114
2021-06-18,3559,1.559213
2021-06-18,3650,1.578561
2021-06-21,7,0.090235
2021-06-21,28,0.096601
2021-06-21,56,0.119269
2021-06-21,84,0.126825
2021-06-21,119,0.13276
2021-06-21,147,0.13837
2021-06-21,175,0.145429
2021-06-21,266,0.170231
2021-06-21,357,0.181097
2021-06-21,455,0.204305
2021-06-21,546,0.233592
2021-06-21,630,0.2727
2021-06-21,728,0.321902
2021-06-21,819,0.37167
2021-06-21,910,0.433236
2021-06-21,1001,0.495099
2021-06-21,1092,0.55634
2021-06-21,1183,0.61671
2021-06-21,1274,0.676395
2021-06-21,1365,0.734519
2021-06-21,1456,0.789165
2021-06-21,1547,0.841243
2021-06-21,1638,0.890619
2021-06-21,1729,0.938517
2021-06-21,1820,0.983895
2021-06-21,1911,1.027836
2021-06-21,2002,1.069616
2021-06-21,2093,1.110395
2021-06-21,2184,1.149457
2021-06-21,2275,1.187412
2021-06-21,2366,1.223999
2021-06-21,2457,1.259556
2021-06-21,2555,1.295965
2021-06-21,2646,1.328588
2021-06-21,2737,1.359879
2021-06-21,2828,1.389968
2021-06-21,2919,1.418495
2021-06-21,3010,1.445907
2021-06-21,3101,1.472006
2021-06-21,3192,1.497191
2021-06-21,3283,1.520841
2021-06-21,3374,1.543486
2021-06-21,3465,1.565075
2021-06-21,3556,1.586074
2021-06-22,7,0.089475
2021-06-22,27,0.091677
2021-06-22,55,0.110812
2021-06-22,83,0.116182
2021-06-22,118,0.120814
2021-06-22,146,0.125837
2021-06-22,174,0.132506
2021-06-22,265,0.158359
2021-06-22,356,0.170996
2021-06-22,454,0.193154
2021-06-22,545,0.220974
2021-06-22,629,0.258449
2021-06-22,727,0.305546
2021-06-22,818,0.354381
2021-06-22,909,0.415213
2021-06-22,1000,0.476938
2021-06-22,1091,0.537642
2021-06-22,1182,0.597947
2021-06-22,1273,0.657576
2021-06-22,1364,0.715987
2021-06-22,1455,0.771198
2021-06-22,1546,0.823773
2021-06-22,1637,0.87387
2021-06-22,1728,0.922411
2021-06-22,1819,0.968368
2021-06-22,1910,1.012831
2021-06-22,2001,1.055315
2021-06-22,2092,1.096516
2021-06-22,2183,1.135964
2021-06-22,2274,1.174274
2021-06-22,2365,1.211187
2021-06-22,2456,1.247047
2021-06-22,2554,1.283757
2021-06-22,2645,1.316638
2021-06-22,2736,1.348171
2021-06-22,2827,1.378486
2021-06-22,2918,1.407223
2021-06-22,3009,1.434833
2021-06-22,3100,1.461117
2021-06-22,3191,1.486477
2021-06-22,3282,1.510291
2021-06-22,3373,1.533092
2021-06-22,3464,1.554828
2021-06-22,3555,1.575966
2021-06-22,3646,1.596301
2021-06-23,7,0.09493
2021-06-23,26,0.093143
2021-06-23,54,0.115815
2021-06-23,82,0.123004
2021-06-23,117,0.128667
2021-06-23,145,0.134166
2021-06-23,173,0.140346
2021-06-23,264,0.165341
2021-06-23,355,0.176223
2021-06-23,453,0.199492
2021-06-23,544,0.229692
2021-06-23,628,0.270801
2021-06-23,726,0.321761
2021-06-23,817,0.373358
2021-06-23,908,0.436917
2021-06-23,999,0.500871
2021-06-23,1090,0.56343
2021-06-23,1181,0.624914
2021-06-23,1272,0.685551
2021-06-23,1363,0.744498
2021-06-23,1454,0.799858
2021-06-23,1545,0.85286
2021-06-23,1636,0.903335
2021-06-23,1727,0.952213
2021-06-23,1818,0.998472
2021-06-23,1909,1.043207
2021-06-23,2000,1.085936
2021-06-23,2091,1.127361
2021-06-23,2182,1.167013
2021-06-23,2273,1.20551
2021-06-23,2364,1.242595
2021-06-23,2455,1.278614
2021-06-23,2553,1.31548
2021-06-23,2644,1.348497
2021-06-23,2735,1.380155
2021-06-23,2826,1.410586
2021-06-23,2917,1.439433
2021-06-23,3008,1.467145
2021-06-23,3099,1.493525
2021-06-23,3190,1.518975
2021-06-23,3281,1.542873
2021-06-23,3372,1.565753
2021-06-23,3463,1.587564
2021-06-23,3554,1.608773
2021-06-23,3645,1.629176
2021-06-24,7,0.092263
2021-06-24,25,0.095435
2021-06-24,53,0.120002
2021-06-24,81,0.127584
2021-06-24,116,0.133443
2021-06-24,144,0.139037
2021-06-24,172,0.145285
2021-06-24,263,0.17042
2021-06-24,354,0.182632
2021-06-24,452,0.206759
2021-06-24,543,0.237494
2021-06-24,627,0.27898
2021-06-24,725,0.330273
2021-06-24,816,0.382112
2021-06-24,907,0.445878
2021-06-24,998,0.510462
2021-06-24,1089,0.573543
2021-06-24,1180,0.635468
2021-06-24,1271,0.696121
2021-06-24,1362,0.755079
2021-06-24,1453,0.810448
2021-06-24,1544,0.863157
2021-06-24,1635,0.91309
2021-06-24,1726,0.961483
2021-06-24,1817,1.007302
2021-06-24,1908,1.051398
2021-06-24,1999,1.093547
2021-06-24,2090,1.134441
2021-06-24,2181,1.173605
2021-06-24,2272,1.211653
2021-06-24,2363,1.248323
2021-06-24,2454,1.28377
2021-06-24,2552,1.320066
2021-06-24,2643,1.35259
2021-06-24,2734,1.383788
2021-06-24,2825,1.413788
2021-06-24,2916,1.442231
2021-06-24,3007,1.469562
2021-06-24,3098,1.495583
2021-06-24,3189,1.520694
2021-06-24,3280,1.544273
2021-06-24,3371,1.56685
2021-06-24,3462,1.588373
2021-06-24,3553,1.60931
2021-06-24,3644,1.629453
2021-06-25,7,0.09569
2021-06-25,24,0.096999
2021-06-25,52,0.119832
2021-06-25,80,0.125794
2021-06-25,115,0.132249
2021-06-25,143,0.138116
2021-06-25,171,0.144552
2021-06-25,262,0.170037
2021-06-25,353,0.181076
2021-06-25,451,0.205595
2021-06-25,542,0.237433
2021-06-25,626,0.280352
2021-06-25,724,0.333585
2021-06-25,815,0.387377
2021-06-25,906,0.453224
2021-06-25,997,0.519509
2021-06-25,1088,0.584428
2021-06-25,1179,0.648294
2021-06-25,1270,0.710971
2021-06-25,1361,0.771681
2021-06-25,1452,0.828578
2021-06-25,1543,0.882634
2021-06-25,1634,0.934042
2021-06-25,1725,0.983753
2021-06-25,1816,1.030758
2021-06-25,1907,1.075924
2021-06-25,1998,1.119274
2021-06-25,2089,1.161264
2021-06-25,2180,1.201432
2021-06-25,2271,1.2402
2021-06-25,2362,1.277534
2021-06-25,2453,1.313594
2021-06-25,2551,1.350501
2021-06-25,2642,1.383552
2021-06-25,2733,1.415241
2021-06-25,2824,1.4457
2021-06-25,2915,1.474572
2021-06-25,3006,1.502458
2021-06-25,3097,1.529002
2021-06-25,3188,1.554606
2021-06-25,3279,1.578649
2021-06-25,3370,1.601666
2021-06-25,3461,1.623604
2021-06-25,3552,1.644935
2021-06-25,3643,1.665452
2021-06-28,7,0.09569
2021-06-28,21,0.101779
2021-06-28,49,0.123278
2021-06-28,77,0.130063
2021-06-28,112,0.135357
2021-06-28,140,0.140728
2021-06-28,168,0.146843
2021-06-28,259,0.170038
2021-06-28,350,0.179855
2021-06-28,448,0.202588
2021-06-28,539,0.232546
2021-06-28,623,0.2736
2021-06-28,721,0.325221
2021-06-28,812,0.377881
2021-06-28,903,0.442356
2021-06-28,994,0.507059
2021-06-28,1085,0.571083
2021-06-28,1176,0.63419
2021-06-28,1267,0.696215
2021-06-28,1358,0.756356
2021-06-28,1449,0.812431
2021-06-28,1540,0.865757
2021-06-28,1631,0.915948
2021-06-28,1722,0.964302
2021-06-28,1813,1.009575
2021-06-28,1904,1.052932
2021-06-28,1995,1.094404
2021-06-28,2086,1.134679
2021-06-28,2177,1.172852
2021-06-28,2268,1.20958
2021-06-28,2359,1.244837
2021-06-28,2450,1.278972
2021-06-28,2548,1.313959
2021-06-28,2639,1.345353
2021-06-28,2730,1.375494
2021-06-28,2821,1.404503
2021-06-28,2912,1.432015
2021-06-28,3003,1.458622
2021-06-28,3094,1.483961
2021-06-28,3185,1.508429
2021-06-28,3276,1.531397
2021-06-28,3367,1.553395
2021-06-28,3458,1.574369
2021-06-28,3549,1.594784
2021-06-28,3640,1.61443
2021-06-29,7,0.092517
2021-06-29,20,0.097672
2021-06-29,48,0.120536
2021-06-29,76,0.128421
2021-06-29,111,0.13428
2021-06-29,139,0.139907
2021-06-29,167,0.146196
2021-06-29,258,0.169709
2021-06-29,349,0.17964
2021-06-29,447,0.202471
2021-06-29,538,0.232504
2021-06-29,622,0.27363
2021-06-29,720,0.325319
2021-06-29,811,0.378601
2021-06-29,902,0.443584
2021-06-29,993,0.508704
2021-06-29,1084,0.573072
2021-06-29,1175,0.636471
2021-06-29,1266,0.69838
2021-06-29,1357,0.75842
2021-06-29,1448,0.814404
2021-06-29,1539,0.86735
2021-06-29,1630,0.917201
2021-06-29,1721,0.96525
2021-06-29,1812,1.010247
2021-06-29,1903,1.053353
2021-06-29,1994,1.094597
2021-06-29,2085,1.134443
2021-06-29,2176,1.172221
2021-06-29,2267,1.208788
2021-06-29,2358,1.243701
2021-06-29,2449,1.277518
2021-06-29,2547,1.312187
2021-06-29,2638,1.343306
2021-06-29,2729,1.37319
2021-06-29,2820,1.401958
2021-06-29,2911,1.429244
2021-06-29,3002,1.455639
2021-06-29,3093,1.480777
2021-06-29,3184,1.505055
2021-06-29,3275,1.527844
2021-06-29,3366,1.549672
2021-06-29,3457,1.570485
2021-06-29,3548,1.590747
2021-06-29,3639,1.610247
2021-06-30,7,0.094169
2021-06-30,19,0.098198
2021-06-30,47,0.119726
2021-06-30,75,0.126125
2021-06-30,110,0.131156
2021-06-30,138,0.136428
2021-06-30,166,0.142487
2021-06-30,257,0.165611
2021-06-30,348,0.175317
2021-06-30,446,0.196924
2021-06-30,537,0.226236
2021-06-30,621,0.266906
2021-06-30,719,0.318204
2021-06-30,810,0.371214
2021-06-30,901,0.435994
2021-06-30,992,0.500484
2021-06-30,1083,0.563905
2021-06-30,1174,0.626501
2021-06-30,1265,0.687723
2021-06-30,1356,0.74649
2021-06-30,1447,0.80104
2021-06-30,1538,0.85272
2021-06-30,1629,0.901446
2021-06-30,1720,0.94822
2021-06-30,1811,0.992069
2021-06-30,1902,1.033895
2021-06-30,1993,1.073514
2021-06-30,2084,1.111876
2021-06-30,2175,1.148295
2021-06-30,2266,1.183408
2021-06-30,2357,1.216785
2021-06-30,2448,1.248992
2021-06-30,2546,1.281862
2021-06-30,2637,1.311255
2021-06-30,2728,1.339528
2021-06-30,2819,1.36679
2021-06-30,2910,1.392504
2021-06-30,3001,1.417271
2021-06-30,3092,1.440876
2021-06-30,3183,1.463708
2021-06-30,3274,1.485131
2021-06-30,3365,1.505668
2021-06-30,3456,1.525256
2021-06-30,3547,1.544356
2021-06-30,3638,1.562753
2021-07-01,7,0.094676
2021-07-01,18,0.098912
2021-07-01,46,0.122016
2021-07-01,74,0.129553
2021-07-01,109,0.135157
2021-07-01,137,0.140686
2021-07-01,165,0.14692
2021-07-01,256,0.170359
2021-07-01,347,0.180176
2021-07-01,445,0.202993
2021-07-01,536,0.233909
2021-07-01,620,0.276349
2021-07-01,718,0.329883
2021-07-01,809,0.385059
2021-07-01,900,0.452091
2021-07-01,991,0.519345
2021-07-01,1082,0.585488
2021-07-01,1173,0.650383
2021-07-01,1264,0.71357
2021-07-01,1355,0.774035
2021-07-01,1446,0.830067
2021-07-01,1537,0.88305
2021-07-01,1628,0.93265
2021-07-01,1719,0.980204
2021-07-01,1810,1.024499
2021-07-01,1901,1.066727
2021-07-01,1992,1.10671
2021-07-01,2083,1.145403
2021-07-01,2174,1.181913
2021-07-01,2265,1.216907
2021-07-01,2356,1.250367
2021-07-01,2447,1.282652
2021-07-01,2545,1.315597
2021-07-01,2636,1.345055
2021-07-01,2727,1.373389
2021-07-01,2818,1.400706
2021-07-01,2909,1.426473
2021-07-01,3000,1.451287
2021-07-01,3091,1.474938
2021-07-01,3182,1.497812
2021-07-01,3273,1.519275
2021-07-01,3364,1.539848
2021-07-01,3455,1.559471
2021-07-01,3546,1.578604
2021-07-01,3637,1.597032
2021-07-02,7,0.092648
2021-07-02,17,0.097505
2021-07-02,45,0.12042
2021-07-02,73,0.124785
2021-07-02,108,0.130343
2021-07-02,136,0.13586
2021-07-02,164,0.14209
2021-07-02,255,0.163729
2021-07-02,346,0.17132
2021-07-02,444,0.190552
2021-07-02,535,0.217612
2021-07-02,619,0.256148
2021-07-02,717,0.3056
2021-07-02,808,0.356742
2021-07-02,899,0.420572
2021-07-02,990,0.485216
2021-07-02,1081,0.548763
2021-07-02,1172,0.611465
2021-07-02,1263,0.672776
2021-07-02,1354,0.731615
2021-07-02,1445,0.786224
2021-07-02,1536,0.837952
2021-07-02,1627,0.886717
2021-07-02,1718,0.933524
2021-07-02,1809,0.977145
2021-07-02,1900,1.018763
2021-07-02,1991,1.058191
2021-07-02,2082,1.096157
2021-07-02,2173,1.132
2021-07-02,2264,1.16638
2021-07-02,2355,1.199273
2021-07-02,2446,1.231033
2021-07-02,2544,1.263455
2021-07-02,2635,1.292461
2021-07-02,2726,1.320373
2021-07-02,2817,1.347295
2021-07-02,2908,1.372691
2021-07-02,2999,1.397157
2021-07-02,3090,1.420479
2021-07-02,3181,1.443044
2021-07-02,3272,1.464213
2021-07-02,3363,1.48451
2021-07-02,3454,1.50387
2021-07-02,3545,1.522753
2021-07-02,3636,1.540944
2021-07-06,7,0.09201
2021-07-06,13,0.094893
2021-07-06,41,0.118366
2021-07-06,69,0.12176
2021-07-06,104,0.125138
2021-07-06,132,0.129777
2021-07-06,160,0.135453
2021-07-06,251,0.156169
2021-07-06,342,0.163164
2021-07-06,440,0.181002
2021-07-06,531,0.20643
2021-07-06,615,0.243286
2021-07-06,713,0.289914
2021-07-06,804,0.337932
2021-07-06,895,0.398303
2021-07-06,986,0.459199
2021-07-06,1077,0.519201
2021-07-06,1168,0.578123
2021-07-06,1259,0.635466
2021-07-06,1350,0.690867
2021-07-06,1441,0.74246
2021-07-06,1532,0.791224
2021-07-06,1623,0.837351
2021-07-06,1714,0.881796
2021-07-06,1805,0.923287
2021-07-06,1896,0.962975
2021-07-06,1987,1.000878
2021-07-06,2078,1.037449
2021-07-06,2169,1.072011
2021-07-06,2260,1.105212
2021-07-06,2351,1.137014
2021-07-06,2442,1.167949
2021-07-06,2540,1.19955
2021-07-06,2631,1.227845
2021-07-06,2722,1.255092
2021-07-06,2813,1.281391
2021-07-06,2904,1.3062
2021-07-06,2995,1.330115
2021-07-06,3086,1.352916
2021-07-06,3177,1.37499
2021-07-06,3268,1.395693
2021-07-06,3359,1.415548
2021-07-06,3450,1.434488
2021-07-06,3541,1.452974
2021-07-06,3632,1.470785
2021-07-07,7,0.096704
2021-07-07,12,0.098287
2021-07-07,40,0.114649
2021-07-07,68,0.117536
2021-07-07,103,0.12066
2021-07-07,131,0.125208
2021-07-07,159,0.130831
2021-07-07,250,0.153313
2021-07-07,341,0.16109
2021-07-07,439,0.179432
2021-07-07,530,0.204308
2021-07-07,614,0.240128
2021-07-07,712,0.285863
2021-07-07,803,0.333253
2021-07-07,894,0.392623
2021-07-07,985,0.45177
2021-07-07,1076,0.509891
2021-07-07,1167,0.566831
2021-07-07,1258,0.622478
2021-07-07,1349,0.675729
2021-07-07,1440,0.725443
2021-07-07,1531,0.772548
2021-07-07,1622,0.816918
2021-07-07,1713,0.859793
2021-07-07,1804,0.89987
2021-07-07,1895,0.93828
2021-07-07,1986,0.974558
2021-07-07,2077,1.009647
2021-07-07,2168,1.04285
2021-07-07,2259,1.074801
2021-07-07,2350,1.105449
2021-07-07,2441,1.135506
2021-07-07,2539,1.16623
2021-07-07,2630,1.193769
2021-07-07,2721,1.220309
2021-07-07,2812,1.245948
2021-07-07,2903,1.270138
2021-07-07,2994,1.29347
2021-07-07,3085,1.315724
2021-07-07,3176,1.33728
2021-07-07,3267,1.357495
2021-07-07,3358,1.376888
2021-07-07,3449,1.39539
2021-07-07,3540,1.41346
2021-07-07,3631,1.430877
2021-07-08,7,0.092648
2021-07-08,11,0.094169
2021-07-08,39,0.112087
2021-07-08,67,0.116088
2021-07-08,102,0.119739
2021-07-08,130,0.12452
2021-07-08,158,0.130302
2021-07-08,249,0.151215
2021-07-08,340,0.158221
2021-07-08,438,0.173846
2021-07-08,529,0.196244
2021-07-08,613,0.22837
2021-07-08,711,0.268115
2021-07-08,802,0.308964
2021-07-08,893,0.362629
2021-07-08,984,0.417127
2021-07-08,1075,0.471387
2021-07-08,1166,0.525069
2021-07-08,1257,0.577931
2021-07-08,1348,0.629795
2021-07-08,1439,0.678615
2021-07-08,1530,0.725532
2021-07-08,1621,0.770301
2021-07-08,1712,0.8138
2021-07-08,1803,0.854692
2021-07-08,1894,0.893838
2021-07-08,1985,0.931246
2021-07-08,2076,0.967587
2021-07-08,2167,1.001935
2021-07-08,2258,1.034939
2021-07-08,2349,1.066558
2021-07-08,2440,1.097513
2021-07-08,2538,1.129132
2021-07-08,2629,1.157442
2021-07-08,2720,1.184701
2021-07-08,2811,1.211012
2021-07-08,2902,1.235831
2021-07-08,2993,1.259754
2021-07-08,3084,1.282563
2021-07-08,3175,1.304643
2021-07-08,3266,1.325352
2021-07-08,3357,1.345212
2021-07-08,3448,1.364156
2021-07-08,3539,1.382645
2021-07-08,3630,1.40046
2021-07-09,7,0.091381
2021-07-09,10,0.092648
2021-07-09,38,0.115893
2021-07-09,66,0.120491
2021-07-09,101,0.124409
2021-07-09,129,0.129314
2021-07-09,157,0.135181
2021-07-09,248,0.158107
2021-07-09,339,0.166004
2021-07-09,437,0.184464
2021-07-09,528,0.20944
2021-07-09,612,0.244673
2021-07-09,710,0.288512
2021-07-09,801,0.333994
2021-07-09,892,0.391874
2021-07-09,983,0.449806
2021-07-09,1074,0.506917
2021-07-09,1165,0.563397
2021-07-09,1256,0.619016
2021-07-09,1347,0.673263
2021-07-09,1438,0.72416
2021-07-09,1529,0.772906
2021-07-09,1620,0.81958
2021-07-09,1711,0.865049
2021-07-09,1802,0.907709
2021-07-09,1893,0.948695
2021-07-09,1984,0.987772
2021-07-09,2075,1.025636
2021-07-09,2166,1.061589
2021-07-09,2257,1.096068
2021-07-09,2348,1.129047
2021-07-09,2439,1.161259
2021-07-09,2537,1.194129
2021-07-09,2628,1.223518
2021-07-09,2719,1.251783
2021-07-09,2810,1.279035
2021-07-09,2901,1.304734
2021-07-09,2992,1.329484
2021-07-09,3083,1.353071
2021-07-09,3174,1.375883
2021-07-09,3265,1.397284
2021-07-09,3356,1.417797
2021-07-09,3447,1.43736
2021-07-09,3538,1.456436
2021-07-09,3629,1.474807
2021-07-12,7,0.089221
2021-07-12,31,0.097076
2021-07-12,35,0.099659
2021-07-12,63,0.11169
2021-07-12,98,0.118871
2021-07-12,126,0.123997
2021-07-12,154,0.130945
2021-07-12,245,0.155725
2021-07-12,336,0.16571
2021-07-12,434,0.186652
2021-07-12,525,0.213147
2021-07-12,609,0.249439
2021-07-12,707,0.294909
2021-07-12,798,0.340986
2021-07-12,889,0.398864
2021-07-12,980,0.456794
2021-07-12,1071,0.5139
2021-07-12,1162,0.570375
2021-07-12,1253,0.62562
2021-07-12,1344,0.679199
2021-07-12,1435,0.729506
2021-07-12,1526,0.777728
2021-07-12,1617,0.823933
2021-07-12,1708,0.868981
2021-07-12,1799,0.911258
2021-07-12,1890,0.951895
2021-07-12,1981,0.990653
2021-07-12,2072,1.028223
2021-07-12,2163,1.063905
2021-07-12,2254,1.098133
2021-07-12,2345,1.130878
2021-07-12,2436,1.162873
2021-07-12,2534,1.195525
2021-07-12,2625,1.224724
2021-07-12,2716,1.252811
2021-07-12,2807,1.279894
2021-07-12,2898,1.305435
2021-07-12,2989,1.330035
2021-07-12,3080,1.35348
2021-07-12,3171,1.376157
2021-07-12,3262,1.397429
2021-07-12,3353,1.41782
2021-07-12,3444,1.437266
2021-07-12,3535,1.45623
2021-07-12,3626,1.474496
2021-07-13,7,0.0891
2021-07-13,31,0.09442
2021-07-13,34,0.097227
2021-07-13,62,0.110551
2021-07-13,97,0.118217
2021-07-13,125,0.124666
2021-07-13,153,0.132465
2021-07-13,244,0.158669
2021-07-13,335,0.170637
2021-07-13,433,0.195098
2021-07-13,524,0.227214
2021-07-13,608,0.269318
2021-07-13,706,0.321225
2021-07-13,797,0.373022
2021-07-13,888,0.435974
2021-07-13,979,0.498033
2021-07-13,1070,0.558134
2021-07-13,1161,0.616736
2021-07-13,1252,0.673796
2021-07-13,1343,0.728942
2021-07-13,1434,0.780294
2021-07-13,1525,0.829133
2021-07-13,1616,0.8756
2021-07-13,1707,0.920879
2021-07-13,1798,0.963364
2021-07-13,1889,1.004186
2021-07-13,1980,1.043112
2021-07-13,2071,1.080834
2021-07-13,2162,1.116654
2021-07-13,2253,1.151415
2021-07-13,2344,1.184848
2021-07-13,2435,1.21729
2021-07-13,2533,1.250385
2021-07-13,2624,1.279966
2021-07-13,2715,1.308409
2021-07-13,2806,1.335825
2021-07-13,2897,1.361677
2021-07-13,2988,1.386569
2021-07-13,3079,1.410288
2021-07-13,3170,1.433223
2021-07-13,3261,1.454738
2021-07-13,3352,1.475358
2021-07-13,3443,1.495022
2021-07-13,3534,1.514192
2021-07-13,3625,1.532653
2021-07-14,7,0.093277
2021-07-14,31,0.092392
2021-07-14,33,0.094043
2021-07-14,61,0.109047
2021-07-14,96,0.117341
2021-07-14,124,0.122895
2021-07-14,152,0.129204
2021-07-14,243,0.152942
2021-07-14,334,0.162365
2021-07-14,432,0.181864
2021-07-14,523,0.209293
2021-07-14,607,0.248341
2021-07-14,705,0.296906
2021-07-14,796,0.346342
2021-07-14,887,0.407433
2021-07-14,978,0.467977
2021-07-14,1069,0.527251
2021-07-14,1160,0.585155
2021-07-14,1251,0.64125
2021-07-14,1342,0.695219
2021-07-14,1433,0.745221
2021-07-14,1524,0.792568
2021-07-14,1615,0.837425
2021-07-14,1706,0.880998
2021-07-14,1797,0.921691
2021-07-14,1888,0.960652
2021-07-14,1979,0.997886
2021-07-14,2070,1.034065
2021-07-14,2161,1.068472
2021-07-14,2252,1.101729
2021-07-14,2343,1.133579
2021-07-14,2434,1.164557
2021-07-14,2532,1.196193
2021-07-14,2623,1.224516
2021-07-14,2714,1.251786
2021-07-14,2805,1.278104
2021-07-14,2896,1.302926
2021-07-14,2987,1.326851
2021-07-14,3078,1.349659
2021-07-14,3169,1.371737
2021-07-14,3260,1.392441
2021-07-14,3351,1.412295
2021-07-14,3442,1.431232
2021-07-14,3533,1.449713
2021-07-14,3624,1.467519
2021-07-15,7,0.091503
2021-07-15,31,0.090364
2021-07-15,32,0.091194
2021-07-15,60,0.105412
2021-07-15,95,0.113265
2021-07-15,123,0.118638
2021-07-15,151,0.124838
2021-07-15,242,0.146505
2021-07-15,333,0.154946
2021-07-15,431,0.173873
2021-07-15,522,0.200982
2021-07-15,606,0.239842
2021-07-15,704,0.288955
2021-07-15,795,0.338785
2021-07-15,886,0.400201
2021-07-15,977,0.460539
2021-07-15,1068,0.518779
2021-07-15,1159,0.57462
2021-07-15,1250,0.628217
2021-07-15,1341,0.679683
2021-07-15,1432,0.727176
2021-07-15,1523,0.771709
2021-07-15,1614,0.813784
2021-07-15,1705,0.854602
2021-07-15,1796,0.892562
2021-07-15,1887,0.92881
2021-07-15,1978,0.963348
2021-07-15,2069,0.996846
2021-07-15,2160,1.028372
2021-07-15,2251,1.058777
2021-07-15,2342,1.087996
2021-07-15,2433,1.116539
2021-07-15,2531,1.145752
2021-07-15,2622,1.171984
2021-07-15,2713,1.197303
2021-07-15,2804,1.221961
2021-07-15,2895,1.245386
2021-07-15,2986,1.267998
2021-07-15,3077,1.289422
2021-07-15,3168,1.310194
2021-07-15,3259,1.329666
2021-07-15,3350,1.348354
2021-07-15,3441,1.366187
2021-07-15,3532,1.38362
2021-07-15,3623,1.400432
2021-07-16,7,0.091249
2021-07-16,31,0.084788
2021-07-16,59,0.104693
2021-07-16,94,0.112898
2021-07-16,122,0.118399
2021-07-16,150,0.124685
2021-07-16,186,0.135872
2021-07-16,241,0.146507
2021-07-16,332,0.154973
2021-07-16,430,0.173938
2021-07-16,521,0.201088
2021-07-16,605,0.239998
2021-07-16,703,0.288453
2021-07-16,794,0.337823
2021-07-16,885,0.398887
2021-07-16,976,0.45941
2021-07-16,1067,0.517801
2021-07-16,1158,0.574164
2021-07-16,1249,0.627837
2021-07-16,1340,0.679367
2021-07-16,1431,0.726913
2021-07-16,1522,0.771794
2021-07-16,1613,0.814175
2021-07-16,1704,0.854996
2021-07-16,1795,0.893213
2021-07-16,1886,0.929692
2021-07-16,1977,0.964207
2021-07-16,2068,0.997683
2021-07-16,2159,1.029188
2021-07-16,2250,1.059574
2021-07-16,2341,1.088775
2021-07-16,2432,1.117301
2021-07-16,2530,1.1463
2021-07-16,2621,1.172173
2021-07-16,2712,1.196987
2021-07-16,2803,1.221009
2021-07-16,2894,1.243679
2021-07-16,2985,1.265581
2021-07-16,3076,1.286337
2021-07-16,3167,1.30648
2021-07-16,3258,1.325357
2021-07-16,3349,1.343483
2021-07-16,3440,1.360782
2021-07-16,3531,1.37771
2021-07-16,3622,1.394041
2021-07-19,7,0.090742
2021-07-19,28,0.08697
2021-07-19,56,0.109384
2021-07-19,91,0.119954
2021-07-19,119,0.126319
2021-07-19,147,0.133156
2021-07-19,183,0.144854
2021-07-19,238,0.153548
2021-07-19,329,0.160143
2021-07-19,427,0.175729
2021-07-19,518,0.198272
2021-07-19,602,0.230703
2021-07-19,700,0.268619
2021-07-19,791,0.307066
2021-07-19,882,0.356898
2021-07-19,973,0.405926
2021-07-19,1064,0.454353
2021-07-19,1155,0.501923
2021-07-19,1246,0.548082
2021-07-19,1337,0.593118
2021-07-19,1428,0.634991
2021-07-19,1519,0.674875
2021-07-19,1610,0.71282
2021-07-19,1701,0.749678
2021-07-19,1792,0.784332
2021-07-19,1883,0.817589
2021-07-19,1974,0.849177
2021-07-19,2065,0.879984
2021-07-19,2156,0.909256
2021-07-19,2247,0.937589
2021-07-19,2338,0.964698
2021-07-19,2429,0.99129
2021-07-19,2527,1.018362
2021-07-19,2618,1.042572
2021-07-19,2709,1.065834
2021-07-19,2800,1.08824
2021-07-19,2891,1.109394
2021-07-19,2982,1.129874
2021-07-19,3073,1.149289
2021-07-19,3164,1.168169
2021-07-19,3255,1.185852
2021-07-19,3346,1.202848
2021-07-19,3437,1.219077
2021-07-19,3528,1.23499
2021-07-19,3619,1.250356
2021-07-20,7,0.087579
2021-07-20,27,0.08979
2021-07-20,55,0.115047
2021-07-20,90,0.127475
2021-07-20,118,0.133312
2021-07-20,146,0.139827
2021-07-20,182,0.151272
2021-07-20,237,0.159689
2021-07-20,328,0.166006
2021-07-20,426,0.18028
2021-07-20,517,0.199391
2021-07-20,601,0.22818
2021-07-20,699,0.262246
2021-07-20,790,0.297977
2021-07-20,881,0.345669
2021-07-20,972,0.39343
2021-07-20,1063,0.440808
2021-07-20,1154,0.487892
2021-07-20,1245,0.534005
2021-07-20,1336,0.579346
2021-07-20,1427,0.621804
2021-07-20,1518,0.662504
2021-07-20,1609,0.701458
2021-07-20,1700,0.739757
2021-07-20,1791,0.775961
2021-07-20,1882,0.811106
2021-07-20,1973,0.844873
2021-07-20,2064,0.878111
2021-07-20,2155,0.909821
2021-07-20,2246,0.940802
2021-07-20,2337,0.970747
2021-07-20,2428,1.00015
2021-07-20,2526,1.030217
2021-07-20,2617,1.057008
2021-07-20,2708,1.082676
2021-07-20,2799,1.107496
2021-07-20,2890,1.131071
2021-07-20,2981,1.153822
2021-07-20,3072,1.175375
2021-07-20,3163,1.196269
2021-07-20,3254,1.215852
2021-07-20,3345,1.234645
2021-07-20,3436,1.252576
2021-07-20,3527,1.270103
2021-07-20,3618,1.287001
2021-07-21,7,0.089353
2021-07-21,26,0.088147
2021-07-21,54,0.112096
2021-07-21,89,0.12383
2021-07-21,117,0.130589
2021-07-21,145,0.137675
2021-07-21,181,0.149611
2021-07-21,236,0.158451
2021-07-21,327,0.165132
2021-07-21,425,0.18081
2021-07-21,516,0.203438
2021-07-21,600,0.236671
2021-07-21,698,0.276701
2021-07-21,789,0.317816
2021-07-21,880,0.370312
2021-07-21,971,0.42245
2021-07-21,1062,0.474319
2021-07-21,1153,0.525582
2021-07-21,1244,0.575631
2021-07-21,1335,0.624713
2021-07-21,1426,0.670756
2021-07-21,1517,0.714608
2021-07-21,1608,0.756355
2021-07-21,1699,0.797147
2021-07-21,1790,0.835846
2021-07-21,1881,0.873243
2021-07-21,1972,0.909052
2021-07-21,2063,0.944152
2021-07-21,2154,0.977565
2021-07-21,2245,1.010111
2021-07-21,2336,1.041498
2021-07-21,2427,1.072234
2021-07-21,2525,1.103822
2021-07-21,2616,1.1321
2021-07-21,2707,1.159155
2021-07-21,2798,1.18527
2021-07-21,2889,1.210059
2021-07-21,2980,1.233949
2021-07-21,3071,1.256573
2021-07-21,3162,1.278476
2021-07-21,3253,1.299012
2021-07-21,3344,1.318704
2021-07-21,3435,1.337488
2021-07-21,3526,1.355822
2021-07-21,3617,1.373487
2021-07-22,7,0.0891
2021-07-22,25,0.09014
2021-07-22,53,0.110809
2021-07-22,88,0.121173
2021-07-22,116,0.127408
2021-07-22,144,0.134176
2021-07-22,180,0.145865
2021-07-22,235,0.154433
2021-07-22,326,0.160842
2021-07-22,424,0.176377
2021-07-22,515,0.198042
2021-07-22,599,0.230667
2021-07-22,697,0.269464
2021-07-22,788,0.309128
2021-07-22,879,0.361012
2021-07-22,970,0.412653
2021-07-22,1061,0.46411
2021-07-22,1152,0.515026
2021-07-22,1243,0.565148
2021-07-22,1334,0.614293
2021-07-22,1425,0.660387
2021-07-22,1516,0.704284
2021-07-22,1607,0.74607
2021-07-22,1698,0.786896
2021-07-22,1789,0.825624
2021-07-22,1880,0.863047
2021-07-22,1971,0.898879
2021-07-22,2062,0.933999
2021-07-22,2153,0.967644
2021-07-22,2244,1.000402
2021-07-22,2335,1.031984
2021-07-22,2426,1.0629
2021-07-22,2524,1.094667
2021-07-22,2615,1.123099
2021-07-22,2706,1.150297
2021-07-22,2797,1.176546
2021-07-22,2888,1.201459
2021-07-22,2979,1.225466
2021-07-22,3070,1.248199
2021-07-22,3161,1.270204
2021-07-22,3252,1.290837
2021-07-22,3343,1.310621
2021-07-22,3434,1.32949
2021-07-22,3525,1.347906
2021-07-22,3616,1.365648
2021-07-23,7,0.085551
2021-07-23,24,0.086806
2021-07-23,52,0.109668
2021-07-23,87,0.118571
2021-07-23,115,0.12426
2021-07-23,143,0.130699
2021-07-23,179,0.142133
2021-07-23,234,0.150424
2021-07-23,325,0.157975
2021-07-23,423,0.174211
2021-07-23,514,0.196301
2021-07-23,598,0.229225
2021-07-23,696,0.268281
2021-07-23,787,0.308718
2021-07-23,878,0.361228
2021-07-23,969,0.413851
2021-07-23,1060,0.466122
2021-07-23,1151,0.517723
2021-07-23,1242,0.568429
2021-07-23,1333,0.618421
2021-07-23,1424,0.665253
2021-07-23,1515,0.709797
2021-07-23,1606,0.752155
2021-07-23,1697,0.793491
2021-07-23,1788,0.832676
2021-07-23,1879,0.870511
2021-07-23,1970,0.906949
2021-07-23,2061,0.942622
2021-07-23,2152,0.976771
2021-07-23,2243,1.009993
2021-07-23,2334,1.042001
2021-07-23,2425,1.073501
2021-07-23,2523,1.105849
2021-07-23,2614,1.13478
2021-07-23,2705,1.162444
2021-07-23,2796,1.189128
2021-07-23,2887,1.214447
2021-07-23,2978,1.238836
2021-07-23,3069,1.261929
2021-07-23,3160,1.284272
2021-07-23,3251,1.305223
2021-07-23,3342,1.325308
2021-07-23,3433,1.344461
2021-07-23,3524,1.363147
2021-07-23,3615,1.381146
2021-07-26,7,0.084284
2021-07-26,21,0.086719
2021-07-26,49,0.112479
2021-07-26,84,0.12264
2021-07-26,112,0.127464
2021-07-26,140,0.1334
2021-07-26,176,0.144477
2021-07-26,231,0.152317
2021-07-26,322,0.157971
2021-07-26,420,0.173142
2021-07-26,511,0.195553
2021-07-26,595,0.228748
2021-07-26,693,0.268756
2021-07-26,784,0.310468
2021-07-26,875,0.364028
2021-07-26,966,0.417504
2021-07-26,1057,0.470044
2021-07-26,1148,0.52187
2021-07-26,1239,0.572393
2021-07-26,1330,0.621882
2021-07-26,1421,0.667944
2021-07-26,1512,0.711806
2021-07-26,1603,0.753556
2021-07-26,1694,0.794348
2021-07-26,1785,0.832782
2021-07-26,1876,0.869938
2021-07-26,1967,0.905757
2021-07-26,2058,0.940865
2021-07-26,2149,0.974495
2021-07-26,2240,1.007239
2021-07-26,2331,1.038805
2021-07-26,2422,1.069705
2021-07-26,2520,1.101454
2021-07-26,2611,1.129869
2021-07-26,2702,1.157049
2021-07-26,2793,1.18328
2021-07-26,2884,1.208174
2021-07-26,2975,1.232162
2021-07-26,3066,1.254876
2021-07-26,3157,1.276862
2021-07-26,3248,1.297475
2021-07-26,3339,1.317239
2021-07-26,3430,1.336089
2021-07-26,3521,1.354485
2021-07-26,3612,1.372209
2021-07-27,7,0.085298
2021-07-27,20,0.088591
2021-07-27,48,0.113796
2021-07-27,83,0.123524
2021-07-27,111,0.128169
2021-07-27,139,0.134005
2021-07-27,175,0.146063
2021-07-27,230,0.15477
2021-07-27,321,0.159747
2021-07-27,419,0.173353
2021-07-27,510,0.193962
2021-07-27,594,0.22529
2021-07-27,692,0.262978
2021-07-27,783,0.302473
2021-07-27,874,0.354293
2021-07-27,965,0.405881
2021-07-27,1056,0.456858
2021-07-27,1147,0.507368
2021-07-27,1238,0.55677
2021-07-27,1329,0.604943
2021-07-27,1420,0.649856
2021-07-27,1511,0.692707
2021-07-27,1602,0.733846
2021-07-27,1693,0.773821
2021-07-27,1784,0.811521
2021-07-27,1875,0.848013
2021-07-27,1966,0.882996
2021-07-27,2057,0.917341
2021-07-27,2148,0.950272
2021-07-27,2239,0.982374
2021-07-27,2330,1.013151
2021-07-27,2421,1.043321
2021-07-27,2519,1.07454
2021-07-27,2610,1.102672
2021-07-27,2701,1.129589
2021-07-27,2792,1.155573
2021-07-27,2883,1.180236
2021-07-27,2974,1.204006
2021-07-27,3065,1.226515
2021-07-27,3156,1.248308
2021-07-27,3247,1.268738
2021-07-27,3338,1.288329
2021-07-27,3429,1.307014
2021-07-27,3520,1.325254
2021-07-27,3611,1.34283
2021-07-28,7,0.088339
2021-07-28,19,0.090807
2021-07-28,47,0.116737
2021-07-28,82,0.125329
2021-07-28,110,0.129556
2021-07-28,138,0.135154
2021-07-28,174,0.147043
2021-07-28,229,0.153119
2021-07-28,320,0.15858
2021-07-28,418,0.173681
2021-07-28,509,0.196083
2021-07-28,593,0.23075
2021-07-28,691,0.273462
2021-07-28,782,0.318267
2021-07-28,873,0.375355
2021-07-28,964,0.431215
2021-07-28,1055,0.485725
2021-07-28,1146,0.539205
2021-07-28,1237,0.590766
2021-07-28,1328,0.640801
2021-07-28,1419,0.687011
2021-07-28,1510,0.730696
2021-07-28,1601,0.772285
2021-07-28,1692,0.812661
2021-07-28,1783,0.850462
2021-07-28,1874,0.886798
2021-07-28,1965,0.92164
2021-07-28,2056,0.955855
2021-07-28,2147,0.988454
2021-07-28,2238,1.020043
2021-07-28,2329,1.050347
2021-07-28,2420,1.08008
2021-07-28,2518,1.110666
2021-07-28,2609,1.138253
2021-07-28,2700,1.16466
2021-07-28,2791,1.190169
2021-07-28,2882,1.214384
2021-07-28,2973,1.237735
2021-07-28,3064,1.259849
2021-07-28,3155,1.281269
2021-07-28,3246,1.301347
2021-07-28,3337,1.320605
2021-07-28,3428,1.338974
2021-07-28,3519,1.356915
2021-07-28,3610,1.374206
2021-07-29,7,0.088339
2021-07-29,18,0.092344
2021-07-29,46,0.113274
2021-07-29,81,0.119088
2021-07-29,109,0.122353
2021-07-29,137,0.127392
2021-07-29,173,0.137801
2021-07-29,228,0.142465
2021-07-29,319,0.148092
2021-07-29,417,0.162121
2021-07-29,508,0.183916
2021-07-29,592,0.217494
2021-07-29,690,0.259274
2021-07-29,781,0.302841
2021-07-29,872,0.359493
2021-07-29,963,0.415476
2021-07-29,1054,0.470087
2021-07-29,1145,0.523652
2021-07-29,1236,0.575655
2021-07-29,1327,0.626418
2021-07-29,1418,0.673583
2021-07-29,1509,0.718411
2021-07-29,1600,0.761013
2021-07-29,1691,0.802562
2021-07-29,1782,0.841674
2021-07-29,1873,0.879438
2021-07-29,1964,0.915574
2021-07-29,2055,0.950969
2021-07-29,2146,0.984646
2021-07-29,2237,1.017225
2021-07-29,2328,1.048639
2021-07-29,2419,1.079398
2021-07-29,2517,1.111004
2021-07-29,2608,1.13947
2021-07-29,2699,1.166697
2021-07-29,2790,1.19297
2021-07-29,2881,1.217903
2021-07-29,2972,1.241926
2021-07-29,3063,1.264672
2021-07-29,3154,1.286688
2021-07-29,3245,1.307327
2021-07-29,3336,1.327115
2021-07-29,3427,1.345987
2021-07-29,3518,1.364404
2021-07-29,3609,1.382146
2021-07-30,7,0.087954
2021-07-30,17,0.089537
2021-07-30,45,0.111102
2021-07-30,80,0.117939
2021-07-30,108,0.121532
2021-07-30,136,0.126777
2021-07-30,172,0.137375
2021-07-30,227,0.140935
2021-07-30,318,0.145567
2021-07-30,416,0.157838
2021-07-30,507,0.177717
2021-07-30,591,0.210073
2021-07-30,689,0.249369
2021-07-30,780,0.290604
2021-07-30,871,0.3449
2021-07-30,962,0.398972
2021-07-30,1053,0.451565
2021-07-30,1144,0.503433
2021-07-30,1235,0.55399
2021-07-30,1326,0.603503
2021-07-30,1417,0.649902
2021-07-30,1508,0.694359
2021-07-30,1599,0.736632
2021-07-30,1690,0.777887
2021-07-30,1781,0.816991
2021-07-30,1872,0.854748
2021-07-30,1963,0.890877
2021-07-30,2054,0.926265
2021-07-30,2145,0.960149
2021-07-30,2236,0.992919
2021-07-30,2327,1.024507
2021-07-30,2418,1.055427
2021-07-30,2516,1.087193
2021-07-30,2607,1.115797
2021-07-30,2698,1.143152
2021-07-30,2789,1.169545
2021-07-30,2880,1.194589
2021-07-30,2971,1.218716
2021-07-30,3062,1.24156
2021-07-30,3153,1.263667
2021-07-30,3244,1.284392
2021-07-30,3335,1.304262
2021-07-30,3426,1.32321
2021-07-30,3517,1.341699
2021-07-30,3608,1.359511
2021-08-02,7,0.088339
2021-08-02,14,0.089078
2021-08-02,42,0.11249
2021-08-02,77,0.118962
2021-08-02,105,0.122385
2021-08-02,133,0.127568
2021-08-02,169,0.138187
2021-08-02,224,0.141594
2021-08-02,315,0.144616
2021-08-02,413,0.154797
2021-08-02,504,0.172599
2021-08-02,588,0.202234
2021-08-02,686,0.237759
2021-08-02,777,0.274584
2021-08-02,868,0.324382
2021-08-02,959,0.37433
2021-08-02,1050,0.423073
2021-08-02,1141,0.470898
2021-08-02,1232,0.518007
2021-08-02,1323,0.564545
2021-08-02,1414,0.608347
2021-08-02,1505,0.650212
2021-08-02,1596,0.690184
2021-08-02,1687,0.729387
2021-08-02,1778,0.766386
2021-08-02,1869,0.802242
2021-08-02,1960,0.836644
2021-08-02,2051,0.870458
2021-08-02,2142,0.902685
2021-08-02,2233,0.933932
2021-08-02,2324,0.964116
2021-08-02,2415,0.993737
2021-08-02,2513,1.024209
2021-08-02,2604,1.051696
2021-08-02,2695,1.078009
2021-08-02,2786,1.103427
2021-08-02,2877,1.127556
2021-08-02,2968,1.150824
2021-08-02,3059,1.172858
2021-08-02,3150,1.194202
2021-08-02,3241,1.214206
2021-08-02,3332,1.233392
2021-08-02,3423,1.251693
2021-08-02,3514,1.269568
2021-08-02,3605,1.286796
2021-08-03,7,0.086687
2021-08-03,13,0.087923
2021-08-03,41,0.112694
2021-08-03,76,0.119157
2021-08-03,104,0.122561
2021-08-03,132,0.127746
2021-08-03,168,0.137303
2021-08-03,223,0.140944
2021-08-03,314,0.142696
2021-08-03,412,0.152153
2021-08-03,503,0.169552
2021-08-03,587,0.198948
2021-08-03,685,0.234271
2021-08-03,776,0.270959
2021-08-03,867,0.320132
2021-08-03,958,0.369095
2021-08-03,1049,0.417023
2021-08-03,1140,0.464161
2021-08-03,1231,0.510685
2021-08-03,1322,0.556719
2021-08-03,1413,0.600079
2021-08-03,1504,0.641861
2021-08-03,1595,0.682046
2021-08-03,1686,0.721439
2021-08-03,1777,0.758607
2021-08-03,1868,0.794615
2021-08-03,1959,0.829389
2021-08-03,2050,0.863541
2021-08-03,2141,0.896078
2021-08-03,2232,0.927814
2021-08-03,2323,0.958448
2021-08-03,2414,0.988485
2021-08-03,2512,1.019371
2021-08-03,2603,1.047215
2021-08-03,2694,1.073859
2021-08-03,2785,1.099586
2021-08-03,2876,1.124005
2021-08-03,2967,1.147545
2021-08-03,3058,1.169834
2021-08-03,3149,1.191418
2021-08-03,3240,1.211647
2021-08-03,3331,1.231048
2021-08-03,3422,1.24955
2021-08-03,3513,1.267617
2021-08-03,3604,1.285026
2021-08-04,7,0.087832
2021-08-04,12,0.088385
2021-08-04,40,0.111678
2021-08-04,75,0.116336
2021-08-04,103,0.119162
2021-08-04,131,0.12403
2021-08-04,167,0.133353
2021-08-04,222,0.136733
2021-08-04,313,0.139714
2021-08-04,411,0.151114
2021-08-04,502,0.171491
2021-08-04,586,0.20429
2021-08-04,684,0.243976
2021-08-04,775,0.284922
2021-08-04,866,0.338002
2021-08-04,957,0.390608
2021-08-04,1048,0.441544
2021-08-04,1139,0.491208
2021-08-04,1230,0.539509
2021-08-04,1321,0.587074
2021-08-04,1412,0.631439
2021-08-04,1503,0.673492
2021-08-04,1594,0.713628
2021-08-04,1685,0.752702
2021-08-04,1776,0.789583
2021-08-04,1867,0.825085
2021-08-04,1958,0.85893
2021-08-04,2049,0.892011
2021-08-04,2140,0.923567
2021-08-04,2231,0.954402
2021-08-04,2322,0.984008
2021-08-04,2413,1.012903
2021-08-04,2511,1.042651
2021-08-04,2602,1.069515
2021-08-04,2693,1.095245
2021-08-04,2784,1.120118
2021-08-04,2875,1.143735
2021-08-04,2966,1.166523
2021-08-04,3057,1.188104
2021-08-04,3148,1.209021
2021-08-04,3239,1.22862
2021-08-04,3330,1.247425
2021-08-04,3421,1.265363
2021-08-04,3512,1.282894
2021-08-04,3603,1.299795
2021-08-05,7,0.088715
2021-08-05,11,0.090108
2021-08-05,39,0.116401
2021-08-05,74,0.121285
2021-08-05,102,0.125563
2021-08-05,130,0.131273
2021-08-05,166,0.14128
2021-08-05,221,0.145225
2021-08-05,312,0.148695
2021-08-05,410,0.161609
2021-08-05,501,0.183801
2021-08-05,585,0.219979
2021-08-05,683,0.26401
2021-08-05,774,0.309199
2021-08-05,865,0.366173
2021-08-05,956,0.42193
2021-08-05,1047,0.475466
2021-08-05,1138,0.527313
2021-08-05,1229,0.577471
2021-08-05,1320,0.626287
2021-08-05,1411,0.67174
2021-08-05,1502,0.714746
2021-08-05,1593,0.755724
2021-08-05,1684,0.795276
2021-08-05,1775,0.832327
2021-08-05,1866,0.867733
2021-08-05,1957,0.901491
2021-08-05,2048,0.934492
2021-08-05,2139,0.965759
2021-08-05,2230,0.995916
2021-08-05,2321,1.024698
2021-08-05,2412,1.052831
2021-08-05,2510,1.081624
2021-08-05,2601,1.107487
2021-08-05,2692,1.132284
2021-08-05,2783,1.15612
2021-08-05,2874,1.178606
2021-08-05,2965,1.200176
2021-08-05,3056,1.220612
2021-08-05,3147,1.240449
2021-08-05,3238,1.25903
2021-08-05,3329,1.276871
2021-08-05,3420,1.293896
2021-08-05,3511,1.310562
2021-08-05,3602,1.326641
2021-08-06,7,0.087832
2021-08-06,10,0.088909
2021-08-06,38,0.116777
2021-08-06,73,0.121548
2021-08-06,101,0.125795
2021-08-06,129,0.131499
2021-08-06,165,0.141517
2021-08-06,220,0.145422
2021-08-06,311,0.150328
2021-08-06,409,0.16531
2021-08-06,500,0.190561
2021-08-06,584,0.229471
2021-08-06,682,0.278021
2021-08-06,773,0.328173
2021-08-06,864,0.389075
2021-08-06,955,0.448008
2021-08-06,1046,0.505045
2021-08-06,1137,0.55983
2021-08-06,1228,0.612488
2021-08-06,1319,0.663805
2021-08-06,1410,0.711434
2021-08-06,1501,0.75635
2021-08-06,1592,0.799018
2021-08-06,1683,0.840348
2021-08-06,1774,0.879252
2021-08-06,1865,0.916576
2021-08-06,1956,0.952072
2021-08-06,2047,0.986655
2021-08-06,2138,1.019369
2021-08-06,2229,1.05106
2021-08-06,2320,1.081453
2021-08-06,2411,1.111075
2021-08-06,2509,1.141348
2021-08-06,2600,1.168486
2021-08-06,2691,1.194472
2021-08-06,2782,1.219417
2021-08-06,2873,1.242942
2021-08-06,2964,1.265488
2021-08-06,3055,1.28684
2021-08-06,3146,1.307541
2021-08-06,3237,1.326936
2021-08-06,3328,1.345546
2021-08-06,3419,1.3633
2021-08-06,3510,1.380656
2021-08-06,3601,1.39739
2021-08-09,7,0.091249
2021-08-09,31,0.096569
2021-08-09,35,0.098546
2021-08-09,70,0.112637
2021-08-09,98,0.11956
2021-08-09,126,0.126786
2021-08-09,162,0.139163
2021-08-09,217,0.145002
2021-08-09,308,0.15008
2021-08-09,406,0.165233
2021-08-09,497,0.191578
2021-08-09,581,0.232006
2021-08-09,679,0.282597
2021-08-09,770,0.334795
2021-08-09,861,0.398417
2021-08-09,952,0.46051
2021-08-09,1043,0.52059
2021-08-09,1134,0.578328
2021-08-09,1225,0.633869
2021-08-09,1316,0.687668
2021-08-09,1407,0.737449
2021-08-09,1498,0.784249
2021-08-09,1589,0.828292
2021-08-09,1680,0.870846
2021-08-09,1771,0.910583
2021-08-09,1862,0.94841
2021-08-09,1953,0.984359
2021-08-09,2044,1.019353
2021-08-09,2135,1.05244
2021-08-09,2226,1.084266
2021-08-09,2317,1.114782
2021-08-09,2408,1.144516
2021-08-09,2506,1.174898
2021-08-09,2597,1.202129
2021-08-09,2688,1.2282
2021-08-09,2779,1.253225
2021-08-09,2870,1.276822
2021-08-09,2961,1.299434
2021-08-09,3052,1.320848
2021-08-09,3143,1.341606
2021-08-09,3234,1.361054
2021-08-09,3325,1.379714
2021-08-09,3416,1.397513
2021-08-09,3507,1.414913
2021-08-09,3598,1.431687
2021-08-10,7,0.087447
2021-08-10,31,0.097836
2021-08-10,34,0.099078
2021-08-10,69,0.115675
2021-08-10,97,0.123255
2021-08-10,125,0.130846
2021-08-10,161,0.143526
2021-08-10,216,0.149572
2021-08-10,307,0.154814
2021-08-10,405,0.171311
2021-08-10,496,0.199382
2021-08-10,580,0.241682
2021-08-10,678,0.294607
2021-08-10,769,0.348446
2021-08-10,860,0.413908
2021-08-10,951,0.477487
2021-08-10,1042,0.539232
2021-08-10,1133,0.598771
2021-08-10,1224,0.655843
2021-08-10,1315,0.71026
2021-08-10,1406,0.760575
2021-08-10,1497,0.807842
2021-08-10,1588,0.852587
2021-08-10,1679,0.895491
2021-08-10,1770,0.935282
2021-08-10,1861,0.973155
2021-08-10,1952,1.009145
2021-08-10,2043,1.044177
2021-08-10,2134,1.077297
2021-08-10,2225,1.108946
2021-08-10,2316,1.1391
2021-08-10,2407,1.168499
2021-08-10,2505,1.198547
2021-08-10,2596,1.225491
2021-08-10,2687,1.251293
2021-08-10,2778,1.276065
2021-08-10,2869,1.299266
2021-08-10,2960,1.321506
2021-08-10,3051,1.34257
2021-08-10,3142,1.362997
2021-08-10,3233,1.382133
2021-08-10,3324,1.400497
2021-08-10,3415,1.418017
2021-08-10,3506,1.435151
2021-08-10,3597,1.451674
2021-08-11,7,0.088208
2021-08-11,31,0.097968
2021-08-11,33,0.098644
2021-08-11,68,0.115708
2021-08-11,96,0.123358
2021-08-11,124,0.130987
2021-08-11,160,0.143714
2021-08-11,215,0.148444
2021-08-11,306,0.152531
2021-08-11,404,0.165936
2021-08-11,495,0.191327
2021-08-11,579,0.231196
2021-08-11,677,0.281321
2021-08-11,768,0.332607
2021-08-11,859,0.396609
2021-08-11,950,0.45949
2021-08-11,1041,0.520658
2021-08-11,1132,0.580118
2021-08-11,1223,0.637496
2021-08-11,1314,0.692875
2021-08-11,1405,0.744352
2021-08-11,1496,0.792946
2021-08-11,1587,0.838572
2021-08-11,1678,0.882536
2021-08-11,1769,0.923535
2021-08-11,1860,0.962745
2021-08-11,1951,0.999945
2021-08-11,2042,1.036078
2021-08-11,2133,1.070205
2021-08-11,2224,1.102985
2021-08-11,2315,1.134179
2021-08-11,2406,1.16454
2021-08-11,2504,1.195544
2021-08-11,2595,1.223311
2021-08-11,2686,1.24988
2021-08-11,2777,1.275369
2021-08-11,2868,1.299401
2021-08-11,2959,1.322419
2021-08-11,3050,1.344215
2021-08-11,3141,1.365332
2021-08-11,3232,1.385118
2021-08-11,3323,1.404097
2021-08-11,3414,1.422198
2021-08-11,3505,1.439883
2021-08-11,3596,1.456928
2021-08-12,7,0.087701
2021-08-12,31,0.096822
2021-08-12,32,0.097257
2021-08-12,67,0.115301
2021-08-12,95,0.123151
2021-08-12,123,0.130889
2021-08-12,159,0.143719
2021-08-12,214,0.148469
2021-08-12,305,0.152563
2021-08-12,403,0.167225
2021-08-12,494,0.193363
2021-08-12,578,0.234477
2021-08-12,676,0.285668
2021-08-12,767,0.338307
2021-08-12,858,0.403387
2021-08-12,949,0.467139
2021-08-12,1040,0.529466
2021-08-12,1131,0.589896
2021-08-12,1222,0.648098
2021-08-12,1313,0.703835
2021-08-12,1404,0.75562
2021-08-12,1495,0.804482
2021-08-12,1586,0.850635
2021-08-12,1677,0.895066
2021-08-12,1768,0.936482
2021-08-12,1859,0.975821
2021-08-12,1950,1.013136
2021-08-12,2041,1.049374
2021-08-12,2132,1.083596
2021-08-12,2223,1.116462
2021-08-12,2314,1.147735
2021-08-12,2405,1.178168
2021-08-12,2503,1.209243
2021-08-12,2594,1.237071
2021-08-12,2685,1.263697
2021-08-12,2776,1.289403
2021-08-12,2867,1.313638
2021-08-12,2958,1.336847
2021-08-12,3049,1.358822
2021-08-12,3140,1.380107
2021-08-12,3231,1.400335
2021-08-12,3322,1.419731
2021-08-12,3413,1.438228
2021-08-12,3504,1.456156
2021-08-12,3595,1.473433
2021-08-13,7,0.088208
2021-08-13,31,0.094034
2021-08-13,66,0.111372
2021-08-13,94,0.118967
2021-08-13,122,0.126565
2021-08-13,158,0.139306
2021-08-13,185,0.141909
2021-08-13,213,0.143912
2021-08-13,304,0.147866
2021-08-13,402,0.161239
2021-08-13,493,0.186665
2021-08-13,577,0.226614
2021-08-13,675,0.275348
2021-08-13,766,0.325674
2021-08-13,857,0.388413
2021-08-13,948,0.449301
2021-08-13,1039,0.50838
2021-08-13,1130,0.565678
2021-08-13,1221,0.620461
2021-08-13,1312,0.673252
2021-08-13,1403,0.722471
2021-08-13,1494,0.768771
2021-08-13,1585,0.812364
2021-08-13,1676,0.854514
2021-08-13,1767,0.893882
2021-08-13,1858,0.931372
2021-08-13,1949,0.966776
2021-08-13,2040,1.001047
2021-08-13,2131,1.03347
2021-08-13,2222,1.064683
2021-08-13,2313,1.094433
2021-08-13,2404,1.123268
2021-08-13,2502,1.152753
2021-08-13,2593,1.17921
2021-08-13,2684,1.204558
2021-08-13,2775,1.22907
2021-08-13,2866,1.252186
2021-08-13,2957,1.274345
2021-08-13,3048,1.295331
2021-08-13,3139,1.315686
2021-08-13,3230,1.335035
2021-08-13,3321,1.353601
2021-08-13,3412,1.371311
2021-08-13,3503,1.388494
2021-08-13,3594,1.405062
2021-08-16,7,0.088846
2021-08-16,28,0.089616
2021-08-16,63,0.110234
2021-08-16,91,0.116869
2021-08-16,119,0.125153
2021-08-16,155,0.138468
2021-08-16,182,0.141239
2021-08-16,210,0.142684
2021-08-16,301,0.147049
2021-08-16,399,0.159479
2021-08-16,490,0.183505
2021-08-16,574,0.221161
2021-08-16,672,0.267217
2021-08-16,763,0.314486
2021-08-16,854,0.373786
2021-08-16,945,0.431407
2021-08-16,1036,0.4869
2021-08-16,1127,0.540371
2021-08-16,1218,0.591894
2021-08-16,1309,0.642225
2021-08-16,1400,0.689298
2021-08-16,1491,0.734016
2021-08-16,1582,0.776496
2021-08-16,1673,0.81765
2021-08-16,1764,0.856122
2021-08-16,1855,0.892801
2021-08-16,1946,0.927702
2021-08-16,2037,0.961514
2021-08-16,2128,0.993514
2021-08-16,2219,1.024339
2021-08-16,2310,1.053729
2021-08-16,2401,1.08223
2021-08-16,2499,1.111381
2021-08-16,2590,1.13755
2021-08-16,2681,1.162627
2021-08-16,2772,1.186886
2021-08-16,2863,1.209764
2021-08-16,2954,1.231698
2021-08-16,3045,1.252472
2021-08-16,3136,1.272625
2021-08-16,3227,1.291785
2021-08-16,3318,1.31017
2021-08-16,3409,1.327708
2021-08-16,3500,1.344728
2021-08-16,3591,1.361141
2021-08-17,7,0.087072
2021-08-17,27,0.087594
2021-08-17,62,0.112547
2021-08-17,90,0.120114
2021-08-17,118,0.1289
2021-08-17,154,0.142611
2021-08-17,181,0.145535
2021-08-17,209,0.146411
2021-08-17,300,0.14966
2021-08-17,398,0.162726
2021-08-17,489,0.188083
2021-08-17,573,0.228103
2021-08-17,671,0.27691
2021-08-17,762,0.326105
2021-08-17,853,0.386934
2021-08-17,944,0.445298
2021-08-17,1035,0.501401
2021-08-17,1126,0.554973
2021-08-17,1217,0.606203
2021-08-17,1308,0.655929
2021-08-17,1399,0.702472
2021-08-17,1490,0.746725
2021-08-17,1581,0.78879
2021-08-17,1672,0.829575
2021-08-17,1763,0.867714
2021-08-17,1854,0.904091
2021-08-17,1945,0.938718
2021-08-17,2036,0.97228
2021-08-17,2127,1.004051
2021-08-17,2218,1.034664
2021-08-17,2309,1.063859
2021-08-17,2400,1.092179
2021-08-17,2498,1.121149
2021-08-17,2589,1.147162
2021-08-17,2680,1.172094
2021-08-17,2771,1.196217
2021-08-17,2862,1.218966
2021-08-17,2953,1.240779
2021-08-17,3044,1.261439
2021-08-17,3135,1.281485
2021-08-17,3226,1.300543
2021-08-17,3317,1.318832
2021-08-17,3408,1.336279
2021-08-17,3499,1.353212
2021-08-17,3590,1.369542
2021-08-18,7,0.087194
2021-08-18,26,0.089102
2021-08-18,61,0.112145
2021-08-18,89,0.119923
2021-08-18,117,0.127617
2021-08-18,153,0.140527
2021-08-18,180,0.14302
2021-08-18,208,0.143556
2021-08-18,299,0.146143
2021-08-18,397,0.158859
2021-08-18,488,0.184989
2021-08-18,572,0.225533
2021-08-18,670,0.275529
2021-08-18,761,0.326165
2021-08-18,852,0.388139
2021-08-18,943,0.447913
2021-08-18,1034,0.505175
2021-08-18,1125,0.560125
2021-08-18,1216,0.612523
2021-08-18,1307,0.663255
2021-08-18,1398,0.71067
2021-08-18,1489,0.755686
2021-08-18,1580,0.798425
2021-08-18,1671,0.83981
2021-08-18,1762,0.878746
2021-08-18,1853,0.916088
2021-08-18,1944,0.95159
2021-08-18,2035,0.985947
2021-08-18,2126,1.018444
2021-08-18,2217,1.04993
2021-08-18,2308,1.080128
2021-08-18,2399,1.109374
2021-08-18,2497,1.139265
2021-08-18,2588,1.16607
2021-08-18,2679,1.19174
2021-08-18,2770,1.216552
2021-08-18,2861,1.239946
2021-08-18,2952,1.262364
2021-08-18,3043,1.283592
2021-08-18,3134,1.304174
2021-08-18,3225,1.323736
2021-08-18,3316,1.342501
2021-08-18,3407,1.360399
2021-08-18,3498,1.377759
2021-08-18,3589,1.394495
2021-08-19,7,0.086565
2021-08-19,25,0.088464
2021-08-19,60,0.116699
2021-08-19,88,0.126342
2021-08-19,116,0.136224
2021-08-19,152,0.151982
2021-08-19,179,0.155054
2021-08-19,207,0.156022
2021-08-19,298,0.157906
2021-08-19,396,0.168997
2021-08-19,487,0.193286
2021-08-19,571,0.232681
2021-08-19,669,0.280963
2021-08-19,760,0.330409
2021-08-19,851,0.391461
2021-08-19,942,0.450489
2021-08-19,1033,0.506689
2021-08-19,1124,0.560337
2021-08-19,1215,0.611628
2021-08-19,1306,0.661052
2021-08-19,1397,0.706999
2021-08-19,1488,0.750725
2021-08-19,1579,0.792322
2021-08-19,1670,0.832413
2021-08-19,1761,0.869927
2021-08-19,1852,0.905738
2021-08-19,1943,0.939851
2021-08-19,2034,0.972944
2021-08-19,2125,1.004067
2021-08-19,2216,1.034085
2021-08-19,2307,1.06293
2021-08-19,2398,1.090926
2021-08-19,2496,1.119573
2021-08-19,2587,1.145307
2021-08-19,2678,1.169977
2021-08-19,2769,1.193855
2021-08-19,2860,1.216374
2021-08-19,2951,1.237971
2021-08-19,3042,1.258427
2021-08-19,3133,1.27828
2021-08-19,3224,1.297156
2021-08-19,3315,1.315271
2021-08-19,3406,1.332554
2021-08-19,3497,1.349331
2021-08-19,3588,1.365513
2021-08-20,7,0.083899
2021-08-20,24,0.086145
2021-08-20,59,0.111723
2021-08-20,87,0.121447
2021-08-20,115,0.131373
2021-08-20,151,0.145975
2021-08-20,178,0.149207
2021-08-20,206,0.150285
2021-08-20,297,0.15238
2021-08-20,395,0.163613
2021-08-20,486,0.188961
2021-08-20,570,0.229062
2021-08-20,668,0.27869
2021-08-20,759,0.329687
2021-08-20,850,0.391971
2021-08-20,941,0.45199
2021-08-20,1032,0.50945
2021-08-20,1123,0.564561
2021-08-20,1214,0.617092
2021-08-20,1305,0.667582
2021-08-20,1396,0.714454
2021-08-20,1487,0.75899
2021-08-20,1578,0.801302
2021-08-20,1669,0.842304
2021-08-20,1760,0.880633
2021-08-20,1851,0.917178
2021-08-20,1942,0.951955
2021-08-20,2033,0.985653
2021-08-20,2124,1.017544
2021-08-20,2215,1.048266
2021-08-20,2306,1.07756
2021-08-20,2397,1.10597
2021-08-20,2495,1.135028
2021-08-20,2586,1.161115
2021-08-20,2677,1.186115
2021-08-20,2768,1.210301
2021-08-20,2859,1.233107
2021-08-20,2950,1.254973
2021-08-20,3041,1.275682
2021-08-20,3132,1.295773
2021-08-20,3223,1.314873
2021-08-20,3314,1.3332
2021-08-20,3405,1.350683
2021-08-20,3496,1.367649
2021-08-20,3587,1.384011
2021-08-23,7,0.084659
2021-08-23,21,0.085178
2021-08-23,56,0.114315
2021-08-23,84,0.123522
2021-08-23,112,0.134462
2021-08-23,148,0.149842
2021-08-23,175,0.152532
2021-08-23,203,0.153168
2021-08-23,294,0.155961
2021-08-23,392,0.167651
2021-08-23,483,0.192395
2021-08-23,567,0.231449
2021-08-23,665,0.279458
2021-08-23,756,0.328128
2021-08-23,847,0.388626
2021-08-23,938,0.44769
2021-08-23,1029,0.504356
2021-08-23,1120,0.558797
2021-08-23,1211,0.610752
2021-08-23,1302,0.660743
2021-08-23,1393,0.707502
2021-08-23,1484,0.751935
2021-08-23,1575,0.794151
2021-08-23,1666,0.83479
2021-08-23,1757,0.87305
2021-08-23,1848,0.909532
2021-08-23,1939,0.944247
2021-08-23,2030,0.977887
2021-08-23,2121,1.009724
2021-08-23,2212,1.040394
2021-08-23,2303,1.069638
2021-08-23,2394,1.098001
2021-08-23,2492,1.127011
2021-08-23,2583,1.153056
2021-08-23,2674,1.178014
2021-08-23,2765,1.202161
2021-08-23,2856,1.224929
2021-08-23,2947,1.246758
2021-08-23,3038,1.267431
2021-08-23,3129,1.287488
2021-08-23,3220,1.306555
2021-08-23,3311,1.32485
2021-08-23,3402,1.342302
2021-08-23,3493,1.359238
2021-08-23,3584,1.375571
2021-08-24,7,0.083138
2021-08-24,20,0.086915
2021-08-24,55,0.115476
2021-08-24,83,0.124403
2021-08-24,111,0.135219
2021-08-24,147,0.150518
2021-08-24,174,0.153119
2021-08-24,202,0.154379
2021-08-24,293,0.158379
2021-08-24,391,0.170763
2021-08-24,482,0.195927
2021-08-24,566,0.235278
2021-08-24,664,0.284288
2021-08-24,755,0.33427
2021-08-24,846,0.396356
2021-08-24,937,0.457188
2021-08-24,1028,0.515753
2021-08-24,1119,0.571781
2021-08-24,1210,0.625084
2021-08-24,1301,0.676584
2021-08-24,1392,0.724653
2021-08-24,1483,0.769923
2021-08-24,1574,0.812878
2021-08-24,1665,0.85445
2021-08-24,1756,0.893545
2021-08-24,1847,0.931026
2021-08-24,1938,0.966647
2021-08-24,2029,1.001337
2021-08-24,2120,1.034131
2021-08-24,2211,1.06568
2021-08-24,2302,1.095932
2021-08-24,2393,1.125419
2021-08-24,2491,1.155544
2021-08-24,2582,1.182549
2021-08-24,2673,1.208403
2021-08-24,2764,1.233384
2021-08-24,2855,1.256934
2021-08-24,2946,1.279496
2021-08-24,3037,1.300858
2021-08-24,3128,1.321563
2021-08-24,3219,1.341241
2021-08-24,3310,1.360114
2021-08-24,3401,1.378111
2021-08-24,3492,1.395565
2021-08-24,3583,1.412389
2021-08-25,7,0.08694
2021-08-25,19,0.088019
2021-08-25,54,0.116394
2021-08-25,82,0.125116
2021-08-25,110,0.135849
2021-08-25,146,0.151097
2021-08-25,173,0.153623
2021-08-25,201,0.154819
2021-08-25,292,0.157116
2021-08-25,390,0.168576
2021-08-25,481,0.194207
2021-08-25,565,0.234636
2021-08-25,663,0.285311
2021-08-25,754,0.337679
2021-08-25,845,0.402739
2021-08-25,936,0.466948
2021-08-25,1027,0.528737
2021-08-25,1118,0.588283
2021-08-25,1209,0.644951
2021-08-25,1300,0.699344
2021-08-25,1391,0.749925
2021-08-25,1482,0.797705
2021-08-25,1573,0.842878
2021-08-25,1664,0.886424
2021-08-25,1755,0.927286
2021-08-25,1846,0.96636
2021-08-25,1937,1.003659
2021-08-25,2028,1.039875
2021-08-25,2119,1.074065
2021-08-25,2210,1.107101
2021-08-25,2301,1.138721
2021-08-25,2392,1.169471
2021-08-25,2490,1.200852
2021-08-25,2581,1.228938
2021-08-25,2672,1.255798
2021-08-25,2763,1.28172
2021-08-25,2854,1.306149
2021-08-25,2945,1.329536
2021-08-25,3036,1.351673
2021-08-25,3127,1.373108
2021-08-25,3218,1.393473
2021-08-25,3309,1.412996
2021-08-25,3400,1.431608
2021-08-25,3491,1.449645
2021-08-25,3582,1.467021
2021-08-26,7,0.085298
2021-08-26,18,0.085529
2021-08-26,53,0.11441
2021-08-26,81,0.123925
2021-08-26,109,0.135063
2021-08-26,145,0.150611
2021-08-26,172,0.153228
2021-08-26,200,0.154486
2021-08-26,291,0.156895
2021-08-26,389,0.16844
2021-08-26,480,0.19415
2021-08-26,564,0.235413
2021-08-26,662,0.286799
2021-08-26,753,0.339668
2021-08-26,844,0.405136
2021-08-26,935,0.469673
2021-08-26,1026,0.532177
2021-08-26,1117,0.59232
2021-08-26,1208,0.649492
2021-08-26,1299,0.704316
2021-08-26,1390,0.755269
2021-08-26,1481,0.803373
2021-08-26,1572,0.848832
2021-08-26,1663,0.892631
2021-08-26,1754,0.933718
2021-08-26,1845,0.972993
2021-08-26,1936,1.010475
2021-08-26,2027,1.046856
2021-08-26,2118,1.081195
2021-08-26,2209,1.114368
2021-08-26,2300,1.146114
2021-08-26,2391,1.176979
2021-08-26,2489,1.208475
2021-08-26,2580,1.236659
2021-08-26,2671,1.26361
2021-08-26,2762,1.289615
2021-08-26,2853,1.314123
2021-08-26,2944,1.337584
2021-08-26,3035,1.359788
2021-08-26,3126,1.381288
2021-08-26,3217,1.401713
2021-08-26,3308,1.421292
2021-08-26,3399,1.439958
2021-08-26,3490,1.458045
2021-08-26,3581,1.475469
2021-08-27,7,0.08403
2021-08-27,17,0.085347
2021-08-27,52,0.111494
2021-08-27,80,0.118601
2021-08-27,108,0.128593
2021-08-27,144,0.143333
2021-08-27,171,0.145514
2021-08-27,199,0.145724
2021-08-27,290,0.14612
2021-08-27,388,0.156577
2021-08-27,479,0.179782
2021-08-27,563,0.217973
2021-08-27,661,0.26677
2021-08-27,752,0.317846
2021-08-27,843,0.38138
2021-08-27,934,0.443866
2021-08-27,1025,0.504235
2021-08-27,1116,0.562589
2021-08-27,1207,0.618241
2021-08-27,1298,0.671756
2021-08-27,1389,0.721901
2021-08-27,1480,0.769295
2021-08-27,1571,0.814124
2021-08-27,1662,0.857638
2021-08-27,1753,0.898731
2021-08-27,1844,0.93801
2021-08-27,1935,0.975494
2021-08-27,2026,1.011878
2021-08-27,2117,1.046435
2021-08-27,2208,1.079808
2021-08-27,2299,1.111737
2021-08-27,2390,1.142772
2021-08-27,2488,1.174436
2021-08-27,2579,1.202764
2021-08-27,2670,1.229849
2021-08-27,2761,1.255979
2021-08-27,2852,1.280603
2021-08-27,2943,1.304172
2021-08-27,3034,1.32663
2021-08-27,3125,1.348368
2021-08-27,3216,1.369017
2021-08-27,3307,1.388808
2021-08-27,3398,1.407674
2021-08-27,3489,1.425951
2021-08-27,3580,1.443555
2021-08-30,7,0.08403
2021-08-30,17,0.085347
2021-08-30,52,0.111494
2021-08-30,80,0.118601
2021-08-30,108,0.128593
2021-08-30,144,0.143333
2021-08-30,171,0.145514
2021-08-30,199,0.145724
2021-08-30,290,0.14612
2021-08-30,388,0.156577
2021-08-30,479,0.179782
2021-08-30,563,0.217973
2021-08-30,661,0.26677
2021-08-30,752,0.317846
2021-08-30,843,0.38138
2021-08-30,934,0.443866
2021-08-30,1025,0.504235
2021-08-30,1116,0.562589
2021-08-30,1207,0.618241
2021-08-30,1298,0.671756
2021-08-30,1389,0.721901
2021-08-30,1480,0.769295
2021-08-30,1571,0.814124
2021-08-30,1662,0.857638
2021-08-30,1753,0.898731
2021-08-30,1844,0.93801
2021-08-30,1935,0.975494
2021-08-30,2026,1.011878
2021-08-30,2117,1.046435
2021-08-30,2208,1.079808
2021-08-30,2299,1.111737
2021-08-30,2390,1.142772
2021-08-30,2488,1.174436
2021-08-30,2579,1.202764
2021-08-30,2670,1.229849
2021-08-30,2761,1.255979
2021-08-30,2852,1.280603
2021-08-30,2943,1.304172
2021-08-30,3034,1.32663
2021-08-30,3125,1.348368
2021-08-30,3216,1.369017
2021-08-30,3307,1.388808
2021-08-30,3398,1.407674
2021-08-30,3489,1.425951
2021-08-30,3580,1.443555
2021-08-31,7,0.07959
2021-08-31,13,0.080647
2021-08-31,48,0.110552
2021-08-31,76,0.11838
2021-08-31,104,0.126087
2021-08-31,140,0.139285
2021-08-31,167,0.141353
2021-08-31,195,0.141437
2021-08-31,286,0.143203
2021-08-31,384,0.154514
2021-08-31,475,0.178309
2021-08-31,559,0.215473
2021-08-31,657,0.261164
2021-08-31,748,0.30827
2021-08-31,839,0.368207
2021-08-31,930,0.427798
2021-08-31,1021,0.48578
2021-08-31,1112,0.541718
2021-08-31,1203,0.595693
2021-08-31,1294,0.648118
2021-08-31,1385,0.697305
2021-08-31,1476,0.744164
2021-08-31,1567,0.788807
2021-08-31,1658,0.83243
2021-08-31,1749,0.873878
2021-08-31,1840,0.913723
2021-08-31,1931,0.951953
2021-08-31,2022,0.989468
2021-08-31,2113,1.025056
2021-08-31,2204,1.059581
2021-08-31,2295,1.092968
2021-08-31,2386,1.125732
2021-08-31,2484,1.159313
2021-08-31,2575,1.189289
2021-08-31,2666,1.21808
2021-08-31,2757,1.245968
2021-08-31,2848,1.27272
2021-08-31,2939,1.298439
2021-08-31,3030,1.322916
2021-08-31,3121,1.346554
2021-08-31,3212,1.368995
2021-08-31,3303,1.390478
2021-08-31,3394,1.410944
2021-08-31,3485,1.430736
2021-08-31,3576,1.449778
2021-09-01,7,0.078069
2021-09-01,12,0.079446
2021-09-01,47,0.110882
2021-09-01,75,0.118691
2021-09-01,103,0.127766
2021-09-01,139,0.140625
2021-09-01,166,0.142487
2021-09-01,194,0.142408
2021-09-01,285,0.14387
2021-09-01,383,0.155039
2021-09-01,474,0.178784
2021-09-01,558,0.216706
2021-09-01,656,0.263038
2021-09-01,747,0.311212
2021-09-01,838,0.372
2021-09-01,929,0.432274
2021-09-01,1020,0.490816
2021-09-01,1111,0.54722
2021-09-01,1202,0.601206
2021-09-01,1293,0.653639
2021-09-01,1384,0.70283
2021-09-01,1475,0.749692
2021-09-01,1566,0.794336
2021-09-01,1657,0.837681
2021-09-01,1748,0.878617
2021-09-01,1839,0.917999
2021-09-01,1930,0.95581
2021-09-01,2021,0.992942
2021-09-01,2112,1.02818
2021-09-01,2203,1.062174
2021-09-01,2294,1.094873
2021-09-01,2385,1.127001
2021-09-01,2483,1.159948
2021-09-01,2574,1.189378
2021-09-01,2665,1.21766
2021-09-01,2756,1.245073
2021-09-01,2847,1.271379
2021-09-01,2938,1.296679
2021-09-01,3029,1.320763
2021-09-01,3120,1.34403
2021-09-01,3211,1.366121
2021-09-01,3302,1.387273
2021-09-01,3393,1.407425
2021-09-01,3484,1.42692
2021-09-01,3575,1.445679
2021-09-02,7,0.077308
2021-09-02,11,0.078477
2021-09-02,46,0.111333
2021-09-02,74,0.117159
2021-09-02,102,0.125352
2021-09-02,138,0.138934
2021-09-02,165,0.141084
2021-09-02,193,0.141208
2021-09-02,284,0.14306
2021-09-02,382,0.154466
2021-09-02,473,0.178372
2021-09-02,557,0.21566
2021-09-02,655,0.261462
2021-09-02,746,0.308658
2021-09-02,837,0.368696
2021-09-02,928,0.428368
2021-09-02,1019,0.486412
2021-09-02,1110,0.5424
2021-09-02,1201,0.59603
2021-09-02,1292,0.648156
2021-09-02,1383,0.697079
2021-09-02,1474,0.743704
2021-09-02,1565,0.788137
2021-09-02,1656,0.831295
2021-09-02,1747,0.87206
2021-09-02,1838,0.911288
2021-09-02,1929,0.948959
2021-09-02,2020,0.985964
2021-09-02,2111,1.021084
2021-09-02,2202,1.05497
2021-09-02,2293,1.087568
2021-09-02,2384,1.119603
2021-09-02,2482,1.152458
2021-09-02,2573,1.181807
2021-09-02,2664,1.210014
2021-09-02,2755,1.237356
2021-09-02,2846,1.263595
2021-09-02,2937,1.288833
2021-09-02,3028,1.312858
2021-09-02,3119,1.336069
2021-09-02,3210,1.358106
2021-09-02,3301,1.379207
2021-09-02,3392,1.399311
2021-09-02,3483,1.41876
2021-09-02,3574,1.437475
2021-09-03,7,0.075919
2021-09-03,10,0.076977
2021-09-03,45,0.109759
2021-09-03,73,0.116268
2021-09-03,101,0.12479
2021-09-03,137,0.138618
2021-09-03,164,0.140834
2021-09-03,192,0.140994
2021-09-03,283,0.142921
2021-09-03,381,0.154394
2021-09-03,472,0.177387
2021-09-03,556,0.21336
2021-09-03,654,0.25806
2021-09-03,745,0.304498
2021-09-03,836,0.364511
2021-09-03,927,0.424657
2021-09-03,1018,0.483543
2021-09-03,1109,0.540646
2021-09-03,1200,0.595986
2021-09-03,1291,0.649937
2021-09-03,1382,0.700441
2021-09-03,1473,0.74845
2021-09-03,1564,0.794399
2021-09-03,1655,0.839181
2021-09-03,1746,0.881664
2021-09-03,1837,0.922439
2021-09-03,1928,0.961509
2021-09-03,2019,0.999786
2021-09-03,2110,1.036503
2021-09-03,2201,1.072062
2021-09-03,2292,1.106199
2021-09-03,2383,1.139655
2021-09-03,2481,1.173922
2021-09-03,2572,1.204487
2021-09-03,2663,1.233824
2021-09-03,2754,1.26239
2021-09-03,2845,1.289773
2021-09-03,2936,1.316084
2021-09-03,3027,1.341116
2021-09-03,3118,1.365276
2021-09-03,3209,1.388351
2021-09-03,3300,1.410432
2021-09-03,3391,1.431463
2021-09-03,3482,1.45179
2021-09-03,3573,1.471339
2021-09-07,7,0.069958
2021-09-07,30,0.084282
2021-09-07,41,0.08936
2021-09-07,69,0.104524
2021-09-07,97,0.116787
2021-09-07,133,0.13457
2021-09-07,160,0.137524
2021-09-07,188,0.138181
2021-09-07,279,0.142706
2021-09-07,377,0.155673
2021-09-07,468,0.180584
2021-09-07,552,0.219414
2021-09-07,650,0.267293
2021-09-07,741,0.317199
2021-09-07,832,0.380537
2021-09-07,923,0.443851
2021-09-07,1014,0.505783
2021-09-07,1105,0.565839
2021-09-07,1196,0.623678
2021-09-07,1287,0.67941
2021-09-07,1378,0.731784
2021-09-07,1469,0.781423
2021-09-07,1560,0.828806
2021-09-07,1651,0.874862
2021-09-07,1742,0.918479
2021-09-07,1833,0.960272
2021-09-07,1924,1.000259
2021-09-07,2015,1.03937
2021-09-07,2106,1.076626
2021-09-07,2197,1.112678
2021-09-07,2288,1.147265
2021-09-07,2379,1.181137
2021-09-07,2477,1.215812
2021-09-07,2568,1.246727
2021-09-07,2659,1.276389
2021-09-07,2750,1.305257
2021-09-07,2841,1.33292
2021-09-07,2932,1.359493
2021-09-07,3023,1.384769
2021-09-07,3114,1.409158
2021-09-07,3205,1.432448
2021-09-07,3296,1.45473
2021-09-07,3387,1.47595
2021-09-07,3478,1.496455
2021-09-07,3569,1.516172
2021-09-08,7,0.072117
2021-09-08,30,0.085924
2021-09-08,40,0.08989
2021-09-08,68,0.105059
2021-09-08,96,0.117294
2021-09-08,132,0.135073
2021-09-08,159,0.13796
2021-09-08,187,0.138555
2021-09-08,278,0.142974
2021-09-08,376,0.155906
2021-09-08,467,0.180825
2021-09-08,551,0.219689
2021-09-08,649,0.267599
2021-09-08,740,0.317535
2021-09-08,831,0.380359
2021-09-08,922,0.442761
2021-09-08,1013,0.503944
2021-09-08,1104,0.563373
2021-09-08,1195,0.620293
2021-09-08,1286,0.675236
2021-09-08,1377,0.726588
2021-09-08,1468,0.775019
2021-09-08,1559,0.821037
2021-09-08,1650,0.8656
2021-09-08,1741,0.907616
2021-09-08,1832,0.947965
2021-09-08,1923,0.986645
2021-09-08,2014,1.024338
2021-09-08,2105,1.060081
2021-09-08,2196,1.094743
2021-09-08,2287,1.128053
2021-09-08,2378,1.160743
2021-09-08,2476,1.194244
2021-09-08,2567,1.224148
2021-09-08,2658,1.252868
2021-09-08,2749,1.280855
2021-09-08,2840,1.307695
2021-09-08,2931,1.333494
2021-09-08,3022,1.358043
2021-09-08,3113,1.381747
2021-09-08,3204,1.404534
2021-09-08,3295,1.426341
2021-09-08,3386,1.447111
2021-09-08,3477,1.467189
2021-09-08,3568,1.486501
2021-09-09,7,0.072117
2021-09-09,30,0.083775
2021-09-09,39,0.088003
2021-09-09,67,0.104187
2021-09-09,95,0.116808
2021-09-09,131,0.134856
2021-09-09,158,0.137798
2021-09-09,186,0.138421
2021-09-09,277,0.1429
2021-09-09,375,0.155886
2021-09-09,466,0.179873
2021-09-09,550,0.218179
2021-09-09,648,0.265627
2021-09-09,739,0.314626
2021-09-09,830,0.376735
2021-09-09,921,0.438064
2021-09-09,1012,0.497912
2021-09-09,1103,0.555808
2021-09-09,1194,0.611427
2021-09-09,1285,0.664893
2021-09-09,1376,0.714629
2021-09-09,1467,0.761641
2021-09-09,1558,0.806406
2021-09-09,1649,0.849853
2021-09-09,1740,0.890868
2021-09-09,1831,0.930315
2021-09-09,1922,0.967939
2021-09-09,2013,1.004671
2021-09-09,2104,1.039754
2021-09-09,2195,1.073811
2021-09-09,2286,1.106562
2021-09-09,2377,1.138544
2021-09-09,2475,1.17134
2021-09-09,2566,1.200637
2021-09-09,2657,1.228791
2021-09-09,2748,1.256249
2021-09-09,2839,1.282594
2021-09-09,2930,1.307929
2021-09-09,3021,1.332041
2021-09-09,3112,1.355333
2021-09-09,3203,1.377732
2021-09-09,3294,1.399171
2021-09-09,3385,1.419593
2021-09-09,3476,1.439342
2021-09-09,3567,1.458341
2021-09-10,7,0.072746
2021-09-10,30,0.085042
2021-09-10,38,0.088604
2021-09-10,66,0.102628
2021-09-10,94,0.115847
2021-09-10,130,0.132897
2021-09-10,157,0.135323
2021-09-10,185,0.136324
2021-09-10,276,0.13984
2021-09-10,374,0.153662
2021-09-10,465,0.179127
2021-09-10,549,0.219168
2021-09-10,647,0.268072
2021-09-10,738,0.318709
2021-09-10,829,0.38211
2021-09-10,920,0.445475
2021-09-10,1011,0.507445
2021-09-10,1102,0.567945
2021-09-10,1193,0.625768
2021-09-10,1284,0.681482
2021-09-10,1375,0.733499
2021-09-10,1466,0.78282
2021-09-10,1557,0.829623
2021-09-10,1648,0.874881
2021-09-10,1739,0.917516
2021-09-10,1830,0.958421
2021-09-10,1921,0.997841
2021-09-10,2012,1.036206
2021-09-10,2103,1.07278
2021-09-10,2194,1.107993
2021-09-10,2285,1.142211
2021-09-10,2376,1.175739
2021-09-10,2474,1.210071
2021-09-10,2565,1.240689
2021-09-10,2656,1.270073
2021-09-10,2747,1.29868
2021-09-10,2838,1.326261
2021-09-10,2929,1.352754
2021-09-10,3020,1.377955
2021-09-10,3111,1.402271
2021-09-10,3202,1.425778
2021-09-10,3293,1.448265
2021-09-10,3384,1.469678
2021-09-10,3475,1.490365
2021-09-10,3566,1.510254
2021-09-10,3657,1.529404
2021-09-13,7,0.075788
2021-09-13,30,0.08491
2021-09-13,35,0.087485
2021-09-13,63,0.102674
2021-09-13,91,0.114755
2021-09-13,127,0.132517
2021-09-13,154,0.135057
2021-09-13,182,0.136116
2021-09-13,273,0.139739
2021-09-13,371,0.1537
2021-09-13,462,0.179323
2021-09-13,546,0.218774
2021-09-13,644,0.267196
2021-09-13,735,0.317521
2021-09-13,826,0.380727
2021-09-13,917,0.443432
2021-09-13,1008,0.504858
2021-09-13,1099,0.564482
2021-09-13,1190,0.621943
2021-09-13,1281,0.677342
2021-09-13,1372,0.728742
2021-09-13,1463,0.777518
2021-09-13,1554,0.823834
2021-09-13,1645,0.868657
2021-09-13,1736,0.910898
2021-09-13,1827,0.951446
2021-09-13,1918,0.990301
2021-09-13,2009,1.02815
2021-09-13,2100,1.064251
2021-09-13,2191,1.099029
2021-09-13,2282,1.132441
2021-09-13,2373,1.165226
2021-09-13,2471,1.198816
2021-09-13,2562,1.228796
2021-09-13,2653,1.257583
2021-09-13,2744,1.285632
2021-09-13,2835,1.312689
2021-09-13,2926,1.338691
2021-09-13,3017,1.363429
2021-09-13,3108,1.387308
2021-09-13,3199,1.410403
2021-09-13,3290,1.432498
2021-09-13,3381,1.45354
2021-09-13,3472,1.473876
2021-09-13,3563,1.49343
2021-09-13,3654,1.512262
2021-09-14,7,0.07452
2021-09-14,30,0.085802
2021-09-14,34,0.087372
2021-09-14,62,0.102857
2021-09-14,90,0.115015
2021-09-14,126,0.132844
2021-09-14,153,0.135343
2021-09-14,181,0.135579
2021-09-14,272,0.139396
2021-09-14,370,0.152143
2021-09-14,461,0.176129
2021-09-14,545,0.214583
2021-09-14,643,0.262176
2021-09-14,734,0.311937
2021-09-14,825,0.374719
2021-09-14,916,0.437086
2021-09-14,1007,0.497776
2021-09-14,1098,0.556784
2021-09-14,1189,0.613336
2021-09-14,1280,0.667594
2021-09-14,1371,0.717667
2021-09-14,1462,0.764965
2021-09-14,1553,0.809679
2021-09-14,1644,0.852798
2021-09-14,1735,0.893247
2021-09-14,1826,0.931929
2021-09-14,1917,0.968856
2021-09-14,2008,1.004723
2021-09-14,2099,1.038793
2021-09-14,2190,1.071709
2021-09-14,2281,1.103207
2021-09-14,2372,1.13403
2021-09-14,2470,1.165671
2021-09-14,2561,1.193972
2021-09-14,2652,1.221196
2021-09-14,2743,1.247785
2021-09-14,2834,1.273476
2021-09-14,2925,1.298197
2021-09-14,3016,1.32173
2021-09-14,3107,1.344475
2021-09-14,3198,1.366644
2021-09-14,3289,1.388004
2021-09-14,3380,1.40835
2021-09-14,3471,1.428025
2021-09-14,3562,1.446953
2021-09-14,3653,1.465189
2021-09-15,7,0.074652
2021-09-15,30,0.085295
2021-09-15,33,0.086582
2021-09-15,61,0.105011
2021-09-15,89,0.119817
2021-09-15,125,0.137865
2021-09-15,152,0.140389
2021-09-15,180,0.14063
2021-09-15,271,0.144466
2021-09-15,369,0.157247
2021-09-15,460,0.181278
2021-09-15,544,0.220572
2021-09-15,642,0.269643
2021-09-15,733,0.32043
2021-09-15,824,0.384026
2021-09-15,915,0.447547
2021-09-15,1006,0.509637
2021-09-15,1097,0.569812
2021-09-15,1188,0.627348
2021-09-15,1279,0.682449
2021-09-15,1370,0.733249
2021-09-15,1461,0.781182
2021-09-15,1552,0.826751
2021-09-15,1643,0.870628
2021-09-15,1734,0.911755
2021-09-15,1825,0.951045
2021-09-15,1916,0.988761
2021-09-15,2007,1.025346
2021-09-15,2098,1.06007
2021-09-15,2189,1.093585
2021-09-15,2280,1.125633
2021-09-15,2371,1.156964
2021-09-15,2469,1.189109
2021-09-15,2560,1.217843
2021-09-15,2651,1.24547
2021-09-15,2742,1.272435
2021-09-15,2833,1.298477
2021-09-15,2924,1.323527
2021-09-15,3015,1.347369
2021-09-15,3106,1.370404
2021-09-15,3197,1.392846
2021-09-15,3288,1.414465
2021-09-15,3379,1.435055
2021-09-15,3470,1.454961
2021-09-15,3561,1.474108
2021-09-15,3652,1.492552
2021-09-16,7,0.075159
2021-09-16,30,0.08859
2021-09-16,32,0.089424
2021-09-16,60,0.109199
2021-09-16,88,0.124454
2021-09-16,124,0.142773
2021-09-16,151,0.144436
2021-09-16,179,0.144045
2021-09-16,270,0.146745
2021-09-16,368,0.158953
2021-09-16,459,0.183703
2021-09-16,543,0.224261
2021-09-16,641,0.275166
2021-09-16,732,0.328482
2021-09-16,823,0.39518
2021-09-16,914,0.461183
2021-09-16,1005,0.525762
2021-09-16,1096,0.588429
2021-09-16,1187,0.648848
2021-09-16,1278,0.706777
2021-09-16,1369,0.760362
2021-09-16,1460,0.810415
2021-09-16,1551,0.857557
2021-09-16,1642,0.902831
2021-09-16,1733,0.945471
2021-09-16,1824,0.985871
2021-09-16,1915,1.024351
2021-09-16,2006,1.061399
2021-09-16,2097,1.096546
2021-09-16,2188,1.130448
2021-09-16,2279,1.162852
2021-09-16,2370,1.194316
2021-09-16,2468,1.226593
2021-09-16,2559,1.25544
2021-09-16,2650,1.283172
2021-09-16,2741,1.310234
2021-09-16,2832,1.336368
2021-09-16,2923,1.361502
2021-09-16,3014,1.385423
2021-09-16,3105,1.408533
2021-09-16,3196,1.431045
2021-09-16,3287,1.452729
2021-09-16,3378,1.473381
2021-09-16,3469,1.493346
2021-09-16,3560,1.512548
2021-09-16,3651,1.531044
2021-09-17,7,0.074399
2021-09-17,30,0.084657
2021-09-17,31,0.085258
2021-09-17,59,0.107345
2021-09-17,87,0.123372
2021-09-17,123,0.142156
2021-09-17,150,0.143942
2021-09-17,178,0.143626
2021-09-17,269,0.146478
2021-09-17,367,0.158791
2021-09-17,458,0.183627
2021-09-17,542,0.225056
2021-09-17,640,0.278244
2021-09-17,731,0.33314
2021-09-17,822,0.402202
2021-09-17,913,0.471106
2021-09-17,1004,0.538515
2021-09-17,1095,0.603959
2021-09-17,1186,0.666725
2021-09-17,1277,0.726665
2021-09-17,1368,0.782325
2021-09-17,1459,0.834507
2021-09-17,1550,0.883822
2021-09-17,1641,0.931026
2021-09-17,1732,0.975392
2021-09-17,1823,1.017596
2021-09-17,1914,1.057706
2021-09-17,2005,1.096465
2021-09-17,2096,1.132954
2021-09-17,2187,1.168086
2021-09-17,2278,1.20162
2021-09-17,2369,1.234321
2021-09-17,2467,1.267825
2021-09-17,2558,1.297729
2021-09-17,2649,1.326444
2021-09-17,2740,1.354424
2021-09-17,2831,1.381415
2021-09-17,2922,1.407353
2021-09-17,3013,1.43203
2021-09-17,3104,1.45585
2021-09-17,3195,1.479031
2021-09-17,3286,1.501348
2021-09-17,3377,1.522597
2021-09-17,3468,1.543128
2021-09-17,3559,1.562867
2021-09-17,3650,1.581873
2021-09-20,7,0.074652
2021-09-20,28,0.083787
2021-09-20,56,0.107793
2021-09-20,84,0.124243
2021-09-20,120,0.143236
2021-09-20,147,0.144859
2021-09-20,175,0.145203
2021-09-20,266,0.147547
2021-09-20,364,0.158309
2021-09-20,455,0.181379
2021-09-20,539,0.221022
2021-09-20,637,0.271187
2021-09-20,728,0.322763
2021-09-20,819,0.388174
2021-09-20,910,0.453651
2021-09-20,1001,0.517795
2021-09-20,1092,0.580092
2021-09-20,1183,0.639801
2021-09-20,1274,0.696755
2021-09-20,1365,0.749818
2021-09-20,1456,0.79972
2021-09-20,1547,0.846722
2021-09-20,1638,0.891868
2021-09-20,1729,0.934387
2021-09-20,1820,0.974925
2021-09-20,1911,1.013526
2021-09-20,2002,1.050911
2021-09-20,2093,1.086142
2021-09-20,2184,1.120119
2021-09-20,2275,1.152589
2021-09-20,2366,1.184308
2021-09-20,2464,1.216834
2021-09-20,2555,1.245894
2021-09-20,2646,1.273823
2021-09-20,2737,1.301068
2021-09-20,2828,1.327372
2021-09-20,2919,1.352664
2021-09-20,3010,1.376731
2021-09-20,3101,1.399978
2021-09-20,3192,1.422618
2021-09-20,3283,1.444423
2021-09-20,3374,1.465187
2021-09-20,3465,1.485258
2021-09-20,3556,1.504559
2021-09-20,3647,1.523149
2021-09-21,7,0.074145
2021-09-21,27,0.081743
2021-09-21,55,0.107226
2021-09-21,83,0.124066
2021-09-21,119,0.143272
2021-09-21,146,0.1449
2021-09-21,174,0.145238
2021-09-21,265,0.147579
2021-09-21,363,0.158363
2021-09-21,454,0.182488
2021-09-21,538,0.222031
2021-09-21,636,0.27212
2021-09-21,727,0.32365
2021-09-21,818,0.389042
2021-09-21,909,0.454505
2021-09-21,1000,0.519094
2021-09-21,1091,0.581762
2021-09-21,1182,0.642171
2021-09-21,1273,0.699722
2021-09-21,1364,0.752963
2021-09-21,1455,0.803019
2021-09-21,1546,0.850155
2021-09-21,1637,0.895417
2021-09-21,1728,0.93804
2021-09-21,1819,0.97867
2021-09-21,1910,1.017353
2021-09-21,2001,1.054812
2021-09-21,2092,1.09011
2021-09-21,2183,1.124148
2021-09-21,2274,1.156673
2021-09-21,2365,1.188442
2021-09-21,2463,1.221017
2021-09-21,2554,1.25012
2021-09-21,2645,1.278087
2021-09-21,2736,1.305368
2021-09-21,2827,1.331705
2021-09-21,2918,1.357028
2021-09-21,3009,1.381124
2021-09-21,3100,1.404545
2021-09-21,3191,1.42735
2021-09-21,3282,1.449449
2021-09-21,3373,1.470492
2021-09-21,3464,1.490826
2021-09-21,3555,1.510378
2021-09-21,3646,1.529205
2021-09-22,7,0.071225
2021-09-22,26,0.082111
2021-09-22,54,0.107875
2021-09-22,82,0.124699
2021-09-22,118,0.143874
2021-09-22,145,0.145401
2021-09-22,173,0.145661
2021-09-22,264,0.147865
2021-09-22,362,0.161344
2021-09-22,453,0.190012
2021-09-22,537,0.234789
2021-09-22,635,0.290799
2021-09-22,726,0.348305
2021-09-22,817,0.419481
2021-09-22,908,0.490072
2021-09-22,999,0.558853
2021-09-22,1090,0.625008
2021-09-22,1181,0.687975
2021-09-22,1272,0.747714
2021-09-22,1363,0.802173
2021-09-22,1454,0.852344
2021-09-22,1545,0.898984
2021-09-22,1636,0.943243
2021-09-22,1727,0.984434
2021-09-22,1818,1.02327
2021-09-22,1909,1.059847
2021-09-22,2000,1.094932
2021-09-22,2091,1.127842
2021-09-22,2182,1.15927
2021-09-22,2273,1.189191
2021-09-22,2364,1.217974
2021-09-22,2462,1.247179
2021-09-22,2553,1.273203
2021-09-22,2644,1.29813
2021-09-22,2735,1.322405
2021-09-22,2826,1.345441
2021-09-22,2917,1.36767
2021-09-22,3008,1.388858
2021-09-22,3099,1.409543
2021-09-22,3190,1.429479
2021-09-22,3281,1.448869
2021-09-22,3372,1.467212
2021-09-22,3463,1.484989
2021-09-22,3554,1.502114
2021-09-22,3645,1.518635
2021-09-23,7,0.074145
2021-09-23,25,0.084355
2021-09-23,53,0.112098
2021-09-23,81,0.129421
2021-09-23,117,0.148867
2021-09-23,144,0.150419
2021-09-23,172,0.150689
2021-09-23,263,0.152915
2021-09-23,361,0.166436
2021-09-23,452,0.197201
2021-09-23,536,0.245697
2021-09-23,634,0.306368
2021-09-23,725,0.368349
2021-09-23,816,0.443016
2021-09-23,907,0.516396
2021-09-23,998,0.587914
2021-09-23,1089,0.656767
2021-09-23,1180,0.722013
2021-09-23,1271,0.7837
2021-09-23,1362,0.840518
2021-09-23,1453,0.893065
2021-09-23,1544,0.942095
2021-09-23,1635,0.988758
2021-09-23,1726,1.032097
2021-09-23,1817,1.072864
2021-09-23,1908,1.111427
2021-09-23,1999,1.148316
2021-09-23,2090,1.182872
2021-09-23,2181,1.215807
2021-09-23,2272,1.247114
2021-09-23,2363,1.277369
2021-09-23,2461,1.308036
2021-09-23,2552,1.335317
2021-09-23,2643,1.361414
2021-09-23,2734,1.386781
2021-09-23,2825,1.410839
2021-09-23,2916,1.434024
2021-09-23,3007,1.456111
2021-09-23,3098,1.477642
2021-09-23,3189,1.498375
2021-09-23,3280,1.518517
2021-09-23,3371,1.537572
2021-09-23,3462,1.556022
2021-09-23,3553,1.573786
2021-09-23,3644,1.590914
2021-09-24,7,0.072371
2021-09-24,24,0.082673
2021-09-24,52,0.111855
2021-09-24,80,0.127706
2021-09-24,116,0.146279
2021-09-24,143,0.147373
2021-09-24,171,0.147313
2021-09-24,262,0.15072
2021-09-24,360,0.166255
2021-09-24,451,0.200191
2021-09-24,535,0.251488
2021-09-24,633,0.315276
2021-09-24,724,0.378767
2021-09-24,815,0.454056
2021-09-24,906,0.52793
2021-09-24,997,0.599851
2021-09-24,1088,0.669037
2021-09-24,1179,0.73495
2021-09-24,1270,0.797568
2021-09-24,1361,0.855526
2021-09-24,1452,0.909699
2021-09-24,1543,0.96046
2021-09-24,1634,1.008658
2021-09-24,1725,1.053634
2021-09-24,1816,1.096378
2021-09-24,1907,1.136969
2021-09-24,1998,1.175931
2021-09-24,2089,1.212376
2021-09-24,2180,1.247253
2021-09-24,2271,1.280345
2021-09-24,2362,1.312442
2021-09-24,2460,1.344938
2021-09-24,2551,1.373791
2021-09-24,2642,1.401352
2021-09-24,2733,1.428085
2021-09-24,2824,1.453419
2021-09-24,2915,1.477802
2021-09-24,3006,1.501013
2021-09-24,3097,1.523601
2021-09-24,3188,1.545331
2021-09-24,3279,1.566414
2021-09-24,3370,1.586359
2021-09-24,3461,1.605653
2021-09-24,3552,1.624216
2021-09-24,3643,1.642104
2021-09-27,7,0.071479
2021-09-27,21,0.081506
2021-09-27,49,0.111693
2021-09-27,77,0.12822
2021-09-27,113,0.147122
2021-09-27,140,0.148078
2021-09-27,168,0.147899
2021-09-27,259,0.151139
2021-09-27,357,0.169472
2021-09-27,448,0.20504
2021-09-27,532,0.25666
2021-09-27,630,0.321521
2021-09-27,721,0.386403
2021-09-27,812,0.462815
2021-09-27,903,0.53758
2021-09-27,994,0.610222
2021-09-27,1085,0.680424
2021-09-27,1176,0.747578
2021-09-27,1267,0.811613
2021-09-27,1358,0.871126
2021-09-27,1449,0.926651
2021-09-27,1540,0.978596
2021-09-27,1631,1.028123
2021-09-27,1722,1.074282
2021-09-27,1813,1.118087
2021-09-27,1904,1.159633
2021-09-27,1995,1.19969
2021-09-27,2086,1.237132
2021-09-27,2177,1.272919
2021-09-27,2268,1.307049
2021-09-27,2359,1.340101
2021-09-27,2457,1.373544
2021-09-27,2548,1.40321
2021-09-27,2639,1.431526
2021-09-27,2730,1.458963
2021-09-27,2821,1.484955
2021-09-27,2912,1.509952
2021-09-27,3003,1.53374
2021-09-27,3094,1.55687
2021-09-27,3185,1.57911
2021-09-27,3276,1.600674
2021-09-27,3367,1.621073
2021-09-27,3458,1.640796
2021-09-27,3549,1.659766
2021-09-27,3640,1.67804
2021-09-28,7,0.072878
2021-09-28,20,0.079896
2021-09-28,48,0.110173
2021-09-28,76,0.127478
2021-09-28,112,0.145158
2021-09-28,139,0.146502
2021-09-28,167,0.146586
2021-09-28,258,0.150302
2021-09-28,356,0.168917
2021-09-28,447,0.203646
2021-09-28,531,0.254783
2021-09-28,629,0.319251
2021-09-28,720,0.38451
2021-09-28,811,0.461796
2021-09-28,902,0.537767
2021-09-28,993,0.611854
2021-09-28,1084,0.68368
2021-09-28,1175,0.752985
2021-09-28,1266,0.819222
2021-09-28,1357,0.881315
2021-09-28,1448,0.93941
2021-09-28,1539,0.993916
2021-09-28,1630,1.045999
2021-09-28,1721,1.094708
2021-09-28,1812,1.141057
2021-09-28,1903,1.184904
2021-09-28,1994,1.22728
2021-09-28,2085,1.267057
2021-09-28,2176,1.305194
2021-09-28,2267,1.341484
2021-09-28,2358,1.376724
2021-09-28,2456,1.412539
2021-09-28,2547,1.444246
2021-09-28,2638,1.474461
2021-09-28,2729,1.50367
2021-09-28,2820,1.531644
2021-09-28,2911,1.558499
2021-09-28,3002,1.584031
2021-09-28,3093,1.608802
2021-09-28,3184,1.63259
2021-09-28,3275,1.655615
2021-09-28,3366,1.677395
2021-09-28,3457,1.698427
2021-09-28,3548,1.718638
2021-09-28,3639,1.738091
2021-09-29,7,0.073506
2021-09-29,19,0.078732
2021-09-29,47,0.111856
2021-09-29,75,0.126871
2021-09-29,111,0.144907
2021-09-29,138,0.145318
2021-09-29,166,0.145603
2021-09-29,257,0.149682
2021-09-29,355,0.16852
2021-09-29,446,0.201341
2021-09-29,530,0.250532
2021-09-29,628,0.312608
2021-09-29,719,0.374957
2021-09-29,810,0.449435
2021-09-29,901,0.522654
2021-09-29,992,0.594494
2021-09-29,1083,0.66445
2021-09-29,1174,0.732173
2021-09-29,1265,0.797418
2021-09-29,1356,0.858987
2021-09-29,1447,0.917257
2021-09-29,1538,0.972214
2021-09-29,1629,1.024977
2021-09-29,1720,1.074559
2021-09-29,1811,1.121694
2021-09-29,1902,1.166731
2021-09-29,1993,1.210188
2021-09-29,2084,1.251171
2021-09-29,2175,1.290413
2021-09-29,2266,1.327717
2021-09-29,2357,1.364087
2021-09-29,2455,1.401427
2021-09-29,2546,1.434805
2021-09-29,2637,1.466748
2021-09-29,2728,1.49757
2021-09-29,2819,1.527052
2021-09-29,2910,1.555635
2021-09-29,3001,1.583097
2021-09-29,3092,1.609386
2021-09-29,3183,1.634605
2021-09-29,3274,1.658982
2021-09-29,3365,1.682312
2021-09-29,3456,1.704813
2021-09-29,3547,1.726417
2021-09-29,3638,1.747192
2021-09-30,7,0.074399
2021-09-30,18,0.077729
2021-09-30,46,0.109098
2021-09-30,74,0.123442
2021-09-30,110,0.139447
2021-09-30,137,0.139938
2021-09-30,165,0.140277
2021-09-30,256,0.142662
2021-09-30,354,0.160692
2021-09-30,445,0.193116
2021-09-30,529,0.242097
2021-09-30,627,0.304009
2021-09-30,718,0.366252
2021-09-30,809,0.440095
2021-09-30,900,0.512807
2021-09-30,991,0.584232
2021-09-30,1082,0.65384
2021-09-30,1173,0.721269
2021-09-30,1264,0.78626
2021-09-30,1355,0.847607
2021-09-30,1446,0.905363
2021-09-30,1537,0.959865
2021-09-30,1628,1.012222
2021-09-30,1719,1.061708
2021-09-30,1810,1.108753
2021-09-30,1901,1.153709
2021-09-30,1992,1.197092
2021-09-30,2083,1.238006
2021-09-30,2174,1.277184
2021-09-30,2265,1.314631
2021-09-30,2356,1.351133
2021-09-30,2454,1.388602
2021-09-30,2545,1.422091
2021-09-30,2636,1.454138
2021-09-30,2727,1.485055
2021-09-30,2818,1.514789
2021-09-30,2909,1.543609
2021-09-30,3000,1.571138
2021-09-30,3091,1.597492
2021-09-30,3182,1.62277
2021-09-30,3273,1.647343
2021-09-30,3364,1.67086
2021-09-30,3455,1.693535
2021-09-30,3546,1.715306
2021-09-30,3637,1.736239
2021-10-01,7,0.07161
2021-10-01,17,0.073561
2021-10-01,45,0.111375
2021-10-01,73,0.126986
2021-10-01,109,0.143641
2021-10-01,136,0.144309
2021-10-01,164,0.143904
2021-10-01,255,0.145004
2021-10-01,353,0.161028
2021-10-01,444,0.19138
2021-10-01,528,0.236703
2021-10-01,626,0.293219
2021-10-01,717,0.350497
2021-10-01,808,0.42051
2021-10-01,899,0.489657
2021-10-01,990,0.557243
2021-10-01,1081,0.622808
2021-10-01,1172,0.68643
2021-10-01,1263,0.748161
2021-10-01,1354,0.806346
2021-10-01,1445,0.861336
2021-10-01,1536,0.913399
2021-10-01,1627,0.963589
2021-10-01,1718,1.011136
2021-10-01,1809,1.056691
2021-10-01,1900,1.100299
2021-10-01,1991,1.142687
2021-10-01,2082,1.182913
2021-10-01,2173,1.22167
2021-10-01,2264,1.258934
2021-10-01,2355,1.295266
2021-10-01,2453,1.332567
2021-10-01,2544,1.36591
2021-10-01,2635,1.397994
2021-10-01,2726,1.429115
2021-10-01,2817,1.459038
2021-10-01,2908,1.488035
2021-10-01,2999,1.515731
2021-10-01,3090,1.54239
2021-10-01,3181,1.568099
2021-10-01,3272,1.59308
2021-10-01,3363,1.616981
2021-10-01,3454,1.64002
2021-10-01,3545,1.662136
2021-10-01,3636,1.683397
2021-10-04,7,0.077187
2021-10-04,14,0.077704
2021-10-04,42,0.112078
2021-10-04,70,0.126049
2021-10-04,106,0.140051
2021-10-04,133,0.140434
2021-10-04,161,0.139814
2021-10-04,252,0.140574
2021-10-04,350,0.156557
2021-10-04,441,0.186992
2021-10-04,525,0.233276
2021-10-04,623,0.290604
2021-10-04,714,0.348455
2021-10-04,805,0.41896
2021-10-04,896,0.488496
2021-10-04,987,0.556395
2021-10-04,1078,0.622214
2021-10-04,1169,0.686045
2021-10-04,1260,0.747587
2021-10-04,1351,0.805599
2021-10-04,1442,0.860432
2021-10-04,1533,0.912351
2021-10-04,1624,0.962127
2021-10-04,1715,1.009032
2021-10-04,1806,1.054006
2021-10-04,1897,1.097085
2021-10-04,1988,1.138761
2021-10-04,2079,1.178334
2021-10-04,2170,1.216491
2021-10-04,2261,1.252997
2021-10-04,2352,1.28863
2021-10-04,2450,1.325234
2021-10-04,2541,1.357977
2021-10-04,2632,1.389501
2021-10-04,2723,1.420097
2021-10-04,2814,1.449529
2021-10-04,2905,1.478064
2021-10-04,2996,1.505326
2021-10-04,3087,1.531574
2021-10-04,3178,1.556896
2021-10-04,3269,1.58151
2021-10-04,3360,1.605063
2021-10-04,3451,1.627773
2021-10-04,3542,1.649575
2021-10-04,3633,1.670537
2021-10-05,7,0.073892
2021-10-05,13,0.077153
2021-10-05,41,0.112741
2021-10-05,69,0.126646
2021-10-05,105,0.140577
2021-10-05,132,0.140855
2021-10-05,160,0.140157
2021-10-05,251,0.142633
2021-10-05,349,0.160929
2021-10-05,440,0.193672
2021-10-05,524,0.242221
2021-10-05,622,0.302218
2021-10-05,713,0.362543
2021-10-05,804,0.435548
2021-10-05,895,0.507587
2021-10-05,986,0.57799
2021-10-05,1077,0.645888
2021-10-05,1168,0.711471
2021-10-05,1259,0.774509
2021-10-05,1350,0.833813
2021-10-05,1441,0.889771
2021-10-05,1532,0.942679
2021-10-05,1623,0.993615
2021-10-05,1714,1.041554
2021-10-05,1805,1.087457
2021-10-05,1896,1.131375
2021-10-05,1987,1.173811
2021-10-05,2078,1.214297
2021-10-05,2169,1.25329
2021-10-05,2260,1.290565
2021-10-05,2351,1.32671
2021-10-05,2449,1.363822
2021-10-05,2540,1.397001
2021-10-05,2631,1.42893
2021-10-05,2722,1.459904
2021-10-05,2813,1.48969
2021-10-05,2904,1.518556
2021-10-05,2995,1.546127
2021-10-05,3086,1.572666
2021-10-05,3177,1.598263
2021-10-05,3268,1.623135
2021-10-05,3359,1.646933
2021-10-05,3450,1.669874
2021-10-05,3541,1.691895
2021-10-05,3632,1.713064
2021-10-06,7,0.076426
2021-10-06,12,0.078908
2021-10-06,40,0.115932
2021-10-06,68,0.128727
2021-10-06,104,0.143826
2021-10-06,131,0.144481
2021-10-06,159,0.144033
2021-10-06,250,0.146953
2021-10-06,348,0.165512
2021-10-06,439,0.19948
2021-10-06,523,0.249628
2021-10-06,621,0.311748
2021-10-06,712,0.374173
2021-10-06,803,0.448243
2021-10-06,894,0.520614
2021-10-06,985,0.591285
2021-10-06,1076,0.659404
2021-10-06,1167,0.724777
2021-10-06,1258,0.787632
2021-10-06,1349,0.846776
2021-10-06,1440,0.902273
2021-10-06,1531,0.954472
2021-10-06,1622,1.004495
2021-10-06,1713,1.051616
2021-10-06,1804,1.096528
2021-10-06,1895,1.139307
2021-10-06,1986,1.180708
2021-10-06,2077,1.220027
2021-10-06,2168,1.257951
2021-10-06,2259,1.294242
2021-10-06,2350,1.329479
2021-10-06,2448,1.365689
2021-10-06,2539,1.398091
2021-10-06,2630,1.429297
2021-10-06,2721,1.459596
2021-10-06,2812,1.48875
2021-10-06,2903,1.517023
2021-10-06,2994,1.544038
2021-10-06,3085,1.570053
2021-10-06,3176,1.595155
2021-10-06,3267,1.61956
2021-10-06,3358,1.642916
2021-10-06,3449,1.665437
2021-10-06,3540,1.68706
2021-10-06,3631,1.707852
2021-10-07,7,0.078961
2021-10-07,11,0.080333
2021-10-07,39,0.111824
2021-10-07,67,0.12229
2021-10-07,103,0.136242
2021-10-07,130,0.137425
2021-10-07,158,0.138225
2021-10-07,249,0.141427
2021-10-07,347,0.1616
2021-10-07,438,0.198563
2021-10-07,522,0.252214
2021-10-07,620,0.318024
2021-10-07,711,0.383619
2021-10-07,802,0.460726
2021-10-07,893,0.536026
2021-10-07,984,0.609083
2021-10-07,1075,0.679179
2021-10-07,1166,0.746612
2021-10-07,1257,0.811226
2021-10-07,1348,0.871888
2021-10-07,1439,0.929027
2021-10-07,1530,0.982671
2021-10-07,1621,1.033975
2021-10-07,1712,1.082238
2021-10-07,1803,1.128175
2021-10-07,1894,1.172122
2021-10-07,1985,1.214583
2021-10-07,2076,1.254868
2021-10-07,2167,1.293676
2021-10-07,2258,1.330778
2021-10-07,2349,1.366958
2021-10-07,2447,1.404103
2021-10-07,2538,1.437309
2021-10-07,2629,1.469263
2021-10-07,2720,1.50026
2021-10-07,2811,1.530065
2021-10-07,2902,1.558949
2021-10-07,2993,1.586536
2021-10-07,3084,1.613238
2021-10-07,3175,1.638988
2021-10-07,3266,1.664004
2021-10-07,3357,1.687937
2021-10-07,3448,1.711005
2021-10-07,3539,1.733147
2021-10-07,3630,1.75443
2021-10-08,7,0.077055
2021-10-08,10,0.078022
2021-10-08,38,0.115779
2021-10-08,66,0.126877
2021-10-08,102,0.142925
2021-10-08,129,0.143779
2021-10-08,157,0.144354
2021-10-08,248,0.149039
2021-10-08,346,0.174289
2021-10-08,437,0.212913
2021-10-08,521,0.268435
2021-10-08,619,0.337392
2021-10-08,710,0.405784
2021-10-08,801,0.485638
2021-10-08,892,0.563637
2021-10-08,983,0.638889
2021-10-08,1074,0.710805
2021-10-08,1165,0.77977
2021-10-08,1256,0.845691
2021-10-08,1347,0.90748
2021-10-08,1438,0.96528
2021-10-08,1529,1.019505
2021-10-08,1620,1.071322
2021-10-08,1711,1.120041
2021-10-08,1802,1.166388
2021-10-08,1893,1.210703
2021-10-08,1984,1.253497
2021-10-08,2075,1.294085
2021-10-08,2166,1.333169
2021-10-08,2257,1.370728
2021-10-08,2348,1.407329
2021-10-08,2446,1.44489
2021-10-08,2537,1.478454
2021-10-08,2628,1.510741
2021-10-08,2719,1.542047
2021-10-08,2810,1.572141
2021-10-08,2901,1.601295
2021-10-08,2992,1.629136
2021-10-08,3083,1.656077
2021-10-08,3174,1.68205
2021-10-08,3265,1.707278
2021-10-08,3356,1.73141
2021-10-08,3447,1.754668
2021-10-08,3538,1.776988
2021-10-08,3629,1.798441
2021-10-11,7,0.077187
2021-10-11,31,0.086563
2021-10-11,35,0.088775
2021-10-11,63,0.112402
2021-10-11,99,0.1342
2021-10-11,126,0.136944
2021-10-11,154,0.139695
2021-10-11,245,0.14805
2021-10-11,343,0.178146
2021-10-11,434,0.221538
2021-10-11,518,0.280909
2021-10-11,616,0.354656
2021-10-11,707,0.427627
2021-10-11,798,0.511631
2021-10-11,889,0.592406
2021-10-11,980,0.669438
2021-10-11,1071,0.742393
2021-10-11,1162,0.81183
2021-10-11,1253,0.878147
2021-10-11,1344,0.939585
2021-10-11,1435,0.997071
2021-10-11,1526,1.05101
2021-10-11,1617,1.102286
2021-10-11,1708,1.150248
2021-10-11,1799,1.195909
2021-10-11,1890,1.239358
2021-10-11,1981,1.281132
2021-10-11,2072,1.320787
2021-10-11,2163,1.359014
2021-10-11,2254,1.395579
2021-10-11,2345,1.431067
2021-10-11,2443,1.46752
2021-10-11,2534,1.50013
2021-10-11,2625,1.531528
2021-10-11,2716,1.562003
2021-10-11,2807,1.591319
2021-10-11,2898,1.619743
2021-10-11,2989,1.646897
2021-10-11,3080,1.67319
2021-10-11,3171,1.698553
2021-10-11,3262,1.723202
2021-10-11,3353,1.746788
2021-10-11,3444,1.769526
2021-10-11,3535,1.791353
2021-10-11,3626,1.812337
2021-10-12,7,0.075919
2021-10-12,31,0.089097
2021-10-12,34,0.090579
2021-10-12,62,0.113773
2021-10-12,98,0.137152
2021-10-12,125,0.14147
2021-10-12,153,0.144338
2021-10-12,244,0.154776
2021-10-12,342,0.185936
2021-10-12,433,0.230984
2021-10-12,517,0.291402
2021-10-12,615,0.366822
2021-10-12,706,0.440935
2021-10-12,797,0.525257
2021-10-12,888,0.605762
2021-10-12,979,0.682101
2021-10-12,1070,0.754047
2021-10-12,1161,0.821839
2021-10-12,1252,0.886014
2021-10-12,1343,0.945254
2021-10-12,1434,1.000499
2021-10-12,1525,1.051861
2021-10-12,1616,1.100563
2021-10-12,1707,1.145956
2021-10-12,1798,1.188796
2021-10-12,1889,1.229453
2021-10-12,1980,1.26869
2021-10-12,2071,1.305809
2021-10-12,2162,1.341289
2021-10-12,2253,1.375125
2021-10-12,2344,1.408095
2021-10-12,2442,1.441845
2021-10-12,2533,1.472131
2021-10-12,2624,1.501191
2021-10-12,2715,1.529485
2021-10-12,2806,1.556761
2021-10-12,2897,1.583274
2021-10-12,2988,1.608632
2021-10-12,3079,1.633235
2021-10-12,3170,1.657005
2021-10-12,3261,1.680151
2021-10-12,3352,1.702314
2021-10-12,3443,1.723704
2021-10-12,3534,1.744253
2021-10-12,3625,1.764023
2021-10-13,7,0.073638
2021-10-13,31,0.0915
2021-10-13,33,0.092328
2021-10-13,61,0.115099
2021-10-13,97,0.138227
2021-10-13,124,0.143449
2021-10-13,152,0.147839
2021-10-13,243,0.162701
2021-10-13,341,0.197498
2021-10-13,432,0.245549
2021-10-13,516,0.309482
2021-10-13,614,0.390213
2021-10-13,705,0.469246
2021-10-13,796,0.55737
2021-10-13,887,0.639336
2021-10-13,978,0.71592
2021-10-13,1069,0.786774
2021-10-13,1160,0.852453
2021-10-13,1251,0.914085
2021-10-13,1342,0.970439
2021-10-13,1433,1.0222
2021-10-13,1524,1.070191
2021-10-13,1615,1.115332
2021-10-13,1706,1.157272
2021-10-13,1797,1.196753
2021-10-13,1888,1.233887
2021-10-13,1979,1.269462
2021-10-13,2070,1.303017
2021-10-13,2161,1.335021
2021-10-13,2252,1.365457
2021-10-13,2343,1.3949
2021-10-13,2441,1.424945
2021-10-13,2532,1.451865
2021-10-13,2623,1.477791
2021-10-13,2714,1.502824
2021-10-13,2805,1.526723
2021-10-13,2896,1.550071
2021-10-13,2987,1.572457
2021-10-13,3078,1.594264
2021-10-13,3169,1.615109
2021-10-13,3260,1.635493
2021-10-13,3351,1.655043
2021-10-13,3442,1.67396
2021-10-13,3533,1.692162
2021-10-13,3624,1.709703
2021-10-14,7,0.074145
2021-10-14,31,0.08707
2021-10-14,32,0.08758
2021-10-14,60,0.110581
2021-10-14,96,0.133743
2021-10-14,123,0.13888
2021-10-14,151,0.143206
2021-10-14,242,0.157966
2021-10-14,340,0.194231
2021-10-14,431,0.243083
2021-10-14,515,0.305065
2021-10-14,613,0.381782
2021-10-14,704,0.456787
2021-10-14,795,0.541242
2021-10-14,886,0.619768
2021-10-14,977,0.693077
2021-10-14,1068,0.76121
2021-10-14,1159,0.824592
2021-10-14,1250,0.884259
2021-10-14,1341,0.938911
2021-10-14,1432,0.989184
2021-10-14,1523,1.035861
2021-10-14,1614,1.080121
2021-10-14,1705,1.121272
2021-10-14,1796,1.160043
2021-10-14,1887,1.196777
2021-10-14,1978,1.231988
2021-10-14,2069,1.265212
2021-10-14,2160,1.297123
2021-10-14,2251,1.327474
2021-10-14,2342,1.356838
2021-10-14,2440,1.386804
2021-10-14,2531,1.413655
2021-10-14,2622,1.439518
2021-10-14,2713,1.464491
2021-10-14,2804,1.488334
2021-10-14,2895,1.511629
2021-10-14,2986,1.533964
2021-10-14,3077,1.555725
2021-10-14,3168,1.576524
2021-10-14,3259,1.596866
2021-10-14,3350,1.616377
2021-10-14,3441,1.635255
2021-10-14,3532,1.653421
2021-10-14,3623,1.670927
2021-10-15,7,0.075919
2021-10-15,31,0.081494
2021-10-15,59,0.112584
2021-10-15,95,0.140993
2021-10-15,122,0.147933
2021-10-15,150,0.154383
2021-10-15,181,0.163537
2021-10-15,241,0.178344
2021-10-15,339,0.220539
2021-10-15,430,0.277868
2021-10-15,514,0.348349
2021-10-15,612,0.434459
2021-10-15,703,0.516498
2021-10-15,794,0.606379
2021-10-15,885,0.688686
2021-10-15,976,0.764121
2021-10-15,1067,0.833581
2021-10-15,1158,0.897679
2021-10-15,1249,0.957586
2021-10-15,1340,1.012099
2021-10-15,1431,1.062246
2021-10-15,1522,1.108508
2021-10-15,1613,1.152398
2021-10-15,1704,1.192946
2021-10-15,1795,1.231174
2021-10-15,1886,1.267174
2021-10-15,1977,1.301717
2021-10-15,2068,1.334329
2021-10-15,2159,1.36568
2021-10-15,2250,1.395516
2021-10-15,2341,1.424403
2021-10-15,2439,1.453895
2021-10-15,2530,1.480339
2021-10-15,2621,1.505821
2021-10-15,2712,1.53044
2021-10-15,2803,1.55395
2021-10-15,2894,1.576934
2021-10-15,2985,1.598977
2021-10-15,3076,1.620461
2021-10-15,3167,1.641
2021-10-15,3258,1.661096
2021-10-15,3349,1.680373
2021-10-15,3440,1.699031
2021-10-15,3531,1.716986
2021-10-15,3622,1.734293
2021-10-18,7,0.075027
2021-10-18,28,0.085343
2021-10-18,56,0.12251
2021-10-18,92,0.151928
2021-10-18,119,0.158862
2021-10-18,147,0.164327
2021-10-18,178,0.172786
2021-10-18,238,0.189281
2021-10-18,336,0.231617
2021-10-18,427,0.291304
2021-10-18,511,0.365814
2021-10-18,609,0.456862
2021-10-18,700,0.544226
2021-10-18,791,0.638815
2021-10-18,882,0.72483
2021-10-18,973,0.803258
2021-10-18,1064,0.874317
2021-10-18,1155,0.938951
2021-10-18,1246,0.998569
2021-10-18,1337,1.052132
2021-10-18,1428,1.10112
2021-10-18,1519,1.146052
2021-10-18,1610,1.188186
2021-10-18,1701,1.226892
2021-10-18,1792,1.263204
2021-10-18,1883,1.297225
2021-10-18,1974,1.329737
2021-10-18,2065,1.360273
2021-10-18,2156,1.389722
2021-10-18,2247,1.417806
2021-10-18,2338,1.445078
2021-10-18,2436,1.472761
2021-10-18,2527,1.497649
2021-10-18,2618,1.521507
2021-10-18,2709,1.54461
2021-10-18,2800,1.566702
2021-10-18,2891,1.588197
2021-10-18,2982,1.608842
2021-10-18,3073,1.62901
2021-10-18,3164,1.648308
2021-10-18,3255,1.667232
2021-10-18,3346,1.6854
2021-10-18,3437,1.703007
2021-10-18,3528,1.719965
2021-10-18,3619,1.736324
2021-10-19,7,0.076173
2021-10-19,27,0.085042
2021-10-19,55,0.124329
2021-10-19,91,0.15335
2021-10-19,118,0.160017
2021-10-19,146,0.164327
2021-10-19,177,0.171946
2021-10-19,237,0.18744
2021-10-19,335,0.224514
2021-10-19,426,0.278288
2021-10-19,510,0.348419
2021-10-19,608,0.435899
2021-10-19,699,0.520852
2021-10-19,790,0.613597
2021-10-19,881,0.698663
2021-10-19,972,0.776785
2021-10-19,1063,0.848015
2021-10-19,1154,0.913586
2021-10-19,1245,0.974736
2021-10-19,1336,1.030306
2021-10-19,1427,1.081364
2021-10-19,1518,1.12872
2021-10-19,1609,1.173858
2021-10-19,1700,1.215784
2021-10-19,1791,1.255244
2021-10-19,1882,1.292595
2021-10-19,1973,1.328594
2021-10-19,2064,1.362531
2021-10-19,2155,1.395305
2021-10-19,2246,1.426649
2021-10-19,2337,1.457319
2021-10-19,2435,1.488577
2021-10-19,2526,1.516537
2021-10-19,2617,1.543429
2021-10-19,2708,1.5697
2021-10-19,2799,1.594753
2021-10-19,2890,1.619023
2021-10-19,2981,1.642272
2021-10-19,3072,1.664891
2021-10-19,3163,1.686497
2021-10-19,3254,1.7076
2021-10-19,3345,1.727829
2021-10-19,3436,1.747387
2021-10-19,3527,1.766195
2021-10-19,3618,1.784311
2021-10-20,7,0.073506
2021-10-20,26,0.08414
2021-10-20,54,0.119365
2021-10-20,90,0.14664
2021-10-20,117,0.152573
2021-10-20,145,0.156392
2021-10-20,176,0.164559
2021-10-20,236,0.181997
2021-10-20,334,0.219293
2021-10-20,425,0.272143
2021-10-20,509,0.341755
2021-10-20,607,0.428006
2021-10-20,698,0.511473
2021-10-20,789,0.602504
2021-10-20,880,0.686201
2021-10-20,971,0.763205
2021-10-20,1062,0.833936
2021-10-20,1153,0.899479
2021-10-20,1244,0.960972
2021-10-20,1335,1.016834
2021-10-20,1426,1.068465
2021-10-20,1517,1.116626
2021-10-20,1608,1.162476
2021-10-20,1699,1.205307
2021-10-20,1790,1.245834
2021-10-20,1881,1.284393
2021-10-20,1972,1.321487
2021-10-20,2063,1.356643
2021-10-20,2154,1.390533
2021-10-20,2245,1.423106
2021-10-20,2336,1.454909
2021-10-20,2434,1.487292
2021-10-20,2525,1.516218
2021-10-20,2616,1.544008
2021-10-20,2707,1.571116
2021-10-20,2798,1.597116
2021-10-20,2889,1.622272
2021-10-20,2980,1.646353
2021-10-20,3071,1.669754
2021-10-20,3162,1.692242
2021-10-20,3253,1.714178
2021-10-20,3344,1.735193
2021-10-20,3435,1.755496
2021-10-20,3526,1.77501
2021-10-20,3617,1.793797
2021-10-21,7,0.073385
2021-10-21,25,0.086211
2021-10-21,53,0.123685
2021-10-21,89,0.153619
2021-10-21,116,0.161518
2021-10-21,144,0.167567
2021-10-21,175,0.177392
2021-10-21,235,0.198097
2021-10-21,333,0.245673
2021-10-21,424,0.307112
2021-10-21,508,0.384468
2021-10-21,606,0.479492
2021-10-21,697,0.569558
2021-10-21,788,0.665082
2021-10-21,879,0.752331
2021-10-21,970,0.831738
2021-10-21,1061,0.904019
2021-10-21,1152,0.970463
2021-10-21,1243,1.032351
2021-10-21,1334,1.088205
2021-10-21,1425,1.139504
2021-10-21,1516,1.186764
2021-10-21,1607,1.231528
2021-10-21,1698,1.273116
2021-10-21,1789,1.312526
2021-10-21,1880,1.34983
2021-10-21,1971,1.385784
2021-10-21,2062,1.419678
2021-10-21,2153,1.452411
2021-10-21,2244,1.483921
2021-10-21,2335,1.514742
2021-10-21,2433,1.546148
2021-10-21,2524,1.574236
2021-10-21,2615,1.601246
2021-10-21,2706,1.627625
2021-10-21,2797,1.652944
2021-10-21,2888,1.677461
2021-10-21,2979,1.700941
2021-10-21,3070,1.723777
2021-10-21,3161,1.745733
2021-10-21,3252,1.767165
2021-10-21,3343,1.787704
2021-10-21,3434,1.807556
2021-10-21,3525,1.826642
2021-10-21,3616,1.845022
2021-10-22,7,0.076295
2021-10-22,24,0.085363
2021-10-22,52,0.121285
2021-10-22,88,0.150468
2021-10-22,115,0.159175
2021-10-22,143,0.16771
2021-10-22,174,0.182081
2021-10-22,234,0.210767
2021-10-22,332,0.2682
2021-10-22,423,0.335829
2021-10-22,507,0.416125
2021-10-22,605,0.51273
2021-10-22,696,0.603205
2021-10-22,787,0.697881
2021-10-22,878,0.782877
2021-10-22,969,0.859497
2021-10-22,1060,0.928596
2021-10-22,1151,0.991958
2021-10-22,1242,1.050842
2021-10-22,1333,1.103753
2021-10-22,1424,1.151837
2021-10-22,1515,1.196266
2021-10-22,1606,1.238519
2021-10-22,1697,1.277593
2021-10-22,1788,1.314486
2021-10-22,1879,1.349272
2021-10-22,1970,1.382941
2021-10-22,2061,1.41475
2021-10-22,2152,1.445575
2021-10-22,2243,1.475126
2021-10-22,2334,1.504142
2021-10-22,2432,1.533754
2021-10-22,2523,1.5603
2021-10-22,2614,1.585875
2021-10-22,2705,1.610917
2021-10-22,2796,1.634984
2021-10-22,2887,1.658328
2021-10-22,2978,1.680708
2021-10-22,3069,1.702507
2021-10-22,3160,1.723487
2021-10-22,3251,1.743997
2021-10-22,3342,1.763664
2021-10-22,3433,1.78269
2021-10-22,3524,1.800993
2021-10-22,3615,1.818628
2021-10-25,7,0.07376
2021-10-25,21,0.08263
2021-10-25,49,0.122312
2021-10-25,85,0.149943
2021-10-25,112,0.156567
2021-10-25,140,0.163778
2021-10-25,171,0.174521
2021-10-25,231,0.198962
2021-10-25,329,0.252893
2021-10-25,420,0.31774
2021-10-25,504,0.394783
2021-10-25,602,0.487936
2021-10-25,693,0.576085
2021-10-25,784,0.668993
2021-10-25,875,0.753083
2021-10-25,966,0.829894
2021-10-25,1057,0.899999
2021-10-25,1148,0.964593
2021-10-25,1239,1.024517
2021-10-25,1330,1.078658
2021-10-25,1421,1.128128
2021-10-25,1512,1.173768
2021-10-25,1603,1.217091
2021-10-25,1694,1.257385
2021-10-25,1785,1.295371
2021-10-25,1876,1.331139
2021-10-25,1967,1.365699
2021-10-25,2058,1.398316
2021-10-25,2149,1.429667
2021-10-25,2240,1.459699
2021-10-25,2331,1.488764
2021-10-25,2429,1.518017
2021-10-25,2520,1.543888
2021-10-25,2611,1.568835
2021-10-25,2702,1.59312
2021-10-25,2793,1.616479
2021-10-25,2884,1.639
2021-10-25,2975,1.660607
2021-10-25,3066,1.681678
2021-10-25,3157,1.70197
2021-10-25,3248,1.721832
2021-10-25,3339,1.740885
2021-10-25,3430,1.759328
2021-10-25,3521,1.777079
2021-10-25,3612,1.794189
2021-10-26,7,0.074774
2021-10-26,20,0.082049
2021-10-26,48,0.127332
2021-10-26,84,0.157485
2021-10-26,111,0.1648
2021-10-26,139,0.170405
2021-10-26,170,0.180002
2021-10-26,230,0.20312
2021-10-26,328,0.255973
2021-10-26,419,0.322505
2021-10-26,503,0.40144
2021-10-26,601,0.496136
2021-10-26,692,0.585328
2021-10-26,783,0.678455
2021-10-26,874,0.762708
2021-10-26,965,0.839167
2021-10-26,1056,0.908974
2021-10-26,1147,0.973313
2021-10-26,1238,1.033015
2021-10-26,1329,1.086961
2021-10-26,1420,1.136257
2021-10-26,1511,1.181741
2021-10-26,1602,1.224638
2021-10-26,1693,1.264279
2021-10-26,1784,1.301678
2021-10-26,1875,1.336914
2021-10-26,1966,1.370757
2021-10-26,2057,1.402721
2021-10-26,2148,1.433472
2021-10-26,2239,1.462953
2021-10-26,2330,1.491509
2021-10-26,2428,1.520257
2021-10-26,2519,1.545693
2021-10-26,2610,1.570235
2021-10-26,2701,1.594142
2021-10-26,2792,1.617148
2021-10-26,2883,1.639338
2021-10-26,2974,1.660632
2021-10-26,3065,1.681411
2021-10-26,3156,1.701427
2021-10-26,3247,1.721027
2021-10-26,3338,1.739833
2021-10-26,3429,1.758042
2021-10-26,3520,1.775571
2021-10-26,3611,1.792469
2021-10-27,7,0.073506
2021-10-27,19,0.080856
2021-10-27,47,0.127814
2021-10-27,83,0.162518
2021-10-27,110,0.171152
2021-10-27,138,0.177565
2021-10-27,169,0.187765
2021-10-27,229,0.212933
2021-10-27,327,0.272113
2021-10-27,418,0.345209
2021-10-27,502,0.428122
2021-10-27,600,0.526049
2021-10-27,691,0.615425
2021-10-27,782,0.706345
2021-10-27,873,0.786207
2021-10-27,964,0.856714
2021-10-27,1055,0.919412
2021-10-27,1146,0.976163
2021-10-27,1237,1.027907
2021-10-27,1328,1.073943
2021-10-27,1419,1.115692
2021-10-27,1510,1.154235
2021-10-27,1601,1.190692
2021-10-27,1692,1.224584
2021-10-27,1783,1.256562
2021-10-27,1874,1.286659
2021-10-27,1965,1.315604
2021-10-27,2056,1.343104
2021-10-27,2147,1.369769
2021-10-27,2238,1.395291
2021-10-27,2329,1.419805
2021-10-27,2427,1.444336
2021-10-27,2518,1.466148
2021-10-27,2609,1.487142
2021-10-27,2700,1.507741
2021-10-27,2791,1.52749
2021-10-27,2882,1.54631
2021-10-27,2973,1.564442
2021-10-27,3064,1.582245
2021-10-27,3155,1.599457
2021-10-27,3246,1.61627
2021-10-27,3337,1.63244
2021-10-27,3428,1.648154
2021-10-27,3519,1.663315
2021-10-27,3610,1.677967
2021-10-28,7,0.072493
2021-10-28,18,0.079406
2021-10-28,46,0.131352
2021-10-28,82,0.164926
2021-10-28,109,0.173043
2021-10-28,137,0.180153
2021-10-28,168,0.192742
2021-10-28,228,0.220711
2021-10-28,326,0.285345
2021-10-28,417,0.361251
2021-10-28,501,0.445033
2021-10-28,599,0.542839
2021-10-28,690,0.63213
2021-10-28,781,0.722396
2021-10-28,872,0.80173
2021-10-28,963,0.871797
2021-10-28,1054,0.934125
2021-10-28,1145,0.990558
2021-10-28,1236,1.041656
2021-10-28,1327,1.087129
2021-10-28,1418,1.128063
2021-10-28,1509,1.165276
2021-10-28,1600,1.200553
2021-10-28,1691,1.233392
2021-10-28,1782,1.26468
2021-10-28,1873,1.294399
2021-10-28,1964,1.323234
2021-10-28,2055,1.350633
2021-10-28,2146,1.377205
2021-10-28,2237,1.402846
2021-10-28,2328,1.427666
2021-10-28,2426,1.452705
2021-10-28,2517,1.474952
2021-10-28,2608,1.496351
2021-10-28,2699,1.517328
2021-10-28,2790,1.537429
2021-10-28,2881,1.556738
2021-10-28,2972,1.575328
2021-10-28,3063,1.593562
2021-10-28,3154,1.611181
2021-10-28,3245,1.628377
2021-10-28,3336,1.64491
2021-10-28,3427,1.660966
2021-10-28,3518,1.676453
2021-10-28,3609,1.691412
2021-10-29,7,0.075413
2021-10-29,17,0.080954
2021-10-29,45,0.133092
2021-10-29,81,0.166307
2021-10-29,108,0.174154
2021-10-29,136,0.182131
2021-10-29,167,0.19725
2021-10-29,227,0.228169
2021-10-29,325,0.293806
2021-10-29,416,0.371366
2021-10-29,500,0.457016
2021-10-29,598,0.557992
2021-10-29,689,0.649416
2021-10-29,780,0.740728
2021-10-29,871,0.819821
2021-10-29,962,0.888727
2021-10-29,1053,0.949215
2021-10-29,1144,1.003694
2021-10-29,1235,1.052749
2021-10-29,1326,1.095763
2021-10-29,1417,1.134226
2021-10-29,1508,1.169265
2021-10-29,1599,1.202614
2021-10-29,1690,1.23373
2021-10-29,1781,1.263213
2021-10-29,1872,1.291303
2021-10-29,1963,1.318659
2021-10-29,2054,1.344709
2021-10-29,2145,1.370046
2021-10-29,2236,1.394554
2021-10-29,2327,1.418328
2021-10-29,2425,1.442327
2021-10-29,2516,1.463682
2021-10-29,2607,1.484427
2021-10-29,2698,1.504792
2021-10-29,2789,1.524323
2021-10-29,2880,1.543097
2021-10-29,2971,1.561184
2021-10-29,3062,1.578946
2021-10-29,3153,1.596119
2021-10-29,3244,1.612894
2021-10-29,3335,1.629029
2021-10-29,3426,1.644708
2021-10-29,3517,1.659837
2021-10-29,3608,1.674457
2021-11-01,7,0.075281
2021-11-01,14,0.077403
2021-11-01,42,0.140701
2021-11-01,78,0.178699
2021-11-01,105,0.187494
2021-11-01,133,0.194976
2021-11-01,164,0.209861
2021-11-01,224,0.241887
2021-11-01,322,0.311666
2021-11-01,413,0.392544
2021-11-01,497,0.480262
2021-11-01,595,0.582914
2021-11-01,686,0.676794
2021-11-01,777,0.769985
2021-11-01,868,0.85052
2021-11-01,959,0.920562
2021-11-01,1050,0.981526
2021-11-01,1141,1.03639
2021-11-01,1232,1.08576
2021-11-01,1323,1.129032
2021-11-01,1414,1.167384
2021-11-01,1505,1.202319
2021-11-01,1596,1.235573
2021-11-01,1687,1.2666
2021-11-01,1778,1.296001
2021-11-01,1869,1.324012
2021-11-01,1960,1.351532
2021-11-01,2051,1.377728
2021-11-01,2142,1.403413
2021-11-01,2233,1.428238
2021-11-01,2324,1.452304
2021-11-01,2422,1.476591
2021-11-01,2513,1.498191
2021-11-01,2604,1.519164
2021-11-01,2695,1.539741
2021-11-01,2786,1.559469
2021-11-01,2877,1.578427
2021-11-01,2968,1.596686
2021-11-01,3059,1.614609
2021-11-01,3150,1.631933
2021-11-01,3241,1.648851
2021-11-01,3332,1.665119
2021-11-01,3423,1.680925
2021-11-01,3514,1.696174
2021-11-01,3605,1.710907
2021-11-02,7,0.074399
2021-11-02,13,0.076382
2021-11-02,41,0.141921
2021-11-02,77,0.182212
2021-11-02,104,0.188863
2021-11-02,132,0.195037
2021-11-02,163,0.206145
2021-11-02,223,0.232498
2021-11-02,321,0.286811
2021-11-02,412,0.356607
2021-11-02,496,0.436879
2021-11-02,594,0.532683
2021-11-02,685,0.62196
2021-11-02,776,0.711631
2021-11-02,867,0.791492
2021-11-02,958,0.861938
2021-11-02,1049,0.924542
2021-11-02,1140,0.981585
2021-11-02,1231,1.033926
2021-11-02,1322,1.080452
2021-11-02,1413,1.122285
2021-11-02,1504,1.160583
2021-11-02,1595,1.197102
2021-11-02,1686,1.231313
2021-11-02,1777,1.26383
2021-11-02,1868,1.294899
2021-11-02,1959,1.32519
2021-11-02,2050,1.353912
2021-11-02,2141,1.381908
2021-11-02,2232,1.408855
2021-11-02,2323,1.435074
2021-11-02,2421,1.461496
2021-11-02,2512,1.484931
2021-11-02,2603,1.507609
2021-11-02,2694,1.529777
2021-11-02,2785,1.55099
2021-11-02,2876,1.57134
2021-11-02,2967,1.590905
2021-11-02,3058,1.610056
2021-11-02,3149,1.628537
2021-11-02,3240,1.646546
2021-11-02,3331,1.663847
2021-11-02,3422,1.68063
2021-11-02,3513,1.696804
2021-11-02,3604,1.712416
2021-11-03,7,0.075159
2021-11-03,12,0.077665
2021-11-03,40,0.1333
2021-11-03,76,0.171002
2021-11-03,103,0.176671
2021-11-03,131,0.182247
2021-11-03,162,0.194902
2021-11-03,222,0.223043
2021-11-03,320,0.285073
2021-11-03,411,0.361027
2021-11-03,495,0.446721
2021-11-03,593,0.547744
2021-11-03,684,0.641872
2021-11-03,775,0.735252
2021-11-03,866,0.8175
2021-11-03,957,0.889868
2021-11-03,1048,0.954491
2021-11-03,1139,1.013224
2021-11-03,1230,1.067002
2021-11-03,1321,1.114761
2021-11-03,1412,1.15734
2021-11-03,1503,1.195986
2021-11-03,1594,1.232524
2021-11-03,1685,1.266478
2021-11-03,1776,1.298762
2021-11-03,1867,1.329374
2021-11-03,1958,1.359017
2021-11-03,2049,1.387147
2021-11-03,2140,1.4146
2021-11-03,2231,1.441049
2021-11-03,2322,1.466807
2021-11-03,2420,1.492772
2021-11-03,2511,1.515814
2021-11-03,2602,1.538126
2021-11-03,2693,1.559953
2021-11-03,2784,1.580847
2021-11-03,2875,1.600897
2021-11-03,2966,1.62018
2021-11-03,3057,1.639066
2021-11-03,3148,1.657297
2021-11-03,3239,1.675071
2021-11-03,3330,1.692148
2021-11-03,3421,1.708719
2021-11-03,3512,1.724693
2021-11-03,3603,1.740114
2021-11-04,7,0.075534
2021-11-04,11,0.078202
2021-11-04,39,0.133058
2021-11-04,75,0.161648
2021-11-04,102,0.165823
2021-11-04,130,0.170504
2021-11-04,161,0.180618
2021-11-04,221,0.205886
2021-11-04,319,0.25938
2021-11-04,410,0.32774
2021-11-04,494,0.406363
2021-11-04,592,0.498335
2021-11-04,683,0.584369
2021-11-04,774,0.670969
2021-11-04,865,0.748915
2021-11-04,956,0.818273
2021-11-04,1047,0.881281
2021-11-04,1138,0.939461
2021-11-04,1229,0.993138
2021-11-04,1320,1.041153
2021-11-04,1411,1.084278
2021-11-04,1502,1.124012
2021-11-04,1593,1.161802
2021-11-04,1684,1.197143
2021-11-04,1775,1.230672
2021-11-04,1866,1.262653
2021-11-04,1957,1.293771
2021-11-04,2048,1.323469
2021-11-04,2139,1.352357
2021-11-04,2230,1.380122
2021-11-04,2321,1.407094
2021-11-04,2419,1.434264
2021-11-04,2510,1.458339
2021-11-04,2601,1.481612
2021-11-04,2692,1.504334
2021-11-04,2783,1.526065
2021-11-04,2874,1.546899
2021-11-04,2965,1.566918
2021-11-04,3056,1.586495
2021-11-04,3147,1.605378
2021-11-04,3238,1.623766
2021-11-04,3329,1.641424
2021-11-04,3420,1.658545
2021-11-04,3511,1.67504
2021-11-04,3602,1.690956
2021-11-05,7,0.075534
2021-11-05,11,0.078202
2021-11-05,39,0.133058
2021-11-05,75,0.161648
2021-11-05,102,0.165823
2021-11-05,130,0.170504
2021-11-05,161,0.180618
2021-11-05,221,0.205886
2021-11-05,319,0.25938
2021-11-05,410,0.32774
2021-11-05,494,0.406363
2021-11-05,592,0.498335
2021-11-05,683,0.584369
2021-11-05,774,0.670969
2021-11-05,865,0.748915
2021-11-05,956,0.818273
2021-11-05,1047,0.881281
2021-11-05,1138,0.939461
2021-11-05,1229,0.993138
2021-11-05,1320,1.041153
2021-11-05,1411,1.084278
2021-11-05,1502,1.124012
2021-11-05,1593,1.161802
2021-11-05,1684,1.197143
2021-11-05,1775,1.230672
2021-11-05,1866,1.262653
2021-11-05,1957,1.293771
2021-11-05,2048,1.323469
2021-11-05,2139,1.352357
2021-11-05,2230,1.380122
2021-11-05,2321,1.407094
2021-11-05,2419,1.434264
2021-11-05,2510,1.458339
2021-11-05,2601,1.481612
2021-11-05,2692,1.504334
2021-11-05,2783,1.526065
2021-11-05,2874,1.546899
2021-11-05,2965,1.566918
2021-11-05,3056,1.586495
2021-11-05,3147,1.605378
2021-11-05,3238,1.623766
2021-11-05,3329,1.641424
2021-11-05,3420,1.658545
2021-11-05,3511,1.67504
2021-11-05,3602,1.690956
2021-11-08,7,0.073253
2021-11-08,30,0.092392
2021-11-08,35,0.09607
2021-11-08,71,0.147595
2021-11-08,98,0.155812
2021-11-08,126,0.162866
2021-11-08,157,0.175747
2021-11-08,217,0.202828
2021-11-08,315,0.261104
2021-11-08,406,0.333155
2021-11-08,490,0.414961
2021-11-08,588,0.510339
2021-11-08,679,0.600013
2021-11-08,770,0.688797
2021-11-08,861,0.767891
2021-11-08,952,0.837657
2021-11-08,1043,0.899656
2021-11-08,1134,0.956162
2021-11-08,1225,1.008023
2021-11-08,1316,1.054108
2021-11-08,1407,1.095211
2021-11-08,1498,1.132854
2021-11-08,1589,1.168787
2021-11-08,1680,1.201921
2021-11-08,1771,1.233206
2021-11-08,1862,1.262912
2021-11-08,1953,1.291966
2021-11-08,2044,1.319332
2021-11-08,2135,1.34587
2021-11-08,2226,1.371063
2021-11-08,2317,1.395467
2021-11-08,2415,1.420084
2021-11-08,2506,1.442149
2021-11-08,2597,1.463551
2021-11-08,2688,1.484528
2021-11-08,2779,1.504627
2021-11-08,2870,1.523931
2021-11-08,2961,1.542514
2021-11-08,3052,1.56074
2021-11-08,3143,1.578349
2021-11-08,3234,1.595534
2021-11-08,3325,1.612054
2021-11-08,3416,1.628098
2021-11-08,3507,1.64357
2021-11-08,3598,1.658515
2021-11-09,7,0.072999
2021-11-09,30,0.090486
2021-11-09,34,0.093577
2021-11-09,70,0.14712
2021-11-09,97,0.155554
2021-11-09,125,0.161587
2021-11-09,156,0.17279
2021-11-09,216,0.198003
2021-11-09,314,0.248486
2021-11-09,405,0.313313
2021-11-09,489,0.390871
2021-11-09,587,0.482837
2021-11-09,678,0.570228
2021-11-09,769,0.657869
2021-11-09,860,0.735517
2021-11-09,951,0.803621
2021-11-09,1042,0.864241
2021-11-09,1133,0.91918
2021-11-09,1224,0.968953
2021-11-09,1315,1.012886
2021-11-09,1406,1.052112
2021-11-09,1497,1.087797
2021-11-09,1588,1.121417
2021-11-09,1679,1.152487
2021-11-09,1770,1.181919
2021-11-09,1861,1.209954
2021-11-09,1952,1.237258
2021-11-09,2043,1.263028
2021-11-09,2134,1.287892
2021-11-09,2225,1.311547
2021-11-09,2316,1.334533
2021-11-09,2414,1.357744
2021-11-09,2505,1.378601
2021-11-09,2596,1.398879
2021-11-09,2687,1.418638
2021-11-09,2778,1.437599
2021-11-09,2869,1.455836
2021-11-09,2960,1.473417
2021-11-09,3051,1.490702
2021-11-09,3142,1.507424
2021-11-09,3233,1.523772
2021-11-09,3324,1.539501
2021-11-09,3415,1.554795
2021-11-09,3506,1.569557
2021-11-09,3597,1.583828
2021-11-10,7,0.075534
2021-11-10,30,0.090486
2021-11-10,33,0.093282
2021-11-10,69,0.153044
2021-11-10,96,0.162751
2021-11-10,124,0.170641
2021-11-10,155,0.186188
2021-11-10,215,0.217677
2021-11-10,313,0.282774
2021-11-10,404,0.363983
2021-11-10,488,0.457364
2021-11-10,586,0.567957
2021-11-10,677,0.669172
2021-11-10,768,0.76735
2021-11-10,859,0.852752
2021-11-10,950,0.927113
2021-11-10,1041,0.992445
2021-11-10,1132,1.050926
2021-11-10,1223,1.103333
2021-11-10,1314,1.14918
2021-11-10,1405,1.189742
2021-11-10,1496,1.22629
2021-11-10,1587,1.260673
2021-11-10,1678,1.292147
2021-11-10,1769,1.321681
2021-11-10,1860,1.349313
2021-11-10,1951,1.376014
2021-11-10,2042,1.400785
2021-11-10,2133,1.424519
2021-11-10,2224,1.446723
2021-11-10,2315,1.467975
2021-11-10,2413,1.489054
2021-11-10,2504,1.507713
2021-11-10,2595,1.525594
2021-11-10,2686,1.543119
2021-11-10,2777,1.559494
2021-11-10,2868,1.574991
2021-11-10,2959,1.589999
2021-11-10,3050,1.604865
2021-11-10,3141,1.619015
2021-11-10,3232,1.632368
2021-11-10,3323,1.645266
2021-11-10,3414,1.65788
2021-11-10,3505,1.670101
2021-11-10,3596,1.681958
2021-11-11,7,0.074906
2021-11-11,30,0.09074
2021-11-11,32,0.092669
2021-11-11,68,0.156318
2021-11-11,95,0.166637
2021-11-11,123,0.176014
2021-11-11,154,0.194662
2021-11-11,214,0.231025
2021-11-11,312,0.306452
2021-11-11,403,0.395086
2021-11-11,487,0.494637
2021-11-11,585,0.611874
2021-11-11,676,0.718208
2021-11-11,767,0.819684
2021-11-11,858,0.906597
2021-11-11,949,0.981198
2021-11-11,1040,1.045836
2021-11-11,1131,1.103322
2021-11-11,1222,1.154501
2021-11-11,1313,1.199285
2021-11-11,1404,1.238918
2021-11-11,1495,1.274648
2021-11-11,1586,1.308304
2021-11-11,1677,1.339129
2021-11-11,1768,1.36808
2021-11-11,1859,1.395184
2021-11-11,1950,1.421406
2021-11-11,2041,1.44574
2021-11-11,2132,1.468858
2021-11-11,2223,1.490496
2021-11-11,2314,1.511226
2021-11-11,2412,1.531785
2021-11-11,2503,1.549816
2021-11-11,2594,1.566935
2021-11-11,2685,1.583577
2021-11-11,2776,1.599128
2021-11-11,2867,1.613852
2021-11-11,2958,1.628136
2021-11-11,3049,1.642169
2021-11-11,3140,1.655389
2021-11-11,3231,1.667864
2021-11-11,3322,1.679932
2021-11-11,3413,1.691759
2021-11-11,3504,1.703235
2021-11-11,3595,1.714129
2021-11-12,7,0.077055
2021-11-12,30,0.090365
2021-11-12,31,0.091337
2021-11-12,67,0.156652
2021-11-12,94,0.166984
2021-11-12,122,0.176359
2021-11-12,153,0.195058
2021-11-12,185,0.217431
2021-11-12,213,0.24082
2021-11-12,311,0.311808
2021-11-12,402,0.397159
2021-11-12,486,0.493933
2021-11-12,584,0.608946
2021-11-12,675,0.713108
2021-11-12,766,0.812923
2021-11-12,857,0.899582
2021-11-12,948,0.974451
2021-11-12,1039,1.039742
2021-11-12,1130,1.097769
2021-11-12,1221,1.149028
2021-11-12,1312,1.193876
2021-11-12,1403,1.233561
2021-11-12,1494,1.269333
2021-11-12,1585,1.303026
2021-11-12,1676,1.334156
2021-11-12,1767,1.363379
2021-11-12,1858,1.390975
2021-11-12,1949,1.417643
2021-11-12,2040,1.442382
2021-11-12,2131,1.466085
2021-11-12,2222,1.488466
2021-11-12,2313,1.50988
2021-11-12,2411,1.531118
2021-11-12,2502,1.54973
2021-11-12,2593,1.567389
2021-11-12,2684,1.584535
2021-11-12,2775,1.600557
2021-11-12,2866,1.615721
2021-11-12,2957,1.630418
2021-11-12,3048,1.644839
2021-11-12,3139,1.658424
2021-11-12,3230,1.671244
2021-11-12,3321,1.683637
2021-11-12,3412,1.695773
2021-11-12,3503,1.70754
2021-11-12,3594,1.718712
2021-11-15,7,0.075281
2021-11-15,28,0.090904
2021-11-15,64,0.158098
2021-11-15,91,0.166839
2021-11-15,119,0.175291
2021-11-15,150,0.19249
2021-11-15,182,0.213901
2021-11-15,210,0.236743
2021-11-15,308,0.306498
2021-11-15,399,0.392547
2021-11-15,483,0.489845
2021-11-15,581,0.605288
2021-11-15,672,0.711095
2021-11-15,763,0.812747
2021-11-15,854,0.901344
2021-11-15,945,0.978225
2021-11-15,1036,1.045147
2021-11-15,1127,1.10493
2021-11-15,1218,1.158042
2021-11-15,1309,1.204471
2021-11-15,1400,1.245521
2021-11-15,1491,1.282791
2021-11-15,1582,1.317806
2021-11-15,1673,1.350109
2021-11-15,1764,1.380641
2021-11-15,1855,1.409414
2021-11-15,1946,1.437148
2021-11-15,2037,1.462855
2021-11-15,2128,1.487441
2021-11-15,2219,1.510839
2021-11-15,2310,1.533187
2021-11-15,2408,1.555144
2021-11-15,2499,1.574005
2021-11-15,2590,1.591719
2021-11-15,2681,1.608914
2021-11-15,2772,1.62498
2021-11-15,2863,1.640186
2021-11-15,2954,1.654299
2021-11-15,3045,1.66787
2021-11-15,3136,1.680653
2021-11-15,3227,1.692716
2021-11-15,3318,1.704393
2021-11-15,3409,1.715447
2021-11-15,3500,1.726058
2021-11-15,3591,1.735874
2021-11-16,7,0.074013
2021-11-16,27,0.088011
2021-11-16,63,0.160821
2021-11-16,90,0.170362
2021-11-16,118,0.179253
2021-11-16,149,0.196798
2021-11-16,181,0.218461
2021-11-16,209,0.240802
2021-11-16,307,0.307872
2021-11-16,398,0.393823
2021-11-16,482,0.491101
2021-11-16,580,0.606531
2021-11-16,671,0.712327
2021-11-16,762,0.815171
2021-11-16,853,0.905767
2021-11-16,944,0.984737
2021-11-16,1035,1.05337
2021-11-16,1126,1.114581
2021-11-16,1217,1.169279
2021-11-16,1308,1.217419
2021-11-16,1399,1.259953
2021-11-16,1490,1.298525
2021-11-16,1581,1.334688
2021-11-16,1672,1.368014
2021-11-16,1763,1.399202
2021-11-16,1854,1.428565
2021-11-16,1945,1.456833
2021-11-16,2036,1.483251
2021-11-16,2127,1.508487
2021-11-16,2218,1.53248
2021-11-16,2309,1.555376
2021-11-16,2407,1.578081
2021-11-16,2498,1.597767
2021-11-16,2589,1.616247
2021-11-16,2680,1.633986
2021-11-16,2771,1.65056
2021-11-16,2862,1.66624
2021-11-16,2953,1.680798
2021-11-16,3044,1.694787
2021-11-16,3135,1.707965
2021-11-16,3226,1.720398
2021-11-16,3317,1.732288
2021-11-16,3408,1.743543
2021-11-16,3499,1.754344
2021-11-16,3590,1.764341
2021-11-17,7,0.075534
2021-11-17,26,0.087467
2021-11-17,62,0.158824
2021-11-17,89,0.169079
2021-11-17,117,0.178353
2021-11-17,148,0.194081
2021-11-17,180,0.214546
2021-11-17,208,0.234792
2021-11-17,306,0.297519
2021-11-17,397,0.38026
2021-11-17,481,0.475692
2021-11-17,579,0.587941
2021-11-17,670,0.691616
2021-11-17,761,0.792242
2021-11-17,852,0.88108
2021-11-17,943,0.958618
2021-11-17,1034,1.026507
2021-11-17,1125,1.087495
2021-11-17,1216,1.142
2021-11-17,1307,1.189968
2021-11-17,1398,1.232677
2021-11-17,1489,1.271399
2021-11-17,1580,1.307696
2021-11-17,1671,1.341138
2021-11-17,1762,1.372428
2021-11-17,1853,1.401884
2021-11-17,1944,1.430235
2021-11-17,2035,1.456727
2021-11-17,2126,1.482031
2021-11-17,2217,1.506085
2021-11-17,2308,1.529038
2021-11-17,2406,1.551798
2021-11-17,2497,1.571532
2021-11-17,2588,1.590055
2021-11-17,2679,1.607833
2021-11-17,2770,1.624444
2021-11-17,2861,1.640158
2021-11-17,2952,1.654748
2021-11-17,3043,1.668767
2021-11-17,3134,1.681972
2021-11-17,3225,1.694432
2021-11-17,3316,1.706346
2021-11-17,3407,1.717623
2021-11-17,3498,1.728446
2021-11-17,3589,1.738463
2021-11-18,7,0.079336
2021-11-18,25,0.089554
2021-11-18,61,0.160849
2021-11-18,88,0.170599
2021-11-18,116,0.179586
2021-11-18,147,0.194093
2021-11-18,179,0.212857
2021-11-18,207,0.232059
2021-11-18,305,0.294243
2021-11-18,396,0.379108
2021-11-18,480,0.47494
2021-11-18,578,0.586655
2021-11-18,669,0.688598
2021-11-18,760,0.787298
2021-11-18,851,0.87461
2021-11-18,942,0.950417
2021-11-18,1033,1.016426
2021-11-18,1124,1.075424
2021-11-18,1215,1.128232
2021-11-18,1306,1.174735
2021-11-18,1397,1.216166
2021-11-18,1488,1.253764
2021-11-18,1579,1.289064
2021-11-18,1670,1.321341
2021-11-18,1761,1.351587
2021-11-18,1852,1.380347
2021-11-18,1943,1.408068
2021-11-18,2034,1.434211
2021-11-18,2125,1.459195
2021-11-18,2216,1.482955
2021-11-18,2307,1.505637
2021-11-18,2405,1.528127
2021-11-18,2496,1.547629
2021-11-18,2587,1.566113
2021-11-18,2678,1.583855
2021-11-18,2769,1.600431
2021-11-18,2860,1.616112
2021-11-18,2951,1.630671
2021-11-18,3042,1.644661
2021-11-18,3133,1.657837
2021-11-18,3224,1.67027
2021-11-18,3315,1.682159
2021-11-18,3406,1.693413
2021-11-18,3497,1.704212
2021-11-18,3588,1.714207
2021-11-19,7,0.078576
2021-11-19,24,0.090474
2021-11-19,60,0.166967
2021-11-19,87,0.176503
2021-11-19,115,0.186599
2021-11-19,146,0.204021
2021-11-19,178,0.22475
2021-11-19,206,0.245184
2021-11-19,304,0.313135
2021-11-19,395,0.399693
2021-11-19,479,0.495663
2021-11-19,577,0.605769
2021-11-19,668,0.705949
2021-11-19,759,0.802699
2021-11-19,850,0.888464
2021-11-19,941,0.963012
2021-11-19,1032,1.027529
2021-11-19,1123,1.084863
2021-11-19,1214,1.135871
2021-11-19,1305,1.180117
2021-11-19,1396,1.218595
2021-11-19,1487,1.252981
2021-11-19,1578,1.284857
2021-11-19,1669,1.313806
2021-11-19,1760,1.340806
2021-11-19,1851,1.366392
2021-11-19,1942,1.391234
2021-11-19,2033,1.414756
2021-11-19,2124,1.437344
2021-11-19,2215,1.458904
2021-11-19,2306,1.479758
2021-11-19,2404,1.500435
2021-11-19,2495,1.518379
2021-11-19,2586,1.535414
2021-11-19,2677,1.551978
2021-11-19,2768,1.567452
2021-11-19,2859,1.582102
2021-11-19,2950,1.595692
2021-11-19,3041,1.608771
2021-11-19,3132,1.62109
2021-11-19,3223,1.632713
2021-11-19,3314,1.643837
2021-11-19,3405,1.654366
2021-11-19,3496,1.664478
2021-11-19,3587,1.673821
2021-11-22,7,0.078829
2021-11-22,21,0.087856
2021-11-22,57,0.178031
2021-11-22,84,0.189239
2021-11-22,112,0.20149
2021-11-22,143,0.222641
2021-11-22,175,0.247735
2021-11-22,203,0.272291
2021-11-22,301,0.351874
2021-11-22,392,0.450071
2021-11-22,476,0.5565
2021-11-22,574,0.678361
2021-11-22,665,0.788416
2021-11-22,756,0.893249
2021-11-22,847,0.985319
2021-11-22,938,1.06442
2021-11-22,1029,1.132655
2021-11-22,1120,1.192672
2021-11-22,1211,1.245565
2021-11-22,1302,1.291064
2021-11-22,1393,1.330618
2021-11-22,1484,1.365631
2021-11-22,1575,1.397764
2021-11-22,1666,1.426662
2021-11-22,1757,1.453612
2021-11-22,1848,1.47915
2021-11-22,1939,1.503948
2021-11-22,2030,1.527201
2021-11-22,2121,1.549541
2021-11-22,2212,1.570872
2021-11-22,2303,1.591514
2021-11-22,2401,1.611977
2021-11-22,2492,1.629737
2021-11-22,2583,1.646601
2021-11-22,2674,1.663003
2021-11-22,2765,1.678326
2021-11-22,2856,1.692833
2021-11-22,2947,1.706288
2021-11-22,3038,1.719239
2021-11-22,3129,1.731437
2021-11-22,3220,1.742946
2021-11-22,3311,1.753961
2021-11-22,3402,1.764386
2021-11-22,3493,1.774399
2021-11-22,3584,1.783648
2021-11-23,7,0.078576
2021-11-23,20,0.086884
2021-11-23,56,0.184182
2021-11-23,83,0.195172
2021-11-23,111,0.207315
2021-11-23,142,0.22845
2021-11-23,174,0.253552
2021-11-23,202,0.278126
2021-11-23,300,0.352761
2021-11-23,391,0.443937
2021-11-23,475,0.545414
2021-11-23,573,0.662471
2021-11-23,664,0.770716
2021-11-23,755,0.875996
2021-11-23,846,0.97003
2021-11-23,937,1.052171
2021-11-23,1028,1.123344
2021-11-23,1119,1.185813
2021-11-23,1210,1.240783
2021-11-23,1301,1.288416
2021-11-23,1392,1.330151
2021-11-23,1483,1.367383
2021-11-23,1574,1.40206
2021-11-23,1665,1.433498
2021-11-23,1756,1.462984
2021-11-23,1847,1.490808
2021-11-23,1938,1.517913
2021-11-23,2029,1.543492
2021-11-23,2120,1.567957
2021-11-23,2211,1.591239
2021-11-23,2302,1.613676
2021-11-23,2400,1.636124
2021-11-23,2491,1.655588
2021-11-23,2582,1.674035
2021-11-23,2673,1.691913
2021-11-23,2764,1.708614
2021-11-23,2855,1.72441
2021-11-23,2946,1.739075
2021-11-23,3037,1.753163
2021-11-23,3128,1.766432
2021-11-23,3219,1.77895
2021-11-23,3310,1.790919
2021-11-23,3401,1.802247
2021-11-23,3492,1.813116
2021-11-23,3583,1.823177
2021-11-24,7,0.07668
2021-11-24,19,0.085142
2021-11-24,55,0.180373
2021-11-24,82,0.194421
2021-11-24,110,0.209446
2021-11-24,141,0.234719
2021-11-24,173,0.262556
2021-11-24,201,0.288821
2021-11-24,299,0.373474
2021-11-24,390,0.471857
2021-11-24,474,0.579355
2021-11-24,572,0.702055
2021-11-24,663,0.813348
2021-11-24,754,0.919716
2021-11-24,845,1.014045
2021-11-24,936,1.095429
2021-11-24,1027,1.165073
2021-11-24,1118,1.225433
2021-11-24,1209,1.278226
2021-11-24,1300,1.323628
2021-11-24,1391,1.362759
2021-11-24,1482,1.397085
2021-11-24,1573,1.428606
2021-11-24,1664,1.456956
2021-11-24,1755,1.483412
2021-11-24,1846,1.508503
2021-11-24,1937,1.532896
2021-11-24,2028,1.556004
2021-11-24,2119,1.578211
2021-11-24,2210,1.59942
2021-11-24,2301,1.619948
2021-11-24,2399,1.640502
2021-11-24,2490,1.65834
2021-11-24,2581,1.675275
2021-11-24,2672,1.691743
2021-11-24,2763,1.707127
2021-11-24,2854,1.72169
2021-11-24,2945,1.735198
2021-11-24,3036,1.748198
2021-11-24,3127,1.760442
2021-11-24,3218,1.771993
2021-11-24,3309,1.783047
2021-11-24,3400,1.79351
2021-11-24,3491,1.803558
2021-11-24,3582,1.81284
2021-11-26,7,0.077187
2021-11-26,17,0.083467
2021-11-26,53,0.173101
2021-11-26,80,0.183112
2021-11-26,108,0.194777
2021-11-26,139,0.212382
2021-11-26,171,0.232396
2021-11-26,199,0.253899
2021-11-26,297,0.313893
2021-11-26,388,0.389964
2021-11-26,472,0.480087
2021-11-26,570,0.585533
2021-11-26,661,0.683995
2021-11-26,752,0.780635
2021-11-26,843,0.867314
2021-11-26,934,0.943498
2021-11-26,1025,1.00974
2021-11-26,1116,1.068472
2021-11-26,1207,1.11987
2021-11-26,1298,1.164061
2021-11-26,1389,1.202462
2021-11-26,1480,1.236141
2021-11-26,1571,1.267087
2021-11-26,1662,1.294921
2021-11-26,1753,1.320652
2021-11-26,1844,1.345087
2021-11-26,1935,1.368886
2021-11-26,2026,1.391454
2021-11-26,2117,1.413165
2021-11-26,2208,1.433919
2021-11-26,2299,1.454029
2021-11-26,2397,1.474169
2021-11-26,2488,1.491648
2021-11-26,2579,1.508249
2021-11-26,2670,1.524406
2021-11-26,2761,1.539498
2021-11-26,2852,1.553789
2021-11-26,2943,1.567039
2021-11-26,3034,1.579797
2021-11-26,3125,1.591812
2021-11-26,3216,1.603147
2021-11-26,3307,1.613998
2021-11-26,3398,1.624267
2021-11-26,3489,1.634131
2021-11-26,3580,1.643238
2021-11-29,7,0.078829
2021-11-29,14,0.085463
2021-11-29,50,0.175389
2021-11-29,77,0.18321
2021-11-29,105,0.192479
2021-11-29,136,0.208686
2021-11-29,168,0.22783
2021-11-29,196,0.248867
2021-11-29,294,0.307775
2021-11-29,385,0.383492
2021-11-29,469,0.47535
2021-11-29,567,0.583046
2021-11-29,658,0.683
2021-11-29,749,0.780762
2021-11-29,840,0.868284
2021-11-29,931,0.944618
2021-11-29,1022,1.010955
2021-11-29,1113,1.069746
2021-11-29,1204,1.121939
2021-11-29,1295,1.167151
2021-11-29,1386,1.206758
2021-11-29,1477,1.241795
2021-11-29,1568,1.27423
2021-11-29,1659,1.303384
2021-11-29,1750,1.330817
2021-11-29,1841,1.357035
2021-11-29,1932,1.382685
2021-11-29,2023,1.407389
2021-11-29,2114,1.431486
2021-11-29,2205,1.454843
2021-11-29,2296,1.477748
2021-11-29,2394,1.500864
2021-11-29,2485,1.521266
2021-11-29,2576,1.540582
2021-11-29,2667,1.559268
2021-11-29,2758,1.577553
2021-11-29,2849,1.595315
2021-11-29,2940,1.612133
2021-11-29,3031,1.628092
2021-11-29,3122,1.643268
2021-11-29,3213,1.658156
2021-11-29,3304,1.672362
2021-11-29,3395,1.685807
2021-11-29,3486,1.698682
2021-11-29,3577,1.710645
2021-11-30,7,0.077815
2021-11-30,13,0.082377
2021-11-30,49,0.172682
2021-11-30,76,0.183368
2021-11-30,104,0.196777
2021-11-30,135,0.216773
2021-11-30,167,0.238367
2021-11-30,195,0.260909
2021-11-30,293,0.326152
2021-11-30,384,0.407307
2021-11-30,468,0.502351
2021-11-30,566,0.612563
2021-11-30,657,0.712779
2021-11-30,748,0.807663
2021-11-30,839,0.891276
2021-11-30,930,0.962973
2021-11-30,1021,1.024139
2021-11-30,1112,1.07736
2021-11-30,1203,1.124057
2021-11-30,1294,1.164185
2021-11-30,1385,1.199041
2021-11-30,1476,1.22991
2021-11-30,1567,1.258073
2021-11-30,1658,1.283421
2021-11-30,1749,1.30692
2021-11-30,1840,1.329343
2021-11-30,1931,1.351554
2021-11-30,2022,1.372676
2021-11-30,2113,1.393281
2021-11-30,2204,1.413227
2021-11-30,2295,1.432992
2021-11-30,2393,1.452995
2021-11-30,2484,1.470723
2021-11-30,2575,1.487733
2021-11-30,2666,1.50427
2021-11-30,2757,1.520548
2021-11-30,2848,1.536431
2021-11-30,2939,1.551486
2021-11-30,3030,1.565789
2021-11-30,3121,1.579405
2021-11-30,3212,1.592963
2021-11-30,3303,1.605913
2021-11-30,3394,1.618169
2021-11-30,3485,1.629917
2021-11-30,3576,1.64081
2021-12-01,7,0.076548
2021-12-01,12,0.082278
2021-12-01,48,0.174538
2021-12-01,75,0.186524
2021-12-01,103,0.200583
2021-12-01,134,0.22102
2021-12-01,166,0.243879
2021-12-01,194,0.267205
2021-12-01,292,0.335656
2021-12-01,383,0.420777
2021-12-01,467,0.51906
2021-12-01,565,0.632705
2021-12-01,656,0.735888
2021-12-01,747,0.831775
2021-12-01,838,0.915611
2021-12-01,929,0.98599
2021-12-01,1020,1.044712
2021-12-01,1111,1.095055
2021-12-01,1202,1.138922
2021-12-01,1293,1.17626
2021-12-01,1384,1.208023
2021-12-01,1475,1.235867
2021-12-01,1566,1.261355
2021-12-01,1657,1.284043
2021-12-01,1748,1.304895
2021-12-01,1839,1.324433
2021-12-01,1930,1.343556
2021-12-01,2021,1.361866
2021-12-01,2112,1.379904
2021-12-01,2203,1.397493
2021-12-01,2294,1.414688
2021-12-01,2392,1.431936
2021-12-01,2483,1.447299
2021-12-01,2574,1.462825
2021-12-01,2665,1.478497
2021-12-01,2756,1.493466
2021-12-01,2847,1.50764
2021-12-01,2938,1.521249
2021-12-01,3029,1.534798
2021-12-01,3120,1.547997
2021-12-01,3211,1.561164
2021-12-01,3302,1.573465
2021-12-01,3393,1.585107
2021-12-01,3484,1.596273
2021-12-01,3575,1.607768
2021-12-02,7,0.076295
2021-12-02,11,0.081068
2021-12-02,47,0.174277
2021-12-02,74,0.18467
2021-12-02,102,0.199376
2021-12-02,133,0.223792
2021-12-02,165,0.250184
2021-12-02,193,0.274921
2021-12-02,291,0.349534
2021-12-02,382,0.441216
2021-12-02,466,0.546055
2021-12-02,564,0.665747
2021-12-02,655,0.772918
2021-12-02,746,0.872425
2021-12-02,837,0.958529
2021-12-02,928,1.030221
2021-12-02,1019,1.089559
2021-12-02,1110,1.139996
2021-12-02,1201,1.183171
2021-12-02,1292,1.219554
2021-12-02,1383,1.250485
2021-12-02,1474,1.277596
2021-12-02,1565,1.302142
2021-12-02,1656,1.32399
2021-12-02,1747,1.344088
2021-12-02,1838,1.362695
2021-12-02,1929,1.380738
2021-12-02,2020,1.397837
2021-12-02,2111,1.414332
2021-12-02,2202,1.430089
2021-12-02,2293,1.445597
2021-12-02,2391,1.461172
2021-12-02,2482,1.4751
2021-12-02,2573,1.488756
2021-12-02,2664,1.502341
2021-12-02,2755,1.515196
2021-12-02,2846,1.527389
2021-12-02,2937,1.53914
2021-12-02,3028,1.550943
2021-12-02,3119,1.562498
2021-12-02,3210,1.573542
2021-12-02,3301,1.583837
2021-12-02,3392,1.59358
2021-12-02,3483,1.603209
2021-12-02,3574,1.613247
2021-12-03,7,0.073131
2021-12-03,10,0.077186
2021-12-03,46,0.177443
2021-12-03,73,0.188682
2021-12-03,101,0.202422
2021-12-03,132,0.222736
2021-12-03,164,0.245539
2021-12-03,192,0.267388
2021-12-03,290,0.334538
2021-12-03,381,0.420373
2021-12-03,465,0.520066
2021-12-03,563,0.634819
2021-12-03,654,0.73732
2021-12-03,745,0.833907
2021-12-03,836,0.917711
2021-12-03,927,0.986053
2021-12-03,1018,1.041726
2021-12-03,1109,1.088262
2021-12-03,1200,1.128123
2021-12-03,1291,1.160941
2021-12-03,1382,1.18844
2021-12-03,1473,1.212228
2021-12-03,1564,1.233837
2021-12-03,1655,1.252791
2021-12-03,1746,1.270033
2021-12-03,1837,1.286067
2021-12-03,1928,1.30154
2021-12-03,2019,1.316074
2021-12-03,2110,1.330225
2021-12-03,2201,1.343832
2021-12-03,2292,1.357161
2021-12-03,2390,1.370369
2021-12-03,2481,1.382264
2021-12-03,2572,1.393853
2021-12-03,2663,1.405513
2021-12-03,2754,1.416402
2021-12-03,2845,1.426756
2021-12-03,2936,1.436781
2021-12-03,3027,1.446962
2021-12-03,3118,1.456844
2021-12-03,3209,1.466165
2021-12-03,3300,1.474832
2021-12-03,3391,1.483035
2021-12-03,3482,1.491204
2021-12-03,3573,1.499857
2021-12-06,7,0.077947
2021-12-06,31,0.104558
2021-12-06,43,0.120887
2021-12-06,70,0.156378
2021-12-06,98,0.182664
2021-12-06,129,0.214289
2021-12-06,161,0.244232
2021-12-06,189,0.271126
2021-12-06,287,0.351531
2021-12-06,378,0.444921
2021-12-06,462,0.549994
2021-12-06,560,0.670736
2021-12-06,651,0.77928
2021-12-06,742,0.880401
2021-12-06,833,0.968253
2021-12-06,924,1.040789
2021-12-06,1015,1.100771
2021-12-06,1106,1.151714
2021-12-06,1197,1.196446
2021-12-06,1288,1.233787
2021-12-06,1379,1.2652
2021-12-06,1470,1.292725
2021-12-06,1561,1.317628
2021-12-06,1652,1.339788
2021-12-06,1743,1.359898
2021-12-06,1834,1.378513
2021-12-06,1925,1.396322
2021-12-06,2016,1.413208
2021-12-06,2107,1.429724
2021-12-06,2198,1.4455
2021-12-06,2289,1.460824
2021-12-06,2387,1.476006
2021-12-06,2478,1.489597
2021-12-06,2569,1.502582
2021-12-06,2660,1.515542
2021-12-06,2751,1.527645
2021-12-06,2842,1.539134
2021-12-06,2933,1.550224
2021-12-06,3024,1.561405
2021-12-06,3115,1.57208
2021-12-06,3206,1.582149
2021-12-06,3297,1.591523
2021-12-06,3388,1.600393
2021-12-06,3479,1.609196
2021-12-06,3570,1.618321
2021-12-07,7,0.078961
2021-12-07,31,0.103412
2021-12-07,42,0.117935
2021-12-07,69,0.157078
2021-12-07,97,0.187822
2021-12-07,128,0.223355
2021-12-07,160,0.25674
2021-12-07,188,0.286442
2021-12-07,286,0.374023
2021-12-07,377,0.473223
2021-12-07,461,0.582582
2021-12-07,559,0.70757
2021-12-07,650,0.81961
2021-12-07,741,0.923355
2021-12-07,832,1.012687
2021-12-07,923,1.086395
2021-12-07,1014,1.147327
2021-12-07,1105,1.199054
2021-12-07,1196,1.244445
2021-12-07,1287,1.282347
2021-12-07,1378,1.314243
2021-12-07,1469,1.342188
2021-12-07,1560,1.367461
2021-12-07,1651,1.38967
2021-12-07,1742,1.409822
2021-12-07,1833,1.428224
2021-12-07,1924,1.445839
2021-12-07,2015,1.462548
2021-12-07,2106,1.478903
2021-12-07,2197,1.49453
2021-12-07,2288,1.509516
2021-12-07,2386,1.524155
2021-12-07,2477,1.537095
2021-12-07,2568,1.549475
2021-12-07,2659,1.561871
2021-12-07,2750,1.573447
2021-12-07,2841,1.584281
2021-12-07,2932,1.594599
2021-12-07,3023,1.604904
2021-12-07,3114,1.614754
2021-12-07,3205,1.624044
2021-12-07,3296,1.632682
2021-12-07,3387,1.640856
2021-12-07,3478,1.648998
2021-12-07,3569,1.65724
2021-12-08,10,0.512194
2021-12-08,30,0.515543
2021-12-08,60,0.521223
2021-12-08,91,0.52794
2021-12-08,122,0.535537
2021-12-08,152,0.543746
2021-12-08,182,0.552818
2021-12-08,273,0.585801
2021-12-08,365,0.627915
2021-12-08,547,0.739289
2021-12-08,730,0.892365
2021-12-09,10,0.519429
2021-12-09,30,0.522179
2021-12-09,60,0.527074
2021-12-09,91,0.533112
2021-12-09,122,0.540157
2021-12-09,152,0.547947
2021-12-09,182,0.556702
2021-12-09,273,0.589281
2021-12-09,365,0.631664
2021-12-09,547,0.744703
2021-12-09,730,0.89951
2021-12-10,10,0.52487
2021-12-10,30,0.527253
2021-12-10,60,0.531682
2021-12-10,91,0.53734
2021-12-10,122,0.544102
2021-12-10,152,0.551701
2021-12-10,182,0.560344
2021-12-10,273,0.59298
2021-12-10,365,0.63589
2021-12-10,547,0.750633
2021-12-10,730,0.906809
2021-12-13,10,0.527716
2021-12-13,30,0.529963
2021-12-13,60,0.534249
2021-12-13,91,0.539832
2021-12-13,122,0.546588
2021-12-13,152,0.55424
2021-12-13,182,0.562987
2021-12-13,273,0.596208
2021-12-13,365,0.639995
2021-12-13,547,0.756706
2021-12-13,730,0.914148
2021-12-14,10,0.53319
2021-12-14,30,0.535141
2021-12-14,60,0.539053
2021-12-14,91,0.544331
2021-12-14,122,0.550859
2021-12-14,152,0.558359
2021-12-14,182,0.567015
2021-12-14,273,0.600283
2021-12-14,365,0.644485
2021-12-14,547,0.762498
2021-12-14,730,0.920861
2021-12-15,10,0.539561
2021-12-15,30,0.541117
2021-12-15,60,0.544512
2021-12-15,91,0.549346
2021-12-15,122,0.555515
2021-12-15,152,0.562742
2021-12-15,182,0.571195
2021-12-15,273,0.604207
2021-12-15,365,0.648585
2021-12-15,547,0.767617
2021-12-15,730,0.926876
2021-12-16,10,0.545057
2021-12-16,30,0.546308
2021-12-16,60,0.549308
2021-12-16,91,0.553805
2021-12-16,122,0.559706
2021-12-16,152,0.566735
2021-12-16,182,0.575043
2021-12-16,273,0.607901
2021-12-16,365,0.652454
2021-12-16,547,0.772275
2021-12-16,730,0.932025
2021-12-17,10,0.545837
2021-12-17,30,0.547113
2021-12-17,60,0.550183
2021-12-17,91,0.55479
2021-12-17,122,0.560835
2021-12-17,152,0.568031
2021-12-17,182,0.576532
2021-12-17,273,0.610086
2021-12-17,365,0.655433
2021-12-17,547,0.776679
2021-12-17,730,0.936978
2021-12-20,10,0.553297
2021-12-20,30,0.554133
2021-12-20,60,0.556607
2021-12-20,91,0.560679
2021-12-20,122,0.566264
2021-12-20,152,0.573083
2021-12-20,182,0.581268
2021-12-20,273,0.614189
2021-12-20,365,0.659292
2021-12-20,547,0.780704
2021-12-20,730,0.94115
2021-12-21,10,0.558446
2021-12-21,30,0.559028
2021-12-21,60,0.561172
2021-12-21,91,0.564962
2021-12-21,122,0.570319
2021-12-21,152,0.576965
2021-12-21,182,0.585021
2021-12-21,273,0.617777
2021-12-21,365,0.66297
2021-12-21,547,0.78488
2021-12-21,730,0.945513
2021-12-22,10,0.569076
2021-12-22,30,0.568933
2021-12-22,60,0.570077
2021-12-22,91,0.572939
2021-12-22,122,0.57747
2021-12-22,152,0.583408
2021-12-22,182,0.590841
2021-12-22,273,0.622172
2021-12-22,365,0.666522
2021-12-22,547,0.787948
2021-12-22,730,0.948708
2021-12-23,10,0.558805
2021-12-23,30,0.559697
2021-12-23,60,0.562329
2021-12-23,91,0.566646
2021-12-23,122,0.572549
2021-12-23,152,0.579738
2021-12-23,182,0.588345
2021-12-23,273,0.622774
2021-12-23,365,0.669558
2021-12-23,547,0.793781
2021-12-23,730,0.954732
2021-12-27,10,0.559394
2021-12-27,30,0.560407
2021-12-27,60,0.563232
2021-12-27,91,0.567762
2021-12-27,122,0.57389
2021-12-27,152,0.581306
2021-12-27,182,0.590145
2021-12-27,273,0.625296
2021-12-27,365,0.672785
2021-12-27,547,0.798085
2021-12-27,730,0.959273
2021-12-28,10,0.552746
2021-12-28,30,0.55458
2021-12-28,60,0.558586
2021-12-28,91,0.564273
2021-12-28,122,0.571495
2021-12-28,152,0.579907
2021-12-28,182,0.589683
2021-12-28,273,0.627312
2021-12-28,365,0.676754
2021-12-28,547,0.804289
2021-12-28,730,0.965575
2021-12-29,10,0.540139
2021-12-29,30,0.543304
2021-12-29,60,0.549214
2021-12-29,91,0.556754
2021-12-29,122,0.565712
2021-12-29,152,0.575696
2021-12-29,182,0.586939
2021-12-29,273,0.628395
2021-12-29,365,0.680788
2021-12-29,547,0.811646
2021-12-29,730,0.973227
2021-12-30,10,0.536858
2021-12-30,30,0.540622
2021-12-30,60,0.547401
2021-12-30,91,0.555801
2021-12-30,122,0.56558
2021-12-30,152,0.576322
2021-12-30,182,0.588286
2021-12-30,273,0.631695
2021-12-30,365,0.685696
2021-12-30,547,0.818586
2021-12-30,730,0.980578
2021-12-31,10,0.52609
2021-12-31,30,0.531094
2021-12-31,60,0.539649
2021-12-31,91,0.549782
2021-12-31,122,0.561191
2021-12-31,152,0.573414
2021-12-31,182,0.586765
2021-12-31,273,0.633821
2021-12-31,365,0.690685
2021-12-31,547,0.826945
2021-12-31,730,0.989509
2022-01-03,10,0.518382
2022-01-03,30,0.524269
2022-01-03,60,0.534101
2022-01-03,91,0.54549
2022-01-03,122,0.558093
2022-01-03,152,0.571411
2022-01-03,182,0.585799
2022-01-03,273,0.635647
2022-01-03,365,0.694797
2022-01-03,547,0.834025
2022-01-03,730,0.997536
2022-01-04,10,0.510911
2022-01-04,30,0.517584
2022-01-04,60,0.528552
2022-01-04,91,0.541064
2022-01-04,122,0.554736
2022-01-04,152,0.569038
2022-01-04,182,0.584361
2022-01-04,273,0.636742
2022-01-04,365,0.697992
2022-01-04,547,0.840028
2022-01-04,730,1.00458
2022-01-05,10,0.49825
2022-01-05,30,0.506105
2022-01-05,60,0.518776
2022-01-05,91,0.532955
2022-01-05,122,0.548206
2022-01-05,152,0.563951
2022-01-05,182,0.580633
2022-01-05,273,0.636651
2022-01-05,365,0.700856
2022-01-05,547,0.846732
2022-01-05,730,1.012689
2022-01-06,10,0.491795
2022-01-06,30,0.500335
2022-01-06,60,0.514002
2022-01-06,91,0.529174
2022-01-06,122,0.54538
2022-01-06,152,0.562012
2022-01-06,182,0.579547
2022-01-06,273,0.637925
2022-01-06,365,0.704171
2022-01-06,547,0.853031
2022-01-06,730,1.020535
2022-01-07,10,0.481103
2022-01-07,30,0.490655
2022-01-07,60,0.50579
2022-01-07,91,0.522416
2022-01-07,122,0.540009
2022-01-07,152,0.557923
2022-01-07,182,0.57668
2022-01-07,273,0.638401
2022-01-07,365,0.707483
2022-01-07,547,0.860389
2022-01-07,730,1.029944
2022-01-10,10,0.486766
2022-01-10,30,0.495915
2022-01-10,60,0.510516
2022-01-10,91,0.526677
2022-01-10,122,0.54389
2022-01-10,152,0.561512
2022-01-10,182,0.580046
2022-01-10,273,0.641489
2022-01-10,365,0.710803
2022-01-10,547,0.865252
2022-01-10,730,1.037074
2022-01-11,10,0.496256
2022-01-11,30,0.504855
2022-01-11,60,0.518708
2022-01-11,91,0.534188
2022-01-11,122,0.55081
2022-01-11,152,0.567943
2022-01-11,182,0.586065
2022-01-11,273,0.646684
2022-01-11,365,0.715738
2022-01-11,547,0.870936
2022-01-11,730,1.04448
2022-01-12,10,0.499301
2022-01-12,30,0.508014
2022-01-12,60,0.522055
2022-01-12,91,0.537747
2022-01-12,122,0.554599
2022-01-12,152,0.571968
2022-01-12,182,0.59034
2022-01-12,273,0.651778
2022-01-12,365,0.721719
2022-01-12,547,0.878665
2022-01-12,730,1.053657
2022-01-13,10,0.491001
2022-01-13,30,0.500806
2022-01-13,60,0.516415
2022-01-13,91,0.533645
2022-01-13,122,0.551948
2022-01-13,152,0.570643
2022-01-13,182,0.590264
2022-01-13,273,0.655038
2022-01-13,365,0.72769
2022-01-13,547,0.888197
2022-01-13,730,1.064624
2022-01-14,10,0.487419
2022-01-14,30,0.497903
2022-01-14,60,0.514501
2022-01-14,91,0.532713
2022-01-14,122,0.55196
2022-01-14,152,0.571532
2022-01-14,182,0.591994
2022-01-14,273,0.659099
2022-01-14,365,0.733771
2022-01-14,547,0.897285
2022-01-14,730,1.075416
2022-01-18,10,0.489312
2022-01-18,30,0.499901
2022-01-18,60,0.516681
2022-01-18,91,0.53511
2022-01-18,122,0.554602
2022-01-18,152,0.574433
2022-01-18,182,0.595174
2022-01-18,273,0.663234
2022-01-18,365,0.738987
2022-01-18,547,0.904754
2022-01-18,730,1.084914
2022-01-19,10,0.486418
2022-01-19,30,0.497426
2022-01-19,60,0.514841
2022-01-19,91,0.533936
2022-01-19,122,0.554099
2022-01-19,152,0.574584
2022-01-19,182,0.595983
2022-01-19,273,0.666038
2022-01-19,365,0.743772
2022-01-19,547,0.91317
2022-01-19,730,1.096285
2022-01-20,10,0.479697
2022-01-20,30,0.491414
2022-01-20,60,0.509879
2022-01-20,91,0.530038
2022-01-20,122,0.551246
2022-01-20,152,0.572723
2022-01-20,182,0.595092
2022-01-20,273,0.667955
2022-01-20,365,0.748305
2022-01-20,547,0.922116
2022-01-20,730,1.108495
2022-01-21,10,0.486194
2022-01-21,30,0.497524
2022-01-21,60,0.515479
2022-01-21,91,0.535199
2022-01-21,122,0.556052
2022-01-21,152,0.577261
2022-01-21,182,0.599435
2022-01-21,273,0.672103
2022-01-21,365,0.75278
2022-01-21,547,0.928367
2022-01-21,730,1.117329
2022-01-24,10,0.490697
2022-01-24,30,0.501972
2022-01-24,60,0.519885
2022-01-24,91,0.539606
2022-01-24,122,0.560505
2022-01-24,152,0.581798
2022-01-24,182,0.604092
2022-01-24,273,0.677318
2022-01-24,365,0.758806
2022-01-24,547,0.93645
2022-01-24,730,1.127626
2022-01-25,10,0.493129
2022-01-25,30,0.504578
2022-01-25,60,0.522767
2022-01-25,91,0.542795
2022-01-25,122,0.564016
2022-01-25,152,0.585638
2022-01-25,182,0.608273
2022-01-25,273,0.682601
2022-01-25,365,0.765268
2022-01-25,547,0.945256
2022-01-25,730,1.138506
2022-01-26,10,0.512767
2022-01-26,30,0.519072
2022-01-26,60,0.530722
2022-01-26,91,0.545423
2022-01-26,122,0.562712
2022-01-26,152,0.581795
2022-01-26,182,0.603082
2022-01-26,273,0.680025
2022-01-26,365,0.77434
2022-01-26,547,0.997722
2022-01-26,730,1.251258
2022-01-27,10,0.518718
2022-01-27,30,0.522825
2022-01-27,60,0.531819
2022-01-27,91,0.544555
2022-01-27,122,0.560636
2022-01-27,152,0.579238
2022-01-27,182,0.600687
2022-01-27,273,0.681739
2022-01-27,365,0.785027
2022-01-27,547,1.036866
2022-01-27,730,1.327354
2022-01-28,10,0.528018
2022-01-28,30,0.53072
2022-01-28,60,0.538
2022-01-28,91,0.549437
2022-01-28,122,0.56468
2022-01-28,152,0.58289
2022-01-28,182,0.60434
2022-01-28,273,0.687588
2022-01-28,365,0.796028
2022-01-28,547,1.064549
2022-01-28,730,1.376839
2022-01-31,10,0.528509
2022-01-31,30,0.531303
2022-01-31,60,0.538861
2022-01-31,91,0.550756
2022-01-31,122,0.566621
2022-01-31,152,0.58558
2022-01-31,182,0.607916
2022-01-31,273,0.694606
2022-01-31,365,0.807492
2022-01-31,547,1.086747
2022-01-31,730,1.410871
2022-02-01,10,0.528993
2022-02-01,30,0.532424
2022-02-01,60,0.540946
2022-02-01,91,0.55385
2022-02-01,122,0.570732
2022-02-01,152,0.590681
2022-02-01,182,0.614012
2022-02-01,273,0.703725
2022-02-01,365,0.819632
2022-02-01,547,1.104531
2022-02-01,730,1.433507
2022-02-02,10,0.524421
2022-02-02,30,0.529122
2022-02-02,60,0.539458
2022-02-02,91,0.554121
2022-02-02,122,0.572648
2022-02-02,152,0.594084
2022-02-02,182,0.6188
2022-02-02,273,0.712121
2022-02-02,365,0.830824
2022-02-02,547,1.119018
2022-02-02,730,1.448797
2022-02-03,10,0.526925
2022-02-03,30,0.532517
2022-02-03,60,0.544098
2022-02-03,91,0.559932
2022-02-03,122,0.579518
2022-02-03,152,0.601874
2022-02-03,182,0.627411
2022-02-03,273,0.722649
2022-02-03,365,0.842484
2022-02-03,547,1.13089
2022-02-03,730,1.458765
2022-02-04,10,0.520498
2022-02-04,30,0.527972
2022-02-04,60,0.54218
2022-02-04,91,0.560492
2022-02-04,122,0.582321
2022-02-04,152,0.606634
2022-02-04,182,0.633923
2022-02-04,273,0.733297
2022-02-04,365,0.855671
2022-02-04,547,1.145039
2022-02-04,730,1.469791
2022-02-07,10,0.521174
2022-02-07,30,0.52998
2022-02-07,60,0.546032
2022-02-07,91,0.566058
2022-02-07,122,0.589416
2022-02-07,152,0.615036
2022-02-07,182,0.64347
2022-02-07,273,0.745382
2022-02-07,365,0.869025
2022-02-07,547,1.157725
2022-02-07,730,1.478663
2022-02-08,10,0.512612
2022-02-08,30,0.523479
2022-02-08,60,0.542408
2022-02-08,91,0.565145
2022-02-08,122,0.590956
2022-02-08,152,0.618713
2022-02-08,182,0.649058
2022-02-08,273,0.755472
2022-02-08,365,0.88186
2022-02-08,547,1.171536
2022-02-08,730,1.488988
2022-02-09,10,0.489837
2022-02-09,30,0.504201
2022-02-09,60,0.528026
2022-02-09,91,0.555395
2022-02-09,122,0.585419
2022-02-09,152,0.616866
2022-02-09,182,0.650534
2022-02-09,273,0.764918
2022-02-09,365,0.896424
2022-02-09,547,1.188982
2022-02-09,730,1.502084
2022-02-10,10,0.475269
2022-02-10,30,0.49281
2022-02-10,60,0.52108
2022-02-10,91,0.55265
2022-02-10,122,0.586489
2022-02-10,152,0.621274
2022-02-10,182,0.657943
2022-02-10,273,0.779491
2022-02-10,365,0.915539
2022-02-10,547,1.210427
2022-02-10,730,1.519201
2022-02-11,10,0.45326
2022-02-11,30,0.47489
2022-02-11,60,0.508883
2022-02-11,91,0.545867
2022-02-11,122,0.584626
2022-02-11,152,0.623719
2022-02-11,182,0.664265
2022-02-11,273,0.795099
2022-02-11,365,0.937089
2022-02-11,547,1.235251
2022-02-11,730,1.538853
2022-02-14,10,0.442366
2022-02-14,30,0.467133
2022-02-14,60,0.505511
2022-02-14,91,0.546629
2022-02-14,122,0.589134
2022-02-14,152,0.631494
2022-02-14,182,0.674968
2022-02-14,273,0.812732
2022-02-14,365,0.959015
2022-02-14,547,1.258994
2022-02-14,730,1.557772
2022-02-15,10,0.440848
2022-02-15,30,0.467783
2022-02-15,60,0.509182
2022-02-15,91,0.553141
2022-02-15,122,0.598209
2022-02-15,152,0.642796
2022-02-15,182,0.688256
2022-02-15,273,0.83065
2022-02-15,365,0.97968
2022-02-15,547,1.28032
2022-02-15,730,1.574989
2022-02-16,10,0.440847
2022-02-16,30,0.469686
2022-02-16,60,0.513735
2022-02-16,91,0.560176
2022-02-16,122,0.607476
2022-02-16,152,0.653992
2022-02-16,182,0.701163
2022-02-16,273,0.847489
2022-02-16,365,0.998747
2022-02-16,547,1.299512
2022-02-16,730,1.590057
2022-02-17,10,0.440379
2022-02-17,30,0.470997
2022-02-17,60,0.517517
2022-02-17,91,0.566275
2022-02-17,122,0.615658
2022-02-17,152,0.663975
2022-02-17,182,0.712741
2022-02-17,273,0.862735
2022-02-17,365,1.016068
2022-02-17,547,1.316927
2022-02-17,730,1.603579
2022-02-18,10,0.437907
2022-02-18,30,0.470415
2022-02-18,60,0.519566
2022-02-18,91,0.57079
2022-02-18,122,0.622391
2022-02-18,152,0.672626
2022-02-18,182,0.723095
2022-02-18,273,0.877012
2022-02-18,365,1.032584
2022-02-18,547,1.333633
2022-02-18,730,1.616262
2022-02-22,10,0.446543
2022-02-22,30,0.47999
2022-02-22,60,0.530426
2022-02-22,91,0.582827
2022-02-22,122,0.635456
2022-02-22,152,0.68655
2022-02-22,182,0.737748
2022-02-22,273,0.893135
2022-02-22,365,1.049168
2022-02-22,547,1.34863
2022-02-22,730,1.627231
2022-02-23,10,0.452731
2022-02-23,30,0.487411
2022-02-23,60,0.539547
2022-02-23,91,0.593521
2022-02-23,122,0.647545
2022-02-23,152,0.699822
2022-02-23,182,0.752048
2022-02-23,273,0.909655
2022-02-23,365,1.066688
2022-02-23,547,1.365091
2022-02-23,730,1.639651
2022-02-24,10,0.447973
2022-02-24,30,0.484696
2022-02-24,60,0.539682
2022-02-24,91,0.59634
2022-02-24,122,0.652791
2022-02-24,152,0.70718
2022-02-24,182,0.761293
2022-02-24,273,0.923334
2022-02-24,365,1.08305
2022-02-24,547,1.382335
2022-02-24,730,1.653355
2022-02-25,10,0.442872
2022-02-25,30,0.481575
2022-02-25,60,0.539327
2022-02-25,91,0.598591
2022-02-25,122,0.657399
2022-02-25,152,0.713842
2022-02-25,182,0.769793
2022-02-25,273,0.936162
2022-02-25,365,1.098519
2022-02-25,547,1.398755
2022-02-25,730,1.666453
2022-02-28,10,0.444289
2022-02-28,30,0.484152
2022-02-28,60,0.543508
2022-02-28,91,0.604263
2022-02-28,122,0.664399
2022-02-28,152,0.721977
2022-02-28,182,0.77892
2022-02-28,273,0.947479
2022-02-28,365,1.110913
2022-02-28,547,1.410487
2022-02-28,730,1.674751
2022-03-01,10,0.450518
2022-03-01,30,0.49085
2022-03-01,60,0.550827
2022-03-01,91,0.612124
2022-03-01,122,0.672706
2022-03-01,152,0.730627
2022-03-01,182,0.787828
2022-03-01,273,0.95669
2022-03-01,365,1.11977
2022-03-01,547,1.417055
2022-03-01,730,1.677516
2022-03-02,10,0.448104
2022-03-02,30,0.489684
2022-03-02,60,0.551388
2022-03-02,91,0.614291
2022-03-02,122,0.676302
2022-03-02,152,0.735444
2022-03-02,182,0.793714
2022-03-02,273,0.964938
2022-03-02,365,1.129185
2022-03-02,547,1.425797
2022-03-02,730,1.682644
2022-03-03,10,0.443761
2022-03-03,30,0.486921
2022-03-03,60,0.550817
2022-03-03,91,0.615769
2022-03-03,122,0.679617
2022-03-03,152,0.740341
2022-03-03,182,0.800008
2022-03-03,273,0.974403
2022-03-03,365,1.140375
2022-03-03,547,1.436761
2022-03-03,730,1.689769
2022-03-04,10,0.444428
2022-03-04,30,0.488558
2022-03-04,60,0.553792
2022-03-04,91,0.619979
2022-03-04,122,0.684919
2022-03-04,152,0.746568
2022-03-04,182,0.807033
2022-03-04,273,0.98313
2022-03-04,365,1.149816
2022-03-04,547,1.445144
2022-03-04,730,1.694621
2022-03-07,10,0.442865
2022-03-07,30,0.488081
2022-03-07,60,0.554817
2022-03-07,91,0.622402
2022-03-07,122,0.688589
2022-03-07,152,0.751304
2022-03-07,182,0.812704
2022-03-07,273,0.990872
2022-03-07,365,1.158592
2022-03-07,547,1.453348
2022-03-07,730,1.699631
2022-03-08,10,0.440038
2022-03-08,30,0.486426
2022-03-08,60,0.554791
2022-03-08,91,0.623903
2022-03-08,122,0.691461
2022-03-08,152,0.75536
2022-03-08,182,0.817809
2022-03-08,273,0.998377
2022-03-08,365,1.167433
2022-03-08,547,1.462144
2022-03-08,730,1.705676
2022-03-09,10,0.436827
2022-03-09,30,0.484426
2022-03-09,60,0.554484
2022-03-09,91,0.625191
2022-03-09,122,0.694193
2022-03-09,152,0.759352
2022-03-09,182,0.822927
2022-03-09,273,1.006153
2022-03-09,365,1.176835
2022-03-09,547,1.47212
2022-03-09,730,1.713545
2022-03-10,10,0.431588
2022-03-10,30,0.480542
2022-03-10,60,0.552501
2022-03-10,91,0.625013
2022-03-10,122,0.695663
2022-03-10,152,0.762271
2022-03-10,182,0.827158
2022-03-10,273,1.013566
2022-03-10,365,1.186347
2022-03-10,547,1.482993
2022-03-10,730,1.722911
2022-03-11,10,0.424564
2022-03-11,30,0.475012
2022-03-11,60,0.549081
2022-03-11,91,0.623614
2022-03-11,122,0.696126
2022-03-11,152,0.764392
2022-03-11,182,0.830798
2022-03-11,273,1.021009
2022-03-11,365,1.196506
2022-03-11,547,1.495679
2022-03-11,730,1.735165
2022-03-14,10,0.422572
2022-03-14,30,0.474328
2022-03-14,60,0.550249
2022-03-14,91,0.626559
2022-03-14,122,0.700716
2022-03-14,152,0.770448
2022-03-14,182,0.838202
2022-03-14,273,1.031818
2022-03-14,365,1.209789
2022-03-14,547,1.511397
2022-03-14,730,1.75072
2022-03-15,10,0.418897
2022-03-15,30,0.47222
2022-03-15,60,0.550359
2022-03-15,91,0.628799
2022-03-15,122,0.704925
2022-03-15,152,0.776415
2022-03-15,182,0.845786
2022-03-15,273,1.043488
2022-03-15,365,1.224438
2022-03-15,547,1.529025
2022-03-15,730,1.768277
2022-03-16,10,0.422772
2022-03-16,30,0.47696
2022-03-16,60,0.556335
2022-03-16,91,0.635976
2022-03-16,122,0.713226
2022-03-16,152,0.785734
2022-03-16,182,0.856055
2022-03-16,273,1.056245
2022-03-16,365,1.239142
2022-03-16,547,1.546098
2022-03-16,730,1.786066
2022-03-17,10,0.423751
2022-03-17,30,0.479097
2022-03-17,60,0.56012
2022-03-17,91,0.641357
2022-03-17,122,0.720096
2022-03-17,152,0.793946
2022-03-17,182,0.865515
2022-03-17,273,1.068939
2022-03-17,365,1.254324
2022-03-17,547,1.564181
2022-03-17,730,1.804866
2022-03-18,10,0.422442
2022-03-18,30,0.479129
2022-03-18,60,0.562062
2022-03-18,91,0.645146
2022-03-18,122,0.725607
2022-03-18,152,0.801009
2022-03-18,182,0.874019
2022-03-18,273,1.08117
2022-03-18,365,1.269412
2022-03-18,547,1.582579
2022-03-18,730,1.824058
2022-03-21,10,0.420874
2022-03-21,30,0.479276
2022-03-21,60,0.564649
2022-03-21,91,0.650089
2022-03-21,122,0.732745
2022-03-21,152,0.81012
2022-03-21,182,0.884959
2022-03-21,273,1.096829
2022-03-21,365,1.288662
2022-03-21,547,1.605925
2022-03-21,730,1.848299
2022-03-22,10,0.421248
2022-03-22,30,0.481389
2022-03-22,60,0.569235
2022-03-22,91,0.657062
2022-03-22,122,0.741939
2022-03-22,152,0.821311
2022-03-22,182,0.898
2022-03-22,273,1.114634
2022-03-22,365,1.310083
2022-03-22,547,1.631441
2022-03-22,730,1.874667
2022-03-23,10,0.417655
2022-03-23,30,0.480004
2022-03-23,60,0.57098
2022-03-23,91,0.661822
2022-03-23,122,0.749495
2022-03-23,152,0.831371
2022-03-23,182,0.910373
2022-03-23,273,1.132907
2022-03-23,365,1.332753
2022-03-23,547,1.658842
2022-03-23,730,1.902649
2022-03-24,10,0.417777
2022-03-24,30,0.482094
2022-03-24,60,0.575862
2022-03-24,91,0.66939
2022-03-24,122,0.759554
2022-03-24,152,0.84366
2022-03-24,182,0.92472
2022-03-24,273,1.152498
2022-03-24,365,1.35624
2022-03-24,547,1.686482
2022-03-24,730,1.930724
2022-03-25,10,0.417378
2022-03-25,30,0.483877
2022-03-25,60,0.580739
2022-03-25,91,0.677246
2022-03-25,122,0.770174
2022-03-25,152,0.856756
2022-03-25,182,0.940103
2022-03-25,273,1.173721
2022-03-25,365,1.381824
2022-03-25,547,1.716792
2022-03-25,730,1.961689
2022-03-28,10,0.416525
2022-03-28,30,0.485391
2022-03-28,60,0.585613
2022-03-28,91,0.685358
2022-03-28,122,0.781294
2022-03-28,152,0.870574
2022-03-28,182,0.956416
2022-03-28,273,1.196427
2022-03-28,365,1.409336
2022-03-28,547,1.749622
2022-03-28,730,1.995462
2022-03-29,10,0.417063
2022-03-29,30,0.48823
2022-03-29,60,0.591721
2022-03-29,91,0.694619
2022-03-29,122,0.793483
2022-03-29,152,0.885391
2022-03-29,182,0.973665
2022-03-29,273,1.219917
2022-03-29,365,1.437533
2022-03-29,547,1.783082
2022-03-29,730,2.029952
2022-03-30,10,0.415798
2022-03-30,30,0.489429
2022-03-30,60,0.596412
2022-03-30,91,0.70267
2022-03-30,122,0.80465
2022-03-30,152,0.899346
2022-03-30,182,0.990193
2022-03-30,273,1.243
2022-03-30,365,1.465487
2022-03-30,547,1.816247
2022-03-30,730,2.063728
2022-03-31,10,0.416479
2022-03-31,30,0.492312
2022-03-31,60,0.602419
2022-03-31,91,0.711681
2022-03-31,122,0.816447
2022-03-31,152,0.913637
2022-03-31,182,1.006785
2022-03-31,273,1.265458
2022-03-31,365,1.492307
2022-03-31,547,1.847734
2022-03-31,730,2.095759
2022-04-01,10,0.421289
2022-04-01,30,0.498975
2022-04-01,60,0.611713
2022-04-01,91,0.723514
2022-04-01,122,0.830639
2022-04-01,152,0.929948
2022-04-01,182,1.025056
2022-04-01,273,1.28876
2022-04-01,365,1.519402
2022-04-01,547,1.879038
2022-04-01,730,2.127788
2022-04-04,10,0.428766
2022-04-04,30,0.508015
2022-04-04,60,0.622977
2022-04-04,91,0.736926
2022-04-04,122,0.846052
2022-04-04,152,0.94716
2022-04-04,182,1.043936
2022-04-04,273,1.31194
2022-04-04,365,1.545852
2022-04-04,547,1.909199
2022-04-04,730,2.158709
2022-04-05,10,0.425401
2022-04-05,30,0.507276
2022-04-05,60,0.625963
2022-04-05,91,0.743499
2022-04-05,122,0.855952
2022-04-05,152,0.960041
2022-04-05,182,1.059571
2022-04-05,273,1.334607
2022-04-05,365,1.573772
2022-04-05,547,1.942829
2022-04-05,730,2.193177
2022-04-06,10,0.424146
2022-04-06,30,0.508451
2022-04-06,60,0.630585
2022-04-06,91,0.751439
2022-04-06,122,0.86697
2022-04-06,152,0.973815
2022-04-06,182,1.075891
2022-04-06,273,1.357425
2022-04-06,365,1.60144
2022-04-06,547,1.975757
2022-04-06,730,2.226863
2022-04-07,10,0.429863
2022-04-07,30,0.515933
2022-04-07,60,0.640572
2022-04-07,91,0.763841
2022-04-07,122,0.881614
2022-04-07,152,0.990471
2022-04-07,182,1.094405
2022-04-07,273,1.380702
2022-04-07,365,1.628293
2022-04-07,547,2.00655
2022-04-07,730,2.258314
2022-04-08,10,0.432914
2022-04-08,30,0.521065
2022-04-08,60,0.648653
2022-04-08,91,0.774756
2022-04-08,122,0.895155
2022-04-08,152,1.006359
2022-04-08,182,1.112457
2022-04-08,273,1.404252
2022-04-08,365,1.655907
2022-04-08,547,2.038443
2022-04-08,730,2.290599
2022-04-11,10,0.434548
2022-04-11,30,0.52485
2022-04-11,60,0.655483
2022-04-11,91,0.78451
2022-04-11,122,0.907613
2022-04-11,152,1.021232
2022-04-11,182,1.129553
2022-04-11,273,1.426978
2022-04-11,365,1.682766
2022-04-11,547,2.069585
2022-04-11,730,2.322033
2022-04-12,10,0.437497
2022-04-12,30,0.529805
2022-04-12,60,0.663268
2022-04-12,91,0.795002
2022-04-12,122,0.920597
2022-04-12,152,1.03643
2022-04-12,182,1.146777
2022-04-12,273,1.449264
2022-04-12,365,1.708654
2022-04-12,547,2.098834
2022-04-12,730,2.350833
2022-04-13,10,0.438402
2022-04-13,30,0.532868
2022-04-13,60,0.669373
2022-04-13,91,0.804007
2022-04-13,122,0.932266
2022-04-13,152,1.050458
2022-04-13,182,1.162956
2022-04-13,273,1.470776
2022-04-13,365,1.733894
2022-04-13,547,2.127333
2022-04-13,730,2.378471
2022-04-14,10,0.437882
2022-04-14,30,0.534662
2022-04-14,60,0.674425
2022-04-14,91,0.812168
2022-04-14,122,0.94328
2022-04-14,152,1.063999
2022-04-14,182,1.178802
2022-04-14,273,1.49233
2022-04-14,365,1.759431
2022-04-14,547,2.156344
2022-04-14,730,2.406545
2022-04-18,10,0.444227
2022-04-18,30,0.542657
2022-04-18,60,0.684744
2022-04-18,91,0.824702
2022-04-18,122,0.957848
2022-04-18,152,1.080367
2022-04-18,182,1.196811
2022-04-18,273,1.514397
2022-04-18,365,1.784325
2022-04-18,547,2.183674
2022-04-18,730,2.433163
2022-04-19,10,0.457438
2022-04-19,30,0.556885
2022-04-19,60,0.700406
2022-04-19,91,0.841734
2022-04-19,122,0.976139
2022-04-19,152,1.099775
2022-04-19,182,1.21724
2022-04-19,273,1.537366
2022-04-19,365,1.809087
2022-04-19,547,2.210069
2022-04-19,730,2.459271
2022-04-20,10,0.470543
2022-04-20,30,0.571204
2022-04-20,60,0.716436
2022-04-20,91,0.859395
2022-04-20,122,0.995297
2022-04-20,152,1.12026
2022-04-20,182,1.238933
2022-04-20,273,1.562052
2022-04-20,365,1.835857
2022-04-20,547,2.23863
2022-04-20,730,2.487276
2022-04-21,10,0.48529
2022-04-21,30,0.587132
2022-04-21,60,0.734032
2022-04-21,91,0.878591
2022-04-21,122,1.015968
2022-04-21,152,1.142243
2022-04-21,182,1.26212
2022-04-21,273,1.588262
2022-04-21,365,1.864242
2022-04-21,547,2.269107
2022-04-21,730,2.51757
2022-04-22,10,0.486997
2022-04-22,30,0.591487
2022-04-22,60,0.742112
2022-04-22,91,0.890216
2022-04-22,122,1.030841
2022-04-22,152,1.159985
2022-04-22,182,1.282471
2022-04-22,273,1.615034
2022-04-22,365,1.895423
2022-04-22,547,2.303893
2022-04-22,730,2.550878
2022-04-25,10,0.496664
2022-04-25,30,0.60316
2022-04-25,60,0.7566
2022-04-25,91,0.907376
2022-04-25,122,1.05044
2022-04-25,152,1.18173
2022-04-25,182,1.306159
2022-04-25,273,1.643442
2022-04-25,365,1.926976
2022-04-25,547,2.337667
2022-04-25,730,2.582902
2022-04-26,10,0.505251
2022-04-26,30,0.613718
2022-04-26,60,0.769915
2022-04-26,91,0.923296
2022-04-26,122,1.068727
2022-04-26,152,1.202089
2022-04-26,182,1.328381
2022-04-26,273,1.670124
2022-04-26,365,1.956513
2022-04-26,547,2.36881
2022-04-26,730,2.611688
2022-04-27,10,0.513862
2022-04-27,30,0.624185
2022-04-27,60,0.782976
2022-04-27,91,0.938805
2022-04-27,122,1.086454
2022-04-27,152,1.221752
2022-04-27,182,1.349781
2022-04-27,273,1.695649
2022-04-27,365,1.984624
2022-04-27,547,2.398179
2022-04-27,730,2.638556
2022-04-28,10,0.53007
2022-04-28,30,0.641412
2022-04-28,60,0.801626
2022-04-28,91,0.958792
2022-04-28,122,1.10765
2022-04-28,152,1.243998
2022-04-28,182,1.372965
2022-04-28,273,1.721032
2022-04-28,365,2.011336
2022-04-28,547,2.42534
2022-04-28,730,2.664039
2022-04-29,10,0.543188
2022-04-29,30,0.655895
2022-04-29,60,0.818018
2022-04-29,91,0.976987
2022-04-29,122,1.12748
2022-04-29,152,1.265258
2022-04-29,182,1.395509
2022-04-29,273,1.746637
2022-04-29,365,2.038878
2022-04-29,547,2.453894
2022-04-29,730,2.690843
2022-05-02,10,0.558558
2022-05-02,30,0.672451
2022-05-02,60,0.836231
2022-05-02,91,0.996766
2022-05-02,122,1.148679
2022-05-02,152,1.287698
2022-05-02,182,1.419065
2022-05-02,273,1.772852
2022-05-02,365,2.066778
2022-05-02,547,2.482677
2022-05-02,730,2.718114
2022-05-03,10,0.573061
2022-05-03,30,0.688294
2022-05-03,60,0.853953
2022-05-03,91,1.016269
2022-05-03,122,1.169807
2022-05-03,152,1.310253
2022-05-03,182,1.442909
2022-05-03,273,1.799817
2022-05-03,365,2.095798
2022-05-03,547,2.513059
2022-05-03,730,2.747171
2022-05-04,10,0.591514
2022-05-04,30,0.707665
2022-05-04,60,0.874603
2022-05-04,91,1.038122
2022-05-04,122,1.192746
2022-05-04,152,1.334136
2022-05-04,182,1.467635
2022-05-04,273,1.826517
2022-05-04,365,2.123687
2022-05-04,547,2.541334
2022-05-04,730,2.77391
2022-05-05,10,0.605297
2022-05-05,30,0.722757
2022-05-05,60,0.891525
2022-05-05,91,1.05677
2022-05-05,122,1.212958
2022-05-05,152,1.355715
2022-05-05,182,1.490439
2022-05-05,273,1.852234
2022-05-05,365,2.151234
2022-05-05,547,2.569798
2022-05-05,730,2.800668
2022-05-06,10,0.616545
2022-05-06,30,0.73543
2022-05-06,60,0.906192
2022-05-06,91,1.073323
2022-05-06,122,1.231225
2022-05-06,152,1.375481
2022-05-06,182,1.511555
2022-05-06,273,1.876588
2022-05-06,365,2.177675
2022-05-06,547,2.597489
2022-05-06,730,2.826826
2022-05-09,10,0.627717
2022-05-09,30,0.747698
2022-05-09,60,0.919987
2022-05-09,91,1.088552
2022-05-09,122,1.247748
2022-05-09,152,1.393129
2022-05-09,182,1.530206
2022-05-09,273,1.897586
2022-05-09,365,2.200095
2022-05-09,547,2.620442
2022-05-09,730,2.848176
2022-05-10,10,0.64316
2022-05-10,30,0.763778
2022-05-10,60,0.936942
2022-05-10,91,1.106317
2022-05-10,122,1.266229
2022-05-10,152,1.412218
2022-05-10,182,1.549823
2022-05-10,273,1.918348
2022-05-10,365,2.221391
2022-05-10,547,2.641328
2022-05-10,730,2.867327
2022-05-11,10,0.659412
2022-05-11,30,0.780515
2022-05-11,60,0.954337
2022-05-11,91,1.124306
2022-05-11,122,1.284728
2022-05-11,152,1.431134
2022-05-11,182,1.569084
2022-05-11,273,1.938248
2022-05-11,365,2.241385
2022-05-11,547,2.660241
2022-05-11,730,2.884061
2022-05-12,10,0.67924
2022-05-12,30,0.800378
2022-05-12,60,0.974217
2022-05-12,91,1.144159
2022-05-12,122,1.304511
2022-05-12,152,1.45081
2022-05-12,182,1.588617
2022-05-12,273,1.957149
2022-05-12,365,2.259389
2022-05-12,547,2.675934
2022-05-12,730,2.897105
2022-05-13,10,0.699703
2022-05-13,30,0.82064
2022-05-13,60,0.994167
2022-05-13,91,1.163774
2022-05-13,122,1.323782
2022-05-13,152,1.469737
2022-05-13,182,1.607192
2022-05-13,273,1.974614
2022-05-13,365,2.275684
2022-05-13,547,2.689875
2022-05-13,730,2.908787
2022-05-16,10,0.719505
2022-05-16,30,0.840302
2022-05-16,60,1.013598
2022-05-16,91,1.182941
2022-05-16,122,1.34266
2022-05-16,152,1.488315
2022-05-16,182,1.62545
2022-05-16,273,1.991794
2022-05-16,365,2.291643
2022-05-16,547,2.703179
2022-05-16,730,2.919363
2022-05-17,10,0.739274
2022-05-17,30,0.860003
2022-05-17,60,1.033173
2022-05-17,91,1.202358
2022-05-17,122,1.361891
2022-05-17,152,1.507342
2022-05-17,182,1.644249
2022-05-17,273,2.009774
2022-05-17,365,2.30863
2022-05-17,547,2.717866
2022-05-17,730,2.93154
2022-05-18,10,0.754763
2022-05-18,30,0.875826
2022-05-18,60,1.049437
2022-05-18,91,1.219001
2022-05-18,122,1.378841
2022-05-18,152,1.524522
2022-05-18,182,1.661597
2022-05-18,273,2.027278
2022-05-18,365,2.325814
2022-05-18,547,2.733321
2022-05-18,730,2.94432
2022-05-19,10,0.771562
2022-05-19,30,0.892798
2022-05-19,60,1.06662
2022-05-19,91,1.236344
2022-05-19,122,1.396287
2022-05-19,152,1.542015
2022-05-19,182,1.679089
2022-05-19,273,2.044494
2022-05-19,365,2.342386
2022-05-19,547,2.747806
2022-05-19,730,2.956071
2022-05-20,10,0.787932
2022-05-20,30,0.909324
2022-05-20,60,1.083329
2022-05-20,91,1.253184
2022-05-20,122,1.4132
2022-05-20,152,1.558948
2022-05-20,182,1.695992
2022-05-20,273,2.061033
2022-05-20,365,2.358193
2022-05-20,547,2.761364
2022-05-20,730,2.966753
2022-05-23,10,0.802229
2022-05-23,30,0.923973
2022-05-23,60,1.098439
2022-05-23,91,1.268684
2022-05-23,122,1.429008
2022-05-23,152,1.574977
2022-05-23,182,1.712173
2022-05-23,273,2.077271
2022-05-23,365,2.373947
2022-05-23,547,2.77491
2022-05-23,730,2.977008
2022-05-24,10,0.816147
2022-05-24,30,0.938149
2022-05-24,60,1.112935
2022-05-24,91,1.28343
2022-05-24,122,1.443924
2022-05-24,152,1.589988
2022-05-24,182,1.72721
2022-05-24,273,2.092012
2022-05-24,365,2.387885
2022-05-24,547,2.786139
2022-05-24,730,2.984633
2022-05-25,10,0.831534
2022-05-25,30,0.95352
2022-05-25,60,1.12824
2022-05-25,91,1.298619
2022-05-25,122,1.458951
2022-05-25,152,1.604814
2022-05-25,182,1.741797
2022-05-25,273,2.105656
2022-05-25,365,2.400292
2022-05-25,547,2.795508
2022-05-25,730,2.990577
2022-05-26,10,0.848622
2022-05-26,30,0.970313
2022-05-26,60,1.144582
2022-05-26,91,1.314483
2022-05-26,122,1.474325
2022-05-26,152,1.619705
2022-05-26,182,1.756195
2022-05-26,273,2.118517
2022-05-26,365,2.411552
2022-05-26,547,2.803569
2022-05-26,730,2.995551
2022-05-27,10,0.865234
2022-05-27,30,0.986513
2022-05-27,60,1.160166
2022-05-27,91,1.329437
2022-05-27,122,1.488654
2022-05-27,152,1.633436
2022-05-27,182,1.769335
2022-05-27,273,2.129903
2022-05-27,365,2.421237
2022-05-27,547,2.810137
2022-05-27,730,2.999379
2022-05-31,10,0.885098
2022-05-31,30,1.005693
2022-05-31,60,1.178354
2022-05-31,91,1.34664
2022-05-31,122,1.504914
2022-05-31,152,1.64882
2022-05-31,182,1.783879
2022-05-31,273,2.142116
2022-05-31,365,2.431402
2022-05-31,547,2.817077
2022-05-31,730,3.00403
2022-06-01,10,0.9039
2022-06-01,30,1.023984
2022-06-01,60,1.195906
2022-06-01,91,1.363461
2022-06-01,122,1.521036
2022-06-01,152,1.664296
2022-06-01,182,1.798738
2022-06-01,273,2.155271
2022-06-01,365,2.443074
2022-06-01,547,2.826431
2022-06-01,730,3.011726
2022-06-02,10,0.9211
2022-06-02,30,1.04098
2022-06-02,60,1.212594
2022-06-02,91,1.379828
2022-06-02,122,1.53708
2022-06-02,152,1.680025
2022-06-02,182,1.814151
2022-06-02,273,2.169718
2022-06-02,365,2.456541
2022-06-02,547,2.837982
2022-06-02,730,3.021437
2022-06-03,10,0.92688
2022-06-03,30,1.047592
2022-06-03,60,1.22036
2022-06-03,91,1.388674
2022-06-03,122,1.546895
2022-06-03,152,1.690676
2022-06-03,182,1.825542
2022-06-03,273,2.182803
2022-06-03,365,2.470579
2022-06-03,547,2.852083
2022-06-03,730,3.033866
2022-06-06,10,0.933468
2022-06-06,30,1.054983
2022-06-06,60,1.228873
2022-06-06,91,1.398246
2022-06-06,122,1.557426
2022-06-06,152,1.702044
2022-06-06,182,1.83766
2022-06-06,273,2.1967
2022-06-06,365,2.485582
2022-06-06,547,2.867576
2022-06-06,730,3.048166
2022-06-07,10,0.943837
2022-06-07,30,1.065778
2022-06-07,60,1.240259
2022-06-07,91,1.410181
2022-06-07,122,1.569852
2022-06-07,152,1.714892
2022-06-07,182,1.850878
2022-06-07,273,2.210745
2022-06-07,365,2.500057
2022-06-07,547,2.881903
2022-06-07,730,3.061366
2022-06-08,10,0.952354
2022-06-08,30,1.074782
2022-06-08,60,1.249946
2022-06-08,91,1.420517
2022-06-08,122,1.580779
2022-06-08,152,1.726339
2022-06-08,182,1.862794
2022-06-08,273,2.223798
2022-06-08,365,2.513855
2022-06-08,547,2.896168
2022-06-08,730,3.075069
2022-06-09,10,0.948247
2022-06-09,30,1.072671
2022-06-09,60,1.25063
2022-06-09,91,1.423848
2022-06-09,122,1.58652
2022-06-09,152,1.734194
2022-06-09,182,1.872558
2022-06-09,273,2.238169
2022-06-09,365,2.531251
2022-06-09,547,2.91559
2022-06-09,730,3.092695
2022-06-10,10,0.942658
2022-06-10,30,1.069497
2022-06-10,60,1.250854
2022-06-10,91,1.427305
2022-06-10,122,1.59294
2022-06-10,152,1.743232
2022-06-10,182,1.883977
2022-06-10,273,2.255452
2022-06-10,365,2.552577
2022-06-10,547,2.940309
2022-06-10,730,3.116292
2022-06-13,10,0.945412
2022-06-13,30,1.074526
2022-06-13,60,1.25909
2022-06-13,91,1.438604
2022-06-13,122,1.607053
2022-06-13,152,1.75984
2022-06-13,182,1.902865
2022-06-13,273,2.280011
2022-06-13,365,2.581142
2022-06-13,547,2.972546
2022-06-13,730,3.147988
2022-06-14,10,0.95877
2022-06-14,30,1.08977
2022-06-14,60,1.276991
2022-06-14,91,1.459041
2022-06-14,122,1.629821
2022-06-14,152,1.784675
2022-06-14,182,1.929587
2022-06-14,273,2.311425
2022-06-14,365,2.615863
2022-06-14,547,3.01028
2022-06-14,730,3.185235
2022-06-15,10,0.977997
2022-06-15,30,1.110519
2022-06-15,60,1.299879
2022-06-15,91,1.48396
2022-06-15,122,1.656596
2022-06-15,152,1.813084
2022-06-15,182,1.959477
2022-06-15,273,2.344932
2022-06-15,365,2.65181
2022-06-15,547,3.048084
2022-06-15,730,3.221998
2022-06-16,10,1.00124
2022-06-16,30,1.135019
2022-06-16,60,1.32613
2022-06-16,91,1.511856
2022-06-16,122,1.685974
2022-06-16,152,1.843749
2022-06-16,182,1.991289
2022-06-16,273,2.379424
2022-06-16,365,2.687909
2022-06-16,547,3.084717
2022-06-16,730,3.256658
2022-06-17,10,1.010226
2022-06-17,30,1.146855
2022-06-17,60,1.34193
2022-06-17,91,1.531377
2022-06-17,122,1.708847
2022-06-17,152,1.869529
2022-06-17,182,2.019657
2022-06-17,273,2.41382
2022-06-17,365,2.725901
2022-06-17,547,3.123863
2022-06-17,730,3.291396
2022-06-21,10,1.026943
2022-06-21,30,1.165655
2022-06-21,60,1.363618
2022-06-21,91,1.555758
2022-06-21,122,1.735639
2022-06-21,152,1.898393
2022-06-21,182,2.050348
2022-06-21,273,2.448653
2022-06-21,365,2.763005
2022-06-21,547,3.160901
2022-06-21,730,3.324151
2022-06-22,10,1.048859
2022-06-22,30,1.188923
2022-06-22,60,1.388741
2022-06-22,91,1.582587
2022-06-22,122,1.763967
2022-06-22,152,1.927985
2022-06-22,182,2.081025
2022-06-22,273,2.481615
2022-06-22,365,2.796897
2022-06-22,547,3.193397
2022-06-22,730,3.352314
2022-06-23,10,1.078242
2022-06-23,30,1.218704
2022-06-23,60,1.419031
2022-06-23,91,1.613297
2022-06-23,122,1.794995
2022-06-23,152,1.959224
2022-06-23,182,2.112387
2022-06-23,273,2.51285
2022-06-23,365,2.827331
2022-06-23,547,3.220714
2022-06-23,730,3.37523
2022-06-24,10,1.109757
2022-06-24,30,1.250238
2022-06-24,60,1.45054
2022-06-24,91,1.644713
2022-06-24,122,1.826252
2022-06-24,152,1.990271
2022-06-24,182,2.143169
2022-06-24,273,2.542524
2022-06-24,365,2.855488
2022-06-24,547,3.245023
2022-06-24,730,3.395082
2022-06-27,10,1.144324
2022-06-27,30,1.284369
2022-06-27,60,1.484008
2022-06-27,91,1.67749
2022-06-27,122,1.858331
2022-06-27,152,2.021669
2022-06-27,182,2.173881
2022-06-27,273,2.571138
2022-06-27,365,2.881971
2022-06-27,547,3.267361
2022-06-27,730,3.413516
2022-06-28,10,1.174316
2022-06-28,30,1.314354
2022-06-28,60,1.513932
2022-06-28,91,1.707286
2022-06-28,122,1.887937
2022-06-28,152,2.051034
2022-06-28,182,2.202953
2022-06-28,273,2.599031
2022-06-28,365,2.908292
2022-06-28,547,3.289773
2022-06-28,730,3.431473
2022-06-29,10,1.204735
2022-06-29,30,1.344599
2022-06-29,60,1.543874
2022-06-29,91,1.736868
2022-06-29,122,1.917114
2022-06-29,152,2.079777
2022-06-29,182,2.231226
2022-06-29,273,2.62567
2022-06-29,365,2.933018
2022-06-29,547,3.310215
2022-06-29,730,3.447399
2022-06-30,10,1.236255
2022-06-30,30,1.375702
2022-06-30,60,1.574322
2022-06-30,91,1.766598
2022-06-30,122,1.946088
2022-06-30,152,2.107988
2022-06-30,182,2.258644
2022-06-30,273,2.650528
2022-06-30,365,2.95511
2022-06-30,547,3.326599
2022-06-30,730,3.458216
2022-07-01,10,1.266094
2022-07-01,30,1.40484
2022-07-01,60,1.602408
2022-07-01,91,1.793602
2022-07-01,122,1.972016
2022-07-01,152,2.132879
2022-07-01,182,2.282504
2022-07-01,273,2.671303
2022-07-01,365,2.972845
2022-07-01,547,3.338632
2022-07-01,730,3.465054
2022-07-05,10,1.296218
2022-07-05,30,1.434063
2022-07-05,60,1.630309
2022-07-05,91,1.820172
2022-07-05,122,1.99729
2022-07-05,152,2.15693
2022-07-05,182,2.305362
2022-07-05,273,2.690722
2022-07-05,365,2.98904
2022-07-05,547,3.349092
2022-07-05,730,3.470444
2022-07-06,10,1.327869
2022-07-06,30,1.464573
2022-07-06,60,1.659169
2022-07-06,91,1.847401
2022-07-06,122,2.022959
2022-07-06,152,2.181159
2022-07-06,182,2.328213
2022-07-06,273,2.709755
2022-07-06,365,3.004711
2022-07-06,547,3.35931
2022-07-06,730,3.476313
2022-07-07,10,1.359738
2022-07-07,30,1.495203
2022-07-07,60,1.688022
2022-07-07,91,1.874517
2022-07-07,122,2.048438
2022-07-07,152,2.20514
2022-07-07,182,2.350782
2022-07-07,273,2.728516
2022-07-07,365,3.020274
2022-07-07,547,3.370075
2022-07-07,730,3.483634
2022-07-08,10,1.392531
2022-07-08,30,1.526711
2022-07-08,60,1.717697
2022-07-08,91,1.902411
2022-07-08,122,2.074661
2022-07-08,152,2.22985
2022-07-08,182,2.374073
2022-07-08,273,2.748047
2022-07-08,365,3.036744
2022-07-08,547,3.382215
2022-07-08,730,3.492955
2022-07-11,10,1.426477
2022-07-11,30,1.55926
2022-07-11,60,1.748255
2022-07-11,91,1.931041
2022-07-11,122,2.101489
2022-07-11,152,2.255048
2022-07-11,182,2.39775
2022-07-11,273,2.767727
2022-07-11,365,3.053222
2022-07-11,547,3.394329
2022-07-11,730,3.502453
2022-07-12,10,1.457203
2022-07-12,30,1.588857
2022-07-12,60,1.776239
2022-07-12,91,1.957457
2022-07-12,122,2.126432
2022-07-12,152,2.278653
2022-07-12,182,2.420099
2022-07-12,273,2.786729
2022-07-12,365,3.069468
2022-07-12,547,3.406565
2022-07-12,730,3.511888
2022-07-13,10,1.489945
2022-07-13,30,1.620506
2022-07-13,60,1.806317
2022-07-13,91,1.985993
2022-07-13,122,2.153507
2022-07-13,152,2.304388
2022-07-13,182,2.444562
2022-07-13,273,2.807728
2022-07-13,365,3.087495
2022-07-13,547,3.419945
2022-07-13,730,3.521676
2022-07-14,10,1.525099
2022-07-14,30,1.654438
2022-07-14,60,1.838491
2022-07-14,91,2.016442
2022-07-14,122,2.18232
2022-07-14,152,2.3317
2022-07-14,182,2.470451
2022-07-14,273,2.829741
2022-07-14,365,3.106194
2022-07-14,547,3.433523
2022-07-14,730,3.531425
2022-07-15,10,1.559248
2022-07-15,30,1.687351
2022-07-15,60,1.869626
2022-07-15,91,2.045837
2022-07-15,122,2.210067
2022-07-15,152,2.357937
2022-07-15,182,2.49526
2022-07-15,273,2.850676
2022-07-15,365,3.123845
2022-07-15,547,3.446191
2022-07-15,730,3.540504
2022-07-18,10,1.594857
2022-07-18,30,1.72149
2022-07-18,60,1.901662
2022-07-18,91,2.075823
2022-07-18,122,2.238127
2022-07-18,152,2.384244
2022-07-18,182,2.519919
2022-07-18,273,2.870945
2022-07-18,365,3.140511
2022-07-18,547,3.457748
2022-07-18,730,3.548859
2022-07-19,10,1.6318
2022-07-19,30,1.756845
2022-07-19,60,1.934748
2022-07-19,91,2.106703
2022-07-19,122,2.266938
2022-07-19,152,2.411177
2022-07-19,182,2.545094
2022-07-19,273,2.891466
2022-07-19,365,3.157268
2022-07-19,547,3.469343
2022-07-19,730,3.557479
2022-07-20,10,1.66709
2022-07-20,30,1.790748
2022-07-20,60,1.966669
2022-07-20,91,2.136696
2022-07-20,122,2.295119
2022-07-20,152,2.437715
2022-07-20,182,2.570089
2022-07-20,273,2.912367
2022-07-20,365,3.174837
2022-07-20,547,3.482266
2022-07-20,730,3.567596
2022-07-21,10,1.704195
2022-07-21,30,1.82616
2022-07-21,60,1.999664
2022-07-21,91,2.167341
2022-07-21,122,2.32356
2022-07-21,152,2.464155
2022-07-21,182,2.594656
2022-07-21,273,2.931975
2022-07-21,365,3.190438
2022-07-21,547,3.492387
2022-07-21,730,3.5746
2022-07-22,10,1.741126
2022-07-22,30,1.8612
2022-07-22,60,2.031997
2022-07-22,91,2.197036
2022-07-22,122,2.350775
2022-07-22,152,2.489115
2022-07-22,182,2.617497
2022-07-22,273,2.949184
2022-07-22,365,3.203054
2022-07-22,547,3.498644
2022-07-22,730,3.577206
2022-07-25,10,1.779958
2022-07-25,30,1.897944
2022-07-25,60,2.065751
2022-07-25,91,2.227875
2022-07-25,122,2.378867
2022-07-25,152,2.514706
2022-07-25,182,2.640738
2022-07-25,273,2.966155
2022-07-25,365,3.214896
2022-07-25,547,3.503361
2022-07-25,730,3.577864
2022-07-26,10,1.819017
2022-07-26,30,1.934838
2022-07-26,60,2.099542
2022-07-26,91,2.258636
2022-07-26,122,2.406776
2022-07-26,152,2.540015
2022-07-26,182,2.663602
2022-07-26,273,2.982493
2022-07-26,365,3.225886
2022-07-26,547,3.506905
2022-07-26,730,3.577169
2022-07-27,10,1.856936
2022-07-27,30,1.970556
2022-07-27,60,2.132103
2022-07-27,91,2.288112
2022-07-27,122,2.433342
2022-07-27,152,2.563927
2022-07-27,182,2.685013
2022-07-27,273,2.997209
2022-07-27,365,3.235089
2022-07-27,547,3.508361
2022-07-27,730,3.574142
2022-07-28,10,1.898166
2022-07-28,30,2.009143
2022-07-28,60,2.166901
2022-07-28,91,2.319211
2022-07-28,122,2.460953
2022-07-28,152,2.588359
2022-07-28,182,2.706454
2022-07-28,273,3.010664
2022-07-28,365,3.242003
2022-07-28,547,3.506239
2022-07-28,730,3.567081
2022-07-29,10,1.938255
2022-07-29,30,2.04658
2022-07-29,60,2.200532
2022-07-29,91,2.349123
2022-07-29,122,2.487356
2022-07-29,152,2.611561
2022-07-29,182,2.726641
2022-07-29,273,3.022783
2022-07-29,365,3.24749
2022-07-29,547,3.502493
2022-07-29,730,3.5582
2022-08-01,10,1.978446
2022-08-01,30,2.084158
2022-08-01,60,2.234358
2022-08-01,91,2.379275
2022-08-01,122,2.514037
2022-08-01,152,2.635069
2022-08-01,182,2.747153
2022-08-01,273,3.035245
2022-08-01,365,3.253279
2022-08-01,547,3.498827
2022-08-01,730,3.549044
2022-08-02,10,2.012097
2022-08-02,30,2.115946
2022-08-02,60,2.263459
2022-08-02,91,2.405735
2022-08-02,122,2.537988
2022-08-02,152,2.656715
2022-08-02,182,2.766613
2022-08-02,273,3.048754
2022-08-02,365,3.26174
2022-08-02,547,3.499778
2022-08-02,730,3.545107
2022-08-03,10,2.046672
2022-08-03,30,2.148632
2022-08-03,60,2.293427
2022-08-03,91,2.433035
2022-08-03,122,2.562761
2022-08-03,152,2.679173
2022-08-03,182,2.786878
2022-08-03,273,3.063089
2022-08-03,365,3.2711
2022-08-03,547,3.5019
2022-08-03,730,3.542755
2022-08-04,10,2.08293
2022-08-04,30,2.182913
2022-08-04,60,2.324863
2022-08-04,91,2.461681
2022-08-04,122,2.588763
2022-08-04,152,2.702753
2022-08-04,182,2.808165
2022-08-04,273,3.078178
2022-08-04,365,3.280993
2022-08-04,547,3.504264
2022-08-04,730,3.540511
2022-08-05,10,2.111603
2022-08-05,30,2.210604
2022-08-05,60,2.351123
2022-08-05,91,2.486511
2022-08-05,122,2.612214
2022-08-05,152,2.724915
2022-08-05,182,2.829083
2022-08-05,273,3.09558
2022-08-05,365,3.295211
2022-08-05,547,3.513145
2022-08-05,730,3.545096
2022-08-08,10,2.137131
2022-08-08,30,2.235578
2022-08-08,60,2.375272
2022-08-08,91,2.509815
2022-08-08,122,2.63468
2022-08-08,152,2.746576
2022-08-08,182,2.849947
2022-08-08,273,3.114066
2022-08-08,365,3.311355
2022-08-08,547,3.524841
2022-08-08,730,3.552565
2022-08-09,10,2.164928
2022-08-09,30,2.262705
2022-08-09,60,2.40141
2022-08-09,91,2.534955
2022-08-09,122,2.658843
2022-08-09,152,2.769815
2022-08-09,182,2.87228
2022-08-09,273,3.133771
2022-08-09,365,3.328572
2022-08-09,547,3.537581
2022-08-09,730,3.561315
2022-08-10,10,2.195061
2022-08-10,30,2.291951
2022-08-10,60,2.429363
2022-08-10,91,2.561618
2022-08-10,122,2.684263
2022-08-10,152,2.794075
2022-08-10,182,2.895423
2022-08-10,273,3.153761
2022-08-10,365,3.345716
2022-08-10,547,3.549982
2022-08-10,730,3.569916
2022-08-11,10,2.22341
2022-08-11,30,2.319504
2022-08-11,60,2.455758
2022-08-11,91,2.58686
2022-08-11,122,2.708395
2022-08-11,152,2.817172
2022-08-11,182,2.917522
2022-08-11,273,3.173057
2022-08-11,365,3.36249
2022-08-11,547,3.562574
2022-08-11,730,3.579178
2022-08-12,10,2.252976
2022-08-12,30,2.34809
2022-08-12,60,2.482929
2022-08-12,91,2.612637
2022-08-12,122,2.732844
2022-08-12,152,2.840398
2022-08-12,182,2.939584
2022-08-12,273,3.191927
2022-08-12,365,3.378614
2022-08-12,547,3.574482
2022-08-12,730,3.588133
2022-08-15,10,2.281314
2022-08-15,30,2.375458
2022-08-15,60,2.508899
2022-08-15,91,2.637228
2022-08-15,122,2.756123
2022-08-15,152,2.862469
2022-08-15,182,2.960505
2022-08-15,273,3.2097
2022-08-15,365,3.393684
2022-08-15,547,3.585418
2022-08-15,730,3.596196
2022-08-16,10,2.306255
2022-08-16,30,2.399779
2022-08-16,60,2.532314
2022-08-16,91,2.659737
2022-08-16,122,2.777756
2022-08-16,152,2.883282
2022-08-16,182,2.980524
2022-08-16,273,3.227465
2022-08-16,365,3.409387
2022-08-16,547,3.597598
2022-08-16,730,3.605435
2022-08-17,10,2.331591
2022-08-17,30,2.424563
2022-08-17,60,2.55629
2022-08-17,91,2.682904
2022-08-17,122,2.800138
2022-08-17,152,2.904928
2022-08-17,182,3.001456
2022-08-17,273,3.246357
2022-08-17,365,3.426399
2022-08-17,547,3.611355
2022-08-17,730,3.616418
2022-08-18,10,2.362747
2022-08-18,30,2.454452
2022-08-18,60,2.584361
2022-08-18,91,2.709201
2022-08-18,122,2.824762
2022-08-18,152,2.928027
2022-08-18,182,3.023121
2022-08-18,273,3.26419
2022-08-18,365,3.441088
2022-08-18,547,3.621672
2022-08-18,730,3.624275
2022-08-19,10,2.390555
2022-08-19,30,2.481231
2022-08-19,60,2.609667
2022-08-19,91,2.733068
2022-08-19,122,2.847275
2022-08-19,152,2.949305
2022-08-19,182,3.043237
2022-08-19,273,3.281206
2022-08-19,365,3.455564
2022-08-19,547,3.632616
2022-08-19,730,3.633221
2022-08-22,10,2.414256
2022-08-22,30,2.504357
2022-08-22,60,2.631965
2022-08-22,91,2.754554
2022-08-22,122,2.867991
2022-08-22,152,2.969315
2022-08-22,182,3.062578
2022-08-22,273,3.298733
2022-08-22,365,3.471556
2022-08-22,547,3.646311
2022-08-22,730,3.645356
2022-08-23,10,2.432979
2022-08-23,30,2.522973
2022-08-23,60,2.65042
2022-08-23,91,2.772843
2022-08-23,122,2.886113
2022-08-23,152,2.987275
2022-08-23,182,3.080375
2022-08-23,273,3.31603
2022-08-23,365,3.488336
2022-08-23,547,3.662024
2022-08-23,730,3.659914
2022-08-24,10,2.447901
2022-08-24,30,2.537866
2022-08-24,60,2.665275
2022-08-24,91,2.787664
2022-08-24,122,2.900906
2022-08-24,152,3.002046
2022-08-24,182,3.095128
2022-08-24,273,3.330748
2022-08-24,365,3.503041
2022-08-24,547,3.676718
2022-08-24,730,3.674532
2022-08-25,10,2.467588
2022-08-25,30,2.557173
2022-08-25,60,2.684045
2022-08-25,91,2.805919
2022-08-25,122,2.918686
2022-08-25,152,3.019402
2022-08-25,182,3.112095
2022-08-25,273,3.346732
2022-08-25,365,3.518301
2022-08-25,547,3.691193
2022-08-25,730,3.688828
2022-08-26,10,2.476475
2022-08-26,30,2.566642
2022-08-26,60,2.694341
2022-08-26,91,2.817014
2022-08-26,122,2.930523
2022-08-26,152,3.031907
2022-08-26,182,3.125217
2022-08-26,273,3.361436
2022-08-26,365,3.53419
2022-08-26,547,3.708343
2022-08-26,730,3.706037
2022-08-29,10,2.483224
2022-08-29,30,2.57424
2022-08-29,60,2.703146
2022-08-29,91,2.826983
2022-08-29,122,2.941576
2022-08-29,152,3.043932
2022-08-29,182,3.138143
2022-08-29,273,3.376674
2022-08-29,365,3.551167
2022-08-29,547,3.727214
2022-08-29,730,3.725125
2022-08-30,10,2.494947
2022-08-30,30,2.58655
2022-08-30,60,2.716288
2022-08-30,91,2.840927
2022-08-30,122,2.956264
2022-08-30,152,3.059286
2022-08-30,182,3.154112
2022-08-30,273,3.394205
2022-08-30,365,3.56985
2022-08-30,547,3.747067
2022-08-30,730,3.744939
2022-08-31,10,2.513245
2022-08-31,30,2.604684
2022-08-31,60,2.734194
2022-08-31,91,2.858618
2022-08-31,122,2.973761
2022-08-31,152,3.076613
2022-08-31,182,3.171287
2022-08-31,273,3.411022
2022-08-31,365,3.586442
2022-08-31,547,3.76354
2022-08-31,730,3.76159
2022-09-01,10,2.531066
2022-09-01,30,2.622549
2022-09-01,60,2.752124
2022-09-01,91,2.876615
2022-09-01,122,2.991822
2022-09-01,152,3.094736
2022-09-01,182,3.18947
2022-09-01,273,3.429379
2022-09-01,365,3.604958
2022-09-01,547,3.782307
2022-09-01,730,3.780501
2022-09-02,10,2.537129
2022-09-02,30,2.629483
2022-09-02,60,2.760293
2022-09-02,91,2.885972
2022-09-02,122,3.002281
2022-09-02,152,3.106182
2022-09-02,182,3.201826
2022-09-02,273,3.444054
2022-09-02,365,3.621355
2022-09-02,547,3.800535
2022-09-02,730,3.798908
2022-09-06,10,2.548994
2022-09-06,30,2.641918
2022-09-06,60,2.773536
2022-09-06,91,2.899989
2022-09-06,122,3.017014
2022-09-06,152,3.121554
2022-09-06,182,3.217786
2022-09-06,273,3.461498
2022-09-06,365,3.63988
2022-09-06,547,3.820142
2022-09-06,730,3.818499
2022-09-07,10,2.567384
2022-09-07,30,2.660289
2022-09-07,60,2.791876
2022-09-07,91,2.918295
2022-09-07,122,3.035283
2022-09-07,152,3.139785
2022-09-07,182,3.235976
2022-09-07,273,3.479555
2022-09-07,365,3.657787
2022-09-07,547,3.837722
2022-09-07,730,3.835731
2022-09-08,10,2.5875
2022-09-08,30,2.680268
2022-09-08,60,2.811655
2022-09-08,91,2.937875
2022-09-08,122,3.05467
2022-09-08,152,3.158992
2022-09-08,182,3.255009
2022-09-08,273,3.498096
2022-09-08,365,3.675885
2022-09-08,547,3.855088
2022-09-08,730,3.852539
2022-09-09,10,2.599457
2022-09-09,30,2.692936
2022-09-09,60,2.825321
2022-09-09,91,2.952488
2022-09-09,122,3.070149
2022-09-09,152,3.175232
2022-09-09,182,3.271939
2022-09-09,273,3.516701
2022-09-09,365,3.695602
2022-09-09,547,3.875557
2022-09-09,730,3.872284
2022-09-12,10,2.617319
2022-09-12,30,2.711042
2022-09-12,60,2.84376
2022-09-12,91,2.971234
2022-09-12,122,3.089163
2022-09-12,152,3.194471
2022-09-12,182,3.29137
2022-09-12,273,3.536527
2022-09-12,365,3.715564
2022-09-12,547,3.895155
2022-09-12,730,3.890896
2022-09-13,10,2.63
2022-09-13,30,2.72484
2022-09-13,60,2.85913
2022-09-13,91,2.988098
2022-09-13,122,3.107393
2022-09-13,152,3.213905
2022-09-13,182,3.311897
2022-09-13,273,3.559718
2022-09-13,365,3.740544
2022-09-13,547,3.921405
2022-09-13,730,3.916097
2022-09-14,10,2.646141
2022-09-14,30,2.742192
2022-09-14,60,2.87818
2022-09-14,91,3.008758
2022-09-14,122,3.129521
2022-09-14,152,3.237324
2022-09-14,182,3.33648
2022-09-14,273,3.587118
2022-09-14,365,3.769783
2022-09-14,547,3.951773
2022-09-14,730,3.945021
2022-09-15,10,2.669984
2022-09-15,30,2.766682
2022-09-15,60,2.903572
2022-09-15,91,3.034999
2022-09-15,122,3.15653
2022-09-15,152,3.265
2022-09-15,182,3.364752
2022-09-15,273,3.616783
2022-09-15,365,3.800279
2022-09-15,547,3.982469
2022-09-15,730,3.974446
2022-09-16,10,2.687695
2022-09-16,30,2.785683
2022-09-16,60,2.924386
2022-09-16,91,3.057535
2022-09-16,122,3.18064
2022-09-16,152,3.290497
2022-09-16,182,3.391505
2022-09-16,273,3.646595
2022-09-16,365,3.832128
2022-09-16,547,4.015711
2022-09-16,730,4.006367
2022-09-19,10,2.70884
2022-09-19,30,2.807825
2022-09-19,60,2.947928
2022-09-19,91,3.082404
2022-09-19,122,3.20672
2022-09-19,152,3.317641
2022-09-19,182,3.419612
2022-09-19,273,3.677029
2022-09-19,365,3.86409
2022-09-19,547,4.048627
2022-09-19,730,4.03812
2022-09-20,10,2.727007
2022-09-20,30,2.827064
2022-09-20,60,2.968677
2022-09-20,91,3.104594
2022-09-20,122,3.230233
2022-09-20,152,3.342324
2022-09-20,182,3.445362
2022-09-20,273,3.70542
2022-09-20,365,3.894309
2022-09-20,547,4.080365
2022-09-20,730,4.06922
2022-09-21,10,2.744025
2022-09-21,30,2.845304
2022-09-21,60,2.988639
2022-09-21,91,3.1262
2022-09-21,122,3.25335
2022-09-21,152,3.366782
2022-09-21,182,3.471043
2022-09-21,273,3.734134
2022-09-21,365,3.925143
2022-09-21,547,4.113021
2022-09-21,730,4.101257
2022-09-22,10,2.759425
2022-09-22,30,2.862142
2022-09-22,60,3.007509
2022-09-22,91,3.147019
2022-09-22,122,3.275965
2022-09-22,152,3.390996
2022-09-22,182,3.496725
2022-09-22,273,3.763501
2022-09-22,365,3.95716
2022-09-22,547,4.147573
2022-09-22,730,4.135543
2022-09-23,10,2.771366
2022-09-23,30,2.875816
2022-09-23,60,3.02364
2022-09-23,91,3.165512
2022-09-23,122,3.296645
2022-09-23,152,3.413632
2022-09-23,182,3.521162
2022-09-23,273,3.792514
2022-09-23,365,3.989546
2022-09-23,547,4.183469
2022-09-23,730,4.171649
2022-09-26,10,2.779262
2022-09-26,30,2.885652
2022-09-26,60,3.036235
2022-09-26,91,3.180774
2022-09-26,122,3.314394
2022-09-26,152,3.433619
2022-09-26,182,3.543228
2022-09-26,273,3.819958
2022-09-26,365,4.021115
2022-09-26,547,4.219859
2022-09-26,730,4.209329
2022-09-27,10,2.795098
2022-09-27,30,2.902562
2022-09-27,60,3.054682
2022-09-27,91,3.200716
2022-09-27,122,3.335741
2022-09-27,152,3.45624
2022-09-27,182,3.567042
2022-09-27,273,3.846923
2022-09-27,365,4.050602
2022-09-27,547,4.252641
2022-09-27,730,4.243609
2022-09-28,10,2.812509
2022-09-28,30,2.920532
2022-09-28,60,3.073455
2022-09-28,91,3.220276
2022-09-28,122,3.356043
2022-09-28,152,3.477223
2022-09-28,182,3.588668
2022-09-28,273,3.870279
2022-09-28,365,4.075397
2022-09-28,547,4.279498
2022-09-28,730,4.2717
2022-09-29,10,2.830904
2022-09-29,30,2.939189
2022-09-29,60,3.092496
2022-09-29,91,3.239702
2022-09-29,122,3.375842
2022-09-29,152,3.497372
2022-09-29,182,3.609156
2022-09-29,273,3.891732
2022-09-29,365,4.09774
2022-09-29,547,4.303373
2022-09-29,730,4.296868
2022-09-30,10,2.843575
2022-09-30,30,2.952625
2022-09-30,60,3.10702
2022-09-30,91,3.25528
2022-09-30,122,3.392406
2022-09-30,152,3.514825
2022-09-30,182,3.627437
2022-09-30,273,3.912177
2022-09-30,365,4.119877
2022-09-30,547,4.327619
2022-09-30,730,4.321953
2022-10-03,10,2.867146
2022-10-03,30,2.975864
2022-10-03,60,3.129795
2022-10-03,91,3.277613
2022-10-03,122,3.414336
2022-10-03,152,3.5364
2022-10-03,182,3.648692
2022-10-03,273,3.932657
2022-10-03,365,4.139854
2022-10-03,547,4.347316
2022-10-03,730,4.342135
2022-10-04,10,2.892157
2022-10-04,30,3.000399
2022-10-04,60,3.153651
2022-10-04,91,3.300813
2022-10-04,122,3.436922
2022-10-04,152,3.558434
2022-10-04,182,3.670212
2022-10-04,273,3.952843
2022-10-04,365,4.159015
2022-10-04,547,4.365281
2022-10-04,730,4.359814
2022-10-05,10,2.918456
2022-10-05,30,3.02608
2022-10-05,60,3.178451
2022-10-05,91,3.324758
2022-10-05,122,3.46007
2022-10-05,152,3.580861
2022-10-05,182,3.691968
2022-10-05,273,3.972855
2022-10-05,365,4.177674
2022-10-05,547,4.382329
2022-10-05,730,4.376403
2022-10-06,10,2.940267
2022-10-06,30,3.047651
2022-10-06,60,3.199677
2022-10-06,91,3.345647
2022-10-06,122,3.480642
2022-10-06,152,3.601144
2022-10-06,182,3.711979
2022-10-06,273,3.992145
2022-10-06,365,4.196384
2022-10-06,547,4.400293
2022-10-06,730,4.394083
2022-10-07,10,2.961055
2022-10-07,30,3.068498
2022-10-07,60,3.220607
2022-10-07,91,3.366655
2022-10-07,122,3.501719
2022-10-07,152,3.622281
2022-10-07,182,3.73317
2022-10-07,273,4.013457
2022-10-07,365,4.217767
2022-10-07,547,4.421695
2022-10-07,730,4.415404
2022-10-10,10,2.981162
2022-10-10,30,3.0887
2022-10-10,60,3.240942
2022-10-10,91,3.387119
2022-10-10,122,3.522302
2022-10-10,152,3.642971
2022-10-10,182,3.75396
2022-10-10,273,4.034505
2022-10-10,365,4.239016
2022-10-10,547,4.443201
2022-10-10,730,4.437044
2022-10-11,10,3.003813
2022-10-11,30,3.11119
2022-10-11,60,3.263207
2022-10-11,91,3.409172
2022-10-11,122,3.544164
2022-10-11,152,3.664666
2022-10-11,182,3.775506
2022-10-11,273,4.055702
2022-10-11,365,4.260005
2022-10-11,547,4.464148
2022-10-11,730,4.458336
2022-10-12,10,3.025876
2022-10-12,30,3.132996
2022-10-12,60,3.284652
2022-10-12,91,3.430271
2022-10-12,122,3.564945
2022-10-12,152,3.685165
2022-10-12,182,3.795747
2022-10-12,273,4.075303
2022-10-12,365,4.27916
2022-10-12,547,4.482939
2022-10-12,730,4.477322
2022-10-13,10,3.04924
2022-10-13,30,3.156208
2022-10-13,60,3.30765
2022-10-13,91,3.453066
2022-10-13,122,3.587554
2022-10-13,152,3.707611
2022-10-13,182,3.818045
2022-10-13,273,4.097244
2022-10-13,365,4.300865
2022-10-13,547,4.504491
2022-10-13,730,4.499044
2022-10-14,10,3.066228
2022-10-14,30,3.173916
2022-10-14,60,3.326373
2022-10-14,91,3.472759
2022-10-14,122,3.60814
2022-10-14,152,3.728988
2022-10-14,182,3.840145
2022-10-14,273,4.121143
2022-10-14,365,4.326032
2022-10-14,547,4.530797
2022-10-14,730,4.525097
2022-10-17,10,3.087414
2022-10-17,30,3.195631
2022-10-17,60,3.348828
2022-10-17,91,3.495913
2022-10-17,122,3.631928
2022-10-17,152,3.753332
2022-10-17,182,3.864988
2022-10-17,273,4.147175
2022-10-17,365,4.352817
2022-10-17,547,4.55796
2022-10-17,730,4.551532
2022-10-18,10,3.101407
2022-10-18,30,3.211137
2022-10-18,60,3.366451
2022-10-18,91,3.515535
2022-10-18,122,3.653364
2022-10-18,152,3.776352
2022-10-18,182,3.889431
2022-10-18,273,4.175007
2022-10-18,365,4.382784
2022-10-18,547,4.588985
2022-10-18,730,4.580477
2022-10-19,10,3.119805
2022-10-19,30,3.230949
2022-10-19,60,3.388229
2022-10-19,91,3.539157
2022-10-19,122,3.678644
2022-10-19,152,3.803068
2022-10-19,182,3.917422
2022-10-19,273,4.205942
2022-10-19,365,4.415418
2022-10-19,547,4.621868
2022-10-19,730,4.610574
2022-10-20,10,3.12931
2022-10-20,30,3.242678
2022-10-20,60,3.403071
2022-10-20,91,3.55694
2022-10-20,122,3.6991
2022-10-20,152,3.825862
2022-10-20,182,3.942319
2022-10-20,273,4.235868
2022-10-20,365,4.448553
2022-10-20,547,4.656756
2022-10-20,730,4.64268
2022-10-21,10,3.144673
2022-10-21,30,3.259602
2022-10-21,60,3.422158
2022-10-21,91,3.578043
2022-10-21,122,3.722004
2022-10-21,152,3.850313
2022-10-21,182,3.96813
2022-10-21,273,4.264742
2022-10-21,365,4.479058
2022-10-21,547,4.686959
2022-10-21,730,4.669223
2022-10-24,10,3.154877
2022-10-24,30,3.271699
2022-10-24,60,3.436883
2022-10-24,91,3.595225
2022-10-24,122,3.74139
2022-10-24,152,3.8716
2022-10-24,182,3.991098
2022-10-24,273,4.291549
2022-10-24,365,4.508011
2022-10-24,547,4.715972
2022-10-24,730,4.694292
2022-10-25,10,3.162945
2022-10-25,30,3.281764
2022-10-25,60,3.449717
2022-10-25,91,3.610646
2022-10-25,122,3.759128
2022-10-25,152,3.891332
2022-10-25,182,4.012591
2022-10-25,273,4.317043
2022-10-25,365,4.5357
2022-10-25,547,4.74354
2022-10-25,730,4.717461
2022-10-26,10,3.163529
2022-10-26,30,3.28475
2022-10-26,60,3.456044
2022-10-26,91,3.620106
2022-10-26,122,3.771406
2022-10-26,152,3.90605
2022-10-26,182,4.029474
2022-10-26,273,4.33893
2022-10-26,365,4.56048
2022-10-26,547,4.768795
2022-10-26,730,4.738112
2022-10-27,10,3.160631
2022-10-27,30,3.284418
2022-10-27,60,3.459282
2022-10-27,91,3.626687
2022-10-27,122,3.780994
2022-10-27,152,3.918237
2022-10-27,182,4.043967
2022-10-27,273,4.358735
2022-10-27,365,4.58333
2022-10-27,547,4.792018
2022-10-27,730,4.756228
2022-10-28,10,3.162025
2022-10-28,30,3.287872
2022-10-28,60,3.46559
2022-10-28,91,3.635659
2022-10-28,122,3.792347
2022-10-28,152,3.931637
2022-10-28,182,4.059169
2022-10-28,273,4.378004
2022-10-28,365,4.604776
2022-10-28,547,4.813095
2022-10-28,730,4.772432
2022-10-31,10,3.16061
2022-10-31,30,3.288846
2022-10-31,60,3.469886
2022-10-31,91,3.643066
2022-10-31,122,3.80255
2022-10-31,152,3.944256
2022-10-31,182,4.073932
2022-10-31,273,4.397696
2022-10-31,365,4.627279
2022-10-31,547,4.835881
2022-10-31,730,4.790372
2022-11-01,10,3.163542
2022-11-01,30,3.293781
2022-11-01,60,3.477602
2022-11-01,91,3.653384
2022-11-01,122,3.815204
2022-11-01,152,3.958926
2022-11-01,182,4.090384
2022-11-01,273,4.418226
2022-11-01,365,4.650092
2022-11-01,547,4.858742
2022-11-01,730,4.808948
2022-11-02,10,3.160315
2022-11-02,30,3.293067
2022-11-02,60,3.480404
2022-11-02,91,3.659507
2022-11-02,122,3.824342
2022-11-02,152,3.9707
2022-11-02,182,4.104528
2022-11-02,273,4.438023
2022-11-02,365,4.67347
2022-11-02,547,4.88397
2022-11-02,730,4.83084
2022-11-03,10,3.166479
2022-11-03,30,3.300975
2022-11-03,60,3.490744
2022-11-03,91,3.672136
2022-11-03,122,3.839037
2022-11-03,152,3.987192
2022-11-03,182,4.122623
2022-11-03,273,4.459876
2022-11-03,365,4.697586
2022-11-03,547,4.90881
2022-11-03,730,4.852715
2022-11-04,10,3.177349
2022-11-04,30,3.313085
2022-11-04,60,3.504576
2022-11-04,91,3.687579
2022-11-04,122,3.855929
2022-11-04,152,4.005333
2022-11-04,182,4.141872
2022-11-04,273,4.481663
2022-11-04,365,4.720805
2022-11-04,547,4.9321
2022-11-04,730,4.873389
2022-11-07,10,3.196862
2022-11-07,30,3.333117
2022-11-07,60,3.525314
2022-11-07,91,3.708956
2022-11-07,122,3.877855
2022-11-07,152,4.027711
2022-11-07,182,4.164624
2022-11-07,273,4.505116
2022-11-07,365,4.744367
2022-11-07,547,4.954459
2022-11-07,730,4.893227
2022-11-08,10,3.210036
2022-11-08,30,3.347307
2022-11-08,60,3.540909
2022-11-08,91,3.725861
2022-11-08,122,3.89593
2022-11-08,152,4.046789
2022-11-08,182,4.184584
2022-11-08,273,4.527052
2022-11-08,365,4.767336
2022-11-08,547,4.977131
2022-11-08,730,4.913333
2022-11-09,10,3.230098
2022-11-09,30,3.367689
2022-11-09,60,3.561708
2022-11-09,91,3.747012
2022-11-09,122,3.917357
2022-11-09,152,4.068414
2022-11-09,182,4.206341
2022-11-09,273,4.548841
2022-11-09,365,4.78866
2022-11-09,547,4.996393
2022-11-09,730,4.929551
2022-11-10,10,3.256488
2022-11-10,30,3.39348
2022-11-10,60,3.586605
2022-11-10,91,3.770991
2022-11-10,122,3.940426
2022-11-10,152,4.090608
2022-11-10,182,4.227668
2022-11-10,273,4.567594
2022-11-10,365,4.804909
2022-11-10,547,5.008064
2022-11-10,730,4.937257
2022-11-11,10,3.276391
2022-11-11,30,3.413206
2022-11-11,60,3.606025
2022-11-11,91,3.790048
2022-11-11,122,3.959071
2022-11-11,152,4.108815
2022-11-11,182,4.245398
2022-11-11,273,4.583663
2022-11-11,365,4.819027
2022-11-11,547,5.017785
2022-11-11,730,4.942282
2022-11-14,10,3.304144
2022-11-14,30,3.440045
2022-11-14,60,3.631513
2022-11-14,91,3.814165
2022-11-14,122,3.981846
2022-11-14,152,4.130317
2022-11-14,182,4.265652
2022-11-14,273,4.600294
2022-11-14,365,4.832247
2022-11-14,547,5.025023
2022-11-14,730,4.944576
2022-11-15,10,3.332056
2022-11-15,30,3.466966
2022-11-15,60,3.656969
2022-11-15,91,3.838134
2022-11-15,122,4.004354
2022-11-15,152,4.151436
2022-11-15,182,4.285409
2022-11-15,273,4.61608
2022-11-15,365,4.844272
2022-11-15,547,5.0304
2022-11-15,730,4.9444
2022-11-16,10,3.36026
2022-11-16,30,3.494219
2022-11-16,60,3.682803
2022-11-16,91,3.862511
2022-11-16,122,4.027284
2022-11-16,152,4.172976
2022-11-16,182,4.305572
2022-11-16,273,4.632147
2022-11-16,365,4.85635
2022-11-16,547,5.035152
2022-11-16,730,4.942739
2022-11-17,10,3.389804
2022-11-17,30,3.522818
2022-11-17,60,3.709989
2022-11-17,91,3.888246
2022-11-17,122,4.051578
2022-11-17,152,4.195886
2022-11-17,182,4.327109
2022-11-17,273,4.649599
2022-11-17,365,4.869815
2022-11-17,547,5.041269
2022-11-17,730,4.942381
2022-11-18,10,3.416868
2022-11-18,30,3.549155
2022-11-18,60,3.735233
2022-11-18,91,3.912357
2022-11-18,122,4.074555
2022-11-18,152,4.217766
2022-11-18,182,4.347892
2022-11-18,273,4.667075
2022-11-18,365,4.883997
2022-11-18,547,5.049206
2022-11-18,730,4.9446
2022-11-21,10,3.446577
2022-11-21,30,3.577979
2022-11-21,60,3.762744
2022-11-21,91,3.938529
2022-11-21,122,4.099407
2022-11-21,152,4.241359
2022-11-21,182,4.370245
2022-11-21,273,4.68578
2022-11-21,365,4.899201
2022-11-21,547,5.058084
2022-11-21,730,4.947997
2022-11-22,10,3.476187
2022-11-22,30,3.60682
2022-11-22,60,3.790431
2022-11-22,91,3.965024
2022-11-22,122,4.124711
2022-11-22,152,4.265513
2022-11-22,182,4.393252
2022-11-22,273,4.70534
2022-11-22,365,4.915345
2022-11-22,547,5.067783
2022-11-22,730,4.951826
2022-11-23,10,3.511646
2022-11-23,30,3.640994
2022-11-23,60,3.822719
2022-11-23,91,3.995415
2022-11-23,122,4.153259
2022-11-23,152,4.292326
2022-11-23,182,4.418378
2022-11-23,273,4.72564
2022-11-23,365,4.931199
2022-11-23,547,5.076069
2022-11-23,730,4.954054
2022-11-25,10,3.55658
2022-11-25,30,3.683555
2022-11-25,60,3.861862
2022-11-25,91,4.031202
2022-11-25,122,4.185861
2022-11-25,152,4.322007
2022-11-25,182,4.445292
2022-11-25,273,4.745057
2022-11-25,365,4.944316
2022-11-25,547,5.080049
2022-11-25,730,4.952523
2022-11-28,10,3.598583
2022-11-28,30,3.723404
2022-11-28,60,3.898604
2022-11-28,91,4.064884
2022-11-28,122,4.216634
2022-11-28,152,4.350104
2022-11-28,182,4.470847
2022-11-28,273,4.763683
2022-11-28,365,4.957057
2022-11-28,547,5.084077
2022-11-28,730,4.951058
2022-11-29,10,3.637916
2022-11-29,30,3.760842
2022-11-29,60,3.9333
2022-11-29,91,4.096871
2022-11-29,122,4.246036
2022-11-29,152,4.377121
2022-11-29,182,4.495588
2022-11-29,273,4.782171
2022-11-29,365,4.970157
2022-11-29,547,5.088979
2022-11-29,730,4.950509
2022-11-30,10,3.66447
2022-11-30,30,3.786595
2022-11-30,60,3.957852
2022-11-30,91,4.120188
2022-11-30,122,4.268123
2022-11-30,152,4.398022
2022-11-30,182,4.515312
2022-11-30,273,4.79837
2022-11-30,365,4.98289
2022-11-30,547,5.095238
2022-11-30,730,4.95094
2022-12-01,10,3.692022
2022-12-01,30,3.813129
2022-12-01,60,3.982873
2022-12-01,91,4.143662
2022-12-01,122,4.290069
2022-12-01,152,4.418509
2022-12-01,182,4.534356
2022-12-01,273,4.813162
2022-12-01,365,4.99358
2022-12-01,547,5.098474
2022-12-01,730,4.947684
2022-12-02,10,3.717668
2022-12-02,30,3.837979
2022-12-02,60,4.006516
2022-12-02,91,4.16604
2022-12-02,122,4.311168
2022-12-02,152,4.438358
2022-12-02,182,4.552945
2022-12-02,273,4.827885
2022-12-02,365,5.004368
2022-12-02,547,5.101598
2022-12-02,730,4.943601
2022-12-05,10,3.737688
2022-12-05,30,3.857713
2022-12-05,60,4.025766
2022-12-05,91,4.184728
2022-12-05,122,4.329231
2022-12-05,152,4.45576
2022-12-05,182,4.569637
2022-12-05,273,4.842137
2022-12-05,365,5.015789
2022-12-05,547,5.106694
2022-12-05,730,4.941947
2022-12-06,10,3.758363
2022-12-06,30,3.877778
2022-12-06,60,4.044898
2022-12-06,91,4.202873
2022-12-06,122,4.346371
2022-12-06,152,4.47191
2022-12-06,182,4.584781
2022-12-06,273,4.85416
2022-12-06,365,5.024587
2022-12-06,547,5.109105
2022-12-06,730,4.93827
2022-12-07,10,3.77562
2022-12-07,30,3.894608
2022-12-07,60,4.061052
2022-12-07,91,4.218286
2022-12-07,122,4.361
2022-12-07,152,4.485744
2022-12-07,182,4.597787
2022-12-07,273,4.864472
2022-12-07,365,5.031952
2022-12-07,547,5.11026
2022-12-07,730,4.933136
2022-12-08,10,3.801655
2022-12-08,30,3.91941
2022-12-08,60,4.084037
2022-12-08,91,4.239432
2022-12-08,122,4.380348
2022-12-08,152,4.50339
2022-12-08,182,4.613768
2022-12-08,273,4.875637
2022-12-08,365,5.038608
2022-12-08,547,5.109083
2022-12-08,730,4.92557
2022-12-09,10,3.831972
2022-12-09,30,3.947929
2022-12-09,60,4.109943
2022-12-09,91,4.262746
2022-12-09,122,4.401176
2022-12-09,152,4.521913
2022-12-09,182,4.630082
2022-12-09,273,4.885819
2022-12-09,365,5.04342
2022-12-09,547,5.105514
2022-12-09,730,4.916221
2022-12-12,10,3.86059
2022-12-12,30,3.975041
2022-12-12,60,4.134868
2022-12-12,91,4.285501
2022-12-12,122,4.42185
2022-12-12,152,4.540655
2022-12-12,182,4.646973
2022-12-12,273,4.897567
2022-12-12,365,5.050653
2022-12-12,547,5.105647
2022-12-12,730,4.911352
2022-12-13,10,3.882144
2022-12-13,30,3.995407
2022-12-13,60,4.153504
2022-12-13,91,4.302408
2022-12-13,122,4.43709
2022-12-13,152,4.55434
2022-12-13,182,4.659157
2022-12-13,273,4.90553
2022-12-13,365,5.054833
2022-12-13,547,5.103674
2022-12-13,730,4.904805
2022-12-14,10,3.892165
2022-12-14,30,4.00507
2022-12-14,60,4.16261
2022-12-14,91,4.310914
2022-12-14,122,4.444972
2022-12-14,152,4.561597
2022-12-14,182,4.665771
2022-12-14,273,4.910094
2022-12-14,365,5.057206
2022-12-14,547,5.10155
2022-12-14,730,4.898233
2022-12-15,10,3.896033
2022-12-15,30,4.009303
2022-12-15,60,4.167296
2022-12-15,91,4.315957
2022-12-15,122,4.450263
2022-12-15,152,4.567028
2022-12-15,182,4.671249
2022-12-15,273,4.915186
2022-12-15,365,5.061199
2022-12-15,547,5.101748
2022-12-15,730,4.893262
2022-12-16,10,3.895834
2022-12-16,30,4.009572
2022-12-16,60,4.168169
2022-12-16,91,4.317334
2022-12-16,122,4.452028
2022-12-16,152,4.569061
2022-12-16,182,4.67345
2022-12-16,273,4.91733
2022-12-16,365,5.062519
2022-12-16,547,5.099683
2022-12-16,730,4.886299
2022-12-19,10,3.90804
2022-12-19,30,4.02106
2022-12-19,60,4.178587
2022-12-19,91,4.326656
2022-12-19,122,4.460264
2022-12-19,152,4.576259
2022-12-19,182,4.67962
2022-12-19,273,4.920463
2022-12-19,365,5.062722
2022-12-19,547,5.094589
2022-12-19,730,4.876696
2022-12-20,10,3.92031
2022-12-20,30,4.032578
2022-12-20,60,4.188988
2022-12-20,91,4.33592
2022-12-20,122,4.468408
2022-12-20,152,4.583335
2022-12-20,182,4.685645
2022-12-20,273,4.923412
2022-12-20,365,5.062743
2022-12-20,547,5.089434
2022-12-20,730,4.867282
2022-12-21,10,3.935589
2022-12-21,30,4.046806
2022-12-21,60,4.201681
2022-12-21,91,4.347076
2022-12-21,122,4.478078
2022-12-21,152,4.591614
2022-12-21,182,4.692582
2022-12-21,273,4.926557
2022-12-21,365,5.062481
2022-12-21,547,5.083649
2022-12-21,730,4.857509
2022-12-22,10,3.946967
2022-12-22,30,4.057605
2022-12-22,60,4.211613
2022-12-22,91,4.356114
2022-12-22,122,4.486225
2022-12-22,152,4.598904
2022-12-22,182,4.699018
2022-12-22,273,4.930447
2022-12-22,365,5.063884
2022-12-22,547,5.080505
2022-12-22,730,4.850489
2022-12-23,10,3.959999
2022-12-23,30,4.069832
2022-12-23,60,4.22266
2022-12-23,91,4.365978
2022-12-23,122,4.494943
2022-12-23,152,4.606548
2022-12-23,182,4.705622
2022-12-23,273,4.934106
2022-12-23,365,5.064881
2022-12-23,547,5.077161
2022-12-23,730,4.843999
2022-12-27,10,3.976057
2022-12-27,30,4.084961
2022-12-27,60,4.236439
2022-12-27,91,4.378417
2022-12-27,122,4.506095
2022-12-27,152,4.616506
2022-12-27,182,4.714437
2022-12-27,273,4.939745
2022-12-27,365,5.067747
2022-12-27,547,5.07576
2022-12-27,730,4.839812
2022-12-28,10,3.987105
2022-12-28,30,4.095517
2022-12-28,60,4.246263
2022-12-28,91,4.387495
2022-12-28,122,4.514439
2022-12-28,152,4.62415
2022-12-28,182,4.721392
2022-12-28,273,4.944689
2022-12-28,365,5.070787
2022-12-28,547,5.075488
2022-12-28,730,4.836929
2022-12-29,10,3.994993
2022-12-29,30,4.103194
2022-12-29,60,4.253609
2022-12-29,91,4.394478
2022-12-29,122,4.521039
2022-12-29,152,4.630364
2022-12-29,182,4.727204
2022-12-29,273,4.94921
2022-12-29,365,5.073921
2022-12-29,547,5.075805
2022-12-29,730,4.834595
2022-12-30,10,3.997328
2022-12-30,30,4.10589
2022-12-30,60,4.256782
2022-12-30,91,4.398065
2022-12-30,122,4.524965
2022-12-30,152,4.634547
2022-12-30,182,4.73158
2022-12-30,273,4.953803
2022-12-30,365,5.078245
2022-12-30,547,5.078494
2022-12-30,730,4.834756
2023-01-03,10,4.002951
2023-01-03,30,4.111739
2023-01-03,60,4.26291
2023-01-03,91,4.404409
2023-01-03,122,4.531454
2023-01-03,152,4.641112
2023-01-03,182,4.738162
2023-01-03,273,4.960102
2023-01-03,365,5.083813
2023-01-03,547,5.081657
2023-01-03,730,4.834797
2023-01-04,10,4.012935
2023-01-04,30,4.121626
2023-01-04,60,4.272607
2023-01-04,91,4.413859
2023-01-04,122,4.540607
2023-01-04,152,4.649935
2023-01-04,182,4.746614
2023-01-04,273,4.967208
2023-01-04,365,5.089282
2023-01-04,547,5.083363
2023-01-04,730,4.832524
2023-01-05,10,4.024954
2023-01-05,30,4.133281
2023-01-05,60,4.283702
2023-01-05,91,4.424357
2023-01-05,122,4.550494
2023-01-05,152,4.659216
2023-01-05,182,4.755278
2023-01-05,273,4.973945
2023-01-05,365,5.094021
2023-01-05,547,5.084178
2023-01-05,730,4.829727
2023-01-06,10,4.029066
2023-01-06,30,4.137603
2023-01-06,60,4.288276
2023-01-06,91,4.429115
2023-01-06,122,4.555359
2023-01-06,152,4.664118
2023-01-06,182,4.760152
2023-01-06,273,4.978379
2023-01-06,365,5.097537
2023-01-06,547,5.084847
2023-01-06,730,4.826764
2023-01-09,10,4.02697
2023-01-09,30,4.13615
2023-01-09,60,4.287685
2023-01-09,91,4.429289
2023-01-09,122,4.556178
2023-01-09,152,4.665449
2023-01-09,182,4.761892
2023-01-09,273,4.980765
2023-01-09,365,5.099777
2023-01-09,547,5.084943
2023-01-09,730,4.823098
2023-01-10,10,4.023764
2023-01-10,30,4.133706
2023-01-10,60,4.286267
2023-01-10,91,4.428789
2023-01-10,122,4.556457
2023-01-10,152,4.666355
2023-01-10,182,4.763305
2023-01-10,273,4.983041
2023-01-10,365,5.102006
2023-01-10,547,5.084949
2023-01-10,730,4.819001
2023-01-11,10,4.02617
2023-01-11,30,4.136303
2023-01-11,60,4.289081
2023-01-11,91,4.431742
2023-01-11,122,4.559467
2023-01-11,152,4.669346
2023-01-11,182,4.766206
2023-01-11,273,4.985281
2023-01-11,365,5.103061
2023-01-11,547,5.082536
2023-01-11,730,4.812281
2023-01-12,10,4.027081
2023-01-12,30,4.137386
2023-01-12,60,4.290352
2023-01-12,91,4.433126
2023-01-12,122,4.56088
2023-01-12,152,4.670715
2023-01-12,182,4.767462
2023-01-12,273,4.985812
2023-01-12,365,5.10235
2023-01-12,547,5.078265
2023-01-12,730,4.80362
2023-01-13,10,4.019412
2023-01-13,30,4.130532
2023-01-13,60,4.284604
2023-01-13,91,4.428376
2023-01-13,122,4.556991
2023-01-13,152,4.667531
2023-01-13,182,4.764865
2023-01-13,273,4.984309
2023-01-13,365,5.101026
2023-01-13,547,5.075118
2023-01-13,730,4.796684
2023-01-17,10,4.012191
2023-01-17,30,4.124116
2023-01-17,60,4.279278
2023-01-17,91,4.424036
2023-01-17,122,4.553499
2023-01-17,152,4.664732
2023-01-17,182,4.762639
2023-01-17,273,4.983146
2023-01-17,365,5.100014
2023-01-17,547,5.072245
2023-01-17,730,4.790009
2023-01-18,10,4.001566
2023-01-18,30,4.114548
2023-01-18,60,4.271154
2023-01-18,91,4.41723
2023-01-18,122,4.54784
2023-01-18,152,4.660029
2023-01-18,182,4.758745
2023-01-18,273,4.980871
2023-01-18,365,5.098235
2023-01-18,547,5.068755
2023-01-18,730,4.782345
2023-01-19,10,3.992984
2023-01-19,30,4.106844
2023-01-19,60,4.264638
2023-01-19,91,4.411784
2023-01-19,122,4.54331
2023-01-19,152,4.656245
2023-01-19,182,4.755574
2023-01-19,273,4.978808
2023-01-19,365,5.096268
2023-01-19,547,5.064581
2023-01-19,730,4.773818
2023-01-20,10,3.988362
2023-01-20,30,4.102632
2023-01-20,60,4.260957
2023-01-20,91,4.408549
2023-01-20,122,4.540423
2023-01-20,152,4.653603
2023-01-20,182,4.753093
2023-01-20,273,4.976337
2023-01-20,365,5.093163
2023-01-20,547,5.05877
2023-01-20,730,4.764091
2023-01-23,10,3.986922
2023-01-23,30,4.101323
2023-01-23,60,4.259791
2023-01-23,91,4.407467
2023-01-23,122,4.539361
2023-01-23,152,4.652504
2023-01-23,182,4.751903
2023-01-23,273,4.974575
2023-01-23,365,5.090433
2023-01-23,547,5.053281
2023-01-23,730,4.755227
2023-01-24,10,3.986373
2023-01-24,30,4.100908
2023-01-24,60,4.259523
2023-01-24,91,4.407286
2023-01-24,122,4.539205
2023-01-24,152,4.652315
2023-01-24,182,4.751629
2023-01-24,273,4.973747
2023-01-24,365,5.088655
2023-01-24,547,5.048784
2023-01-24,730,4.7474
2023-01-25,10,3.992458
2023-01-25,30,4.10644
2023-01-25,60,4.264233
2023-01-25,91,4.411156
2023-01-25,122,4.542246
2023-01-25,152,4.654564
2023-01-25,182,4.753096
2023-01-25,273,4.972917
2023-01-25,365,5.08563
2023-01-25,547,5.041863
2023-01-25,730,4.737278
2023-01-26,10,4.000908
2023-01-26,30,4.113956
2023-01-26,60,4.270396
2023-01-26,91,4.415981
2023-01-26,122,4.545792
2023-01-26,152,4.65693
2023-01-26,182,4.754336
2023-01-26,273,4.971063
2023-01-26,365,5.081117
2023-01-26,547,5.033366
2023-01-26,730,4.726294
2023-01-27,10,4.005373
2023-01-27,30,4.117679
2023-01-27,60,4.273048
2023-01-27,91,4.417576
2023-01-27,122,4.546381
2023-01-27,152,4.656592
2023-01-27,182,4.753118
2023-01-27,273,4.967442
2023-01-27,365,5.075462
2023-01-27,547,5.024765
2023-01-27,730,4.71602
2023-01-30,10,4.002546
2023-01-30,30,4.114823
2023-01-30,60,4.270125
2023-01-30,91,4.414559
2023-01-30,122,4.543243
2023-01-30,152,4.653315
2023-01-30,182,4.749679
2023-01-30,273,4.963404
2023-01-30,365,5.070677
2023-01-30,547,5.018259
2023-01-30,730,4.707737
2023-01-31,10,4.000247
2023-01-31,30,4.112301
2023-01-31,60,4.26727
2023-01-31,91,4.411362
2023-01-31,122,4.539707
2023-01-31,152,4.649453
2023-01-31,182,4.745496
2023-01-31,273,4.958274
2023-01-31,365,5.064648
2023-01-31,547,5.010679
2023-01-31,730,4.699012
2023-02-01,10,3.99827
2023-02-01,30,4.109912
2023-02-01,60,4.264283
2023-02-01,91,4.407781
2023-02-01,122,4.535558
2023-02-01,152,4.644778
2023-02-01,182,4.740318
2023-02-01,273,4.95171
2023-02-01,365,5.056895
2023-02-01,547,5.001182
2023-02-01,730,4.688548
2023-02-02,10,4.002871
2023-02-02,30,4.113537
2023-02-02,60,4.266512
2023-02-02,91,4.408651
2023-02-02,122,4.535151
2023-02-02,152,4.643211
2023-02-02,182,4.737666
2023-02-02,273,4.946195
2023-02-02,365,5.049102
2023-02-02,547,4.990504
2023-02-02,730,4.676792
2023-02-03,10,4.002904
2023-02-03,30,4.113161
2023-02-03,60,4.265546
2023-02-03,91,4.407106
2023-02-03,122,4.533058
2023-02-03,152,4.640617
2023-02-03,182,4.734598
2023-02-03,273,4.941856
2023-02-03,365,5.043721
2023-02-03,547,4.983733
2023-02-03,730,4.669438
2023-02-06,10,4.004192
2023-02-06,30,4.114231
2023-02-06,60,4.266304
2023-02-06,91,4.40756
2023-02-06,122,4.533228
2023-02-06,152,4.640529
2023-02-06,182,4.73427
2023-02-06,273,4.940903
2023-02-06,365,5.04229
2023-02-06,547,4.981782
2023-02-06,730,4.66749
2023-02-07,10,4.008895
2023-02-07,30,4.118663
2023-02-07,60,4.270356
2023-02-07,91,4.41125
2023-02-07,122,4.536585
2023-02-07,152,4.643594
2023-02-07,182,4.737069
2023-02-07,273,4.943055
2023-02-07,365,5.044014
2023-02-07,547,4.983248
2023-02-07,730,4.669348
2023-02-08,10,4.020237
2023-02-08,30,4.12941
2023-02-08,60,4.280259
2023-02-08,91,4.420344
2023-02-08,122,4.544932
2023-02-08,152,4.651275
2023-02-08,182,4.744138
2023-02-08,273,4.948584
2023-02-08,365,5.048433
2023-02-08,547,4.986615
2023-02-08,730,4.67288
2023-02-09,10,4.018485
2023-02-09,30,4.128395
2023-02-09,60,4.280291
2023-02-09,91,4.421381
2023-02-09,122,4.5469
2023-02-09,152,4.654075
2023-02-09,182,4.747706
2023-02-09,273,4.954111
2023-02-09,365,5.055425
2023-02-09,547,4.995242
2023-02-09,730,4.681908
2023-02-10,10,4.020481
2023-02-10,30,4.130801
2023-02-10,60,4.283288
2023-02-10,91,4.424961
2023-02-10,122,4.551036
2023-02-10,152,4.658724
2023-02-10,182,4.752843
2023-02-10,273,4.960586
2023-02-10,365,5.063053
2023-02-10,547,5.004639
2023-02-10,730,4.692535
2023-02-13,10,4.025407
2023-02-13,30,4.135975
2023-02-13,60,4.288828
2023-02-13,91,4.430873
2023-02-13,122,4.557312
2023-02-13,152,4.665346
2023-02-13,182,4.759805
2023-02-13,273,4.96854
2023-02-13,365,5.071951
2023-02-13,547,5.015238
2023-02-13,730,4.704633
2023-02-14,10,4.030691
2023-02-14,30,4.141682
2023-02-14,60,4.295152
2023-02-14,91,4.437814
2023-02-14,122,4.564848
2023-02-14,152,4.673437
2023-02-14,182,4.768432
2023-02-14,273,4.978679
2023-02-14,365,5.083452
2023-02-14,547,5.028991
2023-02-14,730,4.720127
2023-02-15,10,4.036689
2023-02-15,30,4.148146
2023-02-15,60,4.302298
2023-02-15,91,4.445642
2023-02-15,122,4.573336
2023-02-15,152,4.682543
2023-02-15,182,4.778136
2023-02-15,273,4.99008
2023-02-15,365,5.096396
2023-02-15,547,5.044512
2023-02-15,730,4.737673
2023-02-16,10,4.040529
2023-02-16,30,4.152753
2023-02-16,60,4.308011
2023-02-16,91,4.452444
2023-02-16,122,4.581174
2023-02-16,152,4.691335
2023-02-16,182,4.787833
2023-02-16,273,5.002246
2023-02-16,365,5.110662
2023-02-16,547,5.061901
2023-02-16,730,4.757057
2023-02-17,10,4.030905
2023-02-17,30,4.145336
2023-02-17,60,4.303726
2023-02-17,91,4.451175
2023-02-17,122,4.582704
2023-02-17,152,4.695374
2023-02-17,182,4.794193
2023-02-17,273,5.014548
2023-02-17,365,5.127438
2023-02-17,547,5.083698
2023-02-17,730,4.779976
2023-02-21,10,4.024774
2023-02-21,30,4.141157
2023-02-21,60,4.302322
2023-02-21,91,4.452449
2023-02-21,122,4.58647
2023-02-21,152,4.70138
2023-02-21,182,4.802275
2023-02-21,273,5.027984
2023-02-21,365,5.144963
2023-02-21,547,5.106001
2023-02-21,730,4.803664
2023-02-22,10,4.020632
2023-02-22,30,4.138908
2023-02-22,60,4.302759
2023-02-22,91,4.455479
2023-02-22,122,4.591911
2023-02-22,152,4.708986
2023-02-22,182,4.811886
2023-02-22,273,5.042759
2023-02-22,365,5.163668
2023-02-22,547,5.12926
2023-02-22,730,4.828193
2023-02-23,10,4.021735
2023-02-23,30,4.141353
2023-02-23,60,4.307119
2023-02-23,91,4.461693
2023-02-23,122,4.599859
2023-02-23,152,4.718499
2023-02-23,182,4.822858
2023-02-23,273,5.057536
2023-02-23,365,5.181422
2023-02-23,547,5.150718
2023-02-23,730,4.851096
2023-02-24,10,4.018037
2023-02-24,30,4.139409
2023-02-24,60,4.307674
2023-02-24,91,4.464667
2023-02-24,122,4.605093
2023-02-24,152,4.725773
2023-02-24,182,4.832032
2023-02-24,273,5.07166
2023-02-24,365,5.199411
2023-02-24,547,5.173479
2023-02-24,730,4.875661
2023-02-27,10,4.021403
2023-02-27,30,4.143888
2023-02-27,60,4.313749
2023-02-27,91,4.472301
2023-02-27,122,4.614195
2023-02-27,152,4.736213
2023-02-27,182,4.843731
2023-02-27,273,5.086716
2023-02-27,365,5.217207
2023-02-27,547,5.195027
2023-02-27,730,4.89919
2023-02-28,10,4.029339
2023-02-28,30,4.152811
2023-02-28,60,4.324078
2023-02-28,91,4.483993
2023-02-28,122,4.627161
2023-02-28,152,4.750331
2023-02-28,182,4.858922
2023-02-28,273,5.10471
2023-02-28,365,5.2374
2023-02-28,547,5.21797
2023-02-28,730,4.923228
2023-03-01,10,4.037696
2023-03-01,30,4.162168
2023-03-01,60,4.334861
2023-03-01,91,4.496158
2023-03-01,122,4.640618
2023-03-01,152,4.764954
2023-03-01,182,4.874632
2023-03-01,273,5.123259
2023-03-01,365,5.258174
2023-03-01,547,5.241524
2023-03-01,730,4.947886
2023-03-02,10,4.04861
2023-03-02,30,4.173758
2023-03-02,60,4.347424
2023-03-02,91,4.509674
2023-03-02,122,4.655035
2023-03-02,152,4.780195
2023-03-02,182,4.890652
2023-03-02,273,5.141378
2023-03-02,365,5.278039
2023-03-02,547,5.263885
2023-03-02,730,4.971726
2023-03-03,10,4.063265
2023-03-03,30,4.188674
2023-03-03,60,4.362727
2023-03-03,91,4.525371
2023-03-03,122,4.671121
2023-03-03,152,4.796652
2023-03-03,182,4.907473
2023-03-03,273,5.159271
2023-03-03,365,5.296962
2023-03-03,547,5.284672
2023-03-03,730,4.994144
2023-03-06,10,4.079197
2023-03-06,30,4.204747
2023-03-06,60,4.379013
2023-03-06,91,4.541879
2023-03-06,122,4.687853
2023-03-06,152,4.813603
2023-03-06,182,4.924646
2023-03-06,273,5.177119
2023-03-06,365,5.315496
2023-03-06,547,5.30455
2023-03-06,730,5.015307
2023-03-07,10,4.094194
2023-03-07,30,4.220362
2023-03-07,60,4.395501
2023-03-07,91,4.559205
2023-03-07,122,4.705954
2023-03-07,152,4.832395
2023-03-07,182,4.944073
2023-03-07,273,5.198156
2023-03-07,365,5.337718
2023-03-07,547,5.328021
2023-03-07,730,5.038943
2023-03-08,10,4.110651
2023-03-08,30,4.237532
2023-03-08,60,4.413672
2023-03-08,91,4.578327
2023-03-08,122,4.725946
2023-03-08,152,4.853153
2023-03-08,182,4.965526
2023-03-08,273,5.22131
2023-03-08,365,5.362027
2023-03-08,547,5.353243
2023-03-08,730,5.063746
2023-03-09,10,4.127117
2023-03-09,30,4.25464
2023-03-09,60,4.431675
2023-03-09,91,4.597174
2023-03-09,122,4.745554
2023-03-09,152,4.873424
2023-03-09,182,4.98639
2023-03-09,273,5.243568
2023-03-09,365,5.385136
2023-03-09,547,5.376683
2023-03-09,730,5.086211
2023-03-10,10,4.13937
2023-03-10,30,4.26733
2023-03-10,60,4.44496
2023-03-10,91,4.610998
2023-03-10,122,4.759844
2023-03-10,152,4.888099
2023-03-10,182,5.001385
2023-03-10,273,5.259177
2023-03-10,365,5.40088
2023-03-10,547,5.391557
2023-03-10,730,5.099204
2023-03-13,10,4.150991
2023-03-13,30,4.277487
2023-03-13,60,4.453038
2023-03-13,91,4.617068
2023-03-13,122,4.764046
2023-03-13,152,4.890622
2023-03-13,182,5.002353
2023-03-13,273,5.256146
2023-03-13,365,5.394823
2023-03-13,547,5.38212
2023-03-13,730,5.089175
2023-03-14,10,4.167775
2023-03-14,30,4.291964
2023-03-14,60,4.464237
2023-03-14,91,4.625109
2023-03-14,122,4.769155
2023-03-14,152,4.893102
2023-03-14,182,5.002403
2023-03-14,273,5.249978
2023-03-14,365,5.384
2023-03-14,547,5.366235
2023-03-14,730,5.072612
2023-03-15,10,4.181545
2023-03-15,30,4.302866
2023-03-15,60,4.471072
2023-03-15,91,4.62803
2023-03-15,122,4.768447
2023-03-15,152,4.889144
2023-03-15,182,4.995447
2023-03-15,273,5.235384
2023-03-15,365,5.363741
2023-03-15,547,5.340004
2023-03-15,730,5.04594
2023-03-16,10,4.194312
2023-03-16,30,4.312725
2023-03-16,60,4.476811
2023-03-16,91,4.629806
2023-03-16,122,4.766552
2023-03-16,152,4.883966
2023-03-16,182,4.987244
2023-03-16,273,5.219497
2023-03-16,365,5.342195
2023-03-16,547,5.312628
2023-03-16,730,5.018407
2023-03-17,10,4.20014
2023-03-17,30,4.315783
2023-03-17,60,4.475938
2023-03-17,91,4.625148
2023-03-17,122,4.758379
2023-03-17,152,4.872645
2023-03-17,182,4.973015
2023-03-17,273,5.197844
2023-03-17,365,5.315014
2023-03-17,547,5.279566
2023-03-17,730,4.98485
2023-03-20,10,4.210518
2023-03-20,30,4.322898
2023-03-20,60,4.478422
2023-03-20,91,4.623171
2023-03-20,122,4.752264
2023-03-20,152,4.862822
2023-03-20,182,4.959767
2023-03-20,273,5.175856
2023-03-20,365,5.286515
2023-03-20,547,5.244109
2023-03-20,730,4.948707
2023-03-21,10,4.219851
2023-03-21,30,4.329603
2023-03-21,60,4.481389
2023-03-21,91,4.622525
2023-03-21,122,4.748251
2023-03-21,152,4.855779
2023-03-21,182,4.949912
2023-03-21,273,5.158741
2023-03-21,365,5.263863
2023-03-21,547,5.215128
2023-03-21,730,4.918372
2023-03-22,10,4.228795
2023-03-22,30,4.336059
2023-03-22,60,4.484296
2023-03-22,91,4.621989
2023-03-22,122,4.744495
2023-03-22,152,4.849113
2023-03-22,182,4.940532
2023-03-22,273,5.142278
2023-03-22,365,5.241873
2023-03-22,547,5.186422
2023-03-22,730,4.887521
2023-03-23,10,4.236119
2023-03-23,30,4.340783
2023-03-23,60,4.485306
2023-03-23,91,4.619394
2023-03-23,122,4.738523
2023-03-23,152,4.840085
2023-03-23,182,4.928653
2023-03-23,273,5.122933
2023-03-23,365,5.21667
2023-03-23,547,5.154012
2023-03-23,730,4.852676
2023-03-24,10,4.243089
2023-03-24,30,4.345215
2023-03-24,60,4.486106
2023-03-24,91,4.616657
2023-03-24,122,4.732464
2023-03-24,152,4.83101
2023-03-24,182,4.916752
2023-03-24,273,5.103578
2023-03-24,365,5.191374
2023-03-24,547,5.121129
2023-03-24,730,4.816808
2023-03-27,10,4.253788
2023-03-27,30,4.353501
2023-03-27,60,4.490932
2023-03-27,91,4.618104
2023-03-27,122,4.730726
2023-03-27,152,4.826371
2023-03-27,182,4.909385
2023-03-27,273,5.088954
2023-03-27,365,5.170873
2023-03-27,547,5.092836
2023-03-27,730,4.785007
2023-03-28,10,4.266049
2023-03-28,30,4.363522
2023-03-28,60,4.497738
2023-03-28,91,4.621768
2023-03-28,122,4.731429
2023-03-28,152,4.824374
2023-03-28,182,4.904848
2023-03-28,273,5.07765
2023-03-28,365,5.154074
2023-03-28,547,5.068716
2023-03-28,730,4.757538
2023-03-29,10,4.279578
2023-03-29,30,4.374973
2023-03-29,60,4.506209
2023-03-29,91,4.627326
2023-03-29,122,4.734239
2023-03-29,152,4.82468
2023-03-29,182,4.902799
2023-03-29,273,5.069322
2023-03-29,365,5.140647
2023-03-29,547,5.048494
2023-03-29,730,4.734213
2023-03-30,10,4.294144
2023-03-30,30,4.387609
2023-03-30,60,4.516074
2023-03-30,91,4.634486
2023-03-30,122,4.738847
2023-03-30,152,4.826963
2023-03-30,182,4.902894
2023-03-30,273,5.063593
2023-03-30,365,5.13019
2023-03-30,547,5.031742
2023-03-30,730,4.714579
2023-03-31,10,4.308326
2023-03-31,30,4.399936
2023-03-31,60,4.525742
2023-03-31,91,4.641556
2023-03-31,122,4.743469
2023-03-31,152,4.829354
2023-03-31,182,4.903187
2023-03-31,273,5.058303
2023-03-31,365,5.120374
2023-03-31,547,5.015908
2023-03-31,730,4.695999
2023-04-03,10,4.320957
2023-04-03,30,4.411035
2023-04-03,60,4.534632
2023-04-03,91,4.64827
2023-04-03,122,4.748117
2023-04-03,152,4.832103
2023-04-03,182,4.904134
2023-04-03,273,5.054355
2023-04-03,365,5.112311
2023-04-03,547,5.001944
2023-04-03,730,4.678726
2023-04-04,10,4.334009
2023-04-04,30,4.422441
2023-04-04,60,4.543659
2023-04-04,91,4.654953
2023-04-04,122,4.752569
2023-04-04,152,4.8345
2023-04-04,182,4.904579
2023-04-04,273,5.049481
2023-04-04,365,5.102933
2023-04-04,547,4.986018
2023-04-04,730,4.658993
2023-04-05,10,4.347131
2023-04-05,30,4.433821
2023-04-05,60,4.552522
2023-04-05,91,4.661338
2023-04-05,122,4.756595
2023-04-05,152,4.836358
2023-04-05,182,4.904377
2023-04-05,273,5.043672
2023-04-05,365,5.092388
2023-04-05,547,4.968614
2023-04-05,730,4.637638
2023-04-06,10,4.354884
2023-04-06,30,4.440293
2023-04-06,60,4.557133
2023-04-06,91,4.6641
2023-04-06,122,4.757584
2023-04-06,152,4.835701
2023-04-06,182,4.902142
2023-04-06,273,5.037058
2023-04-06,365,5.081951
2023-04-06,547,4.952295
2023-04-06,730,4.617473
2023-04-10,10,4.366307
2023-04-10,30,4.450428
2023-04-10,60,4.565398
2023-04-10,91,4.670508
2023-04-10,122,4.762212
2023-04-10,152,4.838678
2023-04-10,182,4.903538
2023-04-10,273,5.034072
2023-04-10,365,5.075144
2023-04-10,547,4.939618
2023-04-10,730,4.600961
2023-04-11,10,4.379003
2023-04-11,30,4.461893
2023-04-11,60,4.575076
2023-04-11,91,4.678415
2023-04-11,122,4.76842
2023-04-11,152,4.843312
2023-04-11,182,4.906664
2023-04-11,273,5.033025
2023-04-11,365,5.070462
2023-04-11,547,4.929359
2023-04-11,730,4.587051
2023-04-12,10,4.401156
2023-04-12,30,4.482129
2023-04-12,60,4.592555
2023-04-12,91,4.693189
2023-04-12,122,4.780635
2023-04-12,152,4.853184
2023-04-12,182,4.914323
2023-04-12,273,5.034721
2023-04-12,365,5.067213
2023-04-12,547,4.919166
2023-04-12,730,4.573074
2023-04-13,10,4.419422
2023-04-13,30,4.498852
2023-04-13,60,4.607049
2023-04-13,91,4.705485
2023-04-13,122,4.790839
2023-04-13,152,4.861461
2023-04-13,182,4.920768
2023-04-13,273,5.036167
2023-04-13,365,5.064413
2023-04-13,547,4.910132
2023-04-13,730,4.560285
2023-04-14,10,4.431093
2023-04-14,30,4.509736
2023-04-14,60,4.616773
2023-04-14,91,4.714041
2023-04-14,122,4.798255
2023-04-14,152,4.867802
2023-04-14,182,4.926061
2023-04-14,273,5.038458
2023-04-14,365,5.063938
2023-04-14,547,4.905016
2023-04-14,730,4.551662
2023-04-17,10,4.441912
2023-04-17,30,4.520076
2023-04-17,60,4.626397
2023-04-17,91,4.722924
2023-04-17,122,4.806399
2023-04-17,152,4.875234
2023-04-17,182,4.932785
2023-04-17,273,5.043066
2023-04-17,365,5.066481
2023-04-17,547,4.903803
2023-04-17,730,4.547302
2023-04-18,10,4.451546
2023-04-18,30,4.529587
2023-04-18,60,4.635691
2023-04-18,91,4.731955
2023-04-18,122,4.81513
2023-04-18,152,4.883642
2023-04-18,182,4.94084
2023-04-18,273,5.049889
2023-04-18,365,5.071861
2023-04-18,547,4.905995
2023-04-18,730,4.546265
2023-04-19,10,4.460035
2023-04-19,30,4.538238
2023-04-19,60,4.644529
2023-04-19,91,4.74092
2023-04-19,122,4.824156
2023-04-19,152,4.892668
2023-04-19,182,4.949811
2023-04-19,273,5.058387
2023-04-19,365,5.079483
2023-04-19,547,4.911045
2023-04-19,730,4.548177
2023-04-20,10,4.468651
2023-04-20,30,4.546992
2023-04-20,60,4.653433
2023-04-20,91,4.74991
2023-04-20,122,4.833167
2023-04-20,152,4.901641
2023-04-20,182,4.958689
2023-04-20,273,5.066675
2023-04-20,365,5.086775
2023-04-20,547,4.915534
2023-04-20,730,4.549318
2023-04-21,10,4.47294
2023-04-21,30,4.551755
2023-04-21,60,4.658824
2023-04-21,91,4.755848
2023-04-21,122,4.839553
2023-04-21,152,4.90837
2023-04-21,182,4.965678
2023-04-21,273,5.07398
2023-04-21,365,5.093769
2023-04-21,547,4.920509
2023-04-21,730,4.551163
2023-04-24,10,4.478584
2023-04-24,30,4.557732
2023-04-24,60,4.665226
2023-04-24,91,4.762601
2023-04-24,122,4.84657
2023-04-24,152,4.915564
2023-04-24,182,4.972975
2023-04-24,273,5.081179
2023-04-24,365,5.100327
2023-04-24,547,4.924624
2023-04-24,730,4.551971
2023-04-25,10,4.482582
2023-04-25,30,4.561816
2023-04-25,60,4.669387
2023-04-25,91,4.766775
2023-04-25,122,4.850696
2023-04-25,152,4.919588
2023-04-25,182,4.976845
2023-04-25,273,5.084297
2023-04-25,365,5.102318
2023-04-25,547,4.923652
2023-04-25,730,4.547626
2023-04-26,10,4.487621
2023-04-26,30,4.566754
2023-04-26,60,4.674132
2023-04-26,91,4.771276
2023-04-26,122,4.854907
2023-04-26,152,4.923478
2023-04-26,182,4.980378
2023-04-26,273,5.086549
2023-04-26,365,5.103034
2023-04-26,547,4.920916
2023-04-26,730,4.541369
2023-04-27,10,4.495962
2023-04-27,30,4.574786
2023-04-27,60,4.681685
2023-04-27,91,4.778313
2023-04-27,122,4.86141
2023-04-27,152,4.929448
2023-04-27,182,4.985802
2023-04-27,273,5.090251
2023-04-27,365,5.104934
2023-04-27,547,4.919272
2023-04-27,730,4.536521
2023-04-28,10,4.501461
2023-04-28,30,4.580336
2023-04-28,60,4.687256
2023-04-28,91,4.78384
2023-04-28,122,4.866829
2023-04-28,152,4.934707
2023-04-28,182,4.990847
2023-04-28,273,5.094361
2023-04-28,365,5.107733
2023-04-28,547,4.918764
2023-04-28,730,4.532363
2023-05-01,10,4.508148
2023-05-01,30,4.587103
2023-05-01,60,4.694088
2023-05-01,91,4.790676
2023-05-01,122,4.873609
2023-05-01,152,4.941375
2023-05-01,182,4.997353
2023-05-01,273,5.100095
2023-05-01,365,5.112326
2023-05-01,547,4.920388
2023-05-01,730,4.530639
2023-05-02,10,4.513205
2023-05-02,30,4.5922
2023-05-02,60,4.699194
2023-05-02,91,4.795729
2023-05-02,122,4.878548
2023-05-02,152,4.946152
2023-05-02,182,5.001919
2023-05-02,273,5.103748
2023-05-02,365,5.114716
2023-05-02,547,4.919621
2023-05-02,730,4.526413
2023-05-03,10,4.521952
2023-05-03,30,4.600395
2023-05-03,60,4.70656
2023-05-03,91,4.802237
2023-05-03,122,4.8842
2023-05-03,152,4.950977
2023-05-03,182,5.005919
2023-05-03,273,5.105285
2023-05-03,365,5.113845
2023-05-03,547,4.914388
2023-05-03,730,4.517589
2023-05-04,10,4.52999
2023-05-04,30,4.607487
2023-05-04,60,4.712272
2023-05-04,91,4.806573
2023-05-04,122,4.887209
2023-05-04,152,4.95275
2023-05-04,182,5.006504
2023-05-04,273,5.102545
2023-05-04,365,5.108169
2023-05-04,547,4.904136
2023-05-04,730,4.504336
2023-05-05,10,4.541109
2023-05-05,30,4.616215
2023-05-05,60,4.717593
2023-05-05,91,4.808591
2023-05-05,122,4.886141
2023-05-05,152,4.948896
2023-05-05,182,5.000054
2023-05-05,273,5.089343
2023-05-05,365,5.089733
2023-05-05,547,4.879471
2023-05-05,730,4.477935
2023-05-08,10,4.550335
2023-05-08,30,4.62384
2023-05-08,60,4.722918
2023-05-08,91,4.811669
2023-05-08,122,4.887098
2023-05-08,152,4.947919
2023-05-08,182,4.997258
2023-05-08,273,5.081698
2023-05-08,365,5.078157
2023-05-08,547,4.862698
2023-05-08,730,4.458914
2023-05-09,10,4.560765
2023-05-09,30,4.63294
2023-05-09,60,4.730104
2023-05-09,91,4.816974
2023-05-09,122,4.890622
2023-05-09,152,4.949811
2023-05-09,182,4.997605
2023-05-09,273,5.077884
2023-05-09,365,5.070894
2023-05-09,547,4.850667
2023-05-09,730,4.444502
2023-05-10,10,4.571347
2023-05-10,30,4.642407
2023-05-10,60,4.737954
2023-05-10,91,4.823223
2023-05-10,122,4.895338
2023-05-10,152,4.953107
2023-05-10,182,4.999547
2023-05-10,273,5.076089
2023-05-10,365,5.06588
2023-05-10,547,4.840841
2023-05-10,730,4.431771
2023-05-11,10,4.578023
2023-05-11,30,4.648325
2023-05-11,60,4.742758
2023-05-11,91,4.826907
2023-05-11,122,4.897935
2023-05-11,152,4.954685
2023-05-11,182,5.000135
2023-05-11,273,5.073868
2023-05-11,365,5.061117
2023-05-11,547,4.831957
2023-05-11,730,4.419995
2023-05-12,10,4.576641
2023-05-12,30,4.647047
2023-05-12,60,4.741585
2023-05-12,91,4.82578
2023-05-12,122,4.896792
2023-05-12,152,4.953471
2023-05-12,182,4.9988
2023-05-12,273,5.07189
2023-05-12,365,5.058136
2023-05-12,547,4.826311
2023-05-12,730,4.411363
2023-05-15,10,4.583052
2023-05-15,30,4.652871
2023-05-15,60,4.746541
2023-05-15,91,4.829857
2023-05-15,122,4.90001
2023-05-15,152,4.955877
2023-05-15,182,5.000414
2023-05-15,273,5.071226
2023-05-15,365,5.055374
2023-05-15,547,4.820072
2023-05-15,730,4.402644
2023-05-16,10,4.588783
2023-05-16,30,4.658271
2023-05-16,60,4.751437
2023-05-16,91,4.834223
2023-05-16,122,4.903839
2023-05-16,152,4.95918
2023-05-16,182,5.003186
2023-05-16,273,5.072376
2023-05-16,365,5.054899
2023-05-16,547,4.816577
2023-05-16,730,4.396644
2023-05-17,10,4.591835
2023-05-17,30,4.661475
2023-05-17,60,4.754817
2023-05-17,91,4.837724
2023-05-17,122,4.9074
2023-05-17,152,4.962747
2023-05-17,182,5.006708
2023-05-17,273,5.075489
2023-05-17,365,5.057245
2023-05-17,547,4.816699
2023-05-17,730,4.394145
2023-05-18,10,4.592101
2023-05-18,30,4.662278
2023-05-18,60,4.756353
2023-05-18,91,4.839928
2023-05-18,122,4.910187
2023-05-18,152,4.966017
2023-05-18,182,5.010389
2023-05-18,273,5.08
2023-05-18,365,5.062036
2023-05-18,547,4.82078
2023-05-18,730,4.396475
2023-05-19,10,4.590258
2023-05-19,30,4.661325
2023-05-19,60,4.756635
2023-05-19,91,4.84136
2023-05-19,122,4.912648
2023-05-19,152,4.969363
2023-05-19,182,5.014515
2023-05-19,273,5.085897
2023-05-19,365,5.068918
2023-05-19,547,4.827738
2023-05-19,730,4.401864
2023-05-22,10,4.591207
2023-05-22,30,4.663077
2023-05-22,60,4.759495
2023-05-22,91,4.845253
2023-05-22,122,4.917461
2023-05-22,152,4.974965
2023-05-22,182,5.020811
2023-05-22,273,5.093755
2023-05-22,365,5.07762
2023-05-22,547,4.836409
2023-05-22,730,4.409025
2023-05-23,10,4.593304
2023-05-23,30,4.666027
2023-05-23,60,4.763625
2023-05-23,91,4.850482
2023-05-23,122,4.923672
2023-05-23,152,4.982019
2023-05-23,182,5.028607
2023-05-23,273,5.103231
2023-05-23,365,5.088016
2023-05-23,547,4.846817
2023-05-23,730,4.417849
2023-05-24,10,4.596656
2023-05-24,30,4.670335
2023-05-24,60,4.769259
2023-05-24,91,4.857349
2023-05-24,122,4.931642
2023-05-24,152,4.990935
2023-05-24,182,5.038356
2023-05-24,273,5.114863
2023-05-24,365,5.100677
2023-05-24,547,4.859477
2023-05-24,730,4.428708
2023-05-25,10,4.602397
2023-05-25,30,4.677044
2023-05-25,60,4.77731
2023-05-25,91,4.866657
2023-05-25,122,4.942078
2023-05-25,152,5.002347
2023-05-25,182,5.050632
2023-05-25,273,5.129136
2023-05-25,365,5.116118
2023-05-25,547,4.875232
2023-05-25,730,4.442999
2023-05-26,10,4.601793
2023-05-26,30,4.678084
2023-05-26,60,4.780654
2023-05-26,91,4.872182
2023-05-26,122,4.949587
2023-05-26,152,5.011596
2023-05-26,182,5.061451
2023-05-26,273,5.143748
2023-05-26,365,5.133228
2023-05-26,547,4.894092
2023-05-26,730,4.460616
2023-05-30,10,4.612576
2023-05-30,30,4.689559
2023-05-30,60,4.793083
2023-05-30,91,4.885492
2023-05-30,122,4.963678
2023-05-30,152,5.026351
2023-05-30,182,5.076784
2023-05-30,273,5.160343
2023-05-30,365,5.150437
2023-05-30,547,4.910994
2023-05-30,730,4.475906
2023-05-31,10,4.624562
2023-05-31,30,4.702074
2023-05-31,60,4.806314
2023-05-31,91,4.899371
2023-05-31,122,4.978116
2023-05-31,152,5.041247
2023-05-31,182,5.092062
2023-05-31,273,5.176347
2023-05-31,365,5.166598
2023-05-31,547,4.926159
2023-05-31,730,4.489011
2023-06-01,10,4.635008
2023-06-01,30,4.712897
2023-06-01,60,4.817645
2023-06-01,91,4.91116
2023-06-01,122,4.990294
2023-06-01,152,5.053744
2023-06-01,182,5.10482
2023-06-01,273,5.189582
2023-06-01,365,5.17989
2023-06-01,547,4.938628
2023-06-01,730,4.499919
2023-06-02,10,4.639956
2023-06-02,30,4.718687
2023-06-02,60,4.824607
2023-06-02,91,4.919219
2023-06-02,122,4.999341
2023-06-02,152,5.063645
2023-06-02,182,5.11548
2023-06-02,273,5.202004
2023-06-02,365,5.193358
2023-06-02,547,4.952436
2023-06-02,730,4.512515
2023-06-05,10,4.646209
2023-06-05,30,4.725767
2023-06-05,60,4.832835
2023-06-05,91,4.928521
2023-06-05,122,5.009609
2023-06-05,152,5.074747
2023-06-05,182,5.127323
2023-06-05,273,5.215557
2023-06-05,365,5.20791
2023-06-05,547,4.967252
2023-06-05,730,4.526058
2023-06-06,10,4.654715
2023-06-06,30,4.734921
2023-06-06,60,4.84289
2023-06-06,91,4.93942
2023-06-06,122,5.021266
2023-06-06,152,5.087061
2023-06-06,182,5.140221
2023-06-06,273,5.229809
2023-06-06,365,5.222965
2023-06-06,547,4.982569
2023-06-06,730,4.54045
2023-06-07,10,4.660775
2023-06-07,30,4.742027
2023-06-07,60,4.851459
2023-06-07,91,4.949371
2023-06-07,122,5.032472
2023-06-07,152,5.099366
2023-06-07,182,5.153513
2023-06-07,273,5.245471
2023-06-07,365,5.240162
2023-06-07,547,5.000752
2023-06-07,730,4.557716
2023-06-08,10,4.664141
2023-06-08,30,4.746763
2023-06-08,60,4.858109
2023-06-08,91,4.957829
2023-06-08,122,5.04257
2023-06-08,152,5.110897
2023-06-08,182,5.166335
2023-06-08,273,5.261383
2023-06-08,365,5.258071
2023-06-08,547,5.019942
2023-06-08,730,4.575732
2023-06-09,10,4.666933
2023-06-09,30,4.750879
2023-06-09,60,4.864087
2023-06-09,91,4.965576
2023-06-09,122,5.051935
2023-06-09,152,5.12169
2023-06-09,182,5.178424
2023-06-09,273,5.276654
2023-06-09,365,5.275525
2023-06-09,547,5.039227
2023-06-09,730,4.594492
2023-06-12,10,4.67332
2023-06-12,30,4.758231
2023-06-12,60,4.872793
2023-06-12,91,4.97557
2023-06-12,122,5.063106
2023-06-12,152,5.133899
2023-06-12,182,5.191575
2023-06-12,273,5.292117
2023-06-12,365,5.292575
2023-06-12,547,5.057613
2023-06-12,730,4.612518
2023-06-13,10,4.683086
2023-06-13,30,4.768609
2023-06-13,60,4.884038
2023-06-13,91,4.98765
2023-06-13,122,5.075961
2023-06-13,152,5.147449
2023-06-13,182,5.205767
2023-06-13,273,5.30796
2023-06-13,365,5.309673
2023-06-13,547,5.076191
2023-06-13,730,4.631611
2023-06-14,10,4.687964
2023-06-14,30,4.774904
2023-06-14,60,4.892303
2023-06-14,91,4.997759
2023-06-14,122,5.087729
2023-06-14,152,5.16065
2023-06-14,182,5.220241
2023-06-14,273,5.325373
2023-06-14,365,5.328792
2023-06-14,547,5.095668
2023-06-14,730,4.648631
2023-06-15,10,4.693856
2023-06-15,30,4.781995
2023-06-15,60,4.90104
2023-06-15,91,5.008011
2023-06-15,122,5.099312
2023-06-15,152,5.173356
2023-06-15,182,5.233911
2023-06-15,273,5.341073
2023-06-15,365,5.345323
2023-06-15,547,5.110967
2023-06-15,730,4.660085
2023-06-16,10,4.691811
2023-06-16,30,4.781845
2023-06-16,60,4.903513
2023-06-16,91,5.012926
2023-06-16,122,5.106408
2023-06-16,152,5.182321
2023-06-16,182,5.24452
2023-06-16,273,5.355377
2023-06-16,365,5.361597
2023-06-16,547,5.126961
2023-06-16,730,4.671965
2023-06-20,10,4.693184
2023-06-20,30,4.784369
2023-06-20,60,4.907667
2023-06-20,91,5.018645
2023-06-20,122,5.113574
2023-06-20,152,5.190779
2023-06-20,182,5.254164
2023-06-20,273,5.368003
2023-06-20,365,5.376351
2023-06-20,547,5.143583
2023-06-20,730,4.687814
2023-06-21,10,4.695806
2023-06-21,30,4.787625
2023-06-21,60,4.911861
2023-06-21,91,5.023788
2023-06-21,122,5.119643
2023-06-21,152,5.19772
2023-06-21,182,5.261953
2023-06-21,273,5.378191
2023-06-21,365,5.388666
2023-06-21,547,5.159028
2023-06-21,730,4.704631
2023-06-22,10,4.700855
2023-06-22,30,4.792956
2023-06-22,60,4.917654
2023-06-22,91,5.030104
2023-06-22,122,5.126524
2023-06-22,152,5.205181
2023-06-22,182,5.270024
2023-06-22,273,5.388247
2023-06-22,365,5.400831
2023-06-22,547,5.17516
2023-06-22,730,4.723621
2023-06-23,10,4.700947
2023-06-23,30,4.793515
2023-06-23,60,4.918952
2023-06-23,91,5.032211
2023-06-23,122,5.129479
2023-06-23,152,5.208993
2023-06-23,182,5.274718
2023-06-23,273,5.395734
2023-06-23,365,5.411206
2023-06-23,547,5.190861
2023-06-23,730,4.743196
2023-06-26,10,4.704128
2023-06-26,30,4.796826
2023-06-26,60,4.92253
2023-06-26,91,5.03615
2023-06-26,122,5.13386
2023-06-26,152,5.213869
2023-06-26,182,5.280152
2023-06-26,273,5.403171
2023-06-26,365,5.421002
2023-06-26,547,5.205586
2023-06-26,730,4.762021
2023-06-27,10,4.710548
2023-06-27,30,4.803079
2023-06-27,60,4.928635
2023-06-27,91,5.04222
2023-06-27,122,5.140008
2023-06-27,152,5.220193
2023-06-27,182,5.286741
2023-06-27,273,5.411045
2023-06-27,365,5.43074
2023-06-27,547,5.21986
2023-06-27,730,4.780586
2023-06-28,10,4.718432
2023-06-28,30,4.810731
2023-06-28,60,4.936039
2023-06-28,91,5.049492
2023-06-28,122,5.147262
2023-06-28,152,5.227533
2023-06-28,182,5.294262
2023-06-28,273,5.419606
2023-06-28,365,5.440947
2023-06-28,547,5.234246
2023-06-28,730,4.799015
2023-06-29,10,4.726647
2023-06-29,30,4.818741
2023-06-29,60,4.943845
2023-06-29,91,5.057213
2023-06-29,122,5.155017
2023-06-29,152,5.235426
2023-06-29,182,5.302389
2023-06-29,273,5.428955
2023-06-29,365,5.452146
2023-06-29,547,5.250085
2023-06-29,730,4.819416
2023-06-30,10,4.727731
2023-06-30,30,4.820148
2023-06-30,60,4.945801
2023-06-30,91,5.059809
2023-06-30,122,5.158323
2023-06-30,152,5.239478
2023-06-30,182,5.307238
2023-06-30,273,5.43648
2023-06-30,365,5.462636
2023-06-30,547,5.266525
2023-06-30,730,4.840817
2023-07-03,10,4.728869
2023-07-03,30,4.821625
2023-07-03,60,4.947847
2023-07-03,91,5.062513
2023-07-03,122,5.16175
2023-07-03,152,5.243661
2023-07-03,182,5.312227
2023-07-03,273,5.444156
2023-07-03,365,5.473272
2023-07-03,547,5.283092
2023-07-03,730,4.86236
2023-07-05,10,4.73162
2023-07-05,30,4.824643
2023-07-05,60,4.95133
2023-07-05,91,5.066551
2023-07-05,122,5.166413
2023-07-05,152,5.248989
2023-07-05,182,5.318273
2023-07-05,273,5.452652
2023-07-05,365,5.484531
2023-07-05,547,5.300028
2023-07-05,730,4.884215
2023-07-06,10,4.737536
2023-07-06,30,4.830592
2023-07-06,60,4.957411
2023-07-06,91,5.072869
2023-07-06,122,5.173063
2023-07-06,152,5.256042
2023-07-06,182,5.325807
2023-07-06,273,5.462041
2023-07-06,365,5.49627
2023-07-06,547,5.31712
2023-07-06,730,4.906461
2023-07-07,10,4.741586
2023-07-07,30,4.834779
2023-07-07,60,4.961875
2023-07-07,91,5.077706
2023-07-07,122,5.178353
2023-07-07,152,5.261843
2023-07-07,182,5.332184
2023-07-07,273,5.470501
2023-07-07,365,5.507229
2023-07-07,547,5.333547
2023-07-07,730,4.928026
2023-07-10,10,4.747926
2023-07-10,30,4.841
2023-07-10,60,4.968007
2023-07-10,91,5.08385
2023-07-10,122,5.184611
2023-07-10,152,5.2683
2023-07-10,182,5.338921
2023-07-10,273,5.478532
2023-07-10,365,5.517109
2023-07-10,547,5.348026
2023-07-10,730,4.947267
2023-07-11,10,4.75662
2023-07-11,30,4.849404
2023-07-11,60,4.97607
2023-07-11,91,5.091673
2023-07-11,122,5.192302
2023-07-11,152,5.275961
2023-07-11,182,5.346641
2023-07-11,273,5.486916
2023-07-11,365,5.526775
2023-07-11,547,5.361378
2023-07-11,730,4.964754
2023-07-12,10,4.762692
2023-07-12,30,4.855126
2023-07-12,60,4.981361
2023-07-12,91,5.096634
2023-07-12,122,5.197043
2023-07-12,152,5.280587
2023-07-12,182,5.351245
2023-07-12,273,5.491949
2023-07-12,365,5.532879
2023-07-12,547,5.370831
2023-07-12,730,4.978131
2023-07-13,10,4.771516
2023-07-13,30,4.863314
2023-07-13,60,4.988701
2023-07-13,91,5.103222
2023-07-13,122,5.203
2023-07-13,152,5.286044
2023-07-13,182,5.356301
2023-07-13,273,5.496358
2023-07-13,365,5.537367
2023-07-13,547,5.376997
2023-07-13,730,4.986939
2023-07-14,10,4.776281
2023-07-14,30,4.867848
2023-07-14,60,4.992954
2023-07-14,91,5.107263
2023-07-14,122,5.206903
2023-07-14,152,5.28988
2023-07-14,182,5.360132
2023-07-14,273,5.500502
2023-07-14,365,5.542236
2023-07-14,547,5.384028
2023-07-14,730,4.996303
2023-07-17,10,4.785466
2023-07-17,30,4.876476
2023-07-17,60,5.000832
2023-07-17,91,5.114468
2023-07-17,122,5.213535
2023-07-17,152,5.296048
2023-07-17,182,5.365918
2023-07-17,273,5.505592
2023-07-17,365,5.547221
2023-07-17,547,5.39004
2023-07-17,730,5.004097
2023-07-18,10,4.788878
2023-07-18,30,4.879883
2023-07-18,60,5.004262
2023-07-18,91,5.117962
2023-07-18,122,5.217129
2023-07-18,152,5.299769
2023-07-18,182,5.369796
2023-07-18,273,5.510084
2023-07-18,365,5.552488
2023-07-18,547,5.39698
2023-07-18,730,5.012372
2023-07-19,10,4.793356
2023-07-19,30,4.884338
2023-07-19,60,5.008712
2023-07-19,91,5.122439
2023-07-19,122,5.221664
2023-07-19,152,5.304386
2023-07-19,182,5.374519
2023-07-19,273,5.515248
2023-07-19,365,5.558222
2023-07-19,547,5.403931
2023-07-19,730,5.020191
2023-07-20,10,4.798407
2023-07-20,30,4.889351
2023-07-20,60,5.013695
2023-07-20,91,5.127426
2023-07-20,122,5.226686
2023-07-20,152,5.30947
2023-07-20,182,5.37969
2023-07-20,273,5.52081
2023-07-20,365,5.564322
2023-07-20,547,5.411235
2023-07-20,730,5.028438
2023-07-21,10,4.794481
2023-07-21,30,4.886106
2023-07-21,60,5.011442
2023-07-21,91,5.126161
2023-07-21,122,5.226373
2023-07-21,152,5.310041
2023-07-21,182,5.381109
2023-07-21,273,5.524574
2023-07-21,365,5.570101
2023-07-21,547,5.419894
2023-07-21,730,5.038425
2023-07-24,10,4.797603
2023-07-24,30,4.889447
2023-07-24,60,5.015121
2023-07-24,91,5.130196
2023-07-24,122,5.230769
2023-07-24,152,5.314792
2023-07-24,182,5.386216
2023-07-24,273,5.530761
2023-07-24,365,5.577343
2023-07-24,547,5.428941
2023-07-24,730,5.048616
2023-07-25,10,4.804435
2023-07-25,30,4.896197
2023-07-25,60,5.02178
2023-07-25,91,5.136799
2023-07-25,122,5.237352
2023-07-25,152,5.321387
2023-07-25,182,5.392854
2023-07-25,273,5.537682
2023-07-25,365,5.584735
2023-07-25,547,5.437557
2023-07-25,730,5.058416
2023-07-26,10,4.81809
2023-07-26,30,4.909246
2023-07-26,60,5.03399
2023-07-26,91,5.14823
2023-07-26,122,5.248089
2023-07-26,152,5.33153
2023-07-26,182,5.402473
2023-07-26,273,5.54612
2023-07-26,365,5.592519
2023-07-26,547,5.445251
2023-07-26,730,5.066963
2023-07-27,10,4.831093
2023-07-27,30,4.921638
2023-07-27,60,5.045543
2023-07-27,91,5.159012
2023-07-27,122,5.25819
2023-07-27,152,5.341057
2023-07-27,182,5.411504
2023-07-27,273,5.554088
2023-07-27,365,5.600005
2023-07-27,547,5.453106
2023-07-27,730,5.076254
2023-07-28,10,4.837198
2023-07-28,30,4.927684
2023-07-28,60,5.051534
2023-07-28,91,5.164982
2023-07-28,122,5.264177
2023-07-28,152,5.347091
2023-07-28,182,5.417615
2023-07-28,273,5.560592
2023-07-28,365,5.607099
2023-07-28,547,5.461706
2023-07-28,730,5.086414
2023-07-31,10,4.847158
2023-07-31,30,4.937264
2023-07-31,60,5.060599
2023-07-31,91,5.173585
2023-07-31,122,5.272385
2023-07-31,152,5.354977
2023-07-31,182,5.425236
2023-07-31,273,5.567726
2023-07-31,365,5.614164
2023-07-31,547,5.469554
2023-07-31,730,5.095736
2023-08-01,10,4.858698
2023-08-01,30,4.948325
2023-08-01,60,5.07101
2023-08-01,91,5.183405
2023-08-01,122,5.281694
2023-08-01,152,5.363865
2023-08-01,182,5.433771
2023-08-01,273,5.575572
2023-08-01,365,5.621825
2023-08-01,547,5.478006
2023-08-01,730,5.105916
2023-08-02,10,4.870485
2023-08-02,30,4.959709
2023-08-02,60,5.081846
2023-08-02,91,5.193741
2023-08-02,122,5.291595
2023-08-02,152,5.373405
2023-08-02,182,5.443005
2023-08-02,273,5.584194
2023-08-02,365,5.63025
2023-08-02,547,5.486989
2023-08-02,730,5.116232
2023-08-03,10,4.880085
2023-08-03,30,4.969107
2023-08-03,60,5.090979
2023-08-03,91,5.202648
2023-08-03,122,5.300321
2023-08-03,152,5.381996
2023-08-03,182,5.4515
2023-08-03,273,5.592607
2023-08-03,365,5.63886
2023-08-03,547,5.496592
2023-08-03,730,5.12726
2023-08-04,10,4.886619
2023-08-04,30,4.975608
2023-08-04,60,5.097451
2023-08-04,91,5.209115
2023-08-04,122,5.306809
2023-08-04,152,5.388525
2023-08-04,182,5.458091
2023-08-04,273,5.599497
2023-08-04,365,5.646192
2023-08-04,547,5.505057
2023-08-04,730,5.136958
2023-08-07,10,4.896845
2023-08-07,30,4.985506
2023-08-07,60,5.106895
2023-08-07,91,5.218134
2023-08-07,122,5.315446
2023-08-07,152,5.396832
2023-08-07,182,5.466105
2023-08-07,273,5.606835
2023-08-07,365,5.653133
2023-08-07,547,5.511881
2023-08-07,730,5.14425
2023-08-08,10,4.909624
2023-08-08,30,4.997681
2023-08-08,60,5.11822
2023-08-08,91,5.228648
2023-08-08,122,5.325216
2023-08-08,152,5.405943
2023-08-08,182,5.474616
2023-08-08,273,5.613855
2023-08-08,365,5.659107
2023-08-08,547,5.516901
2023-08-08,730,5.149397
2023-08-09,10,4.92108
2023-08-09,30,5.008498
2023-08-09,60,5.128137
2023-08-09,91,5.237709
2023-08-09,122,5.33349
2023-08-09,152,5.413523
2023-08-09,182,5.481563
2023-08-09,273,5.619239
2023-08-09,365,5.663403
2023-08-09,547,5.520248
2023-08-09,730,5.152963
2023-08-10,10,4.930745
2023-08-10,30,5.017689
2023-08-10,60,5.136663
2023-08-10,91,5.245604
2023-08-10,122,5.34081
2023-08-10,152,5.420337
2023-08-10,182,5.48792
2023-08-10,273,5.624483
2023-08-10,365,5.667903
2023-08-10,547,5.524201
2023-08-10,730,5.157257
2023-08-11,10,4.938321
2023-08-11,30,5.024904
2023-08-11,60,5.143378
2023-08-11,91,5.251853
2023-08-11,122,5.346644
2023-08-11,152,5.425814
2023-08-11,182,5.493083
2023-08-11,273,5.628944
2023-08-11,365,5.671995
2023-08-11,547,5.528373
2023-08-11,730,5.162276
2023-08-14,10,4.948204
2023-08-14,30,5.034338
2023-08-14,60,5.15219
2023-08-14,91,5.260086
2023-08-14,122,5.354358
2023-08-14,152,5.433083
2023-08-14,182,5.49996
2023-08-14,273,5.634936
2023-08-14,365,5.677513
2023-08-14,547,5.533972
2023-08-14,730,5.168929
2023-08-15,10,4.957708
2023-08-15,30,5.043453
2023-08-15,60,5.160771
2023-08-15,91,5.268176
2023-08-15,122,5.362017
2023-08-15,152,5.44038
2023-08-15,182,5.506947
2023-08-15,273,5.641277
2023-08-15,365,5.683608
2023-08-15,547,5.540551
2023-08-15,730,5.176907
2023-08-16,10,4.962439
2023-08-16,30,5.048234
2023-08-16,60,5.165644
2023-08-16,91,5.273164
2023-08-16,122,5.367138
2023-08-16,152,5.445646
2023-08-16,182,5.512374
2023-08-16,273,5.647279
2023-08-16,365,5.6903
2023-08-16,547,5.548825
2023-08-16,730,5.186881
2023-08-17,10,4.966536
2023-08-17,30,5.052337
2023-08-17,60,5.169787
2023-08-17,91,5.277386
2023-08-17,122,5.371476
2023-08-17,152,5.45013
2023-08-17,182,5.517033
2023-08-17,273,5.652645
2023-08-17,365,5.696608
2023-08-17,547,5.557485
2023-08-17,730,5.198251
2023-08-18,10,4.968678
2023-08-18,30,5.05458
2023-08-18,60,5.172208
2023-08-18,91,5.280025
2023-08-18,122,5.374366
2023-08-18,152,5.453292
2023-08-18,182,5.520495
2023-08-18,273,5.657166
2023-08-18,365,5.702394
2023-08-18,547,5.566166
2023-08-18,730,5.210067
2023-08-21,10,4.973826
2023-08-21,30,5.059611
2023-08-21,60,5.177113
2023-08-21,91,5.284858
2023-08-21,122,5.379186
2023-08-21,152,5.458152
2023-08-21,182,5.525445
2023-08-21,273,5.662666
2023-08-21,365,5.708822
2023-08-21,547,5.575271
2023-08-21,730,5.222541
2023-08-22,10,4.980932
2023-08-22,30,5.066439
2023-08-22,60,5.183589
2023-08-22,91,5.291052
2023-08-22,122,5.385174
2023-08-22,152,5.464011
2023-08-22,182,5.531241
2023-08-22,273,5.66865
2023-08-22,365,5.715507
2023-08-22,547,5.584522
2023-08-22,730,5.235394
2023-08-23,10,4.98961
2023-08-23,30,5.074593
2023-08-23,60,5.191041
2023-08-23,91,5.297879
2023-08-23,122,5.391476
2023-08-23,152,5.469896
2023-08-23,182,5.536796
2023-08-23,273,5.673691
2023-08-23,365,5.720699
2023-08-23,547,5.591596
2023-08-23,730,5.245816
2023-08-24,10,4.993931
2023-08-24,30,5.078749
2023-08-24,60,5.195008
2023-08-24,91,5.301723
2023-08-24,122,5.395267
2023-08-24,152,5.4737
2023-08-24,182,5.540672
2023-08-24,273,5.678123
2023-08-24,365,5.726144
2023-08-24,547,5.600058
2023-08-24,730,5.258125
2023-08-25,10,4.992959
2023-08-25,30,5.078099
2023-08-25,60,5.194864
2023-08-25,91,5.302127
2023-08-25,122,5.396246
2023-08-25,152,5.475256
2023-08-25,182,5.542826
2023-08-25,273,5.682193
2023-08-25,365,5.732273
2023-08-25,547,5.610431
2023-08-25,730,5.272669
2023-08-28,10,5.00113
2023-08-28,30,5.08582
2023-08-28,60,5.201996
2023-08-28,91,5.308756
2023-08-28,122,5.402473
2023-08-28,152,5.481189
2023-08-28,182,5.548552
2023-08-28,273,5.687794
2023-08-28,365,5.738423
2023-08-28,547,5.619233
2023-08-28,730,5.2855
2023-08-29,10,5.007834
2023-08-29,30,5.092201
2023-08-29,60,5.207962
2023-08-29,91,5.314378
2023-08-29,122,5.407834
2023-08-29,152,5.486373
2023-08-29,182,5.553629
2023-08-29,273,5.692944
2023-08-29,365,5.744186
2023-08-29,547,5.627437
2023-08-29,730,5.297191
2023-08-30,10,5.012259
2023-08-30,30,5.096438
2023-08-30,60,5.211974
2023-08-30,91,5.318224
2023-08-30,122,5.411578
2023-08-30,152,5.490078
2023-08-30,182,5.557351
2023-08-30,273,5.697027
2023-08-30,365,5.74905
2023-08-30,547,5.634772
2023-08-30,730,5.307743
2023-08-31,10,5.017564
2023-08-31,30,5.101282
2023-08-31,60,5.216204
2023-08-31,91,5.321915
2023-08-31,122,5.414825
2023-08-31,152,5.492979
2023-08-31,182,5.559988
2023-08-31,273,5.699318
2023-08-31,365,5.751611
2023-08-31,547,5.63931
2023-08-31,730,5.315541
2023-09-01,10,5.015462
2023-09-01,30,5.099343
2023-09-01,60,5.214534
2023-09-01,91,5.320552
2023-09-01,122,5.413797
2023-09-01,152,5.492301
2023-09-01,182,5.559682
2023-09-01,273,5.700266
2023-09-01,365,5.753982
2023-09-01,547,5.644774
2023-09-01,730,5.324187
2023-09-05,10,5.017568
2023-09-05,30,5.101339
2023-09-05,60,5.21641
2023-09-05,91,5.32236
2023-09-05,122,5.415589
2023-09-05,152,5.494126
2023-09-05,182,5.561584
2023-09-05,273,5.702655
2023-09-05,365,5.757199
2023-09-05,547,5.650376
2023-09-05,730,5.332764
2023-09-06,10,5.020721
2023-09-06,30,5.104279
2023-09-06,60,5.219091
2023-09-06,91,5.324844
2023-09-06,122,5.417946
2023-09-06,152,5.496424
2023-09-06,182,5.563884
2023-09-06,273,5.705297
2023-09-06,365,5.760643
2023-09-06,547,5.656436
2023-09-06,730,5.342306
2023-09-07,10,5.029782
2023-09-07,30,5.112619
2023-09-07,60,5.226446
2023-09-07,91,5.331304
2023-09-07,122,5.423629
2023-09-07,152,5.501464
2023-09-07,182,5.568383
2023-09-07,273,5.708745
2023-09-07,365,5.763833
2023-09-07,547,5.661047
2023-09-07,730,5.35016
2023-09-08,10,5.030766
2023-09-08,30,5.113617
2023-09-08,60,5.227503
2023-09-08,91,5.332466
2023-09-08,122,5.42494
2023-09-08,152,5.502958
2023-09-08,182,5.570097
2023-09-08,273,5.711332
2023-09-08,365,5.767573
2023-09-08,547,5.667648
2023-09-08,730,5.360048
2023-09-11,10,5.037209
2023-09-11,30,5.11961
2023-09-11,60,5.232894
2023-09-11,91,5.337325
2023-09-11,122,5.429355
2023-09-11,152,5.507024
2023-09-11,182,5.57389
2023-09-11,273,5.714727
2023-09-11,365,5.771157
2023-09-11,547,5.673004
2023-09-11,730,5.368466
2023-09-12,10,5.040248
2023-09-12,30,5.122494
2023-09-12,60,5.235594
2023-09-12,91,5.339893
2023-09-12,122,5.431848
2023-09-12,152,5.509496
2023-09-12,182,5.576391
2023-09-12,273,5.717589
2023-09-12,365,5.774754
2023-09-12,547,5.678899
2023-09-12,730,5.377372
2023-09-13,10,5.041194
2023-09-13,30,5.123545
2023-09-13,60,5.236825
2023-09-13,91,5.341334
2023-09-13,122,5.433525
2023-09-13,152,5.511422
2023-09-13,182,5.578585
2023-09-13,273,5.72071
2023-09-13,365,5.778954
2023-09-13,547,5.68552
2023-09-13,730,5.386581
2023-09-14,10,5.044292
2023-09-14,30,5.126462
2023-09-14,60,5.239513
2023-09-14,91,5.343841
2023-09-14,122,5.435903
2023-09-14,152,5.513724
2023-09-14,182,5.580858
2023-09-14,273,5.723151
2023-09-14,365,5.78192
2023-09-14,547,5.690343
2023-09-14,730,5.393998
2023-09-15,10,5.043433
2023-09-15,30,5.125718
2023-09-15,60,5.238962
2023-09-15,91,5.343512
2023-09-15,122,5.43582
2023-09-15,152,5.513899
2023-09-15,182,5.581309
2023-09-15,273,5.724549
2023-09-15,365,5.78441
2023-09-15,547,5.695278
2023-09-15,730,5.401563
2023-09-18,10,5.045188
2023-09-18,30,5.127293
2023-09-18,60,5.24031
2023-09-18,91,5.344681
2023-09-18,122,5.436861
2023-09-18,152,5.514865
2023-09-18,182,5.582246
2023-09-18,273,5.725654
2023-09-18,365,5.786038
2023-09-18,547,5.698768
2023-09-18,730,5.407672
2023-09-19,10,5.0512
2023-09-19,30,5.132657
2023-09-19,60,5.24479
2023-09-19,91,5.348353
2023-09-19,122,5.439829
2023-09-19,152,5.517249
2023-09-19,182,5.584135
2023-09-19,273,5.726564
2023-09-19,365,5.786678
2023-09-19,547,5.700622
2023-09-19,730,5.412449
2023-09-20,10,5.05046
2023-09-20,30,5.131762
2023-09-20,60,5.24371
2023-09-20,91,5.347142
2023-09-20,122,5.438544
2023-09-20,152,5.515946
2023-09-20,182,5.582864
2023-09-20,273,5.725676
2023-09-20,365,5.786567
2023-09-20,547,5.70297
2023-09-20,730,5.418112
2023-09-21,10,5.015925
2023-09-21,30,5.100269
2023-09-21,60,5.216555
2023-09-21,91,5.32419
2023-09-21,122,5.419522
2023-09-21,152,5.500472
2023-09-21,182,5.570698
2023-09-21,273,5.722136
2023-09-21,365,5.78977
2023-09-21,547,5.714497
2023-09-21,730,5.43271
2023-09-22,10,4.99236
2023-09-22,30,5.078643
2023-09-22,60,5.197706
2023-09-22,91,5.308048
2023-09-22,122,5.405926
2023-09-22,152,5.489191
2023-09-22,182,5.561589
2023-09-22,273,5.718793
2023-09-22,365,5.791087
2023-09-22,547,5.722051
2023-09-22,730,5.443339
2023-09-25,10,4.983013
2023-09-25,30,5.070007
2023-09-25,60,5.190107
2023-09-25,91,5.301485
2023-09-25,122,5.400362
2023-09-25,152,5.48456
2023-09-25,182,5.557859
2023-09-25,273,5.717606
2023-09-25,365,5.792197
2023-09-25,547,5.726976
2023-09-25,730,5.451262
2023-09-26,10,4.981657
2023-09-26,30,5.068685
2023-09-26,60,5.188862
2023-09-26,91,5.300355
2023-09-26,122,5.399381
2023-09-26,152,5.483755
2023-09-26,182,5.557258
2023-09-26,273,5.71779
2023-09-26,365,5.7934
2023-09-26,547,5.730718
2023-09-26,730,5.458021
2023-09-27,10,4.979212
2023-09-27,30,5.066244
2023-09-27,60,5.186463
2023-09-27,91,5.298042
2023-09-27,122,5.397197
2023-09-27,152,5.481733
2023-09-27,182,5.555436
2023-09-27,273,5.716779
2023-09-27,365,5.793491
2023-09-27,547,5.733646
2023-09-27,730,5.464391
2023-09-28,10,4.983075
2023-09-28,30,5.069595
2023-09-28,60,5.189119
2023-09-28,91,5.300071
2023-09-28,122,5.398688
2023-09-28,152,5.482785
2023-09-28,182,5.556127
2023-09-28,273,5.716822
2023-09-28,365,5.7935
2023-09-28,547,5.735114
2023-09-28,730,5.468839
2023-09-29,10,4.982499
2023-09-29,30,5.068728
2023-09-29,60,5.187871
2023-09-29,91,5.298495
2023-09-29,122,5.39685
2023-09-29,152,5.480754
2023-09-29,182,5.55396
2023-09-29,273,5.714569
2023-09-29,365,5.791615
2023-09-29,547,5.73507
2023-09-29,730,5.471743
2023-10-02,10,4.987781
2023-10-02,30,5.073315
2023-10-02,60,5.191504
2023-10-02,91,5.301248
2023-10-02,122,5.398828
2023-10-02,152,5.482079
2023-10-02,182,5.554723
2023-10-02,273,5.714161
2023-10-02,365,5.79076
2023-10-02,547,5.735163
2023-10-02,730,5.474636
2023-10-03,10,4.997568
2023-10-03,30,5.082077
2023-10-03,60,5.198843
2023-10-03,91,5.307258
2023-10-03,122,5.403648
2023-10-03,152,5.485875
2023-10-03,182,5.557618
2023-10-03,273,5.715021
2023-10-03,365,5.790546
2023-10-03,547,5.735265
2023-10-03,730,5.477552
2023-10-04,10,5.020893
2023-10-04,30,5.103096
2023-10-04,60,5.216628
2023-10-04,91,5.321977
2023-10-04,122,5.415571
2023-10-04,152,5.495342
2023-10-04,182,5.564866
2023-10-04,273,5.71691
2023-10-04,365,5.788939
2023-10-04,547,5.731546
2023-10-04,730,5.476656
2023-10-05,10,5.038736
2023-10-05,30,5.119107
2023-10-05,60,5.23007
2023-10-05,91,5.332985
2023-10-05,122,5.424363
2023-10-05,152,5.50219
2023-10-05,182,5.569961
2023-10-05,273,5.717792
2023-10-05,365,5.78711
2023-10-05,547,5.728227
2023-10-05,730,5.475835
2023-10-06,10,5.049633
2023-10-06,30,5.128714
2023-10-06,60,5.237875
2023-10-06,91,5.339092
2023-10-06,122,5.428933
2023-10-06,152,5.505421
2023-10-06,182,5.571994
2023-10-06,273,5.717008
2023-10-06,365,5.78462
2023-10-06,547,5.725219
2023-10-06,730,5.475243
2023-10-09,10,5.062973
2023-10-09,30,5.140588
2023-10-09,60,5.247684
2023-10-09,91,5.346935
2023-10-09,122,5.434974
2023-10-09,152,5.509871
2023-10-09,182,5.574997
2023-10-09,273,5.71646
2023-10-09,365,5.781661
2023-10-09,547,5.720457
2023-10-09,730,5.471767
2023-10-10,10,5.077739
2023-10-10,30,5.153712
2023-10-10,60,5.258496
2023-10-10,91,5.355539
2023-10-10,122,5.44155
2023-10-10,152,5.51465
2023-10-10,182,5.578137
2023-10-10,273,5.715542
2023-10-10,365,5.777926
2023-10-10,547,5.714396
2023-10-10,730,5.466766
2023-10-11,10,5.090573
2023-10-11,30,5.16507
2023-10-11,60,5.267773
2023-10-11,91,5.362828
2023-10-11,122,5.447012
2023-10-11,152,5.518493
2023-10-11,182,5.580503
2023-10-11,273,5.714246
2023-10-11,365,5.774084
2023-10-11,547,5.708427
2023-10-11,730,5.461707
2023-10-12,10,5.101847
2023-10-12,30,5.17501
2023-10-12,60,5.275836
2023-10-12,91,5.369105
2023-10-12,122,5.451653
2023-10-12,152,5.521689
2023-10-12,182,5.582386
2023-10-12,273,5.712913
2023-10-12,365,5.770573
2023-10-12,547,5.703313
2023-10-12,730,5.4578
2023-10-13,10,5.104887
2023-10-13,30,5.177391
2023-10-13,60,5.277297
2023-10-13,91,5.369697
2023-10-13,122,5.451458
2023-10-13,152,5.520809
2023-10-13,182,5.580893
2023-10-13,273,5.709976
2023-10-13,365,5.766763
2023-10-13,547,5.699255
2023-10-13,730,5.455036
2023-10-16,10,5.109176
2023-10-16,30,5.180863
2023-10-16,60,5.279628
2023-10-16,91,5.370956
2023-10-16,122,5.451749
2023-10-16,152,5.520259
2023-10-16,182,5.579593
2023-10-16,273,5.70693
2023-10-16,365,5.762691
2023-10-16,547,5.695003
2023-10-16,730,5.452512
2023-10-17,10,5.115979
2023-10-17,30,5.186879
2023-10-17,60,5.28455
2023-10-17,91,5.37485
2023-10-17,122,5.454719
2023-10-17,152,5.522428
2023-10-17,182,5.581051
2023-10-17,273,5.70675
2023-10-17,365,5.761583
2023-10-17,547,5.693879
2023-10-17,730,5.453246
2023-10-18,10,5.119979
2023-10-18,30,5.190473
2023-10-18,60,5.287585
2023-10-18,91,5.377371
2023-10-18,122,5.456788
2023-10-18,152,5.524117
2023-10-18,182,5.582416
2023-10-18,273,5.707449
2023-10-18,365,5.762054
2023-10-18,547,5.695022
2023-10-18,730,5.456236
2023-10-19,10,5.123578
2023-10-19,30,5.193651
2023-10-19,60,5.290181
2023-10-19,91,5.379428
2023-10-19,122,5.458366
2023-10-19,152,5.525288
2023-10-19,182,5.583234
2023-10-19,273,5.707509
2023-10-19,365,5.761791
2023-10-19,547,5.695251
2023-10-19,730,5.458176
2023-10-20,10,5.119551
2023-10-20,30,5.189648
2023-10-20,60,5.286231
2023-10-20,91,5.375551
2023-10-20,122,5.454582
2023-10-20,152,5.521611
2023-10-20,182,5.579679
2023-10-20,273,5.704424
2023-10-20,365,5.75932
2023-10-20,547,5.694358
2023-10-20,730,5.459272
2023-10-23,10,5.11571
2023-10-23,30,5.185827
2023-10-23,60,5.282444
2023-10-23,91,5.371808
2023-10-23,122,5.45089
2023-10-23,152,5.517976
2023-10-23,182,5.57611
2023-10-23,273,5.7011
2023-10-23,365,5.756317
2023-10-23,547,5.692213
2023-10-23,730,5.458303
2023-10-24,10,5.11354
2023-10-24,30,5.183556
2023-10-24,60,5.280038
2023-10-24,91,5.369284
2023-10-24,122,5.448267
2023-10-24,152,5.515277
2023-10-24,182,5.573352
2023-10-24,273,5.698273
2023-10-24,365,5.753575
2023-10-24,547,5.690062
2023-10-24,730,5.457237
2023-10-25,10,5.108382
2023-10-25,30,5.178621
2023-10-25,60,5.275425
2023-10-25,91,5.364987
2023-10-25,122,5.444272
2023-10-25,152,5.511561
2023-10-25,182,5.569903
2023-10-25,273,5.695562
2023-10-25,365,5.75152
2023-10-25,547,5.689113
2023-10-25,730,5.457276
2023-10-26,10,5.102387
2023-10-26,30,5.172939
2023-10-26,60,5.270186
2023-10-26,91,5.360175
2023-10-26,122,5.439858
2023-10-26,152,5.507504
2023-10-26,182,5.566178
2023-10-26,273,5.692698
2023-10-26,365,5.749335
2023-10-26,547,5.687834
2023-10-26,730,5.456553
2023-10-27,10,5.094204
2023-10-27,30,5.165004
2023-10-27,60,5.262617
2023-10-27,91,5.352974
2023-10-27,122,5.433015
2023-10-27,152,5.500999
2023-10-27,182,5.560004
2023-10-27,273,5.687487
2023-10-27,365,5.745046
2023-10-27,547,5.685285
2023-10-27,730,5.455744
2023-10-30,10,5.092748
2023-10-30,30,5.163197
2023-10-30,60,5.260319
2023-10-30,91,5.350214
2023-10-30,122,5.429836
2023-10-30,152,5.497457
2023-10-30,182,5.556138
2023-10-30,273,5.682872
2023-10-30,365,5.740011
2023-10-30,547,5.680317
2023-10-30,730,5.451881
2023-10-31,10,5.094995
2023-10-31,30,5.164966
2023-10-31,60,5.2614
2023-10-31,91,5.350622
2023-10-31,122,5.42961
2023-10-31,152,5.496653
2023-10-31,182,5.55479
2023-10-31,273,5.680087
2023-10-31,365,5.736087
2023-10-31,547,5.675029
2023-10-31,730,5.446347
2023-11-01,10,5.097982
2023-11-01,30,5.16737
2023-11-01,60,5.262957
2023-11-01,91,5.351335
2023-11-01,122,5.429512
2023-11-01,152,5.495803
2023-11-01,182,5.553218
2023-11-01,273,5.676518
2023-11-01,365,5.730792
2023-11-01,547,5.667201
2023-11-01,730,5.437162
2023-11-02,10,5.097098
2023-11-02,30,5.166357
2023-11-02,60,5.261729
2023-11-02,91,5.349862
2023-11-02,122,5.427773
2023-11-02,152,5.493785
2023-11-02,182,5.550906
2023-11-02,273,5.673223
2023-11-02,365,5.72641
2023-11-02,547,5.660583
2023-11-02,730,5.428511
2023-11-03,10,5.095901
2023-11-03,30,5.164867
2023-11-03,60,5.259789
2023-11-03,91,5.347446
2023-11-03,122,5.424871
2023-11-03,152,5.490406
2023-11-03,182,5.547042
2023-11-03,273,5.667869
2023-11-03,365,5.719543
2023-11-03,547,5.650861
2023-11-03,730,5.416365
2023-11-06,10,5.103155
2023-11-06,30,5.17116
2023-11-06,60,5.264686
2023-11-06,91,5.350958
2023-11-06,122,5.427053
2023-11-06,152,5.491355
2023-11-06,182,5.546811
2023-11-06,273,5.664366
2023-11-06,365,5.713197
2023-11-06,547,5.640207
2023-11-06,730,5.403036
2023-11-07,10,5.108215
2023-11-07,30,5.175534
2023-11-07,60,5.268051
2023-11-07,91,5.353304
2023-11-07,122,5.428406
2023-11-07,152,5.491771
2023-11-07,182,5.546314
2023-11-07,273,5.661255
2023-11-07,365,5.707685
2023-11-07,547,5.630697
2023-11-07,730,5.390575
2023-11-08,10,5.112709
2023-11-08,30,5.179469
2023-11-08,60,5.271153
2023-11-08,91,5.355552
2023-11-08,122,5.429809
2023-11-08,152,5.492363
2023-11-08,182,5.546105
2023-11-08,273,5.658679
2023-11-08,365,5.702832
2023-11-08,547,5.621776
2023-11-08,730,5.378308
2023-11-09,10,5.112267
2023-11-09,30,5.179027
2023-11-09,60,5.270673
2023-11-09,91,5.354986
2023-11-09,122,5.42911
2023-11-09,152,5.491496
2023-11-09,182,5.545032
2023-11-09,273,5.656772
2023-11-09,365,5.699813
2023-11-09,547,5.616013
2023-11-09,730,5.369482
2023-11-10,10,5.109717
2023-11-10,30,5.176647
2023-11-10,60,5.2685
2023-11-10,91,5.352971
2023-11-10,122,5.427198
2023-11-10,152,5.489634
2023-11-10,182,5.543174
2023-11-10,273,5.654666
2023-11-10,365,5.697111
2023-11-10,547,5.611378
2023-11-10,730,5.362338
2023-11-13,10,5.113417
2023-11-13,30,5.180007
2023-11-13,60,5.271345
2023-11-13,91,5.355278
2023-11-13,122,5.428965
2023-11-13,152,5.490876
2023-11-13,182,5.543889
2023-11-13,273,5.653783
2023-11-13,365,5.694635
2023-11-13,547,5.605916
2023-11-13,730,5.354273
2023-11-14,10,5.117296
2023-11-14,30,5.182983
2023-11-14,60,5.273012
2023-11-14,91,5.355646
2023-11-14,122,5.42809
2023-11-14,152,5.488848
2023-11-14,182,5.540759
2023-11-14,273,5.647608
2023-11-14,365,5.685824
2023-11-14,547,5.593124
2023-11-14,730,5.339005
2023-11-15,10,5.121256
2023-11-15,30,5.18621
2023-11-15,60,5.275169
2023-11-15,91,5.356736
2023-11-15,122,5.428149
2023-11-15,152,5.487946
2023-11-15,182,5.53893
2023-11-15,273,5.643179
2023-11-15,365,5.679081
2023-11-15,547,5.58271
2023-11-15,730,5.326067
2023-11-16,10,5.132521
2023-11-16,30,5.19606
2023-11-16,60,5.28298
2023-11-16,91,5.362546
2023-11-16,122,5.432063
2023-11-16,152,5.490123
2023-11-16,182,5.539462
2023-11-16,273,5.639273
2023-11-16,365,5.671482
2023-11-16,547,5.569915
2023-11-16,730,5.31047
2023-11-17,10,5.135159
2023-11-17,30,5.198083
2023-11-17,60,5.284099
2023-11-17,91,5.362751
2023-11-17,122,5.431376
2023-11-17,152,5.488594
2023-11-17,182,5.537112
2023-11-17,273,5.634564
2023-11-17,365,5.664592
2023-11-17,547,5.559341
2023-11-17,730,5.297076
2023-11-20,10,5.136679
2023-11-20,30,5.199101
2023-11-20,60,5.28437
2023-11-20,91,5.362262
2023-11-20,122,5.430138
2023-11-20,152,5.486642
2023-11-20,182,5.534459
2023-11-20,273,5.629858
2023-11-20,365,5.657938
2023-11-20,547,5.549263
2023-11-20,730,5.284217
2023-11-21,10,5.143875
2023-11-21,30,5.205351
2023-11-21,60,5.289248
2023-11-21,91,5.365777
2023-11-21,122,5.432347
2023-11-21,152,5.487639
2023-11-21,182,5.534294
2023-11-21,273,5.626471
2023-11-21,365,5.651738
2023-11-21,547,5.538716
2023-11-21,730,5.270781
2023-11-22,10,5.145857
2023-11-22,30,5.206892
2023-11-22,60,5.290133
2023-11-22,91,5.365991
2023-11-22,122,5.431896
2023-11-22,152,5.486553
2023-11-22,182,5.532582
2023-11-22,273,5.622912
2023-11-22,365,5.646404
2023-11-22,547,5.530206
2023-11-22,730,5.259619
2023-11-24,10,5.151264
2023-11-24,30,5.211607
2023-11-24,60,5.29384
2023-11-24,91,5.368695
2023-11-24,122,5.433636
2023-11-24,152,5.487397
2023-11-24,182,5.532564
2023-11-24,273,5.620491
2023-11-24,365,5.641864
2023-11-24,547,5.522337
2023-11-24,730,5.24946
2023-11-27,10,5.16027
2023-11-27,30,5.219668
2023-11-27,60,5.300526
2023-11-27,91,5.374012
2023-11-27,122,5.437638
2023-11-27,152,5.490176
2023-11-27,182,5.534168
2023-11-27,273,5.618826
2023-11-27,365,5.637331
2023-11-27,547,5.513377
2023-11-27,730,5.237633
2023-11-28,10,5.170374
2023-11-28,30,5.2288
2023-11-28,60,5.308242
2023-11-28,91,5.380318
2023-11-28,122,5.442586
2023-11-28,152,5.493859
2023-11-28,182,5.536636
2023-11-28,273,5.617897
2023-11-28,365,5.633402
2023-11-28,547,5.504733
2023-11-28,730,5.225781
2023-11-29,10,5.176961
2023-11-29,30,5.234473
2023-11-29,60,5.312584
2023-11-29,91,5.383333
2023-11-29,122,5.444324
2023-11-29,152,5.494406
2023-11-29,182,5.536037
2023-11-29,273,5.61409
2023-11-29,365,5.626748
2023-11-29,547,5.49357
2023-11-29,730,5.21149
2023-11-30,10,5.19093
2023-11-30,30,5.246802
2023-11-30,60,5.322546
2023-11-30,91,5.390968
2023-11-30,122,5.449747
2023-11-30,152,5.4978
2023-11-30,182,5.537507
2023-11-30,273,5.610347
2023-11-30,365,5.618641
2023-11-30,547,5.479272
2023-11-30,730,5.193832
2023-12-01,10,5.197001
2023-12-01,30,5.251808
2023-12-01,60,5.326001
2023-12-01,91,5.392879
2023-12-01,122,5.450174
2023-12-01,152,5.496844
2023-12-01,182,5.535223
2023-12-01,273,5.604356
2023-12-01,365,5.609383
2023-12-01,547,5.464909
2023-12-01,730,5.176047
2023-12-04,10,5.204173
2023-12-04,30,5.25765
2023-12-04,60,5.329926
2023-12-04,91,5.394917
2023-12-04,122,5.450418
2023-12-04,152,5.49544
2023-12-04,182,5.532254
2023-12-04,273,5.597136
2023-12-04,365,5.598585
2023-12-04,547,5.448957
2023-12-04,730,5.157152
2023-12-05,10,5.211457
2023-12-05,30,5.26356
2023-12-05,60,5.333851
2023-12-05,91,5.396883
2023-12-05,122,5.45052
2023-12-05,152,5.493826
2023-12-05,182,5.529007
2023-12-05,273,5.589436
2023-12-05,365,5.587105
2023-12-05,547,5.43194
2023-12-05,730,5.136841
2023-12-06,10,5.216501
2023-12-06,30,5.267355
2023-12-06,60,5.335837
2023-12-06,91,5.397084
2023-12-06,122,5.449018
2023-12-06,152,5.490754
2023-12-06,182,5.524439
2023-12-06,273,5.58077
2023-12-06,365,5.574935
2023-12-06,547,5.414566
2023-12-06,730,5.116265
2023-12-07,10,5.221496
2023-12-07,30,5.271086
2023-12-07,60,5.337742
2023-12-07,91,5.397186
2023-12-07,122,5.447401
2023-12-07,152,5.487552
2023-12-07,182,5.519728
2023-12-07,273,5.57193
2023-12-07,365,5.56257
2023-12-07,547,5.39698
2023-12-07,730,5.095482
2023-12-08,10,5.216864
2023-12-08,30,5.266172
2023-12-08,60,5.332392
2023-12-08,91,5.391373
2023-12-08,122,5.441111
2023-12-08,152,5.480789
2023-12-08,182,5.512483
2023-12-08,273,5.563174
2023-12-08,365,5.552241
2023-12-08,547,5.383545
2023-12-08,730,5.079166
2023-12-11,10,5.216976
2023-12-11,30,5.265844
2023-12-11,60,5.331404
2023-12-11,91,5.389704
2023-12-11,122,5.438764
2023-12-11,152,5.477789
2023-12-11,182,5.508835
2023-12-11,273,5.557589
2023-12-11,365,5.544766
2023-12-11,547,5.372614
2023-12-11,730,5.065282
2023-12-12,10,5.22001
2023-12-12,30,5.268243
2023-12-12,60,5.332874
2023-12-12,91,5.390243
2023-12-12,122,5.4384
2023-12-12,152,5.476579
2023-12-12,182,5.506805
2023-12-12,273,5.553234
2023-12-12,365,5.538304
2023-12-12,547,5.362688
2023-12-12,730,5.052795
2023-12-13,10,5.227574
2023-12-13,30,5.274672
2023-12-13,60,5.337659
2023-12-13,91,5.393401
2023-12-13,122,5.440005
2023-12-13,152,5.476747
2023-12-13,182,5.505601
2023-12-13,273,5.548255
2023-12-13,365,5.530068
2023-12-13,547,5.349534
2023-12-13,730,5.036498
2023-12-14,10,5.239504
2023-12-14,30,5.284707
2023-12-14,60,5.344998
2023-12-14,91,5.398133
2023-12-14,122,5.442308
2023-12-14,152,5.476863
2023-12-14,182,5.503685
2023-12-14,273,5.541072
2023-12-14,365,5.518815
2023-12-14,547,5.333352
2023-12-14,730,5.018554
2023-12-15,10,5.247898
2023-12-15,30,5.291206
2023-12-15,60,5.348824
2023-12-15,91,5.399405
2023-12-15,122,5.441227
2023-12-15,152,5.473691
2023-12-15,182,5.498599
2023-12-15,273,5.531187
2023-12-15,365,5.50547
2023-12-15,547,5.316522
2023-12-15,730,5.001446
2023-12-18,10,5.25783
2023-12-18,30,5.298884
2023-12-18,60,5.353331
2023-12-18,91,5.400891
2023-12-18,122,5.439945
2023-12-18,152,5.46996
2023-12-18,182,5.492638
2023-12-18,273,5.51971
2023-12-18,365,5.490137
2023-12-18,547,5.297703
2023-12-18,730,4.983069
2023-12-19,10,5.269743
2023-12-19,30,5.308359
2023-12-19,60,5.35938
2023-12-19,91,5.403682
2023-12-19,122,5.439752
2023-12-19,152,5.467134
2023-12-19,182,5.487418
2023-12-19,273,5.508595
2023-12-19,365,5.474945
2023-12-19,547,5.278972
2023-12-19,730,4.965067
2023-12-20,10,5.281294
2023-12-20,30,5.317414
2023-12-20,60,5.364929
2023-12-20,91,5.405899
2023-12-20,122,5.438924
2023-12-20,152,5.463621
2023-12-20,182,5.481467
2023-12-20,273,5.496664
2023-12-20,365,5.458916
2023-12-20,547,5.259504
2023-12-20,730,4.946555
2023-12-21,10,5.294124
2023-12-21,30,5.327625
2023-12-21,60,5.371457
2023-12-21,91,5.408925
2023-12-21,122,5.438742
2023-12-21,152,5.460605
2023-12-21,182,5.475873
2023-12-21,273,5.484719
2023-12-21,365,5.44257
2023-12-21,547,5.239313
2023-12-21,730,4.927129
2023-12-22,10,5.298043
2023-12-22,30,5.329452
2023-12-22,60,5.370356
2023-12-22,91,5.405051
2023-12-22,122,5.432345
2023-12-22,152,5.451994
2023-12-22,182,5.465263
2023-12-22,273,5.469273
2023-12-22,365,5.423918
2023-12-22,547,5.218316
2023-12-22,730,4.907475
2023-12-26,10,5.303536
2023-12-26,30,5.33278
2023-12-26,60,5.370646
2023-12-26,91,5.402458
2023-12-26,122,5.427122
2023-12-26,152,5.444455
2023-12-26,182,5.455628
2023-12-26,273,5.45452
2023-12-26,365,5.405699
2023-12-26,547,5.197329
2023-12-26,730,4.88754
2023-12-27,10,5.31043
2023-12-27,30,5.337414
2023-12-27,60,5.372104
2023-12-27,91,5.400898
2023-12-27,122,5.422799
2023-12-27,152,5.437697
2023-12-27,182,5.446655
2023-12-27,273,5.44011
2023-12-27,365,5.38755
2023-12-27,547,5.176005
2023-12-27,730,4.867038
2023-12-28,10,5.322638
2023-12-28,30,5.346934
2023-12-28,60,5.377839
2023-12-28,91,5.403023
2023-12-28,122,5.421611
2023-12-28,152,5.433574
2023-12-28,182,5.439857
2023-12-28,273,5.426672
2023-12-28,365,5.369448
2023-12-28,547,5.15366
2023-12-28,730,4.845282
2023-12-29,10,5.325144
2023-12-29,30,5.347719
2023-12-29,60,5.376215
2023-12-29,91,5.399119
2023-12-29,122,5.415634
2023-12-29,152,5.425778
2023-12-29,182,5.430419
2023-12-29,273,5.413267
2023-12-29,365,5.353417
2023-12-29,547,5.135715
2023-12-29,730,4.828435
2024-01-02,10,5.331048
2024-01-02,30,5.351727
2024-01-02,60,5.377562
2024-01-02,91,5.397942
2024-01-02,122,5.412153
2024-01-02,152,5.420269
2024-01-02,182,5.423074
2024-01-02,273,5.401441
2024-01-02,365,5.338562
2024-01-02,547,5.118463
2024-01-02,730,4.812165
2024-01-03,10,5.34026
2024-01-03,30,5.358698
2024-01-03,60,5.381385
2024-01-03,91,5.398773
2024-01-03,122,5.410247
2024-01-03,152,5.415951
2024-01-03,182,5.416565
2024-01-03,273,5.389565
2024-01-03,365,5.323023
2024-01-03,547,5.09996
2024-01-03,730,4.794829
2024-01-04,10,5.348186
2024-01-04,30,5.36457
2024-01-04,60,5.384375
2024-01-04,91,5.399028
2024-01-04,122,5.408005
2024-01-04,152,5.411511
2024-01-04,182,5.410135
2024-01-04,273,5.378285
2024-01-04,365,5.308482
2024-01-04,547,5.082943
2024-01-04,730,4.779167
2024-01-05,10,5.348076
2024-01-05,30,5.363136
2024-01-05,60,5.381102
2024-01-05,91,5.394032
2024-01-05,122,5.401461
2024-01-05,152,5.403627
2024-01-05,182,5.401063
2024-01-05,273,5.366463
2024-01-05,365,5.295052
2024-01-05,547,5.069112
2024-01-05,730,4.767487
2024-01-08,10,5.349776
2024-01-08,30,5.363485
2024-01-08,60,5.379571
2024-01-08,91,5.390736
2024-01-08,122,5.396574
2024-01-08,152,5.397361
2024-01-08,182,5.393568
2024-01-08,273,5.356101
2024-01-08,365,5.282971
2024-01-08,547,5.056437
2024-01-08,730,4.756821
2024-01-09,10,5.351999
2024-01-09,30,5.364357
2024-01-09,60,5.378561
2024-01-09,91,5.387957
2024-01-09,122,5.392198
2024-01-09,152,5.391597
2024-01-09,182,5.386564
2024-01-09,273,5.346188
2024-01-09,365,5.271285
2024-01-09,547,5.044028
2024-01-09,730,4.746294
2024-01-10,10,5.361409
2024-01-10,30,5.371834
2024-01-10,60,5.383325
2024-01-10,91,5.390146
2024-01-10,122,5.392038
2024-01-10,152,5.38937
2024-01-10,182,5.382466
2024-01-10,273,5.337538
2024-01-10,365,5.259591
2024-01-10,547,5.030118
2024-01-10,730,4.733889
2024-01-11,10,5.372501
2024-01-11,30,5.380824
2024-01-11,60,5.389356
2024-01-11,91,5.393361
2024-01-11,122,5.392671
2024-01-11,152,5.387721
2024-01-11,182,5.378741
2024-01-11,273,5.328695
2024-01-11,365,5.247217
2024-01-11,547,5.014799
2024-01-11,730,4.719634
2024-01-12,10,5.374443
2024-01-12,30,5.381182
2024-01-12,60,5.387497
2024-01-12,91,5.389402
2024-01-12,122,5.386802
2024-01-12,152,5.380177
2024-01-12,182,5.369687
2024-01-12,273,5.316004
2024-01-12,365,5.232155
2024-01-12,547,4.998227
2024-01-12,730,4.704639
2024-01-16,10,5.379221
2024-01-16,30,5.38428
2024-01-16,60,5.388233
2024-01-16,91,5.387893
2024-01-16,122,5.38324
2024-01-16,152,5.374804
2024-01-16,182,5.362669
2024-01-16,273,5.304961
2024-01-16,365,5.218377
2024-01-16,547,4.982312
2024-01-16,730,4.689821
2024-01-17,10,5.379624
2024-01-17,30,5.383701
2024-01-17,60,5.386287
2024-01-17,91,5.384665
2024-01-17,122,5.378855
2024-01-17,152,5.369416
2024-01-17,182,5.356389
2024-01-17,273,5.296596
2024-01-17,365,5.208765
2024-01-17,547,4.972277
2024-01-17,730,4.681269
2024-01-18,10,5.383037
2024-01-18,30,5.38609
2024-01-18,60,5.387245
2024-01-18,91,5.384273
2024-01-18,122,5.377241
2024-01-18,152,5.366736
2024-01-18,182,5.352752
2024-01-18,273,5.290686
2024-01-18,365,5.201423
2024-01-18,547,4.964184
2024-01-18,730,4.674396
2024-01-19,10,5.371092
2024-01-19,30,5.374317
2024-01-19,60,5.375753
2024-01-19,91,5.373098
2024-01-19,122,5.366409
2024-01-19,152,5.356257
2024-01-19,182,5.342646
2024-01-19,273,5.28182
2024-01-19,365,5.193928
2024-01-19,547,4.95955
2024-01-19,730,4.672496
2024-01-22,10,5.364285
2024-01-22,30,5.36731
2024-01-22,60,5.368495
2024-01-22,91,5.365639
2024-01-22,122,5.358805
2024-01-22,152,5.348564
2024-01-22,182,5.334911
2024-01-22,273,5.274223
2024-01-22,365,5.186822
2024-01-22,547,4.954173
2024-01-22,730,4.669402
2024-01-23,10,5.354468
2024-01-23,30,5.357652
2024-01-23,60,5.359092
2024-01-23,91,5.35652
2024-01-23,122,5.349989
2024-01-23,152,5.340057
2024-01-23,182,5.32673
2024-01-23,273,5.267103
2024-01-23,365,5.180858
2024-01-23,547,4.950584
2024-01-23,730,4.668044
2024-01-24,10,5.342716
2024-01-24,30,5.346192
2024-01-24,60,5.348077
2024-01-24,91,5.345973
2024-01-24,122,5.339917
2024-01-24,152,5.330452
2024-01-24,182,5.317595
2024-01-24,273,5.259415
2024-01-24,365,5.174636
2024-01-24,547,4.947142
2024-01-24,730,4.667029
2024-01-25,10,5.338147
2024-01-25,30,5.341428
2024-01-25,60,5.343061
2024-01-25,91,5.340745
2024-01-25,122,5.334523
2024-01-25,152,5.324939
2024-01-25,182,5.312003
2024-01-25,273,5.253803
2024-01-25,365,5.169298
2024-01-25,547,4.942994
2024-01-25,730,4.664569
2024-01-26,10,5.327349
2024-01-26,30,5.330874
2024-01-26,60,5.33288
2024-01-26,91,5.330959
2024-01-26,122,5.325141
2024-01-26,152,5.315955
2024-01-26,182,5.303424
2024-01-26,273,5.246476
2024-01-26,365,5.163253
2024-01-26,547,4.939419
2024-01-26,730,4.663192
2024-01-29,10,5.325091
2024-01-29,30,5.32825
2024-01-29,60,5.329762
2024-01-29,91,5.327393
2024-01-29,122,5.321189
2024-01-29,152,5.311687
2024-01-29,182,5.298891
2024-01-29,273,5.241444
2024-01-29,365,5.158123
2024-01-29,547,4.935033
2024-01-29,730,4.660363
2024-01-30,10,5.32382
2024-01-30,30,5.326596
2024-01-30,60,5.327582
2024-01-30,91,5.324732
2024-01-30,122,5.318107
2024-01-30,152,5.308252
2024-01-30,182,5.295157
2024-01-30,273,5.237093
2024-01-30,365,5.153549
2024-01-30,547,4.930951
2024-01-30,730,4.657598
2024-01-31,10,5.314816
2024-01-31,30,5.317793
2024-01-31,60,5.319087
2024-01-31,91,5.316561
2024-01-31,122,5.310263
2024-01-31,152,5.300729
2024-01-31,182,5.287956
2024-01-31,273,5.230877
2024-01-31,365,5.14832
2024-01-31,547,4.927558
2024-01-31,730,4.655744
2024-02-01,10,5.312198
2024-02-01,30,5.314857
2024-02-01,60,5.315711
2024-02-01,91,5.312775
2024-02-01,122,5.306114
2024-02-01,152,5.296268
2024-02-01,182,5.283223
2024-02-01,273,5.225535
2024-02-01,365,5.142659
2024-02-01,547,4.921949
2024-02-01,730,4.650777
2024-02-02,10,5.306637
2024-02-02,30,5.309319
2024-02-02,60,5.310218
2024-02-02,91,5.307344
2024-02-02,122,5.300758
2024-02-02,152,5.290997
2024-02-02,182,5.278047
2024-02-02,273,5.220708
2024-02-02,365,5.138254
2024-02-02,547,4.918477
2024-02-02,730,4.648209
2024-02-05,10,5.303884
2024-02-05,30,5.306557
2024-02-05,60,5.307462
2024-02-05,91,5.304614
2024-02-05,122,5.298074
2024-02-05,152,5.288375
2024-02-05,182,5.275503
2024-02-05,273,5.218486
2024-02-05,365,5.136467
2024-02-05,547,4.917757
2024-02-05,730,4.648634
2024-02-06,10,5.300033
2024-02-06,30,5.302966
2024-02-06,60,5.304255
2024-02-06,91,5.301796
2024-02-06,122,5.295637
2024-02-06,152,5.286299
2024-02-06,182,5.27378
2024-02-06,273,5.217783
2024-02-06,365,5.136706
2024-02-06,547,4.919562
2024-02-06,730,4.651546
2024-02-07,10,5.295543
2024-02-07,30,5.298876
2024-02-07,60,5.300748
2024-02-07,91,5.29887
2024-02-07,122,5.293271
2024-02-07,152,5.284454
2024-02-07,182,5.272436
2024-02-07,273,5.217836
2024-02-07,365,5.137984
2024-02-07,547,4.92271
2024-02-07,730,4.655844
2024-02-08,10,5.289924
2024-02-08,30,5.293826
2024-02-08,60,5.296524
2024-02-08,91,5.295465
2024-02-08,122,5.29065
2024-02-08,152,5.282559
2024-02-08,182,5.271236
2024-02-08,273,5.218549
2024-02-08,365,5.140348
2024-02-08,547,4.927534
2024-02-08,730,4.662125
2024-02-09,10,5.28261
2024-02-09,30,5.287259
2024-02-09,60,5.291037
2024-02-09,91,5.291044
2024-02-09,122,5.287245
2024-02-09,152,5.28009
2024-02-09,182,5.269657
2024-02-09,273,5.219403
2024-02-09,365,5.143265
2024-02-09,547,4.93344
2024-02-09,730,4.669715
2024-02-12,10,5.280726
2024-02-12,30,5.285627
2024-02-12,60,5.289776
2024-02-12,91,5.290162
2024-02-12,122,5.286736
2024-02-12,152,5.279936
2024-02-12,182,5.269852
2024-02-12,273,5.220615
2024-02-12,365,5.145436
2024-02-12,547,4.937268
2024-02-12,730,4.674834
2024-02-13,10,5.283612
2024-02-13,30,5.288602
2024-02-13,60,5.292897
2024-02-13,91,5.293447
2024-02-13,122,5.290197
2024-02-13,152,5.283579
2024-02-13,182,5.273687
2024-02-13,273,5.225088
2024-02-13,365,5.150618
2024-02-13,547,4.943957
2024-02-13,730,4.683019
2024-02-14,10,5.286099
2024-02-14,30,5.291412
2024-02-14,60,5.296185
2024-02-14,91,5.297221
2024-02-14,122,5.294447
2024-02-14,152,5.288281
2024-02-14,182,5.278831
2024-02-14,273,5.231514
2024-02-14,365,5.158242
2024-02-14,547,4.953632
2024-02-14,730,4.694274
2024-02-15,10,5.288083
2024-02-15,30,5.293832
2024-02-15,60,5.299243
2024-02-15,91,5.300916
2024-02-15,122,5.298757
2024-02-15,152,5.293166
2024-02-15,182,5.284271
2024-02-15,273,5.238512
2024-02-15,365,5.166629
2024-02-15,547,4.964218
2024-02-15,730,4.706357
2024-02-16,10,5.279288
2024-02-16,30,5.286305
2024-02-16,60,5.29354
2024-02-16,91,5.297002
2024-02-16,122,5.296538
2024-02-16,152,5.292498
2024-02-16,182,5.28507
2024-02-16,273,5.243259
2024-02-16,365,5.174645
2024-02-16,547,4.976773
2024-02-16,730,4.721246
2024-02-20,10,5.276436
2024-02-20,30,5.284282
2024-02-20,60,5.292712
2024-02-20,91,5.29735
2024-02-20,122,5.298003
2024-02-20,152,5.294988
2024-02-20,182,5.288532
2024-02-20,273,5.249356
2024-02-20,365,5.182949
2024-02-20,547,4.988211
2024-02-20,730,4.734392
2024-02-21,10,5.280115
2024-02-21,30,5.288276
2024-02-21,60,5.297169
2024-02-21,91,5.302272
2024-02-21,122,5.303377
2024-02-21,152,5.300787
2024-02-21,182,5.294742
2024-02-21,273,5.256738
2024-02-21,365,5.191395
2024-02-21,547,4.99841
2024-02-21,730,4.745872
2024-02-22,10,5.281748
2024-02-22,30,5.290337
2024-02-22,60,5.299856
2024-02-22,91,5.305585
2024-02-22,122,5.307296
2024-02-22,152,5.305272
2024-02-22,182,5.299776
2024-02-22,273,5.263317
2024-02-22,365,5.199363
2024-02-22,547,5.008619
2024-02-22,730,4.757679
2024-02-23,10,5.281317
2024-02-23,30,5.290586
2024-02-23,60,5.301088
2024-02-23,91,5.307785
2024-02-23,122,5.310417
2024-02-23,152,5.309242
2024-02-23,182,5.304552
2024-02-23,273,5.270289
2024-02-23,365,5.208192
2024-02-23,547,5.02013
2024-02-23,730,4.770705
2024-02-26,10,5.277088
2024-02-26,30,5.287364
2024-02-26,60,5.299312
2024-02-26,91,5.307424
2024-02-26,122,5.311393
2024-02-26,152,5.311439
2024-02-26,182,5.307899
2024-02-26,273,5.276714
2024-02-26,365,5.217132
2024-02-26,547,5.032461
2024-02-26,730,4.784627
2024-02-27,10,5.273954
2024-02-27,30,5.28517
2024-02-27,60,5.298468
2024-02-27,91,5.307904
2024-02-27,122,5.313122
2024-02-27,152,5.31431
2024-02-27,182,5.311846
2024-02-27,273,5.283541
2024-02-27,365,5.226316
2024-02-27,547,5.04483
2024-02-27,730,4.798497
2024-02-28,10,5.273777
2024-02-28,30,5.285701
2024-02-28,60,5.300017
2024-02-28,91,5.31045
2024-02-28,122,5.316612
2024-02-28,152,5.318662
2024-02-28,182,5.317012
2024-02-28,273,5.290889
2024-02-28,365,5.235454
2024-02-28,547,5.056395
2024-02-28,730,4.811205
2024-02-29,10,5.280537
2024-02-29,30,5.292512
2024-02-29,60,5.306914
2024-02-29,91,5.317443
2024-02-29,122,5.32371
2024-02-29,152,5.325869
2024-02-29,182,5.324335
2024-02-29,273,5.2986
2024-02-29,365,5.243601
2024-02-29,547,5.065474
2024-02-29,730,4.821213
2024-03-01,10,5.282881
2024-03-01,30,5.295284
2024-03-01,60,5.310301
2024-03-01,91,5.321437
2024-03-01,122,5.32828
2024-03-01,152,5.330968
2024-03-01,182,5.329935
2024-03-01,273,5.305557
2024-03-01,365,5.251691
2024-03-01,547,5.075153
2024-03-01,730,4.831707
2024-03-04,10,5.286123
2024-03-04,30,5.29879
2024-03-04,60,5.314192
2024-03-04,91,5.325711
2024-03-04,122,5.332921
2024-03-04,152,5.335951
2024-03-04,182,5.335246
2024-03-04,273,5.31178
2024-03-04,365,5.258711
2024-03-04,547,5.083388
2024-03-04,730,4.840698
2024-03-05,10,5.285939
2024-03-05,30,5.29922
2024-03-05,60,5.315502
2024-03-05,91,5.327878
2024-03-05,122,5.335896
2024-03-05,152,5.339659
2024-03-05,182,5.339643
2024-03-05,273,5.317994
2024-03-05,365,5.266375
2024-03-05,547,5.092885
2024-03-05,730,4.850848
2024-03-06,10,5.286984
2024-03-06,30,5.300667
2024-03-06,60,5.317524
2024-03-06,91,5.330461
2024-03-06,122,5.339005
2024-03-06,152,5.343246
2024-03-06,182,5.343677
2024-03-06,273,5.323208
2024-03-06,365,5.272521
2024-03-06,547,5.100181
2024-03-06,730,4.85849
2024-03-07,10,5.291955
2024-03-07,30,5.305725
2024-03-07,60,5.322707
2024-03-07,91,5.335765
2024-03-07,122,5.344422
2024-03-07,152,5.348766
2024-03-07,182,5.349292
2024-03-07,273,5.329065
2024-03-07,365,5.278555
2024-03-07,547,5.106366
2024-03-07,730,4.864561
2024-03-08,10,5.290789
2024-03-08,30,5.304977
2024-03-08,60,5.322554
2024-03-08,91,5.336191
2024-03-08,122,5.34539
2024-03-08,152,5.350223
2024-03-08,182,5.351206
2024-03-08,273,5.33217
2024-03-08,365,5.282584
2024-03-08,547,5.111474
2024-03-08,730,4.869892
2024-03-11,10,5.29072
2024-03-11,30,5.305253
2024-03-11,60,5.323323
2024-03-11,91,5.337437
2024-03-11,122,5.347082
2024-03-11,152,5.352317
2024-03-11,182,5.353673
2024-03-11,273,5.335602
2024-03-11,365,5.286749
2024-03-11,547,5.116446
2024-03-11,730,4.874934
2024-03-12,10,5.291184
2024-03-12,30,5.306006
2024-03-12,60,5.324489
2024-03-12,91,5.339004
2024-03-12,122,5.349023
2024-03-12,152,5.354597
2024-03-12,182,5.356268
2024-03-12,273,5.339019
2024-03-12,365,5.2908
2024-03-12,547,5.121225
2024-03-12,730,4.879836
2024-03-13,10,5.290902
2024-03-13,30,5.306149
2024-03-13,60,5.325236
2024-03-13,91,5.340334
2024-03-13,122,5.350897
2024-03-13,152,5.356959
2024-03-13,182,5.359083
2024-03-13,273,5.342997
2024-03-13,365,5.295654
2024-03-13,547,5.12703
2024-03-13,730,4.885728
2024-03-14,10,5.295813
2024-03-14,30,5.31113
2024-03-14,60,5.330319
2024-03-14,91,5.345517
2024-03-14,122,5.356176
2024-03-14,152,5.362328
2024-03-14,182,5.364537
2024-03-14,273,5.348686
2024-03-14,365,5.301545
2024-03-14,547,5.133212
2024-03-14,730,4.892058
2024-03-15,10,5.291272
2024-03-15,30,5.307315
2024-03-15,60,5.327548
2024-03-15,91,5.343772
2024-03-15,122,5.355401
2024-03-15,152,5.362441
2024-03-15,182,5.36549
2024-03-15,273,5.3519
2024-03-15,365,5.306635
2024-03-15,547,5.140934
2024-03-15,730,4.901204
2024-03-18,10,5.286018
2024-03-18,30,5.302866
2024-03-18,60,5.324258
2024-03-18,91,5.341616
2024-03-18,122,5.354319
2024-03-18,152,5.362341
2024-03-18,182,5.366317
2024-03-18,273,5.355222
2024-03-18,365,5.312021
2024-03-18,547,5.149201
2024-03-18,730,4.911021
2024-03-19,10,5.285614
2024-03-19,30,5.302911
2024-03-19,60,5.324951
2024-03-19,91,5.342946
2024-03-19,122,5.356255
2024-03-19,152,5.364834
2024-03-19,182,5.369339
2024-03-19,273,5.359682
2024-03-19,365,5.317696
2024-03-19,547,5.156654
2024-03-19,730,4.91955
2024-03-20,10,5.286737
2024-03-20,30,5.304368
2024-03-20,60,5.326888
2024-03-20,91,5.345356
2024-03-20,122,5.359113
2024-03-20,152,5.368102
2024-03-20,182,5.372997
2024-03-20,273,5.364393
2024-03-20,365,5.32329
2024-03-20,547,5.163516
2024-03-20,730,4.927149
2024-03-21,10,5.288156
2024-03-21,30,5.306025
2024-03-21,60,5.32889
2024-03-21,91,5.347698
2024-03-21,122,5.36178
2024-03-21,152,5.371069
2024-03-21,182,5.376249
2024-03-21,273,5.368431
2024-03-21,365,5.328006
2024-03-21,547,5.169264
2024-03-21,730,4.933588
2024-03-22,10,5.284048
2024-03-22,30,5.302542
2024-03-22,60,5.326299
2024-03-22,91,5.345977
2024-03-22,122,5.360874
2024-03-22,152,5.370904
2024-03-22,182,5.376777
2024-03-22,273,5.370784
2024-03-22,365,5.331813
2024-03-22,547,5.174934
2024-03-22,730,4.940022
2024-03-25,10,5.279915
2024-03-25,30,5.298957
2024-03-25,60,5.323501
2024-03-25,91,5.343944
2024-03-25,122,5.35956
2024-03-25,152,5.370243
2024-03-25,182,5.376729
2024-03-25,273,5.372358
2024-03-25,365,5.334688
2024-03-25,547,5.179505
2024-03-25,730,4.945336
2024-03-26,10,5.274802
2024-03-26,30,5.294441
2024-03-26,60,5.319839
2024-03-26,91,5.341116
2024-03-26,122,5.357517
2024-03-26,152,5.368915
2024-03-26,182,5.376071
2024-03-26,273,5.373481
2024-03-26,365,5.337249
2024-03-26,547,5.183967
2024-03-26,730,4.950664
2024-03-27,10,5.272092
2024-03-27,30,5.292184
2024-03-27,60,5.318232
2024-03-27,91,5.340143
2024-03-27,122,5.357143
2024-03-27,152,5.369084
2024-03-27,182,5.376753
2024-03-27,273,5.375523
2024-03-27,365,5.340387
2024-03-27,547,5.188543
2024-03-27,730,4.955849
2024-03-28,10,5.26545
2024-03-28,30,5.286297
2024-03-28,60,5.313425
2024-03-28,91,5.336387
2024-03-28,122,5.354372
2024-03-28,152,5.367207
2024-03-28,182,5.37571
2024-03-28,273,5.376676
2024-03-28,365,5.343276
2024-03-28,547,5.193605
2024-03-28,730,4.961695
2024-04-01,10,5.25951
2024-04-01,30,5.28111
2024-04-01,60,5.309315
2024-04-01,91,5.333329
2024-04-01,122,5.352305
2024-04-01,152,5.366042
2024-04-01,182,5.375393
2024-04-01,273,5.378609
2024-04-01,365,5.347029
2024-04-01,547,5.199761
2024-04-01,730,4.968927
2024-04-02,10,5.256203
2024-04-02,30,5.278385
2024-04-02,60,5.307429
2024-04-02,91,5.332263
2024-04-02,122,5.352014
2024-04-02,152,5.36646
2024-04-02,182,5.376481
2024-04-02,273,5.381495
2024-04-02,365,5.351397
2024-04-02,547,5.206181
2024-04-02,730,4.976418
2024-04-03,10,5.254464
2024-04-03,30,5.2772
2024-04-03,60,5.307035
2024-04-03,91,5.332643
2024-04-03,122,5.353123
2024-04-03,152,5.368232
2024-04-03,182,5.378876
2024-04-03,273,5.385546
2024-04-03,365,5.356788
2024-04-03,547,5.213351
2024-04-03,730,4.984411
2024-04-04,10,5.252501
2024-04-04,30,5.27568
2024-04-04,60,5.306154
2024-04-04,91,5.332387
2024-04-04,122,5.353459
2024-04-04,152,5.36911
2024-04-04,182,5.380265
2024-04-04,273,5.388313
2024-04-04,365,5.360696
2024-04-04,547,5.218861
2024-04-04,730,4.990794
2024-04-05,10,5.244453
2024-04-05,30,5.268584
2024-04-05,60,5.300422
2024-04-05,91,5.327984
2024-04-05,122,5.350307
2024-04-05,152,5.367095
2024-04-05,182,5.379317
2024-04-05,273,5.390194
2024-04-05,365,5.364858
2024-04-05,547,5.226033
2024-04-05,730,4.999353
2024-04-08,10,5.243012
2024-04-08,30,5.267547
2024-04-08,60,5.299974
2024-04-08,91,5.328125
2024-04-08,122,5.351015
2024-04-08,152,5.368333
2024-04-08,182,5.381067
2024-04-08,273,5.393386
2024-04-08,365,5.369345
2024-04-08,547,5.232639
2024-04-08,730,5.007554
2024-04-09,10,5.25026
2024-04-09,30,5.274438
2024-04-09,60,5.306371
2024-04-09,91,5.334064
2024-04-09,122,5.356549
2024-04-09,152,5.373522
2024-04-09,182,5.385956
2024-04-09,273,5.397625
2024-04-09,365,5.373292
2024-04-09,547,5.236909
2024-04-09,730,5.013059
2024-04-10,10,5.259096
2024-04-10,30,5.283018
2024-04-10,60,5.314607
2024-04-10,91,5.341993
2024-04-10,122,5.364217
2024-04-10,152,5.380981
2024-04-10,182,5.393248
2024-04-10,273,5.404645
2024-04-10,365,5.380363
2024-04-10,547,5.244876
2024-04-10,730,5.022704
2024-04-11,10,5.253695
2024-04-11,30,5.278807
2024-04-11,60,5.312111
2024-04-11,91,5.341179
2024-04-11,122,5.364996
2024-04-11,152,5.38322
2024-04-11,182,5.396868
2024-04-11,273,5.41199
2024-04-11,365,5.39081
2024-04-11,547,5.259711
2024-04-11,730,5.039982
2024-04-12,10,5.248052
2024-04-12,30,5.274338
2024-04-12,60,5.30933
2024-04-12,91,5.340054
2024-04-12,122,5.365439
2024-04-12,152,5.3851
2024-04-12,182,5.400106
2024-04-12,273,5.418891
2024-04-12,365,5.40076
2024-04-12,547,5.273983
2024-04-12,730,5.056688
2024-04-15,10,5.237437
2024-04-15,30,5.265397
2024-04-15,60,5.302789
2024-04-15,91,5.335857
2024-04-15,122,5.363453
2024-04-15,152,5.385127
2024-04-15,182,5.402027
2024-04-15,273,5.425859
2024-04-15,365,5.411834
2024-04-15,547,5.29059
2024-04-15,730,5.075992
2024-04-16,10,5.223163
2024-04-16,30,5.253129
2024-04-16,60,5.293397
2024-04-16,91,5.329273
2024-04-16,122,5.359513
2024-04-16,152,5.383594
2024-04-16,182,5.402757
2024-04-16,273,5.432605
2024-04-16,365,5.423455
2024-04-16,547,5.308716
2024-04-16,730,5.097194
2024-04-17,10,5.219329
2024-04-17,30,5.25033
2024-04-17,60,5.292092
2024-04-17,91,5.329438
2024-04-17,122,5.361076
2024-04-17,152,5.386444
2024-04-17,182,5.406828
2024-04-17,273,5.440005
2024-04-17,365,5.433677
2024-04-17,547,5.323093
2024-04-17,730,5.114131
2024-04-18,10,5.214405
2024-04-18,30,5.246587
2024-04-18,60,5.290049
2024-04-18,91,5.329065
2024-04-18,122,5.362285
2024-04-18,152,5.389103
2024-04-18,182,5.41086
2024-04-18,273,5.447745
2024-04-18,365,5.444516
2024-04-18,547,5.338356
2024-04-18,730,5.131935
2024-04-19,10,5.208191
2024-04-19,30,5.241612
2024-04-19,60,5.286857
2024-04-19,91,5.327621
2024-04-19,122,5.362497
2024-04-19,152,5.390832
2024-04-19,182,5.414023
2024-04-19,273,5.454779
2024-04-19,365,5.454773
2024-04-19,547,5.353187
2024-04-19,730,5.14935
2024-04-22,10,5.200135
2024-04-22,30,5.234809
2024-04-22,60,5.281856
2024-04-22,91,5.324388
2024-04-22,122,5.360939
2024-04-22,152,5.390807
2024-04-22,182,5.415449
2024-04-22,273,5.460117
2024-04-22,365,5.463369
2024-04-22,547,5.366411
2024-04-22,730,5.165197
2024-04-23,10,5.188457
2024-04-23,30,5.224774
2024-04-23,60,5.274175
2024-04-23,91,5.319004
2024-04-23,122,5.357716
2024-04-23,152,5.389552
2024-04-23,182,5.416041
2024-04-23,273,5.465616
2024-04-23,365,5.472835
2024-04-23,547,5.381151
2024-04-23,730,5.182413
2024-04-24,10,5.181753
2024-04-24,30,5.219318
2024-04-24,60,5.270509
2024-04-24,91,5.317086
2024-04-24,122,5.357447
2024-04-24,152,5.390786
2024-04-24,182,5.41869
2024-04-24,273,5.47204
2024-04-24,365,5.48234
2024-04-24,547,5.39484
2024-04-24,730,5.198209
2024-04-25,10,5.197759
2024-04-25,30,5.234565
2024-04-25,60,5.284694
2024-04-25,91,5.330268
2024-04-25,122,5.369718
2024-04-25,152,5.402261
2024-04-25,182,5.429451
2024-04-25,273,5.481106
2024-04-25,365,5.490356
2024-04-25,547,5.402455
2024-04-25,730,5.207177
2024-04-26,10,5.205309
2024-04-26,30,5.242155
2024-04-26,60,5.292358
2024-04-26,91,5.338026
2024-04-26,122,5.377586
2024-04-26,152,5.41025
2024-04-26,182,5.437575
2024-04-26,273,5.489718
2024-04-26,365,5.499571
2024-04-26,547,5.413111
2024-04-26,730,5.219498
2024-04-29,10,5.214556
2024-04-29,30,5.251321
2024-04-29,60,5.301425
2024-04-29,91,5.347015
2024-04-29,122,5.386523
2024-04-29,152,5.41916
2024-04-29,182,5.44648
2024-04-29,273,5.498736
2024-04-29,365,5.508876
2024-04-29,547,5.423406
2024-04-29,730,5.231196
2024-04-30,10,5.213626
2024-04-30,30,5.25133
2024-04-30,60,5.302783
2024-04-30,91,5.349692
2024-04-30,122,5.390446
2024-04-30,152,5.424219
2024-04-30,182,5.45261
2024-04-30,273,5.507732
2024-04-30,365,5.520224
2024-04-30,547,5.437989
2024-04-30,730,5.247466
2024-05-01,10,5.213367
2024-05-01,30,5.251869
2024-05-01,60,5.304468
2024-05-01,91,5.352501
2024-05-01,122,5.394318
2024-05-01,152,5.429063
2024-05-01,182,5.458371
2024-05-01,273,5.51596
2024-05-01,365,5.530495
2024-05-01,547,5.451127
2024-05-01,730,5.262191
2024-05-02,10,5.220039
2024-05-02,30,5.258571
2024-05-02,60,5.31122
2024-05-02,91,5.359315
2024-05-02,122,5.401202
2024-05-02,152,5.436025
2024-05-02,182,5.465419
2024-05-02,273,5.523312
2024-05-02,365,5.538216
2024-05-02,547,5.459726
2024-05-02,730,5.271804
2024-05-03,10,5.218643
2024-05-03,30,5.257727
2024-05-03,60,5.311167
2024-05-03,91,5.360033
2024-05-03,122,5.402646
2024-05-03,152,5.438129
2024-05-03,182,5.468143
2024-05-03,273,5.527681
2024-05-03,365,5.543914
2024-05-03,547,5.467195
2024-05-03,730,5.280121
2024-05-06,10,5.218005
2024-05-06,30,5.257533
2024-05-06,60,5.311608
2024-05-06,91,5.361088
2024-05-06,122,5.404275
2024-05-06,152,5.440275
2024-05-06,182,5.470771
2024-05-06,273,5.531566
2024-05-06,365,5.548777
2024-05-06,547,5.473249
2024-05-06,730,5.286577
2024-05-07,10,5.226364
2024-05-07,30,5.265473
2024-05-07,60,5.31895
2024-05-07,91,5.367852
2024-05-07,122,5.410499
2024-05-07,152,5.446014
2024-05-07,182,5.476058
2024-05-07,273,5.535683
2024-05-07,365,5.551998
2024-05-07,547,5.475434
2024-05-07,730,5.288533
2024-05-08,10,5.239841
2024-05-08,30,5.278056
2024-05-08,60,5.330259
2024-05-08,91,5.377927
2024-05-08,122,5.419423
2024-05-08,152,5.4539
2024-05-08,182,5.482979
2024-05-08,273,5.540099
2024-05-08,365,5.554484
2024-05-08,547,5.475656
2024-05-08,730,5.288172
2024-05-09,10,5.258909
2024-05-09,30,5.295649
2024-05-09,60,5.345752
2024-05-09,91,5.391389
2024-05-09,122,5.43099
2024-05-09,152,5.46376
2024-05-09,182,5.491252
2024-05-09,273,5.544265
2024-05-09,365,5.555498
2024-05-09,547,5.473009
2024-05-09,730,5.284641
2024-05-10,10,5.279292
2024-05-10,30,5.314303
2024-05-10,60,5.361948
2024-05-10,91,5.405212
2024-05-10,122,5.442606
2024-05-10,152,5.473392
2024-05-10,182,5.499048
2024-05-10,273,5.54734
2024-05-10,365,5.555005
2024-05-10,547,5.468551
2024-05-10,730,5.279533
2024-05-13,10,5.291845
2024-05-13,30,5.325862
2024-05-13,60,5.372093
2024-05-13,91,5.413992
2024-05-13,122,5.450115
2024-05-13,152,5.479758
2024-05-13,182,5.504354
2024-05-13,273,5.549916
2024-05-13,365,5.555512
2024-05-13,547,5.466735
2024-05-13,730,5.277304
2024-05-14,10,5.299482
2024-05-14,30,5.332992
2024-05-14,60,5.3785
2024-05-14,91,5.419695
2024-05-14,122,5.455157
2024-05-14,152,5.484202
2024-05-14,182,5.508239
2024-05-14,273,5.552331
2024-05-14,365,5.556766
2024-05-14,547,5.46654
2024-05-14,730,5.276593
2024-05-15,10,5.304088
2024-05-15,30,5.337317
2024-05-15,60,5.382415
2024-05-15,91,5.423204
2024-05-15,122,5.458278
2024-05-15,152,5.486963
2024-05-15,182,5.510655
2024-05-15,273,5.553794
2024-05-15,365,5.557399
2024-05-15,547,5.465902
2024-05-15,730,5.275125
2024-05-16,10,5.296526
2024-05-16,30,5.330634
2024-05-16,60,5.376971
2024-05-16,91,5.418941
2024-05-16,122,5.455099
2024-05-16,152,5.484742
2024-05-16,182,5.509308
2024-05-16,273,5.554601
2024-05-16,365,5.559689
2024-05-16,547,5.469381
2024-05-16,730,5.277987
2024-05-17,10,5.286394
2024-05-17,30,5.321546
2024-05-17,60,5.369359
2024-05-17,91,5.412741
2024-05-17,122,5.450201
2024-05-17,152,5.481003
2024-05-17,182,5.506629
2024-05-17,273,5.554579
2024-05-17,365,5.56156
2024-05-17,547,5.472999
2024-05-17,730,5.281265
2024-05-20,10,5.276075
2024-05-20,30,5.312375
2024-05-20,60,5.361809
2024-05-20,91,5.406744
2024-05-20,122,5.445633
2024-05-20,152,5.477706
2024-05-20,182,5.504496
2024-05-20,273,5.555354
2024-05-20,365,5.564402
2024-05-20,547,5.477724
2024-05-20,730,5.285574
2024-05-21,10,5.276303
2024-05-21,30,5.312798
2024-05-21,60,5.3625
2024-05-21,91,5.407679
2024-05-21,122,5.446783
2024-05-21,152,5.479035
2024-05-21,182,5.505977
2024-05-21,273,5.557143
2024-05-21,365,5.56629
2024-05-21,547,5.479294
2024-05-21,730,5.286328
2024-05-22,10,5.280467
2024-05-22,30,5.316832
2024-05-22,60,5.366338
2024-05-22,91,5.411316
2024-05-22,122,5.450221
2024-05-22,152,5.482281
2024-05-22,182,5.509034
2024-05-22,273,5.559637
2024-05-22,365,5.568237
2024-05-22,547,5.48024
2024-05-22,730,5.286404
2024-05-23,10,5.29667
2024-05-23,30,5.331775
2024-05-23,60,5.379488
2024-05-23,91,5.422732
2024-05-23,122,5.460018
2024-05-23,152,5.490619
2024-05-23,182,5.516016
2024-05-23,273,5.563106
2024-05-23,365,5.569005
2024-05-23,547,5.47785
2024-05-23,730,5.283206
2024-05-24,10,5.311658
2024-05-24,30,5.345526
2024-05-24,60,5.391481
2024-05-24,91,5.43303
2024-05-24,122,5.468739
2024-05-24,152,5.497926
2024-05-24,182,5.522013
2024-05-24,273,5.565743
2024-05-24,365,5.569112
2024-05-24,547,5.475168
2024-05-24,730,5.2801
2024-05-28,10,5.325098
2024-05-28,30,5.35807
2024-05-28,60,5.402751
2024-05-28,91,5.443068
2024-05-28,122,5.477629
2024-05-28,152,5.505784
2024-05-28,182,5.528913
2024-05-28,273,5.57017
2024-05-28,365,5.571654
2024-05-28,547,5.47556
2024-05-28,730,5.280035
2024-05-29,10,5.331173
2024-05-29,30,5.364047
2024-05-29,60,5.408587
2024-05-29,91,5.448765
2024-05-29,122,5.483196
2024-05-29,152,5.511231
2024-05-29,182,5.534248
2024-05-29,273,5.575206
2024-05-29,365,5.576448
2024-05-29,547,5.480036
2024-05-29,730,5.284386
2024-05-30,10,5.339084
2024-05-30,30,5.371666
2024-05-30,60,5.415791
2024-05-30,91,5.455567
2024-05-30,122,5.489623
2024-05-30,152,5.51732
2024-05-30,182,5.540022
2024-05-30,273,5.580165
2024-05-30,365,5.580782
2024-05-30,547,5.483651
2024-05-30,730,5.287853
2024-05-31,10,5.356605
2024-05-31,30,5.387852
2024-05-31,60,5.430079
2024-05-31,91,5.468025
2024-05-31,122,5.50038
2024-05-31,152,5.526551
2024-05-31,182,5.547841
2024-05-31,273,5.584364
2024-05-31,365,5.582262
2024-05-31,547,5.482161
2024-05-31,730,5.285966
2024-06-03,10,5.376423
2024-06-03,30,5.406108
2024-06-03,60,5.446113
2024-06-03,91,5.481911
2024-06-03,122,5.512263
2024-06-03,152,5.536631
2024-06-03,182,5.556247
2024-06-03,273,5.588442
2024-06-03,365,5.583029
2024-06-03,547,5.47911
2024-06-03,730,5.282031
2024-06-04,10,5.39386
2024-06-04,30,5.422163
2024-06-04,60,5.460195
2024-06-04,91,5.494076
2024-06-04,122,5.522635
2024-06-04,152,5.545379
2024-06-04,182,5.563479
2024-06-04,273,5.591707
2024-06-04,365,5.583178
2024-06-04,547,5.475409
2024-06-04,730,5.276986
2024-06-05,10,5.406893
2024-06-05,30,5.434178
2024-06-05,60,5.470748
2024-06-05,91,5.5032
2024-06-05,122,5.530411
2024-06-05,152,5.551926
2024-06-05,182,5.56887
2024-06-05,273,5.59401
2024-06-05,365,5.582964
2024-06-05,547,5.471792
2024-06-05,730,5.271709
2024-06-06,10,5.41267
2024-06-06,30,5.439613
2024-06-06,60,5.475679
2024-06-06,91,5.507622
2024-06-06,122,5.534334
2024-06-06,152,5.555377
2024-06-06,182,5.57186
2024-06-06,273,5.595668
2024-06-06,365,5.583376
2024-06-06,547,5.470043
2024-06-06,730,5.268199
2024-06-07,10,5.405609
2024-06-07,30,5.433573
2024-06-07,60,5.47107
2024-06-07,91,5.50437
2024-06-07,122,5.53232
2024-06-07,152,5.55445
2024-06-07,182,5.571914
2024-06-07,273,5.598091
2024-06-07,365,5.587341
2024-06-07,547,5.47493
2024-06-07,730,5.271824
2024-06-10,10,5.39852
2024-06-10,30,5.427589
2024-06-10,60,5.46664
2024-06-10,91,5.501418
2024-06-10,122,5.530719
2024-06-10,152,5.554041
2024-06-10,182,5.572586
2024-06-10,273,5.601403
2024-06-10,365,5.592424
2024-06-10,547,5.481271
2024-06-10,730,5.277108
2024-06-11,10,5.397217
2024-06-11,30,5.426852
2024-06-11,60,5.466691
2024-06-11,91,5.502207
2024-06-11,122,5.532174
2024-06-11,152,5.556071
2024-06-11,182,5.575128
2024-06-11,273,5.605124
2024-06-11,365,5.59682
2024-06-11,547,5.485722
2024-06-11,730,5.280325
2024-06-12,10,5.397439
2024-06-12,30,5.427421
2024-06-12,60,5.467734
2024-06-12,91,5.503685
2024-06-12,122,5.534031
2024-06-12,152,5.558246
2024-06-12,182,5.577573
2024-06-12,273,5.608116
2024-06-12,365,5.599988
2024-06-12,547,5.48832
2024-06-12,730,5.281458
2024-06-13,10,5.405575
2024-06-13,30,5.435095
2024-06-13,60,5.474731
2024-06-13,91,5.510001
2024-06-13,122,5.539684
2024-06-13,152,5.563274
2024-06-13,182,5.581992
2024-06-13,273,5.610791
2024-06-13,365,5.601054
2024-06-13,547,5.486653
2024-06-13,730,5.277632
2024-06-14,10,5.417334
2024-06-14,30,5.4459
2024-06-14,60,5.484157
2024-06-14,91,5.518067
2024-06-14,122,5.546454
2024-06-14,152,5.56885
2024-06-14,182,5.586433
2024-06-14,273,5.612128
2024-06-14,365,5.599746
2024-06-14,547,5.481423
2024-06-14,730,5.269971
2024-06-17,10,5.424465
2024-06-17,30,5.452498
2024-06-17,60,5.489973
2024-06-17,91,5.5231
2024-06-17,122,5.550728
2024-06-17,152,5.572413
2024-06-17,182,5.589306
2024-06-17,273,5.613043
2024-06-17,365,5.598881
2024-06-17,547,5.477605
2024-06-17,730,5.2639
2024-06-18,10,5.446189
2024-06-18,30,5.472122
2024-06-18,60,5.506597
2024-06-18,91,5.536804
2024-06-18,122,5.561694
2024-06-18,152,5.580894
2024-06-18,182,5.595464
2024-06-18,273,5.613083
2024-06-18,365,5.594061
2024-06-18,547,5.466601
2024-06-18,730,5.250437
2024-06-20,10,5.448153
2024-06-20,30,5.473835
2024-06-20,60,5.507927
2024-06-20,91,5.537731
2024-06-20,122,5.562209
2024-06-20,152,5.581007
2024-06-20,182,5.595167
2024-06-20,273,5.611522
2024-06-20,365,5.591203
2024-06-20,547,5.461202
2024-06-20,730,5.242664
2024-06-21,10,5.425589
2024-06-21,30,5.453296
2024-06-21,60,5.490229
2024-06-21,91,5.522728
2024-06-21,122,5.549665
2024-06-21,152,5.570623
2024-06-21,182,5.586737
2024-06-21,273,5.607824
2024-06-21,365,5.590618
2024-06-21,547,5.462628
2024-06-21,730,5.241891
2024-06-24,10,5.40914
2024-06-24,30,5.438146
2024-06-24,60,5.476894
2024-06-24,91,5.511105
2024-06-24,122,5.539594
2024-06-24,152,5.561906
2024-06-24,182,5.579235
2024-06-24,273,5.6032
2024-06-24,365,5.587783
2024-06-24,547,5.460568
2024-06-24,730,5.237851
2024-06-25,10,5.412169
2024-06-25,30,5.440714
2024-06-25,60,5.478784
2024-06-25,91,5.512312
2024-06-25,122,5.540135
2024-06-25,152,5.56182
2024-06-25,182,5.578536
2024-06-25,273,5.600747
2024-06-25,365,5.583711
2024-06-25,547,5.453767
2024-06-25,730,5.228953
2024-06-26,10,5.408927
2024-06-26,30,5.43762
2024-06-26,60,5.475876
2024-06-26,91,5.509556
2024-06-26,122,5.53749
2024-06-26,152,5.559247
2024-06-26,182,5.576001
2024-06-26,273,5.598134
2024-06-26,365,5.580762
2024-06-26,547,5.449572
2024-06-26,730,5.223033
2024-06-27,10,5.405493
2024-06-27,30,5.434294
2024-06-27,60,5.472687
2024-06-27,91,5.506475
2024-06-27,122,5.534487
2024-06-27,152,5.55629
2024-06-27,182,5.573063
2024-06-27,273,5.595105
2024-06-27,365,5.577441
2024-06-27,547,5.44523
2024-06-27,730,5.217322
2024-06-28,10,5.397591
2024-06-28,30,5.426773
2024-06-28,60,5.465693
2024-06-28,91,5.499974
2024-06-28,122,5.528427
2024-06-28,152,5.55061
2024-06-28,182,5.567719
2024-06-28,273,5.590523
2024-06-28,365,5.57328
2024-06-28,547,5.441071
2024-06-28,730,5.212386
2024-07-01,10,5.389899
2024-07-01,30,5.419432
2024-07-01,60,5.458845
2024-07-01,91,5.493592
2024-07-01,122,5.522467
2024-07-01,152,5.54502
2024-07-01,182,5.562463
2024-07-01,273,5.586072
2024-07-01,365,5.569357
2024-07-01,547,5.437511
2024-07-01,730,5.208564
2024-07-02,10,5.393601
2024-07-02,30,5.422506
2024-07-02,60,5.46102
2024-07-02,91,5.494894
2024-07-02,122,5.522953
2024-07-02,152,5.544768
2024-07-02,182,5.561522
2024-07-02,273,5.583334
2024-07-02,365,5.565224
2024-07-02,547,5.431728
2024-07-02,730,5.202387
2024-07-03,10,5.389398
2024-07-03,30,5.418329
2024-07-03,60,5.456887
2024-07-03,91,5.490809
2024-07-03,122,5.518918
2024-07-03,152,5.540783
2024-07-03,182,5.557591
2024-07-03,273,5.579576
2024-07-03,365,5.561662
2024-07-03,547,5.42861
2024-07-03,730,5.199781
2024-07-05,10,5.38073
2024-07-05,30,5.409967
2024-07-05,60,5.448953
2024-07-05,91,5.48328
2024-07-05,122,5.511758
2024-07-05,152,5.533948
2024-07-05,182,5.551049
2024-07-05,273,5.573747
2024-07-05,365,5.556307
2024-07-05,547,5.423604
2024-07-05,730,5.194568
2024-07-08,10,5.368215
2024-07-08,30,5.398035
2024-07-08,60,5.437839
2024-07-08,91,5.47294
2024-07-08,122,5.502124
2024-07-08,152,5.524933
2024-07-08,182,5.542593
2024-07-08,273,5.566643
2024-07-08,365,5.550092
2024-07-08,547,5.417985
2024-07-08,730,5.188411
2024-07-09,10,5.358803
2024-07-09,30,5.388956
2024-07-09,60,5.429217
2024-07-09,91,5.46474
2024-07-09,122,5.494296
2024-07-09,152,5.51742
2024-07-09,182,5.535352
2024-07-09,273,5.559982
2024-07-09,365,5.543685
2024-07-09,547,5.411297
2024-07-09,730,5.180732
2024-07-10,10,5.348971
2024-07-10,30,5.379466
2024-07-10,60,5.420197
2024-07-10,91,5.456151
2024-07-10,122,5.486085
2024-07-10,152,5.509527
2024-07-10,182,5.527731
2024-07-10,273,5.552928
2024-07-10,365,5.536852
2024-07-10,547,5.404072
2024-07-10,730,5.172366
2024-07-11,10,5.329198
2024-07-11,30,5.360807
2024-07-11,60,5.403096
2024-07-11,91,5.440523
2024-07-11,122,5.471795
2024-07-11,152,5.496407
2024-07-11,182,5.515663
2024-07-11,273,5.543373
2024-07-11,365,5.528897
2024-07-11,547,5.39698
2024-07-11,730,5.163869
2024-07-12,10,5.305829
2024-07-12,30,5.338615
2024-07-12,60,5.382553
2024-07-12,91,5.42154
2024-07-12,122,5.454232
2024-07-12,152,5.480089
2024-07-12,182,5.500468
2024-07-12,273,5.530879
2024-07-12,365,5.518154
2024-07-12,547,5.387304
2024-07-12,730,5.152888
2024-07-15,10,5.287688
2024-07-15,30,5.321036
2024-07-15,60,5.365749
2024-07-15,91,5.405458
2024-07-15,122,5.438793
2024-07-15,152,5.4652
2024-07-15,182,5.48606
2024-07-15,273,5.517546
2024-07-15,365,5.505376
2024-07-15,547,5.374356
2024-07-15,730,5.138595
2024-07-16,10,5.288131
2024-07-16,30,5.320378
2024-07-16,60,5.36351
2024-07-16,91,5.40167
2024-07-16,122,5.43354
2024-07-16,152,5.458608
2024-07-16,182,5.478206
2024-07-16,273,5.506309
2024-07-16,365,5.491364
2024-07-16,547,5.356572
2024-07-16,730,5.118997
2024-07-17,10,5.297111
2024-07-17,30,5.327516
2024-07-17,60,5.368016
2024-07-17,91,5.403616
2024-07-17,122,5.433086
2024-07-17,152,5.45598
2024-07-17,182,5.473545
2024-07-17,273,5.496307
2024-07-17,365,5.477143
2024-07-17,547,5.337079
2024-07-17,730,5.097605
2024-07-18,10,5.285447
2024-07-18,30,5.315997
2024-07-18,60,5.356676
2024-07-18,91,5.392418
2024-07-18,122,5.421986
2024-07-18,152,5.444934
2024-07-18,182,5.462517
2024-07-18,273,5.485126
2024-07-18,365,5.465532
2024-07-18,547,5.324017
2024-07-18,730,5.082637
2024-07-19,10,5.268617
2024-07-19,30,5.299732
2024-07-19,60,5.341193
2024-07-19,91,5.377662
2024-07-19,122,5.407879
2024-07-19,152,5.431383
2024-07-19,182,5.449452
2024-07-19,273,5.473151
2024-07-19,365,5.454125
2024-07-19,547,5.312465
2024-07-19,730,5.069759
2024-07-22,10,5.271284
2024-07-22,30,5.301187
2024-07-22,60,5.340917
2024-07-22,91,5.375705
2024-07-22,122,5.404348
2024-07-22,152,5.426429
2024-07-22,182,5.44317
2024-07-22,273,5.463395
2024-07-22,365,5.441653
2024-07-22,547,5.296689
2024-07-22,730,5.052963
2024-07-23,10,5.258844
2024-07-23,30,5.288865
2024-07-23,60,5.328753
2024-07-23,91,5.363682
2024-07-23,122,5.392442
2024-07-23,152,5.414615
2024-07-23,182,5.43143
2024-07-23,273,5.451771
2024-07-23,365,5.430006
2024-07-23,547,5.28469
2024-07-23,730,5.040391
2024-07-24,10,5.247536
2024-07-24,30,5.277619
2024-07-24,60,5.317582
2024-07-24,91,5.352568
2024-07-24,122,5.381366
2024-07-24,152,5.403558
2024-07-24,182,5.420376
2024-07-24,273,5.440634
2024-07-24,365,5.418668
2024-07-24,547,5.272721
2024-07-24,730,5.02766
2024-07-25,10,5.237498
2024-07-25,30,5.267533
2024-07-25,60,5.307419
2024-07-25,91,5.342314
2024-07-25,122,5.371013
2024-07-25,152,5.393102
2024-07-25,182,5.40981
2024-07-25,273,5.429702
2024-07-25,365,5.407329
2024-07-25,547,5.260547
2024-07-25,730,5.01473
2024-07-26,10,5.239948
2024-07-26,30,5.268735
2024-07-26,60,5.306841
2024-07-26,91,5.340012
2024-07-26,122,5.3671
2024-07-26,152,5.387735
2024-07-26,182,5.40309
2024-07-26,273,5.419464
2024-07-26,365,5.394372
2024-07-26,547,5.244386
2024-07-26,730,4.997747
2024-07-29,10,5.230808
2024-07-29,30,5.259425
2024-07-29,60,5.297279
2024-07-29,91,5.330193
2024-07-29,122,5.357029
2024-07-29,152,5.377425
2024-07-29,182,5.392546
2024-07-29,273,5.408242
2024-07-29,365,5.382521
2024-07-29,547,5.23149
2024-07-29,730,4.984119
2024-07-30,10,5.224088
2024-07-30,30,5.25232
2024-07-30,60,5.289615
2024-07-30,91,5.321977
2024-07-30,122,5.348287
2024-07-30,152,5.368196
2024-07-30,182,5.382853
2024-07-30,273,5.397281
2024-07-30,365,5.370483
2024-07-30,547,5.217894
2024-07-30,730,4.969676
2024-07-31,10,5.229176
2024-07-31,30,5.255934
2024-07-31,60,5.291125
2024-07-31,91,5.321444
2024-07-31,122,5.345839
2024-07-31,152,5.364017
2024-07-31,182,5.377057
2024-07-31,273,5.387254
2024-07-31,365,5.357139
2024-07-31,547,5.20048
2024-07-31,730,4.950923
2024-08-01,10,5.219297
2024-08-01,30,5.24578
2024-08-01,60,5.28056
2024-08-01,91,5.310458
2024-08-01,122,5.334435
2024-08-01,152,5.352212
2024-08-01,182,5.364856
2024-08-01,273,5.373883
2024-08-01,365,5.342642
2024-08-01,547,5.18399
2024-08-01,730,4.932832
2024-08-02,10,5.204785
2024-08-02,30,5.230688
2024-08-02,60,5.264628
2024-08-02,91,5.293695
2024-08-02,122,5.316878
2024-08-02,152,5.333922
2024-08-02,182,5.345866
2024-08-02,273,5.352972
2024-08-02,365,5.320088
2024-08-02,547,5.159019
2024-08-02,730,4.906464
2024-08-05,10,5.191816
2024-08-05,30,5.216683
2024-08-05,60,5.249136
2024-08-05,91,5.276748
2024-08-05,122,5.298558
2024-08-05,152,5.31435
2024-08-05,182,5.325115
2024-08-05,273,5.329075
2024-08-05,365,5.293631
2024-08-05,547,5.129145
2024-08-05,730,4.875042
2024-08-06,10,5.188407
2024-08-06,30,5.211338
2024-08-06,60,5.241034
2024-08-06,91,5.265977
2024-08-06,122,5.285299
2024-08-06,152,5.298847
2024-08-06,182,5.307527
2024-08-06,273,5.306086
2024-08-06,365,5.266494
2024-08-06,547,5.09718
2024-08-06,730,4.841898
2024-08-07,10,5.194426
2024-08-07,30,5.214606
2024-08-07,60,5.24039
2024-08-07,91,5.261557
2024-08-07,122,5.277363
2024-08-07,152,5.28775
2024-08-07,182,5.293501
2024-08-07,273,5.284518
2024-08-07,365,5.239205
2024-08-07,547,5.063455
2024-08-07,730,4.806962
2024-08-08,10,5.201259
2024-08-08,30,5.218605
2024-08-08,60,5.240367
2024-08-08,91,5.257659
2024-08-08,122,5.269867
2024-08-08,152,5.277031
2024-08-08,182,5.279803
2024-08-08,273,5.263209
2024-08-08,365,5.212218
2024-08-08,547,5.03038
2024-08-08,730,4.773267
2024-08-09,10,5.221619
2024-08-09,30,5.235019
2024-08-09,60,5.251185
2024-08-09,91,5.263093
2024-08-09,122,5.270314
2024-08-09,152,5.273014
2024-08-09,182,5.271671
2024-08-09,273,5.244609
2024-08-09,365,5.185881
2024-08-09,547,4.99596
2024-08-09,730,4.73838
2024-08-12,10,5.237192
2024-08-12,30,5.247188
2024-08-12,60,5.258527
2024-08-12,91,5.265787
2024-08-12,122,5.268694
2024-08-12,152,5.267531
2024-08-12,182,5.26262
2024-08-12,273,5.226454
2024-08-12,365,5.160949
2024-08-12,547,4.963802
2024-08-12,730,4.705537
2024-08-13,10,5.262869
2024-08-13,30,5.268457
2024-08-13,60,5.273544
2024-08-13,91,5.274788
2024-08-13,122,5.272116
2024-08-13,152,5.265958
2024-08-13,182,5.256438
2024-08-13,273,5.208529
2024-08-13,365,5.13431
2024-08-13,547,4.927949
2024-08-13,730,4.66893
2024-08-14,10,5.282098
2024-08-14,30,5.284006
2024-08-14,60,5.283866
2024-08-14,91,5.280072
2024-08-14,122,5.27272
2024-08-14,152,5.262364
2024-08-14,182,5.248962
2024-08-14,273,5.191114
2024-08-14,365,5.109443
2024-08-14,547,4.894953
2024-08-14,730,4.634823
2024-08-15,10,5.297033
2024-08-15,30,5.295972
2024-08-15,60,5.291614
2024-08-15,91,5.283746
2024-08-15,122,5.272605
2024-08-15,152,5.258846
2024-08-15,182,5.24229
2024-08-15,273,5.176334
2024-08-15,365,5.088531
2024-08-15,547,4.86719
2024-08-15,730,4.605847
2024-08-16,10,5.295273
2024-08-16,30,5.292931
2024-08-16,60,5.28674
2024-08-16,91,5.277091
2024-08-16,122,5.264279
2024-08-16,152,5.249003
2024-08-16,182,5.231031
2024-08-16,273,5.161349
2024-08-16,365,5.070601
2024-08-16,547,4.845591
2024-08-16,730,4.582975
2024-08-19,10,5.299954
2024-08-19,30,5.295818
2024-08-19,60,5.287071
2024-08-19,91,5.274949
2024-08-19,122,5.25983
2024-08-19,152,5.242476
2024-08-19,182,5.222571
2024-08-19,273,5.147887
2024-08-19,365,5.0533
2024-08-19,547,4.82384
2024-08-19,730,4.560178
2024-08-20,10,5.298904
2024-08-20,30,5.293576
2024-08-20,60,5.283125
2024-08-20,91,5.269344
2024-08-20,122,5.252668
2024-08-20,152,5.233903
2024-08-20,182,5.212677
2024-08-20,273,5.134519
2024-08-20,365,5.037182
2024-08-20,547,4.804278
2024-08-20,730,4.539392
2024-08-21,10,5.296321
2024-08-21,30,5.289983
2024-08-21,60,5.278083
2024-08-21,91,5.262885
2024-08-21,122,5.244872
2024-08-21,152,5.224887
2024-08-21,182,5.202513
2024-08-21,273,5.121292
2024-08-21,365,5.021466
2024-08-21,547,4.785249
2024-08-21,730,4.518884
2024-08-22,10,5.288588
2024-08-22,30,5.281838
2024-08-22,60,5.269337
2024-08-22,91,5.253538
2024-08-22,122,5.234944
2024-08-22,152,5.214416
2024-08-22,182,5.191518
2024-08-22,273,5.108825
2024-08-22,365,5.007688
2024-08-22,547,4.76941
2024-08-22,730,4.501684
2024-08-23,10,5.278703
2024-08-23,30,5.271598
2024-08-23,60,5.258578
2024-08-23,91,5.242263
2024-08-23,122,5.223172
2024-08-23,152,5.202182
2024-08-23,182,5.178841
2024-08-23,273,5.094915
2024-08-23,365,4.992704
2024-08-23,547,4.752798
2024-08-23,730,4.484097
2024-08-26,10,5.268434
2024-08-26,30,5.261102
2024-08-26,60,5.247744
2024-08-26,91,5.231082
2024-08-26,122,5.211646
2024-08-26,152,5.190326
2024-08-26,182,5.166658
2024-08-26,273,5.081768
2024-08-26,365,4.978633
2024-08-26,547,4.737113
2024-08-26,730,4.46716
2024-08-27,10,5.256137
2024-08-27,30,5.248758
2024-08-27,60,5.235316
2024-08-27,91,5.218551
2024-08-27,122,5.198998
2024-08-27,152,5.17755
2024-08-27,182,5.153743
2024-08-27,273,5.068364
2024-08-27,365,4.964659
2024-08-27,547,4.721891
2024-08-27,730,4.450714
2024-08-28,10,5.24263
2024-08-28,30,5.2354
2024-08-28,60,5.222149
2024-08-28,91,5.205542
2024-08-28,122,5.186109
2024-08-28,152,5.164743
2024-08-28,182,5.140987
2024-08-28,273,5.055583
2024-08-28,365,4.951616
2024-08-28,547,4.707822
2024-08-28,730,4.435248
2024-08-29,10,5.245292
2024-08-29,30,5.236689
2024-08-29,60,5.221476
2024-08-29,91,5.202965
2024-08-29,122,5.18175
2024-08-29,152,5.158771
2024-08-29,182,5.13351
2024-08-29,273,5.044171
2024-08-29,365,4.937125
2024-08-29,547,4.689583
2024-08-29,730,4.415832
2024-08-30,10,5.246788
2024-08-30,30,5.236928
2024-08-30,60,5.219924
2024-08-30,91,5.199678
2024-08-30,122,5.176842
2024-08-30,152,5.152401
2024-08-30,182,5.125779
2024-08-30,273,5.032907
2024-08-30,365,4.923136
2024-08-30,547,4.672402
2024-08-30,730,4.397871
2024-09-03,10,5.239493
2024-09-03,30,5.229239
2024-09-03,60,5.211666
2024-09-03,91,5.190859
2024-09-03,122,5.16749
2024-09-03,152,5.142559
2024-09-03,182,5.115471
2024-09-03,273,5.021337
2024-09-03,365,4.910509
2024-09-03,547,4.658294
2024-09-03,730,4.383022
2024-09-04,10,5.242059
2024-09-04,30,5.230355
2024-09-04,60,5.21072
2024-09-04,91,5.187918
2024-09-04,122,5.162691
2024-09-04,152,5.136087
2024-09-04,182,5.107447
2024-09-04,273,5.009305
2024-09-04,365,4.895423
2024-09-04,547,4.639733
2024-09-04,730,4.363768
2024-09-05,10,5.240848
2024-09-05,30,5.227923
2024-09-05,60,5.206548
2024-09-05,91,5.182062
2024-09-05,122,5.155263
2024-09-05,152,5.127242
2024-09-05,182,5.097284
2024-09-05,273,4.995726
2024-09-05,365,4.879217
2024-09-05,547,4.620472
2024-09-05,730,4.343783
2024-09-06,10,5.245532
2024-09-06,30,5.230732
2024-09-06,60,5.206689
2024-09-06,91,5.179624
2024-09-06,122,5.15042
2024-09-06,152,5.120236
2024-09-06,182,5.088269
2024-09-06,273,4.981522
2024-09-06,365,4.861052
2024-09-06,547,4.597775
2024-09-06,730,4.320118
2024-09-09,10,5.267869
2024-09-09,30,5.249569
2024-09-09,60,5.220559
2024-09-09,91,5.188707
2024-09-09,122,5.155058
2024-09-09,152,5.120889
2024-09-09,182,5.085239
2024-09-09,273,4.969069
2024-09-09,365,4.841545
2024-09-09,547,4.570606
2024-09-09,730,4.291933
2024-09-10,10,5.294919
2024-09-10,30,5.272587
2024-09-10,60,5.237851
2024-09-10,91,5.200481
2024-09-10,122,5.161709
2024-09-10,152,5.122944
2024-09-10,182,5.083046
2024-09-10,273,4.956004
2024-09-10,365,4.820333
2024-09-10,547,4.540505
2024-09-10,730,4.260577
2024-09-11,10,5.310435
2024-09-11,30,5.285169
2024-09-11,60,5.246264
2024-09-11,91,5.20487
2024-09-11,122,5.162355
2024-09-11,152,5.120227
2024-09-11,182,5.077215
2024-09-11,273,4.942166
2024-09-11,365,4.800436
2024-09-11,547,4.51382
2024-09-11,730,4.232625
2024-09-12,10,5.315266
2024-09-12,30,5.288093
2024-09-12,60,5.246474
2024-09-12,91,5.202455
2024-09-12,122,5.15749
2024-09-12,152,5.113156
2024-09-12,182,5.068093
2024-09-12,273,4.927733
2024-09-12,365,4.781926
2024-09-12,547,4.490563
2024-09-12,730,4.208194
2024-09-13,10,5.300437
2024-09-13,30,5.273015
2024-09-13,60,5.231029
2024-09-13,91,5.186641
2024-09-13,122,5.14132
2024-09-13,152,5.096651
2024-09-13,182,5.051264
2024-09-13,273,4.909991
2024-09-13,365,4.763366
2024-09-13,547,4.470716
2024-09-13,730,4.187522
2024-09-16,10,5.293035
2024-09-16,30,5.264526
2024-09-16,60,5.220997
2024-09-16,91,5.17512
2024-09-16,122,5.128414
2024-09-16,152,5.082501
2024-09-16,182,5.035963
2024-09-16,273,4.891736
2024-09-16,365,4.742889
2024-09-16,547,4.447813
2024-09-16,730,4.164317
2024-09-17,10,5.295633
2024-09-17,30,5.265061
2024-09-17,60,5.218609
2024-09-17,91,5.169926
2024-09-17,122,5.120623
2024-09-17,152,5.072392
2024-09-17,182,5.02372
2024-09-17,273,4.874094
2024-09-17,365,4.721305
2024-09-17,547,4.422273
2024-09-17,730,4.138873
2024-09-18,10,5.281076
2024-09-18,30,5.249946
2024-09-18,60,5.202709
2024-09-18,91,5.153278
2024-09-18,122,5.10329
2024-09-18,152,5.054455
2024-09-18,182,5.005236
2024-09-18,273,4.854273
2024-09-18,365,4.700594
2024-09-18,547,4.400989
2024-09-18,730,4.1183
2024-09-19,10,5.263809
2024-09-19,30,5.232387
2024-09-19,60,5.184743
2024-09-19,91,5.134929
2024-09-19,122,5.084596
2024-09-19,152,5.035462
2024-09-19,182,4.985977
2024-09-19,273,4.834404
2024-09-19,365,4.680387
2024-09-19,547,4.380843
2024-09-19,730,4.099021
2024-09-20,10,5.245237
2024-09-20,30,5.213548
2024-09-20,60,5.165539
2024-09-20,91,5.115391
2024-09-20,122,5.064768
2024-09-20,152,5.015392
2024-09-20,182,4.965704
2024-09-20,273,4.813734
2024-09-20,365,4.659627
2024-09-20,547,4.36069
2024-09-20,730,4.080309
2024-09-23,10,5.229427
2024-09-23,30,5.197216
2024-09-23,60,5.148483
2024-09-23,91,5.097658
2024-09-23,122,5.046429
2024-09-23,152,4.996531
2024-09-23,182,4.946382
2024-09-23,273,4.793373
2024-09-23,365,4.638719
2024-09-23,547,4.339972
2024-09-23,730,4.061121
2024-09-24,10,5.221104
2024-09-24,30,5.187586
2024-09-24,60,5.137019
2024-09-24,91,5.084456
2024-09-24,122,5.031642
2024-09-24,152,4.980353
2024-09-24,182,4.928949
2024-09-24,273,4.772916
2024-09-24,365,4.616305
2024-09-24,547,4.316456
2024-09-24,730,4.039376
2024-09-25,10,5.204284
2024-09-25,30,5.170332
2024-09-25,60,5.119167
2024-09-25,91,5.06605
2024-09-25,122,5.012747
2024-09-25,152,4.961044
2024-09-25,182,4.909282
2024-09-25,273,4.752489
2024-09-25,365,4.595569
2024-09-25,547,4.296266
2024-09-25,730,4.020943
2024-09-26,10,5.201556
2024-09-26,30,5.165971
2024-09-26,60,5.112513
2024-09-26,91,5.057223
2024-09-26,122,5.001937
2024-09-26,152,4.948491
2024-09-26,182,4.895154
2024-09-26,273,4.734555
2024-09-26,365,4.57515
2024-09-26,547,4.274343
2024-09-26,730,4.001045
2024-09-27,10,5.177975
2024-09-27,30,5.142695
2024-09-27,60,5.08969
2024-09-27,91,5.03486
2024-09-27,122,4.980025
2024-09-27,152,4.92701
2024-09-27,182,4.874096
2024-09-27,273,4.714741
2024-09-27,365,4.556535
2024-09-27,547,4.257943
2024-09-27,730,3.986688
2024-09-30,10,5.153122
2024-09-30,30,5.118438
2024-09-30,60,5.066297
2024-09-30,91,5.012322
2024-09-30,122,4.958307
2024-09-30,152,4.906051
2024-09-30,182,4.853863
2024-09-30,273,4.696522
2024-09-30,365,4.540084
2024-09-30,547,4.2443
2024-09-30,730,3.975122
2024-10-01,10,5.122671
2024-10-01,30,5.089151
2024-10-01,60,5.038679
2024-10-01,91,4.986335
2024-10-01,122,4.933856
2024-10-01,152,4.883001
2024-10-01,182,4.832133
2024-10-01,273,4.678316
2024-10-01,365,4.524766
2024-10-01,547,4.232981
2024-10-01,730,3.965998
2024-10-02,10,5.104959
2024-10-02,30,5.071543
2024-10-02,60,5.02124
2024-10-02,91,4.969085
2024-10-02,122,4.916811
2024-10-02,152,4.866167
2024-10-02,182,4.815522
2024-10-02,273,4.662454
2024-10-02,365,4.509758
2024-10-02,547,4.219883
2024-10-02,730,3.955009
2024-10-03,10,5.10049
2024-10-03,30,5.066168
2024-10-03,60,5.014606
2024-10-03,91,4.961272
2024-10-03,122,4.907939
2024-10-03,152,4.856381
2024-10-03,182,4.804928
2024-10-03,273,4.650013
2024-10-03,365,4.496297
2024-10-03,547,4.206501
2024-10-03,730,3.943829
2024-10-04,10,5.085817
2024-10-04,30,5.051938
2024-10-04,60,5.001029
2024-10-04,91,4.948356
2024-10-04,122,4.895671
2024-10-04,152,4.844727
2024-10-04,182,4.793875
2024-10-04,273,4.640709
2024-10-04,365,4.488644
2024-10-04,547,4.20178
2024-10-04,730,3.941619
2024-10-07,10,5.075364
2024-10-07,30,5.041926
2024-10-07,60,4.99167
2024-10-07,91,4.939663
2024-10-07,122,4.887634
2024-10-07,152,4.837315
2024-10-07,182,4.787079
2024-10-07,273,4.635722
2024-10-07,365,4.485394
2024-10-07,547,4.201676
2024-10-07,730,3.944266
2024-10-08,10,5.061024
2024-10-08,30,5.028594
2024-10-08,60,4.979797
2024-10-08,91,4.92923
2024-10-08,122,4.878575
2024-10-08,152,4.829524
2024-10-08,182,4.780496
2024-10-08,273,4.632456
2024-10-08,365,4.48498
2024-10-08,547,4.205584
2024-10-08,730,3.951022
2024-10-09,10,5.053909
2024-10-09,30,5.022054
2024-10-09,60,4.974101
2024-10-09,91,4.924386
2024-10-09,122,4.87456
2024-10-09,152,4.826292
2024-10-09,182,4.778027
2024-10-09,273,4.632179
2024-10-09,365,4.486738
2024-10-09,547,4.210847
2024-10-09,730,3.959138
2024-10-10,10,5.045199
2024-10-10,30,5.014131
2024-10-10,60,4.967325
2024-10-10,91,4.918751
2024-10-10,122,4.870025
2024-10-10,152,4.82278
2024-10-10,182,4.7755
2024-10-10,273,4.632415
2024-10-10,365,4.489435
2024-10-10,547,4.217512
2024-10-10,730,3.968726
2024-10-11,10,5.014283
2024-10-11,30,4.985979
2024-10-11,60,4.943115
2024-10-11,91,4.898366
2024-10-11,122,4.853218
2024-10-11,152,4.809208
2024-10-11,182,4.764946
2024-10-11,273,4.629754
2024-10-11,365,4.492972
2024-10-11,547,4.228769
2024-10-11,730,3.982907
2024-10-14,10,4.987121
2024-10-14,30,4.961264
2024-10-14,60,4.921895
2024-10-14,91,4.880539
2024-10-14,122,4.83857
2024-10-14,152,4.797438
2024-10-14,182,4.755863
2024-10-14,273,4.627719
2024-10-14,365,4.496503
2024-10-14,547,4.239339
2024-10-14,730,3.996311
2024-10-15,10,4.96638
2024-10-15,30,4.942439
2024-10-15,60,4.905809
2024-10-15,91,4.867117
2024-10-15,122,4.827648
2024-10-15,152,4.788785
2024-10-15,182,4.749334
2024-10-15,273,4.626793
2024-10-15,365,4.500052
2024-10-15,547,4.248699
2024-10-15,730,4.008245
2024-10-16,10,4.939345
2024-10-16,30,4.917858
2024-10-16,60,4.884727
2024-10-16,91,4.849428
2024-10-16,122,4.813131
2024-10-16,152,4.777132
2024-10-16,182,4.740352
2024-10-16,273,4.624781
2024-10-16,365,4.50349
2024-10-16,547,4.258856
2024-10-16,730,4.020842
2024-10-17,10,4.919225
2024-10-17,30,4.89965
2024-10-17,60,4.869248
2024-10-17,91,4.836599
2024-10-17,122,4.802783
2024-10-17,152,4.769029
2024-10-17,182,4.734346
2024-10-17,273,4.624272
2024-10-17,365,4.50732
2024-10-17,547,4.268169
2024-10-17,730,4.032367
2024-10-18,10,4.901041
2024-10-18,30,4.88317
2024-10-18,60,4.855201
2024-10-18,91,4.824915
2024-10-18,122,4.793314
2024-10-18,152,4.761566
2024-10-18,182,4.728758
2024-10-18,273,4.623611
2024-10-18,365,4.510565
2024-10-18,547,4.276407
2024-10-18,730,4.042717
2024-10-21,10,4.896204
2024-10-21,30,4.878875
2024-10-21,60,4.851698
2024-10-21,91,4.822204
2024-10-21,122,4.791367
2024-10-21,152,4.760335
2024-10-21,182,4.728218
2024-10-21,273,4.625026
2024-10-21,365,4.513751
2024-10-21,547,4.282534
2024-10-21,730,4.051136
2024-10-22,10,4.881013
2024-10-22,30,4.865322
2024-10-22,60,4.840484
2024-10-22,91,4.813259
2024-10-22,122,4.784547
2024-10-22,152,4.755437
2024-10-22,182,4.725114
2024-10-22,273,4.626624
2024-10-22,365,4.519057
2024-10-22,547,4.292533
2024-10-22,730,4.063064
2024-10-23,10,4.87672
2024-10-23,30,4.861703
2024-10-23,60,4.837841
2024-10-23,91,4.811583
2024-10-23,122,4.783797
2024-10-23,152,4.755544
2024-10-23,182,4.726041
2024-10-23,273,4.629824
2024-10-23,365,4.524246
2024-10-23,547,4.300849
2024-10-23,730,4.07362
2024-10-24,10,4.870173
2024-10-24,30,4.85607
2024-10-24,60,4.833524
2024-10-24,91,4.80856
2024-10-24,122,4.782
2024-10-24,152,4.754873
2024-10-24,182,4.726438
2024-10-24,273,4.633113
2024-10-24,365,4.529972
2024-10-24,547,4.310137
2024-10-24,730,4.085117
2024-10-25,10,4.861703
2024-10-25,30,4.848646
2024-10-25,60,4.827604
2024-10-25,91,4.804114
2024-10-25,122,4.778951
2024-10-25,152,4.753104
2024-10-25,182,4.725879
2024-10-25,273,4.635824
2024-10-25,365,4.535416
2024-10-25,547,4.319513
2024-10-25,730,4.096837
2024-10-28,10,4.873791
2024-10-28,30,4.859848
2024-10-28,60,4.837583
2024-10-28,91,4.812961
2024-10-28,122,4.786792
2024-10-28,152,4.760087
2024-10-28,182,4.732116
2024-10-28,273,4.640436
2024-10-28,365,4.539269
2024-10-28,547,4.324024
2024-10-28,730,4.104136
2024-10-29,10,4.883302
2024-10-29,30,4.868764
2024-10-29,60,4.845684
2024-10-29,91,4.820309
2024-10-29,122,4.79348
2024-10-29,152,4.766219
2024-10-29,182,4.737772
2024-10-29,273,4.645099
2024-10-29,365,4.543559
2024-10-29,547,4.329118
2024-10-29,730,4.111561
2024-10-30,10,4.888531
2024-10-30,30,4.87385
2024-10-30,60,4.850593
2024-10-30,91,4.825083
2024-10-30,122,4.798163
2024-10-30,152,4.770857
2024-10-30,182,4.742404
2024-10-30,273,4.649938
2024-10-30,365,4.548913
2024-10-30,547,4.336219
2024-10-30,730,4.121084
2024-10-31,10,4.876263
2024-10-31,30,4.863209
2024-10-31,60,4.842275
2024-10-31,91,4.819021
2024-10-31,122,4.794213
2024-10-31,152,4.768819
2024-10-31,182,4.742151
2024-10-31,273,4.654368
2024-10-31,365,4.557046
2024-10-31,547,4.34906
2024-10-31,730,4.135893
2024-11-01,10,4.85069
2024-11-01,30,4.840448
2024-11-01,60,4.823514
2024-11-01,91,4.804126
2024-11-01,122,4.782922
2024-11-01,152,4.760772
2024-11-01,182,4.737116
2024-11-01,273,4.657129
2024-11-01,365,4.565801
2024-11-01,547,4.364906
2024-11-01,730,4.153872
2024-11-04,10,4.824228
2024-11-04,30,4.81683
2024-11-04,60,4.803945
2024-11-04,91,4.788474
2024-11-04,122,4.770922
2024-11-04,152,4.752064
2024-11-04,182,4.731467
2024-11-04,273,4.659415
2024-11-04,365,4.574213
2024-11-04,547,4.380643
2024-11-04,730,4.171928
2024-11-05,10,4.806328
2024-11-05,30,4.800983
2024-11-05,60,4.791029
2024-11-05,91,4.778406
2024-11-05,122,4.763524
2024-11-05,152,4.747084
2024-11-05,182,4.728747
2024-11-05,273,4.662637
2024-11-05,365,4.582147
2024-11-05,547,4.394595
2024-11-05,730,4.188401
2024-11-06,10,4.791902
2024-11-06,30,4.788327
2024-11-06,60,4.780908
2024-11-06,91,4.770757
2024-11-06,122,4.758202
2024-11-06,152,4.743879
2024-11-06,182,4.727531
2024-11-06,273,4.666702
2024-11-06,365,4.590489
2024-11-06,547,4.408673
2024-11-06,730,4.205302
2024-11-07,10,4.787361
2024-11-07,30,4.784661
2024-11-07,60,4.778509
2024-11-07,91,4.769611
2024-11-07,122,4.758252
2024-11-07,152,4.745034
2024-11-07,182,4.729742
2024-11-07,273,4.67182
2024-11-07,365,4.598121
2024-11-07,547,4.42016
2024-11-07,730,4.21939
2024-11-08,10,4.786758
2024-11-08,30,4.784573
2024-11-08,60,4.779181
2024-11-08,91,4.771049
2024-11-08,122,4.76044
2024-11-08,152,4.747932
2024-11-08,182,4.733332
2024-11-08,273,4.677413
2024-11-08,365,4.605589
2024-11-08,547,4.430894
2024-11-08,730,4.232822
2024-11-11,10,4.790678
2024-11-11,30,4.78872
2024-11-11,60,4.783678
2024-11-11,91,4.77592
2024-11-11,122,4.765695
2024-11-11,152,4.753566
2024-11-11,182,4.739355
2024-11-11,273,4.684655
2024-11-11,365,4.614112
2024-11-11,547,4.442009
2024-11-11,730,4.246485
2024-11-12,10,4.811961
2024-11-12,30,4.808782
2024-11-12,60,4.80204
2024-11-12,91,4.792685
2024-11-12,122,4.781022
2024-11-12,152,4.767647
2024-11-12,182,4.752327
2024-11-12,273,4.695058
2024-11-12,365,4.62302
2024-11-12,547,4.450661
2024-11-12,730,4.257558
2024-11-13,10,4.847667
2024-11-13,30,4.841803
2024-11-13,60,4.831292
2024-11-13,91,4.818363
2024-11-13,122,4.803436
2024-11-13,152,4.787192
2024-11-13,182,4.769277
2024-11-13,273,4.705711
2024-11-13,365,4.629507
2024-11-13,547,4.454354
2024-11-13,730,4.263944
2024-11-14,10,4.86536
2024-11-14,30,4.858609
2024-11-14,60,4.846868
2024-11-14,91,4.832792
2024-11-14,122,4.816841
2024-11-14,152,4.799718
2024-11-14,182,4.781029
2024-11-14,273,4.715729
2024-11-14,365,4.638618
2024-11-14,547,4.463741
2024-11-14,730,4.275648
2024-11-15,10,4.874954
2024-11-15,30,4.868042
2024-11-15,60,4.856103
2024-11-15,91,4.84187
2024-11-15,122,4.825811
2024-11-15,152,4.808627
2024-11-15,182,4.789921
2024-11-15,273,4.724802
2024-11-15,365,4.648198
2024-11-15,547,4.475078
2024-11-15,730,4.289419
2024-11-18,10,4.879267
2024-11-18,30,4.872711
2024-11-18,60,4.861304
2024-11-18,91,4.84762
2024-11-18,122,4.832107
2024-11-18,152,4.815449
2024-11-18,182,4.797264
2024-11-18,273,4.733707
2024-11-18,365,4.658636
2024-11-18,547,4.488367
2024-11-18,730,4.305253
2024-11-19,10,4.89072
2024-11-19,30,4.883975
2024-11-19,60,4.87232
2024-11-19,91,4.858425
2024-11-19,122,4.842746
2024-11-19,152,4.825967
2024-11-19,182,4.807701
2024-11-19,273,4.744112
2024-11-19,365,4.669304
2024-11-19,547,4.500246
2024-11-19,730,4.318967
2024-11-20,10,4.886873
2024-11-20,30,4.881445
2024-11-20,60,4.871667
2024-11-20,91,4.859589
2024-11-20,122,4.845607
2024-11-20,152,4.830359
2024-11-20,182,4.813516
2024-11-20,273,4.753629
2024-11-20,365,4.681693
2024-11-20,547,4.516111
2024-11-20,730,4.335994
2024-11-21,10,4.875237
2024-11-21,30,4.871912
2024-11-21,60,4.865128
2024-11-21,91,4.855945
2024-11-21,122,4.844663
2024-11-21,152,4.831847
2024-11-21,182,4.817263
2024-11-21,273,4.763229
2024-11-21,365,4.695797
2024-11-21,547,4.535529
2024-11-21,730,4.356932
2024-11-22,10,4.86426
2024-11-22,30,4.862846
2024-11-22,60,4.858789
2024-11-22,91,4.852256
2024-11-22,122,4.843454
2024-11-22,152,4.832883
2024-11-22,182,4.820398
2024-11-22,273,4.771861
2024-11-22,365,4.708758
2024-11-22,547,4.553899
2024-11-22,730,4.377312
2024-11-25,10,4.860931
2024-11-25,30,4.86064
2024-11-25,60,4.858192
2024-11-25,91,4.853225
2024-11-25,122,4.845895
2024-11-25,152,4.836662
2024-11-25,182,4.82543
2024-11-25,273,4.780208
2024-11-25,365,4.719762
2024-11-25,547,4.568355
2024-11-25,730,4.393258
2024-11-26,10,4.866252
2024-11-26,30,4.86624
2024-11-26,60,4.864201
2024-11-26,91,4.859644
2024-11-26,122,4.852712
2024-11-26,152,4.843851
2024-11-26,182,4.832979
2024-11-26,273,4.788776
2024-11-26,365,4.729251
2024-11-26,547,4.579349
2024-11-26,730,4.405355
2024-11-27,10,4.874011
2024-11-27,30,4.873894
2024-11-27,60,4.871718
2024-11-27,91,4.867044
2024-11-27,122,4.860019
2024-11-27,152,4.851089
2024-11-27,182,4.84017
2024-11-27,273,4.795941
2024-11-27,365,4.736547
2024-11-27,547,4.587272
2024-11-27,730,4.414226
2024-11-29,10,4.866161
2024-11-29,30,4.867208
2024-11-29,60,4.866684
2024-11-29,91,4.863602
2024-11-29,122,4.858055
2024-11-29,152,4.850453
2024-11-29,182,4.840761
2024-11-29,273,4.79968
2024-11-29,365,4.742659
2024-11-29,547,4.59604
2024-11-29,730,4.423536
2024-12-02,10,4.86261
2024-12-02,30,4.864304
2024-12-02,60,4.8647
2024-12-02,91,4.862511
2024-12-02,122,4.857797
2024-12-02,152,4.850946
2024-12-02,182,4.841954
2024-12-02,273,4.802691
2024-12-02,365,4.747082
2024-12-02,547,4.602171
2024-12-02,730,4.430236
2024-12-03,10,4.864427
2024-12-03,30,4.866224
2024-12-03,60,4.866773
2024-12-03,91,4.864735
2024-12-03,122,4.86017
2024-12-03,152,4.853459
2024-12-03,182,4.844602
2024-12-03,273,4.805728
2024-12-03,365,4.75048
2024-12-03,547,4.606192
2024-12-03,730,4.434773
2024-12-04,10,4.867404
2024-12-04,30,4.869199
2024-12-04,60,4.869746
2024-12-04,91,4.867708
2024-12-04,122,4.863145
2024-12-04,152,4.856437
2024-12-04,182,4.847586
2024-12-04,273,4.808739
2024-12-04,365,4.753535
2024-12-04,547,4.609384
2024-12-04,730,4.438168
2024-12-05,10,4.872373
2024-12-05,30,4.874011
2024-12-05,60,4.874334
2024-12-05,91,4.872082
2024-12-05,122,4.867321
2024-12-05,152,4.860436
2024-12-05,182,4.851422
2024-12-05,273,4.812165
2024-12-05,365,4.756668
2024-12-05,547,4.612254
2024-12-05,730,4.441136
2024-12-06,10,4.878438
2024-12-06,30,4.879732
2024-12-06,60,4.879569
2024-12-06,91,4.87685
2024-12-06,122,4.871658
2024-12-06,152,4.86439
2024-12-06,182,4.855023
2024-12-06,273,4.814882
2024-12-06,365,4.758751
2024-12-06,547,4.613753
2024-12-06,730,4.442772
2024-12-09,10,4.876364
2024-12-09,30,4.878087
2024-12-09,60,4.878532
2024-12-09,91,4.876399
2024-12-09,122,4.871749
2024-12-09,152,4.864966
2024-12-09,182,4.856047
2024-12-09,273,4.81705
2024-12-09,365,4.761776
2024-12-09,547,4.617738
2024-12-09,730,4.446987
2024-12-10,10,4.880544
2024-12-10,30,4.882086
2024-12-10,60,4.882281
2024-12-10,91,4.879913
2024-12-10,122,4.875054
2024-12-10,152,4.86809
2024-12-10,182,4.859013
2024-12-10,273,4.819658
2024-12-10,365,4.764197
2024-12-10,547,4.620224
2024-12-10,730,4.449988
2024-12-11,10,4.87956
2024-12-11,30,4.881443
2024-12-11,60,4.882122
2024-12-11,91,4.880225
2024-12-11,122,4.875803
2024-12-11,152,4.869236
2024-12-11,182,4.860527
2024-12-11,273,4.822135
2024-12-11,365,4.767429
2024-12-11,547,4.624413
2024-12-11,730,4.454597
2024-12-12,10,4.878257
2024-12-12,30,4.880522
2024-12-12,60,4.881748
2024-12-12,91,4.880383
2024-12-12,122,4.876462
2024-12-12,152,4.870349
2024-12-12,182,4.862067
2024-12-12,273,4.824808
2024-12-12,365,4.771018
2024-12-12,547,4.629243
2024-12-12,730,4.460083
2024-12-13,10,4.877277
2024-12-13,30,4.879791
2024-12-13,60,4.881381
2024-12-13,91,4.880379
2024-12-13,122,4.876809
2024-12-13,152,4.871024
2024-12-13,182,4.863058
2024-12-13,273,4.826694
2024-12-13,365,4.773719
2024-12-13,547,4.633313
2024-12-13,730,4.465267
2024-12-16,10,4.880878
2024-12-16,30,4.883217
2024-12-16,60,4.884573
2024-12-16,91,4.883363
2024-12-16,122,4.879618
2024-12-16,152,4.873693
2024-12-16,182,4.865618
2024-12-16,273,4.829085
2024-12-16,365,4.776168
2024-12-16,547,4.636447
2024-12-16,730,4.469651
2024-12-17,10,4.88662
2024-12-17,30,4.888503
2024-12-17,60,4.889229
2024-12-17,91,4.887435
2024-12-17,122,4.883172
2024-12-17,152,4.876808
2024-12-17,182,4.868349
2024-12-17,273,4.830986
2024-12-17,365,4.777693
2024-12-17,547,4.638362
2024-12-17,730,4.4731
2024-12-18,10,4.888403
2024-12-18,30,4.890206
2024-12-18,60,4.890836
2024-12-18,91,4.888976
2024-12-18,122,4.884678
2024-12-18,152,4.878309
2024-12-18,182,4.869874
2024-12-18,273,4.832738
2024-12-18,365,4.779889
2024-12-18,547,4.641953
2024-12-18,730,4.478577
2024-12-19,10,4.875648
2024-12-19,30,4.87881
2024-12-19,60,4.881382
2024-12-19,91,4.881405
2024-12-19,122,4.878871
2024-12-19,152,4.874097
2024-12-19,182,4.867152
2024-12-19,273,4.833924
2024-12-19,365,4.784169
2024-12-19,547,4.6502
2024-12-19,730,4.488577
2024-12-20,10,4.869358
2024-12-20,30,4.873195
2024-12-20,60,4.876744
2024-12-20,91,4.877734
2024-12-20,122,4.876125
2024-12-20,152,4.872207
2024-12-20,182,4.866079
2024-12-20,273,4.835113
2024-12-20,365,4.787331
2024-12-20,547,4.656454
2024-12-20,730,4.497048
2024-12-23,10,4.861603
2024-12-23,30,4.866303
2024-12-23,60,4.871095
2024-12-23,91,4.873307
2024-12-23,122,4.872857
2024-12-23,152,4.870003
2024-12-23,182,4.864885
2024-12-23,273,4.836662
2024-12-23,365,4.791203
2024-12-23,547,4.66377
2024-12-23,730,4.506594
2024-12-24,10,4.86582
2024-12-24,30,4.870235
2024-12-24,60,4.87465
2024-12-24,91,4.876532
2024-12-24,122,4.875812
2024-12-24,152,4.872753
2024-12-24,182,4.867481
2024-12-24,273,4.839089
2024-12-24,365,4.793869
2024-12-24,547,4.667908
2024-12-24,730,4.513175
2024-12-26,10,4.86825
2024-12-26,30,4.872531
2024-12-26,60,4.87678
2024-12-26,91,4.878532
2024-12-26,122,4.877723
2024-12-26,152,4.874615
2024-12-26,182,4.86933
2024-12-26,273,4.841101
2024-12-26,365,4.796327
2024-12-26,547,4.671929
2024-12-26,730,4.519423
2024-12-27,10,4.876015
2024-12-27,30,4.879485
2024-12-27,60,4.882618
2024-12-27,91,4.88334
2024-12-27,122,4.881621
2024-12-27,152,4.877743
2024-12-27,182,4.871794
2024-12-27,273,4.842153
2024-12-27,365,4.79679
2024-12-27,547,4.673268
2024-12-27,730,4.523652
2024-12-30,10,4.874528
2024-12-30,30,4.877932
2024-12-30,60,4.880995
2024-12-30,91,4.881681
2024-12-30,122,4.879962
2024-12-30,152,4.876116
2024-12-30,182,4.870228
2024-12-30,273,4.840947
2024-12-30,365,4.796185
2024-12-30,547,4.674415
2024-12-30,730,4.527078
2024-12-31,10,4.868204
2024-12-31,30,4.871811
2024-12-31,60,4.875183
2024-12-31,91,4.876197
2024-12-31,122,4.874812
2024-12-31,152,4.871297
2024-12-31,182,4.865746
2024-12-31,273,4.83752
2024-12-31,365,4.793865
2024-12-31,547,4.674364
2024-12-31,730,4.529339
2025-01-02,10,4.846882
2025-01-02,30,4.852081
2025-01-02,60,4.857702
2025-01-02,91,4.860871
2025-01-02,122,4.861474
2025-01-02,152,4.859729
2025-01-02,182,4.855804
2025-01-02,273,4.831675
2025-01-02,365,4.791009
2025-01-02,547,4.674603
2025-01-02,730,4.529931
2025-01-03,10,4.823341
2025-01-03,30,4.830174
2025-01-03,60,4.838118
2025-01-03,91,4.843529
2025-01-03,122,4.846219
2025-01-03,152,4.846351
2025-01-03,182,4.844167
2025-01-03,273,4.824538
2025-01-03,365,4.787328
2025-01-03,547,4.675057
2025-01-03,730,4.531806
2025-01-06,10,4.812435
2025-01-06,30,4.819669
2025-01-06,60,4.828201
2025-01-06,91,4.834201
2025-01-06,122,4.837463
2025-01-06,152,4.838131
2025-01-06,182,4.836467
2025-01-06,273,4.818328
2025-01-06,365,4.782496
2025-01-06,547,4.672627
2025-01-06,730,4.53145
2025-01-07,10,4.79892
2025-01-07,30,4.806866
2025-01-07,60,4.816427
2025-01-07,91,4.823441
2025-01-07,122,4.827669
2025-01-07,152,4.829229
2025-01-07,182,4.828415
2025-01-07,273,4.812607
2025-01-07,365,4.778791
2025-01-07,547,4.672045
2025-01-07,730,4.533106
2025-01-08,10,4.781395
2025-01-08,30,4.790361
2025-01-08,60,4.801388
2025-01-08,91,4.80984
2025-01-08,122,4.815431
2025-01-08,152,4.818238
2025-01-08,182,4.818604
2025-01-08,273,4.805988
2025-01-08,365,4.77485
2025-01-08,547,4.672015
2025-01-08,730,4.535547
2025-01-10,10,4.753083
2025-01-10,30,4.764124
2025-01-10,60,4.778114
2025-01-10,91,4.789444
2025-01-10,122,4.797731
2025-01-10,152,4.802979
2025-01-10,182,4.805627
2025-01-10,273,4.799008
2025-01-10,365,4.772635
2025-01-10,547,4.675961
2025-01-10,730,4.542289
2025-01-13,10,4.729853
2025-01-13,30,4.742561
2025-01-13,60,4.758941
2025-01-13,91,4.772605
2025-01-13,122,4.783091
2025-01-13,152,4.790345
2025-01-13,182,4.79488
2025-01-13,273,4.793305
2025-01-13,365,4.771067
2025-01-13,547,4.680135
2025-01-13,730,4.549656
2025-01-14,10,4.701954
2025-01-14,30,4.716706
2025-01-14,60,4.736013
2025-01-14,91,4.752532
2025-01-14,122,4.765707
2025-01-14,152,4.775408
2025-01-14,182,4.782244
2025-01-14,273,4.786791
2025-01-14,365,4.769537
2025-01-14,547,4.685407
2025-01-14,730,4.558532
2025-01-15,10,4.679478
2025-01-15,30,4.695817
2025-01-15,60,4.717402
2025-01-15,91,4.736146
2025-01-15,122,4.751418
2025-01-15,152,4.763033
2025-01-15,182,4.771669
2025-01-15,273,4.781032
2025-01-15,365,4.767733
2025-01-15,547,4.689104
2025-01-15,730,4.565303
2025-01-16,10,4.651004
2025-01-16,30,4.669475
2025-01-16,60,4.694098
2025-01-16,91,4.715788
2025-01-16,122,4.733815
2025-01-16,152,4.747918
2025-01-16,182,4.758875
2025-01-16,273,4.774302
2025-01-16,365,4.765767
2025-01-16,547,4.693129
2025-01-16,730,4.571782
2025-01-17,10,4.612471
2025-01-17,30,4.633716
2025-01-17,60,4.662293
2025-01-17,91,4.687814
2025-01-17,122,4.709421
2025-01-17,152,4.726758
2025-01-17,182,4.740727
2025-01-17,273,4.764017
2025-01-17,365,4.761636
2025-01-17,547,4.696649
2025-01-17,730,4.578271
2025-01-21,10,4.576811
2025-01-21,30,4.600443
2025-01-21,60,4.632445
2025-01-21,91,4.661313
2025-01-21,122,4.686079
2025-01-21,152,4.706296
2025-01-21,182,4.722977
2025-01-21,273,4.75351
2025-01-21,365,4.757045
2025-01-21,547,4.700094
2025-01-21,730,4.585722
2025-01-22,10,4.547282
2025-01-22,30,4.572743
2025-01-22,60,4.607389
2025-01-22,91,4.638867
2025-01-22,122,4.666118
2025-01-22,152,4.688624
2025-01-22,182,4.707485
2025-01-22,273,4.743968
2025-01-22,365,4.752559
2025-01-22,547,4.703012
2025-01-22,730,4.593009
2025-01-23,10,4.532704
2025-01-23,30,4.558688
2025-01-23,60,4.594125
2025-01-23,91,4.626427
2025-01-23,122,4.654506
2025-01-23,152,4.677818
2025-01-23,182,4.697485
2025-01-23,273,4.736411
2025-01-23,365,4.747432
2025-01-23,547,4.70242
2025-01-23,730,4.59634
2025-01-24,10,4.5164
2025-01-24,30,4.542978
2025-01-24,60,4.579313
2025-01-24,91,4.612546
2025-01-24,122,4.641561
2025-01-24,152,4.665779
2025-01-24,182,4.686352
2025-01-24,273,4.728008
2025-01-24,365,4.741727
2025-01-24,547,4.701686
2025-01-24,730,4.599817
2025-01-27,10,4.504459
2025-01-27,30,4.531293
2025-01-27,60,4.56804
2025-01-27,91,4.601735
2025-01-27,122,4.631245
2025-01-27,152,4.655971
2025-01-27,182,4.677078
2025-01-27,273,4.720488
2025-01-27,365,4.736134
2025-01-27,547,4.700083
2025-01-27,730,4.602011
2025-01-28,10,4.482467
2025-01-28,30,4.510406
2025-01-28,60,4.548775
2025-01-28,91,4.5841
2025-01-28,122,4.615191
2025-01-28,152,4.641403
2025-01-28,182,4.663951
2025-01-28,273,4.71145
2025-01-28,365,4.730793
2025-01-28,547,4.700714
2025-01-28,730,4.606772
2025-01-29,10,4.446535
2025-01-29,30,4.476885
2025-01-29,60,4.518732
2025-01-29,91,4.557479
2025-01-29,122,4.591821
2025-01-29,152,4.621019
2025-01-29,182,4.646398
2025-01-29,273,4.701566
2025-01-29,365,4.727316
2025-01-29,547,4.706238
2025-01-29,730,4.616938
2025-01-30,10,4.419722
2025-01-30,30,4.451689
2025-01-30,60,4.495882
2025-01-30,91,4.536953
2025-01-30,122,4.573521
2025-01-30,152,4.604777
2025-01-30,182,4.632124
2025-01-30,273,4.692708
2025-01-30,365,4.723115
2025-01-30,547,4.708927
2025-01-30,730,4.623634
2025-01-31,10,4.382868
2025-01-31,30,4.417324
2025-01-31,60,4.465106
2025-01-31,91,4.509704
2025-01-31,122,4.549617
2025-01-31,152,4.583942
2025-01-31,182,4.614194
2025-01-31,273,4.682624
2025-01-31,365,4.71955
2025-01-31,547,4.71442
2025-01-31,730,4.633663
2025-02-03,10,4.361029
2025-02-03,30,4.39669
2025-02-03,60,4.446228
2025-02-03,91,4.492579
2025-02-03,122,4.534181
2025-02-03,152,4.57008
2025-02-03,182,4.601847
2025-02-03,273,4.674511
2025-02-03,365,4.715168
2025-02-03,547,4.71581
2025-02-03,730,4.63873
2025-02-04,10,4.350964
2025-02-04,30,4.386849
2025-02-04,60,4.436744
2025-02-04,91,4.483489
2025-02-04,122,4.525507
2025-02-04,152,4.56183
2025-02-04,182,4.594037
2025-02-04,273,4.668127
2025-02-04,365,4.710318
2025-02-04,547,4.714049
2025-02-04,730,4.63978
2025-02-05,10,4.355062
2025-02-05,30,4.389961
2025-02-05,60,4.438487
2025-02-05,91,4.483952
2025-02-05,122,4.524822
2025-02-05,152,4.560154
2025-02-05,182,4.591484
2025-02-05,273,4.66356
2025-02-05,365,4.704604
2025-02-05,547,4.708175
2025-02-05,730,4.635698
2025-02-06,10,4.364206
2025-02-06,30,4.397711
2025-02-06,60,4.444283
2025-02-06,91,4.487899
2025-02-06,122,4.527087
2025-02-06,152,4.560943
2025-02-06,182,4.590943
2025-02-06,273,4.659814
2025-02-06,365,4.698768
2025-02-06,547,4.700999
2025-02-06,730,4.629896
2025-02-07,10,4.360256
2025-02-07,30,4.393598
2025-02-07,60,4.439971
2025-02-07,91,4.483436
2025-02-07,122,4.522525
2025-02-07,152,4.556332
2025-02-07,182,4.586328
2025-02-07,273,4.65543
2025-02-07,365,4.694934
2025-02-07,547,4.698907
2025-02-07,730,4.629955
2025-02-10,10,4.344037
2025-02-10,30,4.378464
2025-02-10,60,4.426414
2025-02-10,91,4.471442
2025-02-10,122,4.51203
2025-02-10,152,4.547226
2025-02-10,182,4.578549
2025-02-10,273,4.651315
2025-02-10,365,4.693974
2025-02-10,547,4.702622
2025-02-10,730,4.636357
2025-02-11,10,4.34399
2025-02-11,30,4.378156
2025-02-11,60,4.425763
2025-02-11,91,4.470496
2025-02-11,122,4.510844
2025-02-11,152,4.54586
2025-02-11,182,4.577052
2025-02-11,273,4.649686
2025-02-11,365,4.692567
2025-02-11,547,4.702422
2025-02-11,730,4.637925
2025-02-12,10,4.34399
2025-02-12,30,4.378156
2025-02-12,60,4.425763
2025-02-12,91,4.470496
2025-02-12,122,4.510844
2025-02-12,152,4.54586
2025-02-12,182,4.577052
2025-02-12,273,4.649686
2025-02-12,365,4.692567
2025-02-12,547,4.702422
2025-02-12,730,4.637925
2025-02-13,10,4.349466
2025-02-13,30,4.382839
2025-02-13,60,4.429349
2025-02-13,91,4.473061
2025-02-13,122,4.512501
2025-02-13,152,4.546739
2025-02-13,182,4.57725
2025-02-13,273,4.648367
2025-02-13,365,4.690467
2025-02-13,547,4.700565
2025-02-13,730,4.637971
2025-02-14,10,4.350905
2025-02-14,30,4.383668
2025-02-14,60,4.429345
2025-02-14,91,4.472297
2025-02-14,122,4.511075
2025-02-14,152,4.544762
2025-02-14,182,4.574805
2025-02-14,273,4.644983
2025-02-14,365,4.686787
2025-02-14,547,4.697825
2025-02-14,730,4.637546
2025-02-18,10,4.371466
2025-02-18,30,4.401929
2025-02-18,60,4.444367
2025-02-18,91,4.484231
2025-02-18,122,4.520177
2025-02-18,152,4.551359
2025-02-18,182,4.579121
2025-02-18,273,4.643672
2025-02-18,365,4.681597
2025-02-18,547,4.689477
2025-02-18,730,4.630648
2025-02-19,10,4.404784
2025-02-19,30,4.431899
2025-02-19,60,4.469604
2025-02-19,91,4.504932
2025-02-19,122,4.53669
2025-02-19,152,4.564141
2025-02-19,182,4.58848
2025-02-19,273,4.644423
2025-02-19,365,4.676144
2025-02-19,547,4.678052
2025-02-19,730,4.619807
2025-02-20,10,4.443262
2025-02-20,30,4.466511
2025-02-20,60,4.498744
2025-02-20,91,4.528822
2025-02-20,122,4.555728
2025-02-20,152,4.578851
2025-02-20,182,4.599212
2025-02-20,273,4.645121
2025-02-20,365,4.669556
2025-02-20,547,4.664278
2025-02-20,730,4.606402
2025-02-21,10,4.457684
2025-02-21,30,4.479185
2025-02-21,60,4.508958
2025-02-21,91,4.53669
2025-02-21,122,4.561444
2025-02-21,152,4.582664
2025-02-21,182,4.601291
2025-02-21,273,4.642922
2025-02-21,365,4.664406
2025-02-21,547,4.656705
2025-02-21,730,4.599884
2025-02-24,10,4.466512
2025-02-24,30,4.486591
2025-02-24,60,4.514368
2025-02-24,91,4.540204
2025-02-24,122,4.563226
2025-02-24,152,4.582921
2025-02-24,182,4.600167
2025-02-24,273,4.638433
2025-02-24,365,4.657666
2025-02-24,547,4.64836
2025-02-24,730,4.592795
2025-02-25,10,4.465872
2025-02-25,30,4.485318
2025-02-25,60,4.512212
2025-02-25,91,4.537222
2025-02-25,122,4.559502
2025-02-25,152,4.578555
2025-02-25,182,4.595231
2025-02-25,273,4.632182
2025-02-25,365,4.650653
2025-02-25,547,4.641206
2025-02-25,730,4.586788
2025-02-26,10,4.456051
2025-02-26,30,4.475688
2025-02-26,60,4.50287
2025-02-26,91,4.528176
2025-02-26,122,4.550749
2025-02-26,152,4.570084
2025-02-26,182,4.58704
2025-02-26,273,4.624815
2025-02-26,365,4.644074
2025-02-26,547,4.635983
2025-02-26,730,4.582556
2025-02-27,10,4.4383
2025-02-27,30,4.45882
2025-02-27,60,4.487273
2025-02-27,91,4.513822
2025-02-27,122,4.53757
2025-02-27,152,4.557978
2025-02-27,182,4.575944
2025-02-27,273,4.616417
2025-02-27,365,4.637866
2025-02-27,547,4.632644
2025-02-27,730,4.580352
2025-02-28,10,4.431376
2025-02-28,30,4.451784
2025-02-28,60,4.480085
2025-02-28,91,4.506496
2025-02-28,122,4.530124
2025-02-28,152,4.550433
2025-02-28,182,4.568314
2025-02-28,273,4.608616
2025-02-28,365,4.629999
2025-02-28,547,4.624855
2025-02-28,730,4.572749
2025-03-03,10,4.43075
2025-03-03,30,4.450409
2025-03-03,60,4.477645
2025-03-03,91,4.503031
2025-03-03,122,4.525708
2025-03-03,152,4.545164
2025-03-03,182,4.562258
2025-03-03,273,4.60054
2025-03-03,365,4.620397
2025-03-03,547,4.613506
2025-03-03,730,4.560916
2025-03-04,10,4.426277
2025-03-04,30,4.445426
2025-03-04,60,4.47194
2025-03-04,91,4.496629
2025-03-04,122,4.518659
2025-03-04,152,4.537533
2025-03-04,182,4.554088
2025-03-04,273,4.590978
2025-03-04,365,4.609767
2025-03-04,547,4.601594
2025-03-04,730,4.548529
2025-03-05,10,4.428895
2025-03-05,30,4.446897
2025-03-05,60,4.47178
2025-03-05,91,4.494899
2025-03-05,122,4.51547
2025-03-05,152,4.533035
2025-03-05,182,4.548378
2025-03-05,273,4.582163
2025-03-05,365,4.598609
2025-03-05,547,4.587806
2025-03-05,730,4.534181
2025-03-06,10,4.434676
2025-03-06,30,4.451186
2025-03-06,60,4.473951
2025-03-06,91,4.495028
2025-03-06,122,4.513701
2025-03-06,152,4.529564
2025-03-06,182,4.543332
2025-03-06,273,4.573078
2025-03-06,365,4.586482
2025-03-06,547,4.5723
2025-03-06,730,4.518065
2025-03-07,10,4.444868
2025-03-07,30,4.459395
2025-03-07,60,4.479347
2025-03-07,91,4.497713
2025-03-07,122,4.51387
2025-03-07,152,4.527477
2025-03-07,182,4.539162
2025-03-07,273,4.563583
2025-03-07,365,4.573009
2025-03-07,547,4.554529
2025-03-07,730,4.499765
2025-03-10,10,4.443235
2025-03-10,30,4.456794
2025-03-10,60,4.475376
2025-03-10,91,4.492427
2025-03-10,122,4.507369
2025-03-10,152,4.519892
2025-03-10,182,4.53058
2025-03-10,273,4.552482
2025-03-10,365,4.560069
2025-03-10,547,4.539724
2025-03-10,730,4.484917
2025-03-11,10,4.432167
2025-03-11,30,4.445658
2025-03-11,60,4.464149
2025-03-11,91,4.48112
2025-03-11,122,4.495996
2025-03-11,152,4.508467
2025-03-11,182,4.519115
2025-03-11,273,4.540957
2025-03-11,365,4.548565
2025-03-11,547,4.528429
2025-03-11,730,4.473933
2025-03-12,10,4.42946
2025-03-12,30,4.44221
2025-03-12,60,4.459654
2025-03-12,91,4.47562
2025-03-12,122,4.489566
2025-03-12,152,4.501208
2025-03-12,182,4.511092
2025-03-12,273,4.531003
2025-03-12,365,4.537198
2025-03-12,547,4.515615
2025-03-12,730,4.461055
2025-03-13,10,4.428906
2025-03-13,30,4.440796
2025-03-13,60,4.457019
2025-03-13,91,4.471809
2025-03-13,122,4.484663
2025-03-13,152,4.495324
2025-03-13,182,4.504302
2025-03-13,273,4.521891
2025-03-13,365,4.52634
2025-03-13,547,4.502813
2025-03-13,730,4.447881
2025-03-14,10,4.433076
2025-03-14,30,4.443772
2025-03-14,60,4.458298
2025-03-14,91,4.471451
2025-03-14,122,4.482783
2025-03-14,152,4.492079
2025-03-14,182,4.499792
2025-03-14,273,4.514136
2025-03-14,365,4.516134
2025-03-14,547,4.489873
2025-03-14,730,4.434429
2025-03-17,10,4.437332
2025-03-17,30,4.446921
2025-03-17,60,4.459876
2025-03-17,91,4.471514
2025-03-17,122,4.48144
2025-03-17,152,4.489475
2025-03-17,182,4.496023
2025-03-17,273,4.507382
2025-03-17,365,4.507143
2025-03-17,547,4.478431
2025-03-17,730,4.422612
2025-03-18,10,4.440928
2025-03-18,30,4.449591
2025-03-18,60,4.46123
2025-03-18,91,4.4716
2025-03-18,122,4.480347
2025-03-18,152,4.487323
2025-03-18,182,4.492892
2025-03-18,273,4.501737
2025-03-18,365,4.4996
2025-03-18,547,4.468768
2025-03-18,730,4.412542
2025-03-19,10,4.429942
2025-03-19,30,4.439178
2025-03-19,60,4.451631
2025-03-19,91,4.462783
2025-03-19,122,4.472255
2025-03-19,152,4.479879
2025-03-19,182,4.486044
2025-03-19,273,4.4964
2025-03-19,365,4.495366
2025-03-19,547,4.465613
2025-03-19,730,4.409262
2025-03-20,10,4.398344
2025-03-20,30,4.409899
2025-03-20,60,4.425647
2025-03-20,91,4.439982
2025-03-20,122,4.452416
2025-03-20,152,4.462702
2025-03-20,182,4.471335
2025-03-20,273,4.488038
2025-03-20,365,4.491806
2025-03-20,547,4.467395
2025-03-20,730,4.411896
2025-03-21,10,4.406508
2025-03-21,30,4.416684
2025-03-21,60,4.430469
2025-03-21,91,4.442905
2025-03-21,122,4.453568
2025-03-21,152,4.462259
2025-03-21,182,4.469409
2025-03-21,273,4.482272
2025-03-21,365,4.483088
2025-03-21,547,4.455218
2025-03-21,730,4.398799
2025-03-24,10,4.413625
2025-03-24,30,4.422627
2025-03-24,60,4.434742
2025-03-24,91,4.445563
2025-03-24,122,4.454718
2025-03-24,152,4.46205
2025-03-24,182,4.467937
2025-03-24,273,4.477528
2025-03-24,365,4.475825
2025-03-24,547,4.44499
2025-03-24,730,4.387761
2025-03-25,10,4.416982
2025-03-25,30,4.425205
2025-03-25,60,4.436209
2025-03-25,91,4.445951
2025-03-25,122,4.454098
2025-03-25,152,4.46052
2025-03-25,182,4.465559
2025-03-25,273,4.472935
2025-03-25,365,4.469502
2025-03-25,547,4.43655
2025-03-25,730,4.378596
2025-03-26,10,4.408752
2025-03-26,30,4.417254
2025-03-26,60,4.42865
2025-03-26,91,4.438769
2025-03-26,122,4.447262
2025-03-26,152,4.453992
2025-03-26,182,4.459311
2025-03-26,273,4.467387
2025-03-26,365,4.464444
2025-03-26,547,4.431901
2025-03-26,730,4.373751
2025-03-27,10,4.393675
2025-03-27,30,4.403034
2025-03-27,60,4.41565
2025-03-27,91,4.426947
2025-03-27,122,4.436538
2025-03-27,152,4.444254
2025-03-27,182,4.450489
2025-03-27,273,4.460922
2025-03-27,365,4.459767
2025-03-27,547,4.429226
2025-03-27,730,4.371414
2025-03-28,10,4.370425
2025-03-28,30,4.381219
2025-03-28,60,4.395878
2025-03-28,91,4.409151
2025-03-28,122,4.420585
2025-03-28,152,4.42996
2025-03-28,182,4.437735
2025-03-28,273,4.452151
2025-03-28,365,4.454039
2025-03-28,547,4.426981
2025-03-28,730,4.369896
2025-03-31,10,4.372557
2025-03-31,30,4.382535
2025-03-31,60,4.396032
2025-03-31,91,4.408179
2025-03-31,122,4.418561
2025-03-31,152,4.426987
2025-03-31,182,4.43388
2025-03-31,273,4.446
2025-03-31,365,4.446109
2025-03-31,547,4.416913
2025-03-31,730,4.359162
2025-04-01,10,4.380661
2025-04-01,30,4.389304
2025-04-01,60,4.400896
2025-04-01,91,4.411197
2025-04-01,122,4.419855
2025-04-01,152,4.426726
2025-04-01,182,4.432169
2025-04-01,273,4.440516
2025-04-01,365,4.437694
2025-04-01,547,4.404964
2025-04-01,730,4.346101
2025-04-02,10,4.390255
2025-04-02,30,4.397485
2025-04-02,60,4.407063
2025-04-02,91,4.415412
2025-04-02,122,4.422244
2025-04-02,152,4.427465
2025-04-02,182,4.431371
2025-04-02,273,4.435709
2025-04-02,365,4.42976
2025-04-02,547,4.393226
2025-04-02,730,4.333112
2025-04-03,10,4.390022
2025-04-03,30,4.39662
2025-04-03,60,4.405287
2025-04-03,91,4.412741
2025-04-03,122,4.418724
2025-04-03,152,4.423167
2025-04-03,182,4.426335
2025-04-03,273,4.428673
2025-04-03,365,4.421044
2025-04-03,547,4.382074
2025-04-03,730,4.320499
2025-04-04,10,4.389888
2025-04-04,30,4.3952
2025-04-04,60,4.402091
2025-04-04,91,4.407896
2025-04-04,122,4.412411
2025-04-04,152,4.415597
2025-04-04,182,4.417662
2025-04-04,273,4.417524
2025-04-04,365,4.408554
2025-04-04,547,4.369543
2025-04-04,730,4.310029
2025-04-07,10,4.394247
2025-04-07,30,4.397804
2025-04-07,60,4.402231
2025-04-07,91,4.405694
2025-04-07,122,4.408068
2025-04-07,152,4.409366
2025-04-07,182,4.409718
2025-04-07,273,4.405376
2025-04-07,365,4.393527
2025-04-07,547,4.35211
2025-04-07,730,4.293294
2025-04-08,10,4.404117
2025-04-08,30,4.404569
2025-04-08,60,4.404721
2025-04-08,91,4.404233
2025-04-08,122,4.403108
2025-04-08,152,4.401434
2025-04-08,182,4.399201
2025-04-08,273,4.389207
2025-04-08,365,4.374586
2025-04-08,547,4.334365
2025-04-08,730,4.282286
2025-04-09,10,4.424908
2025-04-09,30,4.4203
2025-04-09,60,4.413572
2025-04-09,91,4.406839
2025-04-09,122,4.400313
2025-04-09,152,4.394181
2025-04-09,182,4.388214
2025-04-09,273,4.370987
2025-04-09,365,4.354596
2025-04-09,547,4.323645
2025-04-09,730,4.291875
2025-04-10,10,4.419312
2025-04-10,30,4.41304
2025-04-10,60,4.404135
2025-04-10,91,4.395536
2025-04-10,122,4.38752
2025-04-10,152,4.380284
2025-04-10,182,4.373533
2025-04-10,273,4.355706
2025-04-10,365,4.34108
2025-04-10,547,4.318848
2025-04-10,730,4.299844
2025-04-11,10,4.410871
2025-04-11,30,4.403668
2025-04-11,60,4.393548
2025-04-11,91,4.383919
2025-04-11,122,4.375088
2025-04-11,152,4.367262
2025-04-11,182,4.360103
2025-04-11,273,4.34208
2025-04-11,365,4.328636
2025-04-11,547,4.311816
2025-04-11,730,4.300654
2025-04-14,10,4.414058
2025-04-14,30,4.405356
2025-04-14,60,4.393155
2025-04-14,91,4.381579
2025-04-14,122,4.371001
2025-04-14,152,4.361667
2025-04-14,182,4.353176
2025-04-14,273,4.332104
2025-04-14,365,4.316954
2025-04-14,547,4.300084
2025-04-14,730,4.292077
2025-04-15,10,4.426983
2025-04-15,30,4.415335
2025-04-15,60,4.399095
2025-04-15,91,4.383804
2025-04-15,122,4.369961
2025-04-15,152,4.357875
2025-04-15,182,4.347016
2025-04-15,273,4.320925
2025-04-15,365,4.303617
2025-04-15,547,4.289122
2025-04-15,730,4.289049
2025-04-16,10,4.442142
2025-04-16,30,4.426902
2025-04-16,60,4.405775
2025-04-16,91,4.386047
2025-04-16,122,4.368359
2025-04-16,152,4.353092
2025-04-16,182,4.339556
2025-04-16,273,4.308178
2025-04-16,365,4.289303
2025-04-16,547,4.280091
2025-04-16,730,4.291855
2025-04-17,10,4.503033
2025-04-17,30,4.469617
2025-04-17,60,4.423096
2025-04-17,91,4.379416
2025-04-17,122,4.340024
2025-04-17,152,4.305816
2025-04-17,182,4.275296
2025-04-17,273,4.20362
2025-04-17,365,4.159548
2025-04-17,547,4.138345
2025-04-17,730,4.175035
2025-04-21,10,4.544399
2025-04-21,30,4.499435
2025-04-21,60,4.436737
2025-04-21,91,4.37774
2025-04-21,122,4.324406
2025-04-21,152,4.277972
2025-04-21,182,4.236426
2025-04-21,273,4.138202
2025-04-21,365,4.076878
2025-04-21,547,4.045075
2025-04-21,730,4.094452
2025-04-22,10,4.570497
2025-04-22,30,4.518646
2025-04-22,60,4.446262
2025-04-22,91,4.378051
2025-04-22,122,4.316283
2025-04-22,152,4.262405
2025-04-22,182,4.214098
2025-04-22,273,4.099302
2025-04-22,365,4.026722
2025-04-22,547,3.986288
2025-04-22,730,4.040821
2025-04-23,10,4.592701
2025-04-23,30,4.536593
2025-04-23,60,4.458168
2025-04-23,91,4.384135
2025-04-23,122,4.316963
2025-04-23,152,4.258241
2025-04-23,182,4.205459
2025-04-23,273,4.079227
2025-04-23,365,3.998111
2025-04-23,547,3.948521
2025-04-23,730,4.002119
2025-04-24,10,4.603928
2025-04-24,30,4.545846
2025-04-24,60,4.464584
2025-04-24,91,4.387774
2025-04-24,122,4.317978
2025-04-24,152,4.25686
2025-04-24,182,4.20182
2025-04-24,273,4.069558
2025-04-24,365,3.983534
2025-04-24,547,3.927443
2025-04-24,730,3.978282
2025-04-25,10,4.614088
2025-04-25,30,4.554922
2025-04-25,60,4.472054
2025-04-25,91,4.393613
2025-04-25,122,4.322217
2025-04-25,152,4.259581
2025-04-25,182,4.203054
2025-04-25,273,4.066487
2025-04-25,365,3.976462
2025-04-25,547,3.913663
2025-04-25,730,3.959656
2025-04-28,10,4.616794
2025-04-28,30,4.557712
2025-04-28,60,4.474876
2025-04-28,91,4.396355
2025-04-28,122,4.324769
2025-04-28,152,4.261852
2025-04-28,182,4.204954
2025-04-28,273,4.066772
2025-04-28,365,3.974492
2025-04-28,547,3.906041
2025-04-28,730,3.945853
2025-04-29,10,4.622486
2025-04-29,30,4.562655
2025-04-29,60,4.478781
2025-04-29,91,4.399286
2025-04-29,122,4.326824
2025-04-29,152,4.263148
2025-04-29,182,4.205571
2025-04-29,273,4.065789
2025-04-29,365,3.972495
2025-04-29,547,3.90334
2025-04-29,730,3.943374
2025-04-30,10,4.616192
2025-04-30,30,4.556265
2025-04-30,60,4.472348
2025-04-30,91,4.392932
2025-04-30,122,4.320664
2025-04-30,152,4.257276
2025-04-30,182,4.200081
2025-04-30,273,4.061937
2025-04-30,365,3.970862
2025-04-30,547,3.906876
2025-04-30,730,3.951662
2025-05-01,10,4.621589
2025-05-01,30,4.5605
2025-05-01,60,4.475043
2025-05-01,91,4.394277
2025-05-01,122,4.320893
2025-05-01,152,4.256637
2025-05-01,182,4.198768
2025-05-01,273,4.059652
2025-05-01,365,3.968969
2025-05-01,547,3.908509
2025-05-01,730,3.958293
2025-05-02,10,4.620242
2025-05-02,30,4.558622
2025-05-02,60,4.472558
2025-05-02,91,4.391392
2025-05-02,122,4.317823
2025-05-02,152,4.25358
2025-05-02,182,4.195901
2025-05-02,273,4.058303
2025-05-02,365,3.970309
2025-05-02,547,3.917122
2025-05-02,730,3.974391
2025-05-05,10,4.620833
2025-05-05,30,4.558362
2025-05-05,60,4.471281
2025-05-05,91,4.389377
2025-05-05,122,4.315371
2025-05-05,152,4.250972
2025-05-05,182,4.193382
2025-05-05,273,4.057381
2025-05-05,365,3.972647
2025-05-05,547,3.928853
2025-05-05,730,3.996261
2025-05-06,10,4.631943
2025-05-06,30,4.567751
2025-05-06,60,4.478419
2025-05-06,91,4.394588
2025-05-06,122,4.319037
2025-05-06,152,4.253488
2025-05-06,182,4.195067
2025-05-06,273,4.058296
2025-05-06,365,3.975034
2025-05-06,547,3.938628
2025-05-06,730,4.015799
2025-05-07,10,4.641425
2025-05-07,30,4.575805
2025-05-07,60,4.484631
2025-05-07,91,4.399258
2025-05-07,122,4.322511
2025-05-07,152,4.256116
2025-05-07,182,4.197137
2025-05-07,273,4.060246
2025-05-07,365,3.978861
2025-05-07,547,3.950029
2025-05-07,730,4.036537
2025-05-08,10,4.648195
2025-05-08,30,4.581433
2025-05-08,60,4.488826
2025-05-08,91,4.402307
2025-05-08,122,4.324738
2025-05-08,152,4.257835
2025-05-08,182,4.198613
2025-05-08,273,4.062434
2025-05-08,365,3.983588
2025-05-08,547,3.963193
2025-05-08,730,4.059436
2025-05-09,10,4.640017
2025-05-09,30,4.574623
2025-05-09,60,4.483983
2025-05-09,91,4.399389
2025-05-09,122,4.323635
2025-05-09,152,4.258387
2025-05-09,182,4.200721
2025-05-09,273,4.068661
2025-05-09,365,3.993091
2025-05-09,547,3.976662
2025-05-09,730,4.073727
2025-05-12,10,4.630295
2025-05-12,30,4.567076
2025-05-12,60,4.479475
2025-05-12,91,4.397751
2025-05-12,122,4.324602
2025-05-12,152,4.26163
2025-05-12,182,4.206008
2025-05-12,273,4.078817
2025-05-12,365,4.006319
2025-05-12,547,3.991433
2025-05-12,730,4.085564
2025-05-13,10,4.624891
2025-05-13,30,4.563831
2025-05-13,60,4.479206
2025-05-13,91,4.400235
2025-05-13,122,4.329525
2025-05-13,152,4.268625
2025-05-13,182,4.214805
2025-05-13,273,4.091544
2025-05-13,365,4.020931
2025-05-13,547,4.004901
2025-05-13,730,4.093565
2025-05-14,10,4.621968
2025-05-14,30,4.563048
2025-05-14,60,4.481345
2025-05-14,91,4.405043
2025-05-14,122,4.336662
2025-05-14,152,4.277706
2025-05-14,182,4.225539
2025-05-14,273,4.105652
2025-05-14,365,4.036242
2025-05-14,547,4.017589
2025-05-14,730,4.09948
2025-05-15,10,4.612525
2025-05-15,30,4.556638
2025-05-15,60,4.479081
2025-05-15,91,4.406573
2025-05-15,122,4.341508
2025-05-15,152,4.285328
2025-05-15,182,4.235528
2025-05-15,273,4.120523
2025-05-15,365,4.052961
2025-05-15,547,4.030975
2025-05-15,730,4.103777
2025-05-16,10,4.612354
2025-05-16,30,4.558505
2025-05-16,60,4.48369
2025-05-16,91,4.413634
2025-05-16,122,4.350652
2025-05-16,152,4.296151
2025-05-16,182,4.247717
2025-05-16,273,4.1351
2025-05-16,365,4.067624
2025-05-16,547,4.040718
2025-05-16,730,4.104782
2025-05-19,10,4.606774
2025-05-19,30,4.555479
2025-05-19,60,4.484132
2025-05-19,91,4.417218
2025-05-19,122,4.356948
2025-05-19,152,4.304681
2025-05-19,182,4.258116
2025-05-19,273,4.149114
2025-05-19,365,4.082551
2025-05-19,547,4.051351
2025-05-19,730,4.106306
2025-05-20,10,4.602466
2025-05-20,30,4.553465
2025-05-20,60,4.48523
2025-05-20,91,4.421132
2025-05-20,122,4.363289
2025-05-20,152,4.31302
2025-05-20,182,4.268121
2025-05-20,273,4.162321
2025-05-20,365,4.096522
2025-05-20,547,4.061333
2025-05-20,730,4.107982
2025-05-21,10,4.589105
2025-05-21,30,4.543153
2025-05-21,60,4.479112
2025-05-21,91,4.418889
2025-05-21,122,4.364472
2025-05-21,152,4.317109
2025-05-21,182,4.274732
2025-05-21,273,4.174407
2025-05-21,365,4.111205
2025-05-21,547,4.074411
2025-05-21,730,4.113702
2025-05-22,10,4.572991
2025-05-22,30,4.530257
2025-05-22,60,4.470661
2025-05-22,91,4.414564
2025-05-22,122,4.36382
2025-05-22,152,4.319596
2025-05-22,182,4.279967
2025-05-22,273,4.185765
2025-05-22,365,4.125747
2025-05-22,547,4.088286
2025-05-22,730,4.120814
2025-05-23,10,4.557825
2025-05-23,30,4.51807
2025-05-23,60,4.462588
2025-05-23,91,4.410307
2025-05-23,122,4.362954
2025-05-23,152,4.321624
2025-05-23,182,4.284525
2025-05-23,273,4.195928
2025-05-23,365,4.138774
2025-05-23,547,4.100476
2025-05-23,730,4.126482
2025-05-27,10,4.54861
2025-05-27,30,4.511235
2025-05-27,60,4.45902
2025-05-27,91,4.40975
2025-05-27,122,4.36505
2025-05-27,152,4.325962
2025-05-27,182,4.290799
2025-05-27,273,4.206347
2025-05-27,365,4.151048
2025-05-27,547,4.111071
2025-05-27,730,4.130851
2025-05-28,10,4.53913
2025-05-28,30,4.504093
2025-05-28,60,4.455094
2025-05-28,91,4.408792
2025-05-28,122,4.366714
2025-05-28,152,4.329848
2025-05-28,182,4.296609
2025-05-28,273,4.216314
2025-05-28,365,4.162944
2025-05-28,547,4.121554
2025-05-28,730,4.135424
2025-05-29,10,4.541984
2025-05-29,30,4.508109
2025-05-29,60,4.460661
2025-05-29,91,4.415728
2025-05-29,122,4.374795
2025-05-29,152,4.338832
2025-05-29,182,4.306305
2025-05-29,273,4.227103
2025-05-29,365,4.173426
2025-05-29,547,4.128351
2025-05-29,730,4.136263
2025-05-30,10,4.529159
2025-05-30,30,4.497663
2025-05-30,60,4.453496
2025-05-30,91,4.411605
2025-05-30,122,4.373371
2025-05-30,152,4.339709
2025-05-30,182,4.30919
2025-05-30,273,4.234413
2025-05-30,365,4.18295
2025-05-30,547,4.13701
2025-05-30,730,4.139452
2025-06-02,10,4.526685
2025-06-02,30,4.496535
2025-06-02,60,4.454189
2025-06-02,91,4.413938
2025-06-02,122,4.37711
2025-06-02,152,4.344595
2025-06-02,182,4.315023
2025-06-02,273,4.241997
2025-06-02,365,4.190806
2025-06-02,547,4.14207
2025-06-02,730,4.139078
2025-06-03,10,4.526173
2025-06-03,30,4.497226
2025-06-03,60,4.456499
2025-06-03,91,4.417697
2025-06-03,122,4.382101
2025-06-03,152,4.35058
2025-06-03,182,4.321817
2025-06-03,273,4.250209
2025-06-03,365,4.199069
2025-06-03,547,4.147368
2025-06-03,730,4.139021
2025-06-04,10,4.529416
2025-06-04,30,4.501145
2025-06-04,60,4.461294
2025-06-04,91,4.42323
2025-06-04,122,4.38821
2025-06-04,152,4.357101
2025-06-04,182,4.328613
2025-06-04,273,4.257083
2025-06-04,365,4.20503
2025-06-04,547,4.14943
2025-06-04,730,4.135772
2025-06-05,10,4.524267
2025-06-05,30,4.497265
2025-06-05,60,4.459141
2025-06-05,91,4.422645
2025-06-05,122,4.388984
2025-06-05,152,4.359
2025-06-05,182,4.331458
2025-06-05,273,4.261791
2025-06-05,365,4.210272
2025-06-05,547,4.152693
2025-06-05,730,4.134589
2025-06-06,10,4.508307
2025-06-06,30,4.483635
2025-06-06,60,4.448748
2025-06-06,91,4.415287
2025-06-06,122,4.384355
2025-06-06,152,4.356731
2025-06-06,182,4.331285
2025-06-06,273,4.266474
2025-06-06,365,4.217807
2025-06-06,547,4.160995
2025-06-06,730,4.139182
2025-06-09,10,4.497934
2025-06-09,30,4.47511
2025-06-09,60,4.442782
2025-06-09,91,4.411702
2025-06-09,122,4.382896
2025-06-09,152,4.357095
2025-06-09,182,4.333253
2025-06-09,273,4.272054
2025-06-09,365,4.225332
2025-06-09,547,4.168378
2025-06-09,730,4.142851
2025-06-10,10,4.499505
2025-06-10,30,4.477437
2025-06-10,60,4.446119
2025-06-10,91,4.415935
2025-06-10,122,4.387881
2025-06-10,152,4.362677
2025-06-10,182,4.339311
2025-06-10,273,4.27887
2025-06-10,365,4.232014
2025-06-10,547,4.172823
2025-06-10,730,4.143595
2025-06-11,10,4.493484
2025-06-11,30,4.472804
2025-06-11,60,4.443399
2025-06-11,91,4.414985
2025-06-11,122,4.388499
2025-06-11,152,4.364631
2025-06-11,182,4.342425
2025-06-11,273,4.284528
2025-06-11,365,4.238913
2025-06-11,547,4.179099
2025-06-11,730,4.146562
2025-06-12,10,4.487637
2025-06-12,30,4.468248
2025-06-12,60,4.440621
2025-06-12,91,4.413848
2025-06-12,122,4.388811
2025-06-12,152,4.36617
2025-06-12,182,4.345028
2025-06-12,273,4.289426
2025-06-12,365,4.244869
2025-06-12,547,4.184236
2025-06-12,730,4.148347
2025-06-13,10,4.490267
2025-06-13,30,4.471252
2025-06-13,60,4.444105
2025-06-13,91,4.417731
2025-06-13,122,4.392999
2025-06-13,152,4.370568
2025-06-13,182,4.349558
2025-06-13,273,4.29392
2025-06-13,365,4.24876
2025-06-13,547,4.185761
2025-06-13,730,4.146771
2025-06-16,10,4.483552
2025-06-16,30,4.46575
2025-06-16,60,4.440278
2025-06-16,91,4.41546
2025-06-16,122,4.392113
2025-06-16,152,4.370867
2025-06-16,182,4.350894
2025-06-16,273,4.297569
2025-06-16,365,4.253617
2025-06-16,547,4.190375
2025-06-16,730,4.148826
2025-06-17,10,4.475202
2025-06-17,30,4.458688
2025-06-17,60,4.434999
2025-06-17,91,4.41184
2025-06-17,122,4.389973
2025-06-17,152,4.369994
2025-06-17,182,4.351135
2025-06-17,273,4.300312
2025-06-17,365,4.257695
2025-06-17,547,4.194298
2025-06-17,730,4.150092
2025-06-18,10,4.463545
2025-06-18,30,4.448545
2025-06-18,60,4.42696
2025-06-18,91,4.405774
2025-06-18,122,4.385684
2025-06-18,152,4.367244
2025-06-18,182,4.349753
2025-06-18,273,4.302109
2025-06-18,365,4.261374
2025-06-18,547,4.198534
2025-06-18,730,4.151957
2025-06-20,10,4.444246
2025-06-20,30,4.431372
2025-06-20,60,4.412763
2025-06-20,91,4.394393
2025-06-20,122,4.376863
2025-06-20,152,4.360667
2025-06-20,182,4.345198
2025-06-20,273,4.302415
2025-06-20,365,4.264837
2025-06-20,547,4.203986
2025-06-20,730,4.15529
2025-06-23,10,4.438069
2025-06-23,30,4.426001
2025-06-23,60,4.408498
2025-06-23,91,4.39114
2025-06-23,122,4.374499
2025-06-23,152,4.359049
2025-06-23,182,4.344219
2025-06-23,273,4.302771
2025-06-23,365,4.265728
2025-06-23,547,4.204064
2025-06-23,730,4.152962
2025-06-24,10,4.432139
2025-06-24,30,4.420636
2025-06-24,60,4.403895
2025-06-24,91,4.387224
2025-06-24,122,4.371168
2025-06-24,152,4.356195
2025-06-24,182,4.341756
2025-06-24,273,4.301019
2025-06-24,365,4.264056
2025-06-24,547,4.201129
2025-06-24,730,4.147637
2025-06-25,10,4.440324
2025-06-25,30,4.427988
2025-06-25,60,4.410029
2025-06-25,91,4.39214
2025-06-25,122,4.374908
2025-06-25,152,4.358835
2025-06-25,182,4.343336
2025-06-25,273,4.299624
2025-06-25,365,4.260027
2025-06-25,547,4.19302
2025-06-25,730,4.136981
2025-06-26,10,4.447424
2025-06-26,30,4.434293
2025-06-26,60,4.415168
2025-06-26,91,4.396109
2025-06-26,122,4.37774
2025-06-26,152,4.360603
2025-06-26,182,4.344073
2025-06-26,273,4.297441
2025-06-26,365,4.255221
2025-06-26,547,4.18404
2025-06-26,730,4.125233
2025-06-27,10,4.45694
2025-06-27,30,4.442825
2025-06-27,60,4.422245
2025-06-27,91,4.401712
2025-06-27,122,4.381901
2025-06-27,152,4.3634
2025-06-27,182,4.345538
2025-06-27,273,4.295086
2025-06-27,365,4.249373
2025-06-27,547,4.172556
2025-06-27,730,4.110094
2025-06-30,10,4.468826
2025-06-30,30,4.453361
2025-06-30,60,4.43082
2025-06-30,91,4.408335
2025-06-30,122,4.386652
2025-06-30,152,4.366411
2025-06-30,182,4.346884
2025-06-30,273,4.29182
2025-06-30,365,4.242117
2025-06-30,547,4.159381
2025-06-30,730,4.093585
2025-07-01,10,4.481626
2025-07-01,30,4.464699
2025-07-01,60,4.440042
2025-07-01,91,4.415468
2025-07-01,122,4.391792
2025-07-01,152,4.369715
2025-07-01,182,4.348439
2025-07-01,273,4.288605
2025-07-01,365,4.234869
2025-07-01,547,4.146377
2025-07-01,730,4.077566
2025-07-02,10,4.494592
2025-07-02,30,4.476199
2025-07-02,60,4.449428
2025-07-02,91,4.422777
2025-07-02,122,4.39713
2025-07-02,152,4.373247
2025-07-02,182,4.350261
2025-07-02,273,4.285815
2025-07-02,365,4.228261
2025-07-02,547,4.134523
2025-07-02,730,4.063221
2025-07-03,10,4.499724
2025-07-03,30,4.480785
2025-07-03,60,4.453197
2025-07-03,91,4.425705
2025-07-03,122,4.399223
2025-07-03,152,4.374538
2025-07-03,182,4.350759
2025-07-03,273,4.283975
2025-07-03,365,4.224194
2025-07-03,547,4.126642
2025-07-03,730,4.052594
2025-07-07,10,4.510263
2025-07-07,30,4.490412
2025-07-07,60,4.461497
2025-07-07,91,4.432684
2025-07-07,122,4.404932
2025-07-07,152,4.379067
2025-07-07,182,4.354156
2025-07-07,273,4.28423
2025-07-07,365,4.221719
2025-07-07,547,4.120081
2025-07-07,730,4.043674
2025-07-08,10,4.519752
2025-07-08,30,4.499197
2025-07-08,60,4.469252
2025-07-08,91,4.439409
2025-07-08,122,4.410663
2025-07-08,152,4.383868
2025-07-08,182,4.358061
2025-07-08,273,4.285622
2025-07-08,365,4.220886
2025-07-08,547,4.115806
2025-07-08,730,4.03726
2025-07-09,10,4.533911
2025-07-09,30,4.512247
2025-07-09,60,4.480704
2025-07-09,91,4.449289
2025-07-09,122,4.419051
2025-07-09,152,4.390888
2025-07-09,182,4.363784
2025-07-09,273,4.287838
2025-07-09,365,4.220185
2025-07-09,547,4.111055
2025-07-09,730,4.030504
2025-07-10,10,4.552133
2025-07-10,30,4.528961
2025-07-10,60,4.495256
2025-07-10,91,4.461733
2025-07-10,122,4.429512
2025-07-10,152,4.399545
2025-07-10,182,4.37075
2025-07-10,273,4.29033
2025-07-10,365,4.219096
2025-07-10,547,4.105375
2025-07-10,730,4.023048
2025-07-11,10,4.569721
2025-07-11,30,4.54502
2025-07-11,60,4.509129
2025-07-11,91,4.473482
2025-07-11,122,4.43927
2025-07-11,152,4.4075
2025-07-11,182,4.37702
2025-07-11,273,4.292183
2025-07-11,365,4.217478
2025-07-11,547,4.099492
2025-07-11,730,4.015791
2025-07-14,10,4.590137
2025-07-14,30,4.563649
2025-07-14,60,4.525213
2025-07-14,91,4.4871
2025-07-14,122,4.450586
2025-07-14,152,4.41674
2025-07-14,182,4.384328
2025-07-14,273,4.294477
2025-07-14,365,4.21591
2025-07-14,547,4.093415
2025-07-14,730,4.00863
2025-07-15,10,4.602982
2025-07-15,30,4.575505
2025-07-15,60,4.535652
2025-07-15,91,4.496158
2025-07-15,122,4.458343
2025-07-15,152,4.423315
2025-07-15,182,4.389794
2025-07-15,273,4.297011
2025-07-15,365,4.216102
2025-07-15,547,4.09063
2025-07-15,730,4.004757
2025-07-16,10,4.608205
2025-07-16,30,4.580463
2025-07-16,60,4.54022
2025-07-16,91,4.500332
2025-07-16,122,4.462132
2025-07-16,152,4.42674
2025-07-16,182,4.392865
2025-07-16,273,4.299067
2025-07-16,365,4.21723
2025-07-16,547,4.090257
2025-07-16,730,4.003383
2025-07-17,10,4.61596
2025-07-17,30,4.587898
2025-07-17,60,4.547184
2025-07-17,91,4.506821
2025-07-17,122,4.46816
2025-07-17,152,4.432333
2025-07-17,182,4.398036
2025-07-17,273,4.303037
2025-07-17,365,4.220112
2025-07-17,547,4.091387
2025-07-17,730,4.003341
2025-07-18,10,4.615632
2025-07-18,30,4.58791
2025-07-18,60,4.547659
2025-07-18,91,4.507717
2025-07-18,122,4.469422
2025-07-18,152,4.4339
2025-07-18,182,4.39986
2025-07-18,273,4.305373
2025-07-18,365,4.222606
2025-07-18,547,4.093375
2025-07-18,730,4.004135
2025-07-21,10,4.619805
2025-07-21,30,4.592029
2025-07-21,60,4.55168
2025-07-21,91,4.511619
2025-07-21,122,4.473186
2025-07-21,152,4.437514
2025-07-21,182,4.40331
2025-07-21,273,4.308246
2025-07-21,365,4.224802
2025-07-21,547,4.094082
2025-07-21,730,4.00336
2025-07-22,10,4.634662
2025-07-22,30,4.605876
2025-07-22,60,4.564075
2025-07-22,91,4.522588
2025-07-22,122,4.482805
2025-07-22,152,4.445896
2025-07-22,182,4.410522
2025-07-22,273,4.312309
2025-07-22,365,4.226258
2025-07-22,547,4.091921
2025-07-22,730,3.999355
2025-07-23,10,4.65168
2025-07-23,30,4.621638
2025-07-23,60,4.578037
2025-07-23,91,4.534794
2025-07-23,122,4.493357
2025-07-23,152,4.454945
2025-07-23,182,4.41816
2025-07-23,273,4.316205
2025-07-23,365,4.227144
2025-07-23,547,4.088886
2025-07-23,730,3.994662
2025-07-24,10,4.665221
2025-07-24,30,4.634236
2025-07-24,60,4.589279
2025-07-24,91,4.544712
2025-07-24,122,4.502026
2025-07-24,152,4.462474
2025-07-24,182,4.424616
2025-07-24,273,4.319801
2025-07-24,365,4.228415
2025-07-24,547,4.087055
2025-07-24,730,3.991421
2025-07-25,10,4.666372
2025-07-25,30,4.635559
2025-07-25,60,4.590834
2025-07-25,91,4.546471
2025-07-25,122,4.503956
2025-07-25,152,4.464539
2025-07-25,182,4.426787
2025-07-25,273,4.322133
2025-07-25,365,4.230692
2025-07-25,547,4.088729
2025-07-25,730,3.992079
2025-07-28,10,4.675118
2025-07-28,30,4.643799
2025-07-28,60,4.598343
2025-07-28,91,4.55326
2025-07-28,122,4.510061
2025-07-28,152,4.470016
2025-07-28,182,4.431668
2025-07-28,273,4.325398
2025-07-28,365,4.232601
2025-07-28,547,4.088715
2025-07-28,730,3.991031
2025-07-29,10,4.683497
2025-07-29,30,4.651685
2025-07-29,60,4.605518
2025-07-29,91,4.559735
2025-07-29,122,4.51587
2025-07-29,152,4.475211
2025-07-29,182,4.436282
2025-07-29,273,4.328427
2025-07-29,365,4.234294
2025-07-29,547,4.088481
2025-07-29,730,3.989704
2025-07-30,10,4.697643
2025-07-30,30,4.664879
2025-07-30,60,4.617354
2025-07-30,91,4.570254
2025-07-30,122,4.52516
2025-07-30,152,4.483391
2025-07-30,182,4.443428
2025-07-30,273,4.332881
2025-07-30,365,4.236658
2025-07-30,547,4.088336
2025-07-30,730,3.988805
2025-07-31,10,4.71122
2025-07-31,30,4.67767
2025-07-31,60,4.629023
2025-07-31,91,4.580836
2025-07-31,122,4.534723
2025-07-31,152,4.492033
2025-07-31,182,4.451211
2025-07-31,273,4.338419
2025-07-31,365,4.240437
2025-07-31,547,4.089956
2025-07-31,730,3.989688
2025-08-01,10,4.705497
2025-08-01,30,4.672558
2025-08-01,60,4.624768
2025-08-01,91,4.577392
2025-08-01,122,4.532018
2025-08-01,152,4.489977
2025-08-01,182,4.44974
2025-08-01,273,4.33836
2025-08-01,365,4.2413
2025-08-01,547,4.091394
2025-08-01,730,3.99046
2025-08-04,10,4.702493
2025-08-04,30,4.669713
2025-08-04,60,4.622136
2025-08-04,91,4.574952
2025-08-04,122,4.529739
2025-08-04,152,4.487829
2025-08-04,182,4.447697
2025-08-04,273,4.336493
2025-08-04,365,4.239418
2025-08-04,547,4.089025
2025-08-04,730,3.987192
2025-08-05,10,4.693118
2025-08-05,30,4.661017
2025-08-05,60,4.614389
2025-08-05,91,4.568098
2025-08-05,122,4.523695
2025-08-05,152,4.482489
2025-08-05,182,4.442987
2025-08-05,273,4.333271
2025-08-05,365,4.237106
2025-08-05,547,4.087057
2025-08-05,730,3.984114
2025-08-06,10,4.685018
2025-08-06,30,4.653378
2025-08-06,60,4.607391
2025-08-06,91,4.5617
2025-08-06,122,4.517835
2025-08-06,152,4.477094
2025-08-06,182,4.438003
2025-08-06,273,4.329226
2025-08-06,365,4.233583
2025-08-06,547,4.083522
2025-08-06,730,3.979537
2025-08-07,10,4.697987
2025-08-07,30,4.664805
2025-08-07,60,4.61662
2025-08-07,91,4.568803
2025-08-07,122,4.522953
2025-08-07,152,4.480423
2025-08-07,182,4.439669
2025-08-07,273,4.326574
2025-08-07,365,4.2276
2025-08-07,547,4.07359
2025-08-07,730,3.968469
2025-08-08,10,4.710076
2025-08-08,30,4.675421
2025-08-08,60,4.625142
2025-08-08,91,4.575299
2025-08-08,122,4.527563
2025-08-08,152,4.483335
2025-08-08,182,4.441004
2025-08-08,273,4.323838
2025-08-08,365,4.22175
2025-08-08,547,4.064135
2025-08-08,730,3.958122
2025-08-11,10,4.729179
2025-08-11,30,4.692449
2025-08-11,60,4.639228
2025-08-11,91,4.586552
2025-08-11,122,4.536189
2025-08-11,152,4.489607
2025-08-11,182,4.445105
2025-08-11,273,4.322396
2025-08-11,365,4.21618
2025-08-11,547,4.054133
2025-08-11,730,3.947597
2025-08-12,10,4.750178
2025-08-12,30,4.711141
2025-08-12,60,4.654647
2025-08-12,91,4.598823
2025-08-12,122,4.54554
2025-08-12,152,4.496344
2025-08-12,182,4.449429
2025-08-12,273,4.320571
2025-08-12,365,4.209786
2025-08-12,547,4.042869
2025-08-12,730,3.93583
2025-08-13,10,4.769254
2025-08-13,30,4.72807
2025-08-13,60,4.668529
2025-08-13,91,4.60977
2025-08-13,122,4.553764
2025-08-13,152,4.502129
2025-08-13,182,4.452961
2025-08-13,273,4.318349
2025-08-13,365,4.203268
2025-08-13,547,4.031713
2025-08-13,730,3.924084
2025-08-14,10,4.781248
2025-08-14,30,4.738647
2025-08-14,60,4.677092
2025-08-14,91,4.616389
2025-08-14,122,4.558573
2025-08-14,152,4.505311
2025-08-14,182,4.454635
2025-08-14,273,4.316141
2025-08-14,365,4.198112
2025-08-14,547,4.02321
2025-08-14,730,3.914867
2025-08-15,10,4.787215
2025-08-15,30,4.743799
2025-08-15,60,4.681082
2025-08-15,91,4.619253
2025-08-15,122,4.560387
2025-08-15,152,4.506178
2025-08-15,182,4.454621
2025-08-15,273,4.313838
2025-08-15,365,4.194041
2025-08-15,547,4.017038
2025-08-15,730,3.908089
2025-08-18,10,4.780762
2025-08-18,30,4.737787
2025-08-18,60,4.675686
2025-08-18,91,4.614439
2025-08-18,122,4.556099
2025-08-18,152,4.50235
2025-08-18,182,4.451206
2025-08-18,273,4.311401
2025-08-18,365,4.192214
2025-08-18,547,4.015487
2025-08-18,730,3.90589
2025-08-19,10,4.78009
2025-08-19,30,4.737034
2025-08-19,60,4.674813
2025-08-19,91,4.613439
2025-08-19,122,4.554972
2025-08-19,152,4.501098
2025-08-19,182,4.449827
2025-08-19,273,4.309634
2025-08-19,365,4.190053
2025-08-19,547,4.012568
2025-08-19,730,3.902281
2025-08-20,10,4.764085
2025-08-20,30,4.722409
2025-08-20,60,4.662136
2025-08-20,91,4.602625
2025-08-20,122,4.545874
2025-08-20,152,4.493524
2025-08-20,182,4.443647
2025-08-20,273,4.306937
2025-08-20,365,4.189826
2025-08-20,547,4.014592
2025-08-20,730,3.903838
2025-08-21,10,4.749108
2025-08-21,30,4.708793
2025-08-21,60,4.650438
2025-08-21,91,4.592761
2025-08-21,122,4.537696
2025-08-21,152,4.486843
2025-08-21,182,4.438334
2025-08-21,273,4.305027
2025-08-21,365,4.190311
2025-08-21,547,4.017198
2025-08-21,730,3.905872
2025-08-22,10,4.741164
2025-08-22,30,4.701514
2025-08-22,60,4.644089
2025-08-22,91,4.587291
2025-08-22,122,4.533023
2025-08-22,152,4.482867
2025-08-22,182,4.434985
2025-08-22,273,4.303172
2025-08-22,365,4.1894
2025-08-22,547,4.016763
2025-08-22,730,3.904526
2025-08-25,10,4.728011
2025-08-25,30,4.689495
2025-08-25,60,4.633666
2025-08-25,91,4.578388
2025-08-25,122,4.525513
2025-08-25,152,4.476588
2025-08-25,182,4.429826
2025-08-25,273,4.300769
2025-08-25,365,4.188888
2025-08-25,547,4.017772
2025-08-25,730,3.904817
2025-08-26,10,4.72221
2025-08-26,30,4.684068
2025-08-26,60,4.628758
2025-08-26,91,4.573963
2025-08-26,122,4.52152
2025-08-26,152,4.472966
2025-08-26,182,4.42653
2025-08-26,273,4.298209
2025-08-26,365,4.186722
2025-08-26,547,4.015544
2025-08-26,730,3.901731
2025-08-27,10,4.712335
2025-08-27,30,4.674994
2025-08-27,60,4.6208
2025-08-27,91,4.567055
2025-08-27,122,4.515561
2025-08-27,152,4.467832
2025-08-27,182,4.422132
2025-08-27,273,4.295536
2025-08-27,365,4.185087
2025-08-27,547,4.014236
2025-08-27,730,3.899046
2025-08-28,10,4.698881
2025-08-28,30,4.662718
2025-08-28,60,4.610172
2025-08-28,91,4.557984
2025-08-28,122,4.507903
2025-08-28,152,4.461409
2025-08-28,182,4.416818
2025-08-28,273,4.292863
2025-08-28,365,4.184078
2025-08-28,547,4.01404
2025-08-28,730,3.897193
2025-08-29,10,4.697702
2025-08-29,30,4.661416
2025-08-29,60,4.60868
2025-08-29,91,4.55629
2025-08-29,122,4.506002
2025-08-29,152,4.459304
2025-08-29,182,4.414505
2025-08-29,273,4.289902
2025-08-29,365,4.180446
2025-08-29,547,4.009084
2025-08-29,730,3.890997
