secid,date,days,volatility,index_flag
108105,2020-08-31,10,0.077505,1
108105,2020-08-31,14,0.074191,1
108105,2020-08-31,30,0.080902,1
108105,2020-08-31,60,0.111899,1
108105,2020-08-31,91,0.19446,1
108105,2020-08-31,122,0.19459,1
108105,2020-08-31,152,0.244198,1
108105,2020-08-31,182,0.448097,1
108105,2020-08-31,273,0.383177,1
108105,2020-08-31,365,0.334424,1
108105,2020-08-31,547,0.283668,1
108105,2020-08-31,730,0.264218,1
108105,2020-08-31,1825,0.191753,1
108105,2020-09-01,10,0.072339,1
108105,2020-09-01,14,0.076508,1
108105,2020-09-01,30,0.080265,1
108105,2020-09-01,60,0.111142,1
108105,2020-09-01,91,0.19438,1
108105,2020-09-01,122,0.193618,1
108105,2020-09-01,152,0.242429,1
108105,2020-09-01,182,0.446224,1
108105,2020-09-01,273,0.383165,1
108105,2020-09-01,365,0.333829,1
108105,2020-09-01,547,0.2837,1
108105,2020-09-01,730,0.264003,1
108105,2020-09-01,1825,0.191779,1
108105,2020-09-02,10,0.087039,1
108105,2020-09-02,14,0.07986,1
108105,2020-09-02,30,0.088987,1
108105,2020-09-02,60,0.113845,1
108105,2020-09-02,91,0.194807,1
108105,2020-09-02,122,0.193692,1
108105,2020-09-02,152,0.241414,1
108105,2020-09-02,182,0.44304,1
108105,2020-09-02,273,0.383481,1
108105,2020-09-02,365,0.334053,1
108105,2020-09-02,547,0.283947,1
108105,2020-09-02,730,0.26395,1
108105,2020-09-02,1825,0.19176,1
108105,2020-09-03,10,0.249546,1
108105,2020-09-03,14,0.224879,1
108105,2020-09-03,30,0.160743,1
108105,2020-09-03,60,0.146014,1
108105,2020-09-03,91,0.208583,1
108105,2020-09-03,122,0.204566,1
108105,2020-09-03,152,0.247756,1
108105,2020-09-03,182,0.443244,1
108105,2020-09-03,273,0.385802,1
108105,2020-09-03,365,0.33589,1
108105,2020-09-03,547,0.285418,1
108105,2020-09-03,730,0.265168,1
108105,2020-09-03,1825,0.192361,1
108105,2020-09-04,10,0.253612,1
108105,2020-09-04,14,0.23033,1
108105,2020-09-04,30,0.163488,1
108105,2020-09-04,60,0.144254,1
108105,2020-09-04,91,0.203637,1
108105,2020-09-04,122,0.205001,1
108105,2020-09-04,152,0.247189,1
108105,2020-09-04,182,0.442682,1
108105,2020-09-04,273,0.385804,1
108105,2020-09-04,365,0.335778,1
108105,2020-09-04,547,0.285418,1
108105,2020-09-04,730,0.265227,1
108105,2020-09-04,1825,0.192323,1
108105,2020-09-08,10,0.316597,1
108105,2020-09-08,14,0.278424,1
108105,2020-09-08,30,0.194936,1
108105,2020-09-08,60,0.160747,1
108105,2020-09-08,91,0.211535,1
108105,2020-09-08,122,0.21111,1
108105,2020-09-08,152,0.227729,1
108105,2020-09-08,182,0.426434,1
108105,2020-09-08,273,0.388238,1
108105,2020-09-08,365,0.337668,1
108105,2020-09-08,547,0.286519,1
108105,2020-09-08,730,0.266235,1
108105,2020-09-08,1825,0.192473,1
108105,2020-09-09,10,0.335909,1
108105,2020-09-09,14,0.297887,1
108105,2020-09-09,30,0.207027,1
108105,2020-09-09,60,0.165349,1
108105,2020-09-09,91,0.214669,1
108105,2020-09-09,122,0.212231,1
108105,2020-09-09,152,0.228386,1
108105,2020-09-09,182,0.420932,1
108105,2020-09-09,273,0.388894,1
108105,2020-09-09,365,0.338231,1
108105,2020-09-09,547,0.286953,1
108105,2020-09-09,730,0.266596,1
108105,2020-09-09,1825,0.192663,1
108105,2020-09-10,10,0.344255,1
108105,2020-09-10,14,0.306744,1
108105,2020-09-10,30,0.214699,1
108105,2020-09-10,60,0.169911,1
108105,2020-09-10,91,0.178576,1
108105,2020-09-10,122,0.214855,1
108105,2020-09-10,152,0.229301,1
108105,2020-09-10,182,0.396241,1
108105,2020-09-10,273,0.389347,1
108105,2020-09-10,365,0.338656,1
108105,2020-09-10,547,0.287291,1
108105,2020-09-10,730,0.266891,1
108105,2020-09-10,1825,0.192758,1
108105,2020-09-11,10,0.334565,1
108105,2020-09-11,14,0.301175,1
108105,2020-09-11,30,0.208768,1
108105,2020-09-11,60,0.167916,1
108105,2020-09-11,91,0.177107,1
108105,2020-09-11,122,0.211326,1
108105,2020-09-11,152,0.228224,1
108105,2020-09-11,182,0.376593,1
108105,2020-09-11,273,0.389347,1
108105,2020-09-11,365,0.338647,1
108105,2020-09-11,547,0.287289,1
108105,2020-09-11,730,0.266891,1
108105,2020-09-11,1825,0.192682,1
108105,2020-09-14,10,0.320745,1
108105,2020-09-14,14,0.316079,1
108105,2020-09-14,30,0.219154,1
108105,2020-09-14,60,0.170267,1
108105,2020-09-14,91,0.178005,1
108105,2020-09-14,122,0.211282,1
108105,2020-09-14,152,0.222896,1
108105,2020-09-14,182,0.328697,1
108105,2020-09-14,273,0.389532,1
108105,2020-09-14,365,0.338866,1
108105,2020-09-14,547,0.287439,1
108105,2020-09-14,730,0.267278,1
108105,2020-09-14,1825,0.192788,1
108105,2020-09-15,10,0.291253,1
108105,2020-09-15,14,0.31373,1
108105,2020-09-15,30,0.214319,1
108105,2020-09-15,60,0.170507,1
108105,2020-09-15,91,0.174705,1
108105,2020-09-15,122,0.210078,1
108105,2020-09-15,152,0.222872,1
108105,2020-09-15,182,0.319075,1
108105,2020-09-15,273,0.389573,1
108105,2020-09-15,365,0.33888,1
108105,2020-09-15,547,0.287452,1
108105,2020-09-15,730,0.267034,1
108105,2020-09-15,1825,0.192795,1
108105,2020-09-16,10,0.266645,1
108105,2020-09-16,14,0.292154,1
108105,2020-09-16,30,0.21483,1
108105,2020-09-16,60,0.16904,1
108105,2020-09-16,91,0.174835,1
108105,2020-09-16,122,0.20914,1
108105,2020-09-16,152,0.219743,1
108105,2020-09-16,182,0.309262,1
108105,2020-09-16,273,0.389615,1
108105,2020-09-16,365,0.338912,1
108105,2020-09-16,547,0.287482,1
108105,2020-09-16,730,0.267025,1
108105,2020-09-16,1825,0.192663,1
108105,2020-09-17,10,0.24972,1
108105,2020-09-17,14,0.235456,1
108105,2020-09-17,30,0.216629,1
108105,2020-09-17,60,0.168627,1
108105,2020-09-17,91,0.175922,1
108105,2020-09-17,122,0.203665,1
108105,2020-09-17,152,0.219237,1
108105,2020-09-17,182,0.309653,1
108105,2020-09-17,273,0.389717,1
108105,2020-09-17,365,0.339029,1
108105,2020-09-17,547,0.287561,1
108105,2020-09-17,730,0.267073,1
108105,2020-09-17,1825,0.192627,1
108105,2020-09-18,10,0.200599,1
108105,2020-09-18,14,0.238052,1
108105,2020-09-18,30,0.219474,1
108105,2020-09-18,60,0.170117,1
108105,2020-09-18,91,0.177155,1
108105,2020-09-18,122,0.203793,1
108105,2020-09-18,152,0.219071,1
108105,2020-09-18,182,0.303001,1
108105,2020-09-18,273,0.389906,1
108105,2020-09-18,365,0.33923,1
108105,2020-09-18,547,0.287595,1
108105,2020-09-18,730,0.267196,1
108105,2020-09-18,1825,0.192621,1
108105,2020-09-21,10,0.156758,1
108105,2020-09-21,14,0.228089,1
108105,2020-09-21,30,0.227119,1
108105,2020-09-21,60,0.173435,1
108105,2020-09-21,91,0.178618,1
108105,2020-09-21,122,0.205182,1
108105,2020-09-21,152,0.211528,1
108105,2020-09-21,182,0.300141,1
108105,2020-09-21,273,0.390146,1
108105,2020-09-21,365,0.339403,1
108105,2020-09-21,547,0.287318,1
108105,2020-09-21,730,0.267541,1
108105,2020-09-21,1825,0.192753,1
108105,2020-09-22,10,0.164371,1
108105,2020-09-22,14,0.195287,1
108105,2020-09-22,30,0.225367,1
108105,2020-09-22,60,0.174391,1
108105,2020-09-22,91,0.179531,1
108105,2020-09-22,122,0.204564,1
108105,2020-09-22,152,0.211955,1
108105,2020-09-22,182,0.273789,1
108105,2020-09-22,273,0.390331,1
108105,2020-09-22,365,0.339552,1
108105,2020-09-22,547,0.287433,1
108105,2020-09-22,730,0.267373,1
108105,2020-09-22,1825,0.192798,1
108105,2020-09-23,10,0.199253,1
108105,2020-09-23,14,0.19111,1
108105,2020-09-23,30,0.234752,1
108105,2020-09-23,60,0.182612,1
108105,2020-09-23,91,0.178237,1
108105,2020-09-23,122,0.207984,1
108105,2020-09-23,152,0.214761,1
108105,2020-09-23,182,0.27601,1
108105,2020-09-23,273,0.39029,1
108105,2020-09-23,365,0.340315,1
108105,2020-09-23,547,0.288073,1
108105,2020-09-23,730,0.267911,1
108105,2020-09-23,1825,0.193108,1
108105,2020-09-24,10,0.176277,1
108105,2020-09-24,14,0.180071,1
108105,2020-09-24,30,0.234554,1
108105,2020-09-24,60,0.180554,1
108105,2020-09-24,91,0.177139,1
108105,2020-09-24,122,0.206783,1
108105,2020-09-24,152,0.213752,1
108105,2020-09-24,182,0.263155,1
108105,2020-09-24,273,0.39026,1
108105,2020-09-24,365,0.340276,1
108105,2020-09-24,547,0.288051,1
108105,2020-09-24,730,0.267916,1
108105,2020-09-24,1825,0.193034,1
108105,2020-09-25,10,0.206376,1
108105,2020-09-25,14,0.202996,1
108105,2020-09-25,30,0.239308,1
108105,2020-09-25,60,0.183708,1
108105,2020-09-25,91,0.171992,1
108105,2020-09-25,122,0.207455,1
108105,2020-09-25,152,0.213914,1
108105,2020-09-25,182,0.258867,1
108105,2020-09-25,273,0.390691,1
108105,2020-09-25,365,0.340618,1
108105,2020-09-25,547,0.288316,1
108105,2020-09-25,730,0.268132,1
108105,2020-09-25,1825,0.193081,1
108105,2020-09-28,10,0.258065,1
108105,2020-09-28,14,0.209948,1
108105,2020-09-28,30,0.251883,1
108105,2020-09-28,60,0.188734,1
108105,2020-09-28,91,0.17245,1
108105,2020-09-28,122,0.210026,1
108105,2020-09-28,152,0.212424,1
108105,2020-09-28,182,0.255877,1
108105,2020-09-28,273,0.391062,1
108105,2020-09-28,365,0.340924,1
108105,2020-09-28,547,0.288551,1
108105,2020-09-28,730,0.268625,1
108105,2020-09-28,1825,0.19282,1
108105,2020-09-29,10,0.238718,1
108105,2020-09-29,14,0.207741,1
108105,2020-09-29,30,0.245663,1
108105,2020-09-29,60,0.188409,1
108105,2020-09-29,91,0.170584,1
108105,2020-09-29,122,0.209025,1
108105,2020-09-29,152,0.212004,1
108105,2020-09-29,182,0.254763,1
108105,2020-09-29,273,0.391092,1
108105,2020-09-29,365,0.340935,1
108105,2020-09-29,547,0.288441,1
108105,2020-09-29,730,0.268382,1
108105,2020-09-29,1825,0.192833,1
108105,2020-09-30,10,0.225017,1
108105,2020-09-30,14,0.213049,1
108105,2020-09-30,30,0.248407,1
108105,2020-09-30,60,0.187061,1
108105,2020-09-30,91,0.170999,1
108105,2020-09-30,122,0.208152,1
108105,2020-09-30,152,0.20709,1
108105,2020-09-30,182,0.245866,1
108105,2020-09-30,273,0.390161,1
108105,2020-09-30,365,0.34078,1
108105,2020-09-30,547,0.288511,1
108105,2020-09-30,730,0.26843,1
108105,2020-09-30,1825,0.192766,1
108105,2020-10-01,10,0.208538,1
108105,2020-10-01,14,0.210135,1
108105,2020-10-01,30,0.247467,1
108105,2020-10-01,60,0.185159,1
108105,2020-10-01,91,0.171064,1
108105,2020-10-01,122,0.208225,1
108105,2020-10-01,152,0.206177,1
108105,2020-10-01,182,0.244224,1
108105,2020-10-01,273,0.390092,1
108105,2020-10-01,365,0.340301,1
108105,2020-10-01,547,0.288535,1
108105,2020-10-01,730,0.268453,1
108105,2020-10-01,1825,0.192701,1
108105,2020-10-02,10,0.21558,1
108105,2020-10-02,14,0.207688,1
108105,2020-10-02,30,0.240508,1
108105,2020-10-02,60,0.186136,1
108105,2020-10-02,91,0.171059,1
108105,2020-10-02,122,0.208678,1
108105,2020-10-02,152,0.205933,1
108105,2020-10-02,182,0.243536,1
108105,2020-10-02,273,0.390166,1
108105,2020-10-02,365,0.340375,1
108105,2020-10-02,547,0.288648,1
108105,2020-10-02,730,0.268545,1
108105,2020-10-02,1825,0.192677,1
108105,2020-10-05,10,0.174495,1
108105,2020-10-05,14,0.210633,1
108105,2020-10-05,30,0.223786,1
108105,2020-10-05,60,0.194346,1
108105,2020-10-05,91,0.171814,1
108105,2020-10-05,122,0.207428,1
108105,2020-10-05,152,0.208637,1
108105,2020-10-05,182,0.225992,1
108105,2020-10-05,273,0.390679,1
108105,2020-10-05,365,0.340543,1
108105,2020-10-05,547,0.288978,1
108105,2020-10-05,730,0.269,1
108105,2020-10-05,1825,0.192786,1
108105,2020-10-06,10,0.197866,1
108105,2020-10-06,14,0.22453,1
108105,2020-10-06,30,0.22331,1
108105,2020-10-06,60,0.197647,1
108105,2020-10-06,91,0.172823,1
108105,2020-10-06,122,0.207772,1
108105,2020-10-06,152,0.209499,1
108105,2020-10-06,182,0.227075,1
108105,2020-10-06,273,0.391014,1
108105,2020-10-06,365,0.340821,1
108105,2020-10-06,547,0.289221,1
108105,2020-10-06,730,0.268926,1
108105,2020-10-06,1825,0.192859,1
108105,2020-10-07,10,0.200622,1
108105,2020-10-07,14,0.186292,1
108105,2020-10-07,30,0.22645,1
108105,2020-10-07,60,0.199709,1
108105,2020-10-07,91,0.175305,1
108105,2020-10-07,122,0.208504,1
108105,2020-10-07,152,0.209593,1
108105,2020-10-07,182,0.223651,1
108105,2020-10-07,273,0.391474,1
108105,2020-10-07,365,0.340839,1
108105,2020-10-07,547,0.289499,1
108105,2020-10-07,730,0.269193,1
108105,2020-10-07,1825,0.193007,1
108105,2020-10-08,10,0.188815,1
108105,2020-10-08,14,0.1861,1
108105,2020-10-08,30,0.204718,1
108105,2020-10-08,60,0.19815,1
108105,2020-10-08,91,0.175264,1
108105,2020-10-08,122,0.207981,1
108105,2020-10-08,152,0.208833,1
108105,2020-10-08,182,0.223103,1
108105,2020-10-08,273,0.391506,1
108105,2020-10-08,365,0.340814,1
108105,2020-10-08,547,0.289554,1
108105,2020-10-08,730,0.269244,1
108105,2020-10-08,1825,0.19296,1
108105,2020-10-09,10,0.182532,1
108105,2020-10-09,14,0.178833,1
108105,2020-10-09,30,0.195962,1
108105,2020-10-09,60,0.199062,1
108105,2020-10-09,91,0.174953,1
108105,2020-10-09,122,0.207891,1
108105,2020-10-09,152,0.208141,1
108105,2020-10-09,182,0.222439,1
108105,2020-10-09,273,0.391611,1
108105,2020-10-09,365,0.340862,1
108105,2020-10-09,547,0.289632,1
108105,2020-10-09,730,0.268241,1
108105,2020-10-09,1825,0.192919,1
108105,2020-10-12,10,0.192215,1
108105,2020-10-12,14,0.179347,1
108105,2020-10-12,30,0.195172,1
108105,2020-10-12,60,0.203638,1
108105,2020-10-12,91,0.176046,1
108105,2020-10-12,122,0.180767,1
108105,2020-10-12,152,0.206132,1
108105,2020-10-12,182,0.222731,1
108105,2020-10-12,273,0.391971,1
108105,2020-10-12,365,0.341067,1
108105,2020-10-12,547,0.289877,1
108105,2020-10-12,730,0.268146,1
108105,2020-10-12,1825,0.193161,1
108105,2020-10-13,10,0.198105,1
108105,2020-10-13,14,0.181864,1
108105,2020-10-13,30,0.192891,1
108105,2020-10-13,60,0.204457,1
108105,2020-10-13,91,0.175207,1
108105,2020-10-13,122,0.180231,1
108105,2020-10-13,152,0.206027,1
108105,2020-10-13,182,0.219403,1
108105,2020-10-13,273,0.392041,1
108105,2020-10-13,365,0.341133,1
108105,2020-10-13,547,0.289929,1
108105,2020-10-13,730,0.267922,1
108105,2020-10-13,1825,0.193079,1
108105,2020-10-14,10,0.198348,1
108105,2020-10-14,14,0.189979,1
108105,2020-10-14,30,0.191471,1
108105,2020-10-14,60,0.202811,1
108105,2020-10-14,91,0.175259,1
108105,2020-10-14,122,0.179735,1
108105,2020-10-14,152,0.206436,1
108105,2020-10-14,182,0.217085,1
108105,2020-10-14,273,0.39212,1
108105,2020-10-14,365,0.341085,1
108105,2020-10-14,547,0.289988,1
108105,2020-10-14,730,0.267931,1
108105,2020-10-14,1825,0.193096,1
108105,2020-10-15,10,0.182916,1
108105,2020-10-15,14,0.191431,1
108105,2020-10-15,30,0.191217,1
108105,2020-10-15,60,0.200462,1
108105,2020-10-15,91,0.1751,1
108105,2020-10-15,122,0.179438,1
108105,2020-10-15,152,0.205518,1
108105,2020-10-15,182,0.217059,1
108105,2020-10-15,273,0.392015,1
108105,2020-10-15,365,0.341082,1
108105,2020-10-15,547,0.289984,1
108105,2020-10-15,730,0.267528,1
108105,2020-10-15,1825,0.193021,1
108105,2020-10-16,10,0.150432,1
108105,2020-10-16,14,0.179327,1
108105,2020-10-16,30,0.190186,1
108105,2020-10-16,60,0.200408,1
108105,2020-10-16,91,0.175083,1
108105,2020-10-16,122,0.176928,1
108105,2020-10-16,152,0.204563,1
108105,2020-10-16,182,0.214212,1
108105,2020-10-16,273,0.391993,1
108105,2020-10-16,365,0.341075,1
108105,2020-10-16,547,0.289983,1
108105,2020-10-16,730,0.267528,1
108105,2020-10-16,1825,0.192944,1
108105,2020-10-19,10,0.172088,1
108105,2020-10-19,14,0.187561,1
108105,2020-10-19,30,0.196882,1
108105,2020-10-19,60,0.209205,1
108105,2020-10-19,91,0.177931,1
108105,2020-10-19,122,0.181086,1
108105,2020-10-19,152,0.201117,1
108105,2020-10-19,182,0.213935,1
108105,2020-10-19,273,0.391428,1
108105,2020-10-19,365,0.341472,1
108105,2020-10-19,547,0.289928,1
108105,2020-10-19,730,0.267853,1
108105,2020-10-19,1825,0.193224,1
108105,2020-10-20,10,0.162831,1
108105,2020-10-20,14,0.169387,1
108105,2020-10-20,30,0.192442,1
108105,2020-10-20,60,0.20935,1
108105,2020-10-20,91,0.178092,1
108105,2020-10-20,122,0.180106,1
108105,2020-10-20,152,0.200669,1
108105,2020-10-20,182,0.208883,1
108105,2020-10-20,273,0.391449,1
108105,2020-10-20,365,0.341439,1
108105,2020-10-20,547,0.289949,1
108105,2020-10-20,730,0.267603,1
108105,2020-10-20,1825,0.193099,1
108105,2020-10-21,10,0.150818,1
108105,2020-10-21,14,0.148532,1
108105,2020-10-21,30,0.187193,1
108105,2020-10-21,60,0.206874,1
108105,2020-10-21,91,0.177921,1
108105,2020-10-21,122,0.179141,1
108105,2020-10-21,152,0.200745,1
108105,2020-10-21,182,0.206843,1
108105,2020-10-21,273,0.391459,1
108105,2020-10-21,365,0.341426,1
108105,2020-10-21,547,0.289876,1
108105,2020-10-21,730,0.267589,1
108105,2020-10-21,1825,0.193045,1
108105,2020-10-22,10,0.111454,1
108105,2020-10-22,14,0.145227,1
108105,2020-10-22,30,0.185207,1
108105,2020-10-22,60,0.204746,1
108105,2020-10-22,91,0.176141,1
108105,2020-10-22,122,0.179043,1
108105,2020-10-22,152,0.199872,1
108105,2020-10-22,182,0.206881,1
108105,2020-10-22,273,0.3915,1
108105,2020-10-22,365,0.34145,1
108105,2020-10-22,547,0.289895,1
108105,2020-10-22,730,0.267577,1
108105,2020-10-22,1825,0.19298,1
108105,2020-10-23,10,0.114056,1
108105,2020-10-23,14,0.138765,1
108105,2020-10-23,30,0.160922,1
108105,2020-10-23,60,0.203511,1
108105,2020-10-23,91,0.175597,1
108105,2020-10-23,122,0.179005,1
108105,2020-10-23,152,0.19895,1
108105,2020-10-23,182,0.206176,1
108105,2020-10-23,273,0.39137,1
108105,2020-10-23,365,0.341459,1
108105,2020-10-23,547,0.289904,1
108105,2020-10-23,730,0.266632,1
108105,2020-10-23,1825,0.192908,1
108105,2020-10-26,10,0.172831,1
108105,2020-10-26,14,0.132609,1
108105,2020-10-26,30,0.174504,1
108105,2020-10-26,60,0.211855,1
108105,2020-10-26,91,0.179519,1
108105,2020-10-26,122,0.171565,1
108105,2020-10-26,152,0.200504,1
108105,2020-10-26,182,0.207314,1
108105,2020-10-26,273,0.391544,1
108105,2020-10-26,365,0.341987,1
108105,2020-10-26,547,0.290306,1
108105,2020-10-26,730,0.266639,1
108105,2020-10-26,1825,0.193178,1
108105,2020-10-27,10,0.157882,1
108105,2020-10-27,14,0.131911,1
108105,2020-10-27,30,0.170975,1
108105,2020-10-27,60,0.211115,1
108105,2020-10-27,91,0.17909,1
108105,2020-10-27,122,0.170716,1
108105,2020-10-27,152,0.200544,1
108105,2020-10-27,182,0.207196,1
108105,2020-10-27,273,0.391399,1
108105,2020-10-27,365,0.341966,1
108105,2020-10-27,547,0.290319,1
108105,2020-10-27,730,0.266385,1
108105,2020-10-27,1825,0.193183,1
108105,2020-10-28,10,0.231802,1
108105,2020-10-28,14,0.210096,1
108105,2020-10-28,30,0.20432,1
108105,2020-10-28,60,0.22555,1
108105,2020-10-28,91,0.191819,1
108105,2020-10-28,122,0.181341,1
108105,2020-10-28,152,0.208399,1
108105,2020-10-28,182,0.210725,1
108105,2020-10-28,273,0.3936,1
108105,2020-10-28,365,0.343892,1
108105,2020-10-28,547,0.291823,1
108105,2020-10-28,730,0.267583,1
108105,2020-10-28,1825,0.193853,1
108105,2020-10-29,10,0.248014,1
108105,2020-10-29,14,0.228816,1
108105,2020-10-29,30,0.20845,1
108105,2020-10-29,60,0.225247,1
108105,2020-10-29,91,0.193079,1
108105,2020-10-29,122,0.180798,1
108105,2020-10-29,152,0.208124,1
108105,2020-10-29,182,0.210802,1
108105,2020-10-29,273,0.393822,1
108105,2020-10-29,365,0.344074,1
108105,2020-10-29,547,0.291906,1
108105,2020-10-29,730,0.267492,1
108105,2020-10-29,1825,0.193844,1
108105,2020-10-30,10,0.243931,1
108105,2020-10-30,14,0.229293,1
108105,2020-10-30,30,0.209833,1
108105,2020-10-30,60,0.22677,1
108105,2020-10-30,91,0.194076,1
108105,2020-10-30,122,0.180453,1
108105,2020-10-30,152,0.208097,1
108105,2020-10-30,182,0.207475,1
108105,2020-10-30,273,0.393533,1
108105,2020-10-30,365,0.344286,1
108105,2020-10-30,547,0.292078,1
108105,2020-10-30,730,0.267539,1
108105,2020-10-30,1825,0.193848,1
108105,2020-11-02,10,0.296316,1
108105,2020-11-02,14,0.238869,1
108105,2020-11-02,30,0.216738,1
108105,2020-11-02,60,0.213221,1
108105,2020-11-02,91,0.195087,1
108105,2020-11-02,122,0.182351,1
108105,2020-11-02,152,0.2095,1
108105,2020-11-02,182,0.20802,1
108105,2020-11-02,273,0.393697,1
108105,2020-11-02,365,0.344368,1
108105,2020-11-02,547,0.292143,1
108105,2020-11-02,730,0.267799,1
108105,2020-11-02,1825,0.193997,1
108105,2020-11-03,10,0.309992,1
108105,2020-11-03,14,0.259123,1
108105,2020-11-03,30,0.220252,1
108105,2020-11-03,60,0.217329,1
108105,2020-11-03,91,0.198054,1
108105,2020-11-03,122,0.183581,1
108105,2020-11-03,152,0.211048,1
108105,2020-11-03,182,0.209015,1
108105,2020-11-03,273,0.393846,1
108105,2020-11-03,365,0.344786,1
108105,2020-11-03,547,0.292456,1
108105,2020-11-03,730,0.26781,1
108105,2020-11-03,1825,0.19415,1
108105,2020-11-04,10,0.321655,1
108105,2020-11-04,14,0.285809,1
108105,2020-11-04,30,0.224487,1
108105,2020-11-04,60,0.221481,1
108105,2020-11-04,91,0.202286,1
108105,2020-11-04,122,0.185975,1
108105,2020-11-04,152,0.209987,1
108105,2020-11-04,182,0.210677,1
108105,2020-11-04,273,0.394436,1
108105,2020-11-04,365,0.345451,1
108105,2020-11-04,547,0.292647,1
108105,2020-11-04,730,0.268214,1
108105,2020-11-04,1825,0.194387,1
108105,2020-11-05,10,0.315948,1
108105,2020-11-05,14,0.300989,1
108105,2020-11-05,30,0.226923,1
108105,2020-11-05,60,0.22369,1
108105,2020-11-05,91,0.205368,1
108105,2020-11-05,122,0.186881,1
108105,2020-11-05,152,0.210927,1
108105,2020-11-05,182,0.211703,1
108105,2020-11-05,273,0.395034,1
108105,2020-11-05,365,0.345964,1
108105,2020-11-05,547,0.293044,1
108105,2020-11-05,730,0.268514,1
108105,2020-11-05,1825,0.194494,1
108105,2020-11-06,10,0.314133,1
108105,2020-11-06,14,0.300945,1
108105,2020-11-06,30,0.220424,1
108105,2020-11-06,60,0.221083,1
108105,2020-11-06,91,0.205378,1
108105,2020-11-06,122,0.185752,1
108105,2020-11-06,152,0.209946,1
108105,2020-11-06,182,0.210618,1
108105,2020-11-06,273,0.39498,1
108105,2020-11-06,365,0.345957,1
108105,2020-11-06,547,0.29303,1
108105,2020-11-06,730,0.26812,1
108105,2020-11-06,1825,0.194416,1
108105,2020-11-09,10,0.125949,1
108105,2020-11-09,14,0.282419,1
108105,2020-11-09,30,0.226007,1
108105,2020-11-09,60,0.205845,1
108105,2020-11-09,91,0.206483,1
108105,2020-11-09,122,0.187416,1
108105,2020-11-09,152,0.211236,1
108105,2020-11-09,182,0.2111,1
108105,2020-11-09,273,0.395114,1
108105,2020-11-09,365,0.34613,1
108105,2020-11-09,547,0.293159,1
108105,2020-11-09,730,0.268408,1
108105,2020-11-09,1825,0.194574,1
108105,2020-11-10,10,0.146453,1
108105,2020-11-10,14,0.281351,1
108105,2020-11-10,30,0.22071,1
108105,2020-11-10,60,0.205953,1
108105,2020-11-10,91,0.205764,1
108105,2020-11-10,122,0.186367,1
108105,2020-11-10,152,0.188148,1
108105,2020-11-10,182,0.208764,1
108105,2020-11-10,273,0.395116,1
108105,2020-11-10,365,0.346127,1
108105,2020-11-10,547,0.292451,1
108105,2020-11-10,730,0.268144,1
108105,2020-11-10,1825,0.194467,1
108105,2020-11-11,10,0.137377,1
108105,2020-11-11,14,0.168661,1
108105,2020-11-11,30,0.215338,1
108105,2020-11-11,60,0.20404,1
108105,2020-11-11,91,0.204559,1
108105,2020-11-11,122,0.185598,1
108105,2020-11-11,152,0.187549,1
108105,2020-11-11,182,0.207123,1
108105,2020-11-11,273,0.395142,1
108105,2020-11-11,365,0.346198,1
108105,2020-11-11,547,0.292445,1
108105,2020-11-11,730,0.267801,1
108105,2020-11-11,1825,0.194423,1
108105,2020-11-12,10,0.180585,1
108105,2020-11-12,14,0.191807,1
108105,2020-11-12,30,0.217102,1
108105,2020-11-12,60,0.203552,1
108105,2020-11-12,91,0.205623,1
108105,2020-11-12,122,0.185706,1
108105,2020-11-12,152,0.187502,1
108105,2020-11-12,182,0.207343,1
108105,2020-11-12,273,0.395315,1
108105,2020-11-12,365,0.34636,1
108105,2020-11-12,547,0.292543,1
108105,2020-11-12,730,0.267902,1
108105,2020-11-12,1825,0.194402,1
108105,2020-11-13,10,0.174346,1
108105,2020-11-13,14,0.162277,1
108105,2020-11-13,30,0.220041,1
108105,2020-11-13,60,0.203842,1
108105,2020-11-13,91,0.207169,1
108105,2020-11-13,122,0.185744,1
108105,2020-11-13,152,0.187538,1
108105,2020-11-13,182,0.207989,1
108105,2020-11-13,273,0.395607,1
108105,2020-11-13,365,0.346603,1
108105,2020-11-13,547,0.292655,1
108105,2020-11-13,730,0.267998,1
108105,2020-11-13,1825,0.194413,1
108105,2020-11-16,10,0.14758,1
108105,2020-11-16,14,0.161964,1
108105,2020-11-16,30,0.227932,1
108105,2020-11-16,60,0.207988,1
108105,2020-11-16,91,0.208215,1
108105,2020-11-16,122,0.188107,1
108105,2020-11-16,152,0.187599,1
108105,2020-11-16,182,0.204293,1
108105,2020-11-16,273,0.394777,1
108105,2020-11-16,365,0.346706,1
108105,2020-11-16,547,0.292745,1
108105,2020-11-16,730,0.268283,1
108105,2020-11-16,1825,0.194398,1
108105,2020-11-17,10,0.148197,1
108105,2020-11-17,14,0.16811,1
108105,2020-11-17,30,0.223599,1
108105,2020-11-17,60,0.206086,1
108105,2020-11-17,91,0.208527,1
108105,2020-11-17,122,0.187297,1
108105,2020-11-17,152,0.187842,1
108105,2020-11-17,182,0.203769,1
108105,2020-11-17,273,0.394803,1
108105,2020-11-17,365,0.346748,1
108105,2020-11-17,547,0.292716,1
108105,2020-11-17,730,0.268042,1
108105,2020-11-17,1825,0.194411,1
108105,2020-11-18,10,0.162906,1
108105,2020-11-18,14,0.168737,1
108105,2020-11-18,30,0.21947,1
108105,2020-11-18,60,0.206272,1
108105,2020-11-18,91,0.209762,1
108105,2020-11-18,122,0.187503,1
108105,2020-11-18,152,0.188604,1
108105,2020-11-18,182,0.203523,1
108105,2020-11-18,273,0.395011,1
108105,2020-11-18,365,0.346961,1
108105,2020-11-18,547,0.292817,1
108105,2020-11-18,730,0.2679,1
108105,2020-11-18,1825,0.19448,1
108105,2020-11-19,10,0.151991,1
108105,2020-11-19,14,0.144546,1
108105,2020-11-19,30,0.219363,1
108105,2020-11-19,60,0.203932,1
108105,2020-11-19,91,0.209802,1
108105,2020-11-19,122,0.187155,1
108105,2020-11-19,152,0.187755,1
108105,2020-11-19,182,0.203128,1
108105,2020-11-19,273,0.395005,1
108105,2020-11-19,365,0.34695,1
108105,2020-11-19,547,0.292816,1
108105,2020-11-19,730,0.267576,1
108105,2020-11-19,1825,0.194409,1
108105,2020-11-20,10,0.158113,1
108105,2020-11-20,14,0.151026,1
108105,2020-11-20,30,0.220923,1
108105,2020-11-20,60,0.2024,1
108105,2020-11-20,91,0.210289,1
108105,2020-11-20,122,0.187637,1
108105,2020-11-20,152,0.187292,1
108105,2020-11-20,182,0.203464,1
108105,2020-11-20,273,0.394891,1
108105,2020-11-20,365,0.347022,1
108105,2020-11-20,547,0.292698,1
108105,2020-11-20,730,0.267621,1
108105,2020-11-20,1825,0.194359,1
108105,2020-11-23,10,0.139349,1
108105,2020-11-23,14,0.142344,1
108105,2020-11-23,30,0.226369,1
108105,2020-11-23,60,0.196018,1
108105,2020-11-23,91,0.209696,1
108105,2020-11-23,122,0.187968,1
108105,2020-11-23,152,0.184066,1
108105,2020-11-23,182,0.202746,1
108105,2020-11-23,273,0.392929,1
108105,2020-11-23,365,0.347056,1
108105,2020-11-23,547,0.292726,1
108105,2020-11-23,730,0.267597,1
108105,2020-11-23,1825,0.194526,1
108105,2020-11-24,10,0.160766,1
108105,2020-11-24,14,0.160658,1
108105,2020-11-24,30,0.22631,1
108105,2020-11-24,60,0.196096,1
108105,2020-11-24,91,0.211835,1
108105,2020-11-24,122,0.188564,1
108105,2020-11-24,152,0.184863,1
108105,2020-11-24,182,0.203217,1
108105,2020-11-24,273,0.39166,1
108105,2020-11-24,365,0.347332,1
108105,2020-11-24,547,0.292609,1
108105,2020-11-24,730,0.267553,1
108105,2020-11-24,1825,0.194574,1
108105,2020-11-25,10,0.150187,1
108105,2020-11-25,14,0.159085,1
108105,2020-11-25,30,0.214389,1
108105,2020-11-25,60,0.193977,1
108105,2020-11-25,91,0.211053,1
108105,2020-11-25,122,0.187534,1
108105,2020-11-25,152,0.180428,1
108105,2020-11-25,182,0.202402,1
108105,2020-11-25,273,0.391634,1
108105,2020-11-25,365,0.347335,1
108105,2020-11-25,547,0.292521,1
108105,2020-11-25,730,0.267353,1
108105,2020-11-25,1825,0.194576,1
108105,2020-11-27,10,0.142737,1
108105,2020-11-27,14,0.140559,1
108105,2020-11-27,30,0.166086,1
108105,2020-11-27,60,0.190961,1
108105,2020-11-27,91,0.212414,1
108105,2020-11-27,122,0.187871,1
108105,2020-11-27,152,0.179577,1
108105,2020-11-27,182,0.203091,1
108105,2020-11-27,273,0.3889,1
108105,2020-11-27,365,0.347321,1
108105,2020-11-27,547,0.292842,1
108105,2020-11-27,730,0.267156,1
108105,2020-11-27,1825,0.194501,1
108105,2020-11-30,10,0.126581,1
108105,2020-11-30,14,0.130202,1
108105,2020-11-30,30,0.160331,1
108105,2020-11-30,60,0.194769,1
108105,2020-11-30,91,0.212596,1
108105,2020-11-30,122,0.1889,1
108105,2020-11-30,152,0.179085,1
108105,2020-11-30,182,0.203239,1
108105,2020-11-30,273,0.385614,1
108105,2020-11-30,365,0.34733,1
108105,2020-11-30,547,0.292652,1
108105,2020-11-30,730,0.267386,1
108105,2020-11-30,1825,0.194533,1
108105,2020-12-01,10,0.123564,1
108105,2020-12-01,14,0.139459,1
108105,2020-12-01,30,0.157694,1
108105,2020-12-01,60,0.194002,1
108105,2020-12-01,91,0.213218,1
108105,2020-12-01,122,0.18856,1
108105,2020-12-01,152,0.179663,1
108105,2020-12-01,182,0.203488,1
108105,2020-12-01,273,0.384294,1
108105,2020-12-01,365,0.347368,1
108105,2020-12-01,547,0.292762,1
108105,2020-12-01,730,0.267226,1
108105,2020-12-01,1825,0.194478,1
108105,2020-12-02,10,0.114277,1
108105,2020-12-02,14,0.115285,1
108105,2020-12-02,30,0.156126,1
108105,2020-12-02,60,0.191624,1
108105,2020-12-02,91,0.211149,1
108105,2020-12-02,122,0.187449,1
108105,2020-12-02,152,0.178806,1
108105,2020-12-02,182,0.202751,1
108105,2020-12-02,273,0.381454,1
108105,2020-12-02,365,0.347292,1
108105,2020-12-02,547,0.292286,1
108105,2020-12-02,730,0.267127,1
108105,2020-12-02,1825,0.194275,1
108105,2020-12-03,10,0.117588,1
108105,2020-12-03,14,0.116769,1
108105,2020-12-03,30,0.150093,1
108105,2020-12-03,60,0.18945,1
108105,2020-12-03,91,0.197987,1
108105,2020-12-03,122,0.187206,1
108105,2020-12-03,152,0.177991,1
108105,2020-12-03,182,0.202662,1
108105,2020-12-03,273,0.379257,1
108105,2020-12-03,365,0.347249,1
108105,2020-12-03,547,0.292225,1
108105,2020-12-03,730,0.266073,1
108105,2020-12-03,1825,0.194199,1
108105,2020-12-04,10,0.090023,1
108105,2020-12-04,14,0.105818,1
108105,2020-12-04,30,0.136792,1
108105,2020-12-04,60,0.186195,1
108105,2020-12-04,91,0.197721,1
108105,2020-12-04,122,0.18761,1
108105,2020-12-04,152,0.177509,1
108105,2020-12-04,182,0.199928,1
108105,2020-12-04,273,0.378774,1
108105,2020-12-04,365,0.347343,1
108105,2020-12-04,547,0.292266,1
108105,2020-12-04,730,0.265872,1
108105,2020-12-04,1825,0.194158,1
108105,2020-12-07,10,0.099371,1
108105,2020-12-07,14,0.110388,1
108105,2020-12-07,30,0.127884,1
108105,2020-12-07,60,0.182081,1
108105,2020-12-07,91,0.196245,1
108105,2020-12-07,122,0.189505,1
108105,2020-12-07,152,0.176598,1
108105,2020-12-07,182,0.199383,1
108105,2020-12-07,273,0.36725,1
108105,2020-12-07,365,0.34725,1
108105,2020-12-07,547,0.292166,1
108105,2020-12-07,730,0.265583,1
108105,2020-12-07,1825,0.194226,1
108105,2020-12-08,10,0.090736,1
108105,2020-12-08,14,0.081467,1
108105,2020-12-08,30,0.124649,1
108105,2020-12-08,60,0.181219,1
108105,2020-12-08,91,0.187152,1
108105,2020-12-08,122,0.188395,1
108105,2020-12-08,152,0.176263,1
108105,2020-12-08,182,0.198998,1
108105,2020-12-08,273,0.36326,1
108105,2020-12-08,365,0.347236,1
108105,2020-12-08,547,0.292152,1
108105,2020-12-08,730,0.265323,1
108105,2020-12-08,1825,0.194227,1
108105,2020-12-09,10,0.102512,1
108105,2020-12-09,14,0.096107,1
108105,2020-12-09,30,0.125152,1
108105,2020-12-09,60,0.180505,1
108105,2020-12-09,91,0.184414,1
108105,2020-12-09,122,0.187938,1
108105,2020-12-09,152,0.176317,1
108105,2020-12-09,182,0.199205,1
108105,2020-12-09,273,0.358518,1
108105,2020-12-09,365,0.347339,1
108105,2020-12-09,547,0.292236,1
108105,2020-12-09,730,0.265393,1
108105,2020-12-09,1825,0.194056,1
108105,2020-12-10,10,0.09733,1
108105,2020-12-10,14,0.091545,1
108105,2020-12-10,30,0.125118,1
108105,2020-12-10,60,0.178453,1
108105,2020-12-10,91,0.180499,1
108105,2020-12-10,122,0.187958,1
108105,2020-12-10,152,0.17553,1
108105,2020-12-10,182,0.178843,1
108105,2020-12-10,273,0.338741,1
108105,2020-12-10,365,0.347337,1
108105,2020-12-10,547,0.292232,1
108105,2020-12-10,730,0.265396,1
108105,2020-12-10,1825,0.19398,1
108105,2020-12-11,10,0.075759,1
108105,2020-12-11,14,0.091888,1
108105,2020-12-11,30,0.123522,1
108105,2020-12-11,60,0.174593,1
108105,2020-12-11,91,0.180572,1
108105,2020-12-11,122,0.187352,1
108105,2020-12-11,152,0.174753,1
108105,2020-12-11,182,0.178151,1
108105,2020-12-11,273,0.323526,1
108105,2020-12-11,365,0.34725,1
108105,2020-12-11,547,0.292223,1
108105,2020-12-11,730,0.265378,1
108105,2020-12-11,1825,0.193905,1
108105,2020-12-14,10,0.057065,1
108105,2020-12-14,14,0.091512,1
108105,2020-12-14,30,0.112946,1
108105,2020-12-14,60,0.177328,1
108105,2020-12-14,91,0.179497,1
108105,2020-12-14,122,0.188408,1
108105,2020-12-14,152,0.174432,1
108105,2020-12-14,182,0.178074,1
108105,2020-12-14,273,0.28695,1
108105,2020-12-14,365,0.347285,1
108105,2020-12-14,547,0.292245,1
108105,2020-12-14,730,0.265289,1
108105,2020-12-14,1825,0.193908,1
108105,2020-12-15,10,0.10493,1
108105,2020-12-15,14,0.096952,1
108105,2020-12-15,30,0.117644,1
108105,2020-12-15,60,0.179663,1
108105,2020-12-15,91,0.180817,1
108105,2020-12-15,122,0.188402,1
108105,2020-12-15,152,0.175208,1
108105,2020-12-15,182,0.177106,1
108105,2020-12-15,273,0.279813,1
108105,2020-12-15,365,0.347441,1
108105,2020-12-15,547,0.292415,1
108105,2020-12-15,730,0.265165,1
108105,2020-12-15,1825,0.193861,1
108105,2020-12-16,10,0.097758,1
108105,2020-12-16,14,0.096947,1
108105,2020-12-16,30,0.111741,1
108105,2020-12-16,60,0.177461,1
108105,2020-12-16,91,0.180424,1
108105,2020-12-16,122,0.187295,1
108105,2020-12-16,152,0.175194,1
108105,2020-12-16,182,0.176968,1
108105,2020-12-16,273,0.272414,1
108105,2020-12-16,365,0.347443,1
108105,2020-12-16,547,0.292324,1
108105,2020-12-16,730,0.264721,1
108105,2020-12-16,1825,0.193686,1
108105,2020-12-17,10,0.101511,1
108105,2020-12-17,14,0.099429,1
108105,2020-12-17,30,0.110849,1
108105,2020-12-17,60,0.175644,1
108105,2020-12-17,91,0.179523,1
108105,2020-12-17,122,0.187445,1
108105,2020-12-17,152,0.174498,1
108105,2020-12-17,182,0.177072,1
108105,2020-12-17,273,0.272429,1
108105,2020-12-17,365,0.347479,1
108105,2020-12-17,547,0.292347,1
108105,2020-12-17,730,0.264744,1
108105,2020-12-17,1825,0.193623,1
108105,2020-12-18,10,0.103726,1
108105,2020-12-18,14,0.093176,1
108105,2020-12-18,30,0.101977,1
108105,2020-12-18,60,0.170399,1
108105,2020-12-18,91,0.177957,1
108105,2020-12-18,122,0.1876,1
108105,2020-12-18,152,0.17384,1
108105,2020-12-18,182,0.176927,1
108105,2020-12-18,273,0.26712,1
108105,2020-12-18,365,0.347482,1
108105,2020-12-18,547,0.292278,1
108105,2020-12-18,730,0.26451,1
108105,2020-12-18,1825,0.193555,1
108105,2020-12-21,10,0.108949,1
108105,2020-12-21,14,0.095002,1
108105,2020-12-21,30,0.101651,1
108105,2020-12-21,60,0.174529,1
108105,2020-12-21,91,0.176287,1
108105,2020-12-21,122,0.189723,1
108105,2020-12-21,152,0.175176,1
108105,2020-12-21,182,0.176938,1
108105,2020-12-21,273,0.264609,1
108105,2020-12-21,365,0.347484,1
108105,2020-12-21,547,0.292297,1
108105,2020-12-21,730,0.264086,1
108105,2020-12-21,1825,0.193583,1
108105,2020-12-22,10,0.10165,1
108105,2020-12-22,14,0.094259,1
108105,2020-12-22,30,0.100027,1
108105,2020-12-22,60,0.174708,1
108105,2020-12-22,91,0.175593,1
108105,2020-12-22,122,0.188664,1
108105,2020-12-22,152,0.173982,1
108105,2020-12-22,182,0.176952,1
108105,2020-12-22,273,0.244717,1
108105,2020-12-22,365,0.347493,1
108105,2020-12-22,547,0.292299,1
108105,2020-12-22,730,0.263832,1
108105,2020-12-22,1825,0.193584,1
108105,2020-12-23,10,0.094115,1
108105,2020-12-23,14,0.084273,1
108105,2020-12-23,30,0.099044,1
108105,2020-12-23,60,0.172574,1
108105,2020-12-23,91,0.167817,1
108105,2020-12-23,122,0.187552,1
108105,2020-12-23,152,0.173598,1
108105,2020-12-23,182,0.1726,1
108105,2020-12-23,273,0.244484,1
108105,2020-12-23,365,0.347493,1
108105,2020-12-23,547,0.292182,1
108105,2020-12-23,730,0.263067,1
108105,2020-12-23,1825,0.193507,1
108105,2020-12-24,10,0.088459,1
108105,2020-12-24,14,0.084933,1
108105,2020-12-24,30,0.084252,1
108105,2020-12-24,60,0.170579,1
108105,2020-12-24,91,0.167833,1
108105,2020-12-24,122,0.186954,1
108105,2020-12-24,152,0.172811,1
108105,2020-12-24,182,0.172109,1
108105,2020-12-24,273,0.234943,1
108105,2020-12-24,365,0.346815,1
108105,2020-12-24,547,0.292188,1
108105,2020-12-24,730,0.262813,1
108105,2020-12-24,1825,0.193435,1
108105,2020-12-28,10,0.078714,1
108105,2020-12-28,14,0.09022,1
108105,2020-12-28,30,0.090103,1
108105,2020-12-28,60,0.136157,1
108105,2020-12-28,91,0.164956,1
108105,2020-12-28,122,0.189793,1
108105,2020-12-28,152,0.173314,1
108105,2020-12-28,182,0.168079,1
108105,2020-12-28,273,0.229148,1
108105,2020-12-28,365,0.347571,1
108105,2020-12-28,547,0.292608,1
108105,2020-12-28,730,0.26117,1
108105,2020-12-28,1825,0.193536,1
108105,2020-12-29,10,0.074219,1
108105,2020-12-29,14,0.069429,1
108105,2020-12-29,30,0.088676,1
108105,2020-12-29,60,0.13116,1
108105,2020-12-29,91,0.164618,1
108105,2020-12-29,122,0.188717,1
108105,2020-12-29,152,0.173222,1
108105,2020-12-29,182,0.167025,1
108105,2020-12-29,273,0.228244,1
108105,2020-12-29,365,0.347523,1
108105,2020-12-29,547,0.29256,1
108105,2020-12-29,730,0.260919,1
108105,2020-12-29,1825,0.193489,1
108105,2020-12-30,10,0.067833,1
108105,2020-12-30,14,0.06931,1
108105,2020-12-30,30,0.086172,1
108105,2020-12-30,60,0.129599,1
108105,2020-12-30,91,0.164096,1
108105,2020-12-30,122,0.187593,1
108105,2020-12-30,152,0.172939,1
108105,2020-12-30,182,0.166948,1
108105,2020-12-30,273,0.221605,1
108105,2020-12-30,365,0.347516,1
108105,2020-12-30,547,0.292555,1
108105,2020-12-30,730,0.260863,1
108105,2020-12-30,1825,0.193412,1
108105,2020-12-31,10,0.065524,1
108105,2020-12-31,14,0.070868,1
108105,2020-12-31,30,0.080751,1
108105,2020-12-31,60,0.128247,1
108105,2020-12-31,91,0.164214,1
108105,2020-12-31,122,0.187776,1
108105,2020-12-31,152,0.172298,1
108105,2020-12-31,182,0.16704,1
108105,2020-12-31,273,0.220395,1
108105,2020-12-31,365,0.346875,1
108105,2020-12-31,547,0.292537,1
108105,2020-12-31,730,0.260635,1
108105,2020-12-31,1825,0.193354,1
108105,2021-01-04,10,0.147271,1
108105,2021-01-04,14,0.114059,1
108105,2021-01-04,30,0.09813,1
108105,2021-01-04,60,0.114425,1
108105,2021-01-04,91,0.164024,1
108105,2021-01-04,122,0.179242,1
108105,2021-01-04,152,0.175276,1
108105,2021-01-04,182,0.167365,1
108105,2021-01-04,273,0.207214,1
108105,2021-01-04,365,0.347737,1
108105,2021-01-04,547,0.292803,1
108105,2021-01-04,730,0.259697,1
108105,2021-01-04,1825,0.1934,1
108105,2021-01-05,10,0.139717,1
108105,2021-01-05,14,0.118932,1
108105,2021-01-05,30,0.098724,1
108105,2021-01-05,60,0.115247,1
108105,2021-01-05,91,0.161334,1
108105,2021-01-05,122,0.178465,1
108105,2021-01-05,152,0.175328,1
108105,2021-01-05,182,0.166675,1
108105,2021-01-05,273,0.207268,1
108105,2021-01-05,365,0.347786,1
108105,2021-01-05,547,0.292817,1
108105,2021-01-05,730,0.259477,1
108105,2021-01-05,1825,0.193111,1
108105,2021-01-06,10,0.130529,1
108105,2021-01-06,14,0.121268,1
108105,2021-01-06,30,0.100062,1
108105,2021-01-06,60,0.114236,1
108105,2021-01-06,91,0.158375,1
108105,2021-01-06,122,0.177572,1
108105,2021-01-06,152,0.175477,1
108105,2021-01-06,182,0.166538,1
108105,2021-01-06,273,0.204013,1
108105,2021-01-06,365,0.347807,1
108105,2021-01-06,547,0.292846,1
108105,2021-01-06,730,0.259463,1
108105,2021-01-06,1825,0.193057,1
108105,2021-01-07,10,0.147967,1
108105,2021-01-07,14,0.141192,1
108105,2021-01-07,30,0.111608,1
108105,2021-01-07,60,0.117377,1
108105,2021-01-07,91,0.160098,1
108105,2021-01-07,122,0.178074,1
108105,2021-01-07,152,0.175909,1
108105,2021-01-07,182,0.167308,1
108105,2021-01-07,273,0.204043,1
108105,2021-01-07,365,0.348069,1
108105,2021-01-07,547,0.293057,1
108105,2021-01-07,730,0.259575,1
108105,2021-01-07,1825,0.193085,1
108105,2021-01-08,10,0.144602,1
108105,2021-01-08,14,0.132549,1
108105,2021-01-08,30,0.1068,1
108105,2021-01-08,60,0.115154,1
108105,2021-01-08,91,0.159629,1
108105,2021-01-08,122,0.170692,1
108105,2021-01-08,152,0.175193,1
108105,2021-01-08,182,0.166923,1
108105,2021-01-08,273,0.203548,1
108105,2021-01-08,365,0.348051,1
108105,2021-01-08,547,0.29308,1
108105,2021-01-08,730,0.259586,1
108105,2021-01-08,1825,0.193021,1
108105,2021-01-11,10,0.169718,1
108105,2021-01-11,14,0.138538,1
108105,2021-01-11,30,0.112994,1
108105,2021-01-11,60,0.114903,1
108105,2021-01-11,91,0.157543,1
108105,2021-01-11,122,0.166926,1
108105,2021-01-11,152,0.17558,1
108105,2021-01-11,182,0.166599,1
108105,2021-01-11,273,0.203311,1
108105,2021-01-11,365,0.348108,1
108105,2021-01-11,547,0.293121,1
108105,2021-01-11,730,0.259882,1
108105,2021-01-11,1825,0.192827,1
108105,2021-01-12,10,0.155193,1
108105,2021-01-12,14,0.136753,1
108105,2021-01-12,30,0.11011,1
108105,2021-01-12,60,0.110824,1
108105,2021-01-12,91,0.156802,1
108105,2021-01-12,122,0.165929,1
108105,2021-01-12,152,0.175513,1
108105,2021-01-12,182,0.165748,1
108105,2021-01-12,273,0.200619,1
108105,2021-01-12,365,0.34805,1
108105,2021-01-12,547,0.293121,1
108105,2021-01-12,730,0.259624,1
108105,2021-01-12,1825,0.192694,1
108105,2021-01-13,10,0.143716,1
108105,2021-01-13,14,0.136659,1
108105,2021-01-13,30,0.107635,1
108105,2021-01-13,60,0.109411,1
108105,2021-01-13,91,0.15597,1
108105,2021-01-13,122,0.164943,1
108105,2021-01-13,152,0.175509,1
108105,2021-01-13,182,0.165392,1
108105,2021-01-13,273,0.198708,1
108105,2021-01-13,365,0.348047,1
108105,2021-01-13,547,0.293106,1
108105,2021-01-13,730,0.259591,1
108105,2021-01-13,1825,0.192434,1
108105,2021-01-14,10,0.105988,1
108105,2021-01-14,14,0.13759,1
108105,2021-01-14,30,0.101798,1
108105,2021-01-14,60,0.108825,1
108105,2021-01-14,91,0.156209,1
108105,2021-01-14,122,0.164044,1
108105,2021-01-14,152,0.17483,1
108105,2021-01-14,182,0.165413,1
108105,2021-01-14,273,0.198747,1
108105,2021-01-14,365,0.348072,1
108105,2021-01-14,547,0.293069,1
108105,2021-01-14,730,0.259516,1
108105,2021-01-14,1825,0.192367,1
108105,2021-01-15,10,0.116835,1
108105,2021-01-15,14,0.136368,1
108105,2021-01-15,30,0.106205,1
108105,2021-01-15,60,0.107708,1
108105,2021-01-15,91,0.157152,1
108105,2021-01-15,122,0.164562,1
108105,2021-01-15,152,0.17447,1
108105,2021-01-15,182,0.165837,1
108105,2021-01-15,273,0.196902,1
108105,2021-01-15,365,0.348071,1
108105,2021-01-15,547,0.293129,1
108105,2021-01-15,730,0.259574,1
108105,2021-01-15,1825,0.192322,1
108105,2021-01-19,10,0.093336,1
108105,2021-01-19,14,0.114934,1
108105,2021-01-19,30,0.109534,1
108105,2021-01-19,60,0.104684,1
108105,2021-01-19,91,0.154608,1
108105,2021-01-19,122,0.16424,1
108105,2021-01-19,152,0.177092,1
108105,2021-01-19,182,0.16648,1
108105,2021-01-19,273,0.192538,1
108105,2021-01-19,365,0.348138,1
108105,2021-01-19,547,0.293524,1
108105,2021-01-19,730,0.259692,1
108105,2021-01-19,1825,0.192415,1
108105,2021-01-20,10,0.123786,1
108105,2021-01-20,14,0.129991,1
108105,2021-01-20,30,0.116656,1
108105,2021-01-20,60,0.107788,1
108105,2021-01-20,91,0.156374,1
108105,2021-01-20,122,0.164613,1
108105,2021-01-20,152,0.178173,1
108105,2021-01-20,182,0.167322,1
108105,2021-01-20,273,0.191513,1
108105,2021-01-20,365,0.348378,1
108105,2021-01-20,547,0.293679,1
108105,2021-01-20,730,0.2596,1
108105,2021-01-20,1825,0.192308,1
108105,2021-01-21,10,0.112429,1
108105,2021-01-21,14,0.109936,1
108105,2021-01-21,30,0.115754,1
108105,2021-01-21,60,0.106485,1
108105,2021-01-21,91,0.156252,1
108105,2021-01-21,122,0.16295,1
108105,2021-01-21,152,0.177311,1
108105,2021-01-21,182,0.166177,1
108105,2021-01-21,273,0.191502,1
108105,2021-01-21,365,0.348378,1
108105,2021-01-21,547,0.29366,1
108105,2021-01-21,730,0.259383,1
108105,2021-01-21,1825,0.192231,1
108105,2021-01-22,10,0.116273,1
108105,2021-01-22,14,0.109271,1
108105,2021-01-22,30,0.117268,1
108105,2021-01-22,60,0.106791,1
108105,2021-01-22,91,0.156518,1
108105,2021-01-22,122,0.162474,1
108105,2021-01-22,152,0.176578,1
108105,2021-01-22,182,0.165942,1
108105,2021-01-22,273,0.191058,1
108105,2021-01-22,365,0.348396,1
108105,2021-01-22,547,0.293636,1
108105,2021-01-22,730,0.259395,1
108105,2021-01-22,1825,0.192162,1
108105,2021-01-25,10,0.104986,1
108105,2021-01-25,14,0.101552,1
108105,2021-01-25,30,0.117282,1
108105,2021-01-25,60,0.101441,1
108105,2021-01-25,91,0.150737,1
108105,2021-01-25,122,0.1561,1
108105,2021-01-25,152,0.177179,1
108105,2021-01-25,182,0.165754,1
108105,2021-01-25,273,0.190473,1
108105,2021-01-25,365,0.348274,1
108105,2021-01-25,547,0.293594,1
108105,2021-01-25,730,0.259603,1
108105,2021-01-25,1825,0.192016,1
108105,2021-01-26,10,0.101786,1
108105,2021-01-26,14,0.102756,1
108105,2021-01-26,30,0.114871,1
108105,2021-01-26,60,0.101706,1
108105,2021-01-26,91,0.150551,1
108105,2021-01-26,122,0.155258,1
108105,2021-01-26,152,0.177219,1
108105,2021-01-26,182,0.165422,1
108105,2021-01-26,273,0.190342,1
108105,2021-01-26,365,0.347887,1
108105,2021-01-26,547,0.293594,1
108105,2021-01-26,730,0.25935,1
108105,2021-01-26,1825,0.192006,1
108105,2021-01-27,10,0.2003,1
108105,2021-01-27,14,0.177252,1
108105,2021-01-27,30,0.148855,1
108105,2021-01-27,60,0.121777,1
108105,2021-01-27,91,0.141092,1
108105,2021-01-27,122,0.161696,1
108105,2021-01-27,152,0.181928,1
108105,2021-01-27,182,0.169201,1
108105,2021-01-27,273,0.190831,1
108105,2021-01-27,365,0.348782,1
108105,2021-01-27,547,0.29439,1
108105,2021-01-27,730,0.259968,1
108105,2021-01-27,1825,0.192076,1
108105,2021-01-28,10,0.194373,1
108105,2021-01-28,14,0.186503,1
108105,2021-01-28,30,0.152261,1
108105,2021-01-28,60,0.122276,1
108105,2021-01-28,91,0.14054,1
108105,2021-01-28,122,0.160354,1
108105,2021-01-28,152,0.181592,1
108105,2021-01-28,182,0.169492,1
108105,2021-01-28,273,0.190681,1
108105,2021-01-28,365,0.348899,1
108105,2021-01-28,547,0.294332,1
108105,2021-01-28,730,0.260041,1
108105,2021-01-28,1825,0.192043,1
108105,2021-01-29,10,0.216646,1
108105,2021-01-29,14,0.210732,1
108105,2021-01-29,30,0.168402,1
108105,2021-01-29,60,0.131769,1
108105,2021-01-29,91,0.144411,1
108105,2021-01-29,122,0.164071,1
108105,2021-01-29,152,0.183416,1
108105,2021-01-29,182,0.171772,1
108105,2021-01-29,273,0.189066,1
108105,2021-01-29,365,0.349467,1
108105,2021-01-29,547,0.294687,1
108105,2021-01-29,730,0.260224,1
108105,2021-01-29,1825,0.192176,1
108105,2021-02-01,10,0.262538,1
108105,2021-02-01,14,0.217293,1
108105,2021-02-01,30,0.176569,1
108105,2021-02-01,60,0.138072,1
108105,2021-02-01,91,0.145687,1
108105,2021-02-01,122,0.166355,1
108105,2021-02-01,152,0.184967,1
108105,2021-02-01,182,0.172857,1
108105,2021-02-01,273,0.189781,1
108105,2021-02-01,365,0.349318,1
108105,2021-02-01,547,0.294881,1
108105,2021-02-01,730,0.260647,1
108105,2021-02-01,1825,0.192244,1
108105,2021-02-02,10,0.25991,1
108105,2021-02-02,14,0.224886,1
108105,2021-02-02,30,0.178399,1
108105,2021-02-02,60,0.140573,1
108105,2021-02-02,91,0.144191,1
108105,2021-02-02,122,0.16673,1
108105,2021-02-02,152,0.177034,1
108105,2021-02-02,182,0.173763,1
108105,2021-02-02,273,0.190118,1
108105,2021-02-02,365,0.349505,1
108105,2021-02-02,547,0.293984,1
108105,2021-02-02,730,0.260554,1
108105,2021-02-02,1825,0.192336,1
108105,2021-02-03,10,0.240792,1
108105,2021-02-03,14,0.212826,1
108105,2021-02-03,30,0.16897,1
108105,2021-02-03,60,0.138759,1
108105,2021-02-03,91,0.138296,1
108105,2021-02-03,122,0.165726,1
108105,2021-02-03,152,0.176442,1
108105,2021-02-03,182,0.173601,1
108105,2021-02-03,273,0.189859,1
108105,2021-02-03,365,0.349214,1
108105,2021-02-03,547,0.293816,1
108105,2021-02-03,730,0.260519,1
108105,2021-02-03,1825,0.192143,1
108105,2021-02-04,10,0.248324,1
108105,2021-02-04,14,0.220405,1
108105,2021-02-04,30,0.170964,1
108105,2021-02-04,60,0.139206,1
108105,2021-02-04,91,0.134813,1
108105,2021-02-04,122,0.164078,1
108105,2021-02-04,152,0.176233,1
108105,2021-02-04,182,0.173984,1
108105,2021-02-04,273,0.189815,1
108105,2021-02-04,365,0.349202,1
108105,2021-02-04,547,0.293931,1
108105,2021-02-04,730,0.260601,1
108105,2021-02-04,1825,0.192121,1
108105,2021-02-05,10,0.248585,1
108105,2021-02-05,14,0.220062,1
108105,2021-02-05,30,0.170562,1
108105,2021-02-05,60,0.139151,1
108105,2021-02-05,91,0.134834,1
108105,2021-02-05,122,0.161827,1
108105,2021-02-05,152,0.175434,1
108105,2021-02-05,182,0.174025,1
108105,2021-02-05,273,0.189014,1
108105,2021-02-05,365,0.349207,1
108105,2021-02-05,547,0.293579,1
108105,2021-02-05,730,0.260603,1
108105,2021-02-05,1825,0.192051,1
108105,2021-02-08,10,0.091639,1
108105,2021-02-08,14,0.22203,1
108105,2021-02-08,30,0.168916,1
108105,2021-02-08,60,0.141283,1
108105,2021-02-08,91,0.133786,1
108105,2021-02-08,122,0.160899,1
108105,2021-02-08,152,0.167916,1
108105,2021-02-08,182,0.174233,1
108105,2021-02-08,273,0.189129,1
108105,2021-02-08,365,0.34922,1
108105,2021-02-08,547,0.293567,1
108105,2021-02-08,730,0.260807,1
108105,2021-02-08,1825,0.192111,1
108105,2021-02-09,10,0.102643,1
108105,2021-02-09,14,0.221894,1
108105,2021-02-09,30,0.16483,1
108105,2021-02-09,60,0.141262,1
108105,2021-02-09,91,0.13376,1
108105,2021-02-09,122,0.159978,1
108105,2021-02-09,152,0.165262,1
108105,2021-02-09,182,0.173766,1
108105,2021-02-09,273,0.187367,1
108105,2021-02-09,365,0.34916,1
108105,2021-02-09,547,0.293383,1
108105,2021-02-09,730,0.26055,1
108105,2021-02-09,1825,0.192025,1
108105,2021-02-10,10,0.104458,1
108105,2021-02-10,14,0.161758,1
108105,2021-02-10,30,0.162588,1
108105,2021-02-10,60,0.139532,1
108105,2021-02-10,91,0.133235,1
108105,2021-02-10,122,0.15904,1
108105,2021-02-10,152,0.16528,1
108105,2021-02-10,182,0.172838,1
108105,2021-02-10,273,0.186037,1
108105,2021-02-10,365,0.34916,1
108105,2021-02-10,547,0.293165,1
108105,2021-02-10,730,0.260552,1
108105,2021-02-10,1825,0.191842,1
108105,2021-02-11,10,0.086925,1
108105,2021-02-11,14,0.159038,1
108105,2021-02-11,30,0.162553,1
108105,2021-02-11,60,0.137777,1
108105,2021-02-11,91,0.131096,1
108105,2021-02-11,122,0.156886,1
108105,2021-02-11,152,0.164484,1
108105,2021-02-11,182,0.172778,1
108105,2021-02-11,273,0.185692,1
108105,2021-02-11,365,0.349112,1
108105,2021-02-11,547,0.292097,1
108105,2021-02-11,730,0.260412,1
108105,2021-02-11,1825,0.191766,1
108105,2021-02-12,10,0.064473,1
108105,2021-02-12,14,0.095316,1
108105,2021-02-12,30,0.162931,1
108105,2021-02-12,60,0.137123,1
108105,2021-02-12,91,0.128957,1
108105,2021-02-12,122,0.156437,1
108105,2021-02-12,152,0.163772,1
108105,2021-02-12,182,0.172838,1
108105,2021-02-12,273,0.185707,1
108105,2021-02-12,365,0.34913,1
108105,2021-02-12,547,0.292111,1
108105,2021-02-12,730,0.260422,1
108105,2021-02-12,1825,0.191699,1
108105,2021-02-16,10,0.05409,1
108105,2021-02-16,14,0.064031,1
108105,2021-02-16,30,0.162848,1
108105,2021-02-16,60,0.138636,1
108105,2021-02-16,91,0.12777,1
108105,2021-02-16,122,0.157654,1
108105,2021-02-16,152,0.16414,1
108105,2021-02-16,182,0.173538,1
108105,2021-02-16,273,0.182508,1
108105,2021-02-16,365,0.349129,1
108105,2021-02-16,547,0.292149,1
108105,2021-02-16,730,0.260573,1
108105,2021-02-16,1825,0.191577,1
108105,2021-02-17,10,0.051223,1
108105,2021-02-17,14,0.065725,1
108105,2021-02-17,30,0.158952,1
108105,2021-02-17,60,0.136882,1
108105,2021-02-17,91,0.124902,1
108105,2021-02-17,122,0.156721,1
108105,2021-02-17,152,0.162923,1
108105,2021-02-17,182,0.173365,1
108105,2021-02-17,273,0.181687,1
108105,2021-02-17,365,0.349113,1
108105,2021-02-17,547,0.292062,1
108105,2021-02-17,730,0.260315,1
108105,2021-02-17,1825,0.191577,1
108105,2021-02-18,10,0.044049,1
108105,2021-02-18,14,0.056857,1
108105,2021-02-18,30,0.158833,1
108105,2021-02-18,60,0.135929,1
108105,2021-02-18,91,0.125413,1
108105,2021-02-18,122,0.153869,1
108105,2021-02-18,152,0.162405,1
108105,2021-02-18,182,0.173529,1
108105,2021-02-18,273,0.181495,1
108105,2021-02-18,365,0.349125,1
108105,2021-02-18,547,0.29203,1
108105,2021-02-18,730,0.26034,1
108105,2021-02-18,1825,0.191514,1
108105,2021-02-19,10,0.045011,1
108105,2021-02-19,14,0.05644,1
108105,2021-02-19,30,0.152553,1
108105,2021-02-19,60,0.135512,1
108105,2021-02-19,91,0.12442,1
108105,2021-02-19,122,0.153886,1
108105,2021-02-19,152,0.16171,1
108105,2021-02-19,182,0.173552,1
108105,2021-02-19,273,0.181534,1
108105,2021-02-19,365,0.349105,1
108105,2021-02-19,547,0.292036,1
108105,2021-02-19,730,0.260345,1
108105,2021-02-19,1825,0.191441,1
108105,2021-02-22,10,0.049639,1
108105,2021-02-22,14,0.055772,1
108105,2021-02-22,30,0.15889,1
108105,2021-02-22,60,0.14072,1
108105,2021-02-22,91,0.125573,1
108105,2021-02-22,122,0.156338,1
108105,2021-02-22,152,0.156931,1
108105,2021-02-22,182,0.173539,1
108105,2021-02-22,273,0.181365,1
108105,2021-02-22,365,0.349026,1
108105,2021-02-22,547,0.291276,1
108105,2021-02-22,730,0.260624,1
108105,2021-02-22,1825,0.191432,1
108105,2021-02-23,10,0.052223,1
108105,2021-02-23,14,0.057165,1
108105,2021-02-23,30,0.154892,1
108105,2021-02-23,60,0.138856,1
108105,2021-02-23,91,0.121781,1
108105,2021-02-23,122,0.15537,1
108105,2021-02-23,152,0.156921,1
108105,2021-02-23,182,0.173499,1
108105,2021-02-23,273,0.180931,1
108105,2021-02-23,365,0.347286,1
108105,2021-02-23,547,0.291158,1
108105,2021-02-23,730,0.260365,1
108105,2021-02-23,1825,0.191372,1
108105,2021-02-24,10,0.094337,1
108105,2021-02-24,14,0.086186,1
108105,2021-02-24,30,0.159067,1
108105,2021-02-24,60,0.13938,1
108105,2021-02-24,91,0.12342,1
108105,2021-02-24,122,0.155382,1
108105,2021-02-24,152,0.156067,1
108105,2021-02-24,182,0.173631,1
108105,2021-02-24,273,0.180634,1
108105,2021-02-24,365,0.346001,1
108105,2021-02-24,547,0.291266,1
108105,2021-02-24,730,0.260473,1
108105,2021-02-24,1825,0.191429,1
108105,2021-02-25,10,0.162623,1
108105,2021-02-25,14,0.158038,1
108105,2021-02-25,30,0.182185,1
108105,2021-02-25,60,0.152229,1
108105,2021-02-25,91,0.13338,1
108105,2021-02-25,122,0.158124,1
108105,2021-02-25,152,0.160681,1
108105,2021-02-25,182,0.177467,1
108105,2021-02-25,273,0.183112,1
108105,2021-02-25,365,0.346923,1
108105,2021-02-25,547,0.291982,1
108105,2021-02-25,730,0.261092,1
108105,2021-02-25,1825,0.191689,1
108105,2021-02-26,10,0.161698,1
108105,2021-02-26,14,0.152291,1
108105,2021-02-26,30,0.157526,1
108105,2021-02-26,60,0.151499,1
108105,2021-02-26,91,0.133831,1
108105,2021-02-26,122,0.158303,1
108105,2021-02-26,152,0.160195,1
108105,2021-02-26,182,0.177432,1
108105,2021-02-26,273,0.183197,1
108105,2021-02-26,365,0.343885,1
108105,2021-02-26,547,0.291854,1
108105,2021-02-26,730,0.261119,1
108105,2021-02-26,1825,0.191628,1
108105,2021-03-01,10,0.263603,1
108105,2021-03-01,14,0.197659,1
108105,2021-03-01,30,0.16034,1
108105,2021-03-01,60,0.165308,1
108105,2021-03-01,91,0.141101,1
108105,2021-03-01,122,0.147491,1
108105,2021-03-01,152,0.163209,1
108105,2021-03-01,182,0.180343,1
108105,2021-03-01,273,0.184988,1
108105,2021-03-01,365,0.344495,1
108105,2021-03-01,547,0.29245,1
108105,2021-03-01,730,0.261832,1
108105,2021-03-01,1825,0.191732,1
108105,2021-03-02,10,0.245265,1
108105,2021-03-02,14,0.200967,1
108105,2021-03-02,30,0.160518,1
108105,2021-03-02,60,0.164763,1
108105,2021-03-02,91,0.140822,1
108105,2021-03-02,122,0.147684,1
108105,2021-03-02,152,0.163775,1
108105,2021-03-02,182,0.180542,1
108105,2021-03-02,273,0.185134,1
108105,2021-03-02,365,0.341783,1
108105,2021-03-02,547,0.292152,1
108105,2021-03-02,730,0.261645,1
108105,2021-03-02,1825,0.191767,1
108105,2021-03-03,10,0.236554,1
108105,2021-03-03,14,0.208854,1
108105,2021-03-03,30,0.160247,1
108105,2021-03-03,60,0.1663,1
108105,2021-03-03,91,0.143674,1
108105,2021-03-03,122,0.149154,1
108105,2021-03-03,152,0.16445,1
108105,2021-03-03,182,0.180409,1
108105,2021-03-03,273,0.185316,1
108105,2021-03-03,365,0.3408,1
108105,2021-03-03,547,0.292305,1
108105,2021-03-03,730,0.261807,1
108105,2021-03-03,1825,0.19186,1
108105,2021-03-04,10,0.242991,1
108105,2021-03-04,14,0.215604,1
108105,2021-03-04,30,0.159769,1
108105,2021-03-04,60,0.16776,1
108105,2021-03-04,91,0.146516,1
108105,2021-03-04,122,0.150395,1
108105,2021-03-04,152,0.16526,1
108105,2021-03-04,182,0.173913,1
108105,2021-03-04,273,0.186014,1
108105,2021-03-04,365,0.338682,1
108105,2021-03-04,547,0.29242,1
108105,2021-03-04,730,0.261995,1
108105,2021-03-04,1825,0.191887,1
108105,2021-03-05,10,0.274836,1
108105,2021-03-05,14,0.245077,1
108105,2021-03-05,30,0.174196,1
108105,2021-03-05,60,0.169921,1
108105,2021-03-05,91,0.150534,1
108105,2021-03-05,122,0.150983,1
108105,2021-03-05,152,0.166856,1
108105,2021-03-05,182,0.175447,1
108105,2021-03-05,273,0.184984,1
108105,2021-03-05,365,0.337332,1
108105,2021-03-05,547,0.292646,1
108105,2021-03-05,730,0.26228,1
108105,2021-03-05,1825,0.191995,1
108105,2021-03-08,10,0.263211,1
108105,2021-03-08,14,0.243704,1
108105,2021-03-08,30,0.174335,1
108105,2021-03-08,60,0.169758,1
108105,2021-03-08,91,0.15094,1
108105,2021-03-08,122,0.145449,1
108105,2021-03-08,152,0.163084,1
108105,2021-03-08,182,0.174967,1
108105,2021-03-08,273,0.184686,1
108105,2021-03-08,365,0.3369,1
108105,2021-03-08,547,0.292687,1
108105,2021-03-08,730,0.262494,1
108105,2021-03-08,1825,0.192082,1
108105,2021-03-09,10,0.253775,1
108105,2021-03-09,14,0.255827,1
108105,2021-03-09,30,0.177592,1
108105,2021-03-09,60,0.172847,1
108105,2021-03-09,91,0.153356,1
108105,2021-03-09,122,0.146335,1
108105,2021-03-09,152,0.163994,1
108105,2021-03-09,182,0.170957,1
108105,2021-03-09,273,0.185031,1
108105,2021-03-09,365,0.327432,1
108105,2021-03-09,547,0.292892,1
108105,2021-03-09,730,0.262404,1
108105,2021-03-09,1825,0.192178,1
108105,2021-03-10,10,0.235828,1
108105,2021-03-10,14,0.250538,1
108105,2021-03-10,30,0.176929,1
108105,2021-03-10,60,0.171253,1
108105,2021-03-10,91,0.152646,1
108105,2021-03-10,122,0.145681,1
108105,2021-03-10,152,0.163736,1
108105,2021-03-10,182,0.168987,1
108105,2021-03-10,273,0.184973,1
108105,2021-03-10,365,0.324072,1
108105,2021-03-10,547,0.292924,1
108105,2021-03-10,730,0.262247,1
108105,2021-03-10,1825,0.192064,1
108105,2021-03-11,10,0.203663,1
108105,2021-03-11,14,0.215522,1
108105,2021-03-11,30,0.180599,1
108105,2021-03-11,60,0.170872,1
108105,2021-03-11,91,0.153747,1
108105,2021-03-11,122,0.145416,1
108105,2021-03-11,152,0.163571,1
108105,2021-03-11,182,0.16732,1
108105,2021-03-11,273,0.170718,1
108105,2021-03-11,365,0.320078,1
108105,2021-03-11,547,0.292981,1
108105,2021-03-11,730,0.262331,1
108105,2021-03-11,1825,0.192038,1
108105,2021-03-12,10,0.194896,1
108105,2021-03-12,14,0.211741,1
108105,2021-03-12,30,0.180595,1
108105,2021-03-12,60,0.169893,1
108105,2021-03-12,91,0.153665,1
108105,2021-03-12,122,0.145341,1
108105,2021-03-12,152,0.162783,1
108105,2021-03-12,182,0.167317,1
108105,2021-03-12,273,0.170191,1
108105,2021-03-12,365,0.303463,1
108105,2021-03-12,547,0.292976,1
108105,2021-03-12,730,0.262294,1
108105,2021-03-12,1825,0.191962,1
108105,2021-03-15,10,0.109098,1
108105,2021-03-15,14,0.181572,1
108105,2021-03-15,30,0.185886,1
108105,2021-03-15,60,0.174294,1
108105,2021-03-15,91,0.153592,1
108105,2021-03-15,122,0.143999,1
108105,2021-03-15,152,0.161962,1
108105,2021-03-15,182,0.166695,1
108105,2021-03-15,273,0.170105,1
108105,2021-03-15,365,0.290673,1
108105,2021-03-15,547,0.293012,1
108105,2021-03-15,730,0.262567,1
108105,2021-03-15,1825,0.192115,1
108105,2021-03-16,10,0.108066,1
108105,2021-03-16,14,0.174497,1
108105,2021-03-16,30,0.181312,1
108105,2021-03-16,60,0.173122,1
108105,2021-03-16,91,0.151862,1
108105,2021-03-16,122,0.143193,1
108105,2021-03-16,152,0.161964,1
108105,2021-03-16,182,0.166648,1
108105,2021-03-16,273,0.168925,1
108105,2021-03-16,365,0.260167,1
108105,2021-03-16,547,0.293,1
108105,2021-03-16,730,0.262311,1
108105,2021-03-16,1825,0.192098,1
108105,2021-03-17,10,0.100425,1
108105,2021-03-17,14,0.151657,1
108105,2021-03-17,30,0.177151,1
108105,2021-03-17,60,0.170991,1
108105,2021-03-17,91,0.151897,1
108105,2021-03-17,122,0.142346,1
108105,2021-03-17,152,0.161974,1
108105,2021-03-17,182,0.166453,1
108105,2021-03-17,273,0.16884,1
108105,2021-03-17,365,0.253974,1
108105,2021-03-17,547,0.293002,1
108105,2021-03-17,730,0.262307,1
108105,2021-03-17,1825,0.192093,1
108105,2021-03-18,10,0.139613,1
108105,2021-03-18,14,0.15614,1
108105,2021-03-18,30,0.184596,1
108105,2021-03-18,60,0.173474,1
108105,2021-03-18,91,0.155035,1
108105,2021-03-18,122,0.143895,1
108105,2021-03-18,152,0.163134,1
108105,2021-03-18,182,0.167462,1
108105,2021-03-18,273,0.169873,1
108105,2021-03-18,365,0.248469,1
108105,2021-03-18,547,0.29328,1
108105,2021-03-18,730,0.262537,1
108105,2021-03-18,1825,0.19214,1
108105,2021-03-19,10,0.120978,1
108105,2021-03-19,14,0.130796,1
108105,2021-03-19,30,0.1846,1
108105,2021-03-19,60,0.171436,1
108105,2021-03-19,91,0.154805,1
108105,2021-03-19,122,0.143567,1
108105,2021-03-19,152,0.16237,1
108105,2021-03-19,182,0.16653,1
108105,2021-03-19,273,0.169698,1
108105,2021-03-19,365,0.248467,1
108105,2021-03-19,547,0.293281,1
108105,2021-03-19,730,0.262526,1
108105,2021-03-19,1825,0.192065,1
108105,2021-03-22,10,0.127596,1
108105,2021-03-22,14,0.126376,1
108105,2021-03-22,30,0.189937,1
108105,2021-03-22,60,0.172274,1
108105,2021-03-22,91,0.154976,1
108105,2021-03-22,122,0.14318,1
108105,2021-03-22,152,0.161654,1
108105,2021-03-22,182,0.165684,1
108105,2021-03-22,273,0.169721,1
108105,2021-03-22,365,0.244138,1
108105,2021-03-22,547,0.29329,1
108105,2021-03-22,730,0.262352,1
108105,2021-03-22,1825,0.192213,1
108105,2021-03-23,10,0.124964,1
108105,2021-03-23,14,0.120409,1
108105,2021-03-23,30,0.187362,1
108105,2021-03-23,60,0.173261,1
108105,2021-03-23,91,0.155863,1
108105,2021-03-23,122,0.143151,1
108105,2021-03-23,152,0.162144,1
108105,2021-03-23,182,0.165682,1
108105,2021-03-23,273,0.169995,1
108105,2021-03-23,365,0.242236,1
108105,2021-03-23,547,0.293369,1
108105,2021-03-23,730,0.262157,1
108105,2021-03-23,1825,0.192248,1
108105,2021-03-24,10,0.118171,1
108105,2021-03-24,14,0.120574,1
108105,2021-03-24,30,0.186378,1
108105,2021-03-24,60,0.171748,1
108105,2021-03-24,91,0.156412,1
108105,2021-03-24,122,0.142744,1
108105,2021-03-24,152,0.16244,1
108105,2021-03-24,182,0.161973,1
108105,2021-03-24,273,0.167168,1
108105,2021-03-24,365,0.225878,1
108105,2021-03-24,547,0.293317,1
108105,2021-03-24,730,0.262191,1
108105,2021-03-24,1825,0.19219,1
108105,2021-03-25,10,0.115233,1
108105,2021-03-25,14,0.110289,1
108105,2021-03-25,30,0.187144,1
108105,2021-03-25,60,0.170111,1
108105,2021-03-25,91,0.156572,1
108105,2021-03-25,122,0.142707,1
108105,2021-03-25,152,0.161776,1
108105,2021-03-25,182,0.162047,1
108105,2021-03-25,273,0.166857,1
108105,2021-03-25,365,0.225697,1
108105,2021-03-25,547,0.293307,1
108105,2021-03-25,730,0.262171,1
108105,2021-03-25,1825,0.192125,1
108105,2021-03-26,10,0.154816,1
108105,2021-03-26,14,0.140501,1
108105,2021-03-26,30,0.19158,1
108105,2021-03-26,60,0.174372,1
108105,2021-03-26,91,0.158438,1
108105,2021-03-26,122,0.142858,1
108105,2021-03-26,152,0.16274,1
108105,2021-03-26,182,0.162166,1
108105,2021-03-26,273,0.165063,1
108105,2021-03-26,365,0.218368,1
108105,2021-03-26,547,0.293579,1
108105,2021-03-26,730,0.262383,1
108105,2021-03-26,1825,0.192182,1
108105,2021-03-29,10,0.142307,1
108105,2021-03-29,14,0.136976,1
108105,2021-03-29,30,0.172038,1
108105,2021-03-29,60,0.16386,1
108105,2021-03-29,91,0.157728,1
108105,2021-03-29,122,0.143683,1
108105,2021-03-29,152,0.149881,1
108105,2021-03-29,182,0.160866,1
108105,2021-03-29,273,0.164379,1
108105,2021-03-29,365,0.215389,1
108105,2021-03-29,547,0.293539,1
108105,2021-03-29,730,0.262603,1
108105,2021-03-29,1825,0.192293,1
108105,2021-03-30,10,0.134205,1
108105,2021-03-30,14,0.137735,1
108105,2021-03-30,30,0.168784,1
108105,2021-03-30,60,0.155688,1
108105,2021-03-30,91,0.157818,1
108105,2021-03-30,122,0.142994,1
108105,2021-03-30,152,0.149248,1
108105,2021-03-30,182,0.160753,1
108105,2021-03-30,273,0.163664,1
108105,2021-03-30,365,0.213154,1
108105,2021-03-30,547,0.293536,1
108105,2021-03-30,730,0.262356,1
108105,2021-03-30,1825,0.192296,1
108105,2021-03-31,10,0.124739,1
108105,2021-03-31,14,0.138234,1
108105,2021-03-31,30,0.150396,1
108105,2021-03-31,60,0.15386,1
108105,2021-03-31,91,0.157906,1
108105,2021-03-31,122,0.142202,1
108105,2021-03-31,152,0.14764,1
108105,2021-03-31,182,0.160487,1
108105,2021-03-31,273,0.163629,1
108105,2021-03-31,365,0.212414,1
108105,2021-03-31,547,0.293349,1
108105,2021-03-31,730,0.262252,1
108105,2021-03-31,1825,0.192284,1
108105,2021-04-01,10,0.134238,1
108105,2021-04-01,14,0.12185,1
108105,2021-04-01,30,0.151264,1
108105,2021-04-01,60,0.153992,1
108105,2021-04-01,91,0.159025,1
108105,2021-04-01,122,0.143048,1
108105,2021-04-01,152,0.147722,1
108105,2021-04-01,182,0.161073,1
108105,2021-04-01,273,0.164035,1
108105,2021-04-01,365,0.207375,1
108105,2021-04-01,547,0.293077,1
108105,2021-04-01,730,0.26237,1
108105,2021-04-01,1825,0.192273,1
108105,2021-04-05,10,0.121851,1
108105,2021-04-05,14,0.140343,1
108105,2021-04-05,30,0.12987,1
108105,2021-04-05,60,0.154082,1
108105,2021-04-05,91,0.15781,1
108105,2021-04-05,122,0.145826,1
108105,2021-04-05,152,0.144055,1
108105,2021-04-05,182,0.160303,1
108105,2021-04-05,273,0.163875,1
108105,2021-04-05,365,0.206408,1
108105,2021-04-05,547,0.293417,1
108105,2021-04-05,730,0.263052,1
108105,2021-04-05,1825,0.192407,1
108105,2021-04-06,10,0.115956,1
108105,2021-04-06,14,0.126957,1
108105,2021-04-06,30,0.127321,1
108105,2021-04-06,60,0.154037,1
108105,2021-04-06,91,0.157486,1
108105,2021-04-06,122,0.144973,1
108105,2021-04-06,152,0.141367,1
108105,2021-04-06,182,0.158783,1
108105,2021-04-06,273,0.163281,1
108105,2021-04-06,365,0.195455,1
108105,2021-04-06,547,0.293388,1
108105,2021-04-06,730,0.262793,1
108105,2021-04-06,1825,0.192325,1
108105,2021-04-07,10,0.107034,1
108105,2021-04-07,14,0.114353,1
108105,2021-04-07,30,0.123953,1
108105,2021-04-07,60,0.152101,1
108105,2021-04-07,91,0.157244,1
108105,2021-04-07,122,0.144087,1
108105,2021-04-07,152,0.14134,1
108105,2021-04-07,182,0.15717,1
108105,2021-04-07,273,0.16311,1
108105,2021-04-07,365,0.195427,1
108105,2021-04-07,547,0.293074,1
108105,2021-04-07,730,0.262793,1
108105,2021-04-07,1825,0.192323,1
108105,2021-04-08,10,0.102073,1
108105,2021-04-08,14,0.114506,1
108105,2021-04-08,30,0.117533,1
108105,2021-04-08,60,0.150417,1
108105,2021-04-08,91,0.154962,1
108105,2021-04-08,122,0.144077,1
108105,2021-04-08,152,0.140711,1
108105,2021-04-08,182,0.15694,1
108105,2021-04-08,273,0.162939,1
108105,2021-04-08,365,0.192812,1
108105,2021-04-08,547,0.29301,1
108105,2021-04-08,730,0.262761,1
108105,2021-04-08,1825,0.192254,1
108105,2021-04-09,10,0.08778,1
108105,2021-04-09,14,0.094986,1
108105,2021-04-09,30,0.118279,1
108105,2021-04-09,60,0.150499,1
108105,2021-04-09,91,0.155278,1
108105,2021-04-09,122,0.14449,1
108105,2021-04-09,152,0.140357,1
108105,2021-04-09,182,0.156846,1
108105,2021-04-09,273,0.162767,1
108105,2021-04-09,365,0.19248,1
108105,2021-04-09,547,0.293028,1
108105,2021-04-09,730,0.2628,1
108105,2021-04-09,1825,0.192204,1
108105,2021-04-12,10,0.092053,1
108105,2021-04-12,14,0.09391,1
108105,2021-04-12,30,0.118239,1
108105,2021-04-12,60,0.154176,1
108105,2021-04-12,91,0.154483,1
108105,2021-04-12,122,0.145208,1
108105,2021-04-12,152,0.140449,1
108105,2021-04-12,182,0.155391,1
108105,2021-04-12,273,0.162293,1
108105,2021-04-12,365,0.192105,1
108105,2021-04-12,547,0.292915,1
108105,2021-04-12,730,0.26303,1
108105,2021-04-12,1825,0.192262,1
108105,2021-04-13,10,0.084307,1
108105,2021-04-13,14,0.08336,1
108105,2021-04-13,30,0.115297,1
108105,2021-04-13,60,0.154017,1
108105,2021-04-13,91,0.154521,1
108105,2021-04-13,122,0.144344,1
108105,2021-04-13,152,0.139296,1
108105,2021-04-13,182,0.155034,1
108105,2021-04-13,273,0.161717,1
108105,2021-04-13,365,0.191752,1
108105,2021-04-13,547,0.292916,1
108105,2021-04-13,730,0.262774,1
108105,2021-04-13,1825,0.192266,1
108105,2021-04-14,10,0.091064,1
108105,2021-04-14,14,0.096424,1
108105,2021-04-14,30,0.116328,1
108105,2021-04-14,60,0.152662,1
108105,2021-04-14,91,0.154903,1
108105,2021-04-14,122,0.143792,1
108105,2021-04-14,152,0.138267,1
108105,2021-04-14,182,0.154808,1
108105,2021-04-14,273,0.161593,1
108105,2021-04-14,365,0.189686,1
108105,2021-04-14,547,0.29285,1
108105,2021-04-14,730,0.262794,1
108105,2021-04-14,1825,0.192276,1
108105,2021-04-15,10,0.077413,1
108105,2021-04-15,14,0.094693,1
108105,2021-04-15,30,0.119823,1
108105,2021-04-15,60,0.15272,1
108105,2021-04-15,91,0.155782,1
108105,2021-04-15,122,0.144387,1
108105,2021-04-15,152,0.138415,1
108105,2021-04-15,182,0.155364,1
108105,2021-04-15,273,0.16189,1
108105,2021-04-15,365,0.18842,1
108105,2021-04-15,547,0.292959,1
108105,2021-04-15,730,0.262896,1
108105,2021-04-15,1825,0.192257,1
108105,2021-04-16,10,0.073537,1
108105,2021-04-16,14,0.08931,1
108105,2021-04-16,30,0.119884,1
108105,2021-04-16,60,0.150987,1
108105,2021-04-16,91,0.1548,1
108105,2021-04-16,122,0.143071,1
108105,2021-04-16,152,0.137781,1
108105,2021-04-16,182,0.155382,1
108105,2021-04-16,273,0.161902,1
108105,2021-04-16,365,0.188384,1
108105,2021-04-16,547,0.292964,1
108105,2021-04-16,730,0.262896,1
108105,2021-04-16,1825,0.192185,1
108105,2021-04-19,10,0.095018,1
108105,2021-04-19,14,0.079855,1
108105,2021-04-19,30,0.108237,1
108105,2021-04-19,60,0.154796,1
108105,2021-04-19,91,0.154186,1
108105,2021-04-19,122,0.144879,1
108105,2021-04-19,152,0.136721,1
108105,2021-04-19,182,0.153547,1
108105,2021-04-19,273,0.161882,1
108105,2021-04-19,365,0.186849,1
108105,2021-04-19,547,0.292981,1
108105,2021-04-19,730,0.26293,1
108105,2021-04-19,1825,0.192334,1
108105,2021-04-20,10,0.099754,1
108105,2021-04-20,14,0.090762,1
108105,2021-04-20,30,0.110957,1
108105,2021-04-20,60,0.155962,1
108105,2021-04-20,91,0.154511,1
108105,2021-04-20,122,0.144707,1
108105,2021-04-20,152,0.13729,1
108105,2021-04-20,182,0.153944,1
108105,2021-04-20,273,0.162155,1
108105,2021-04-20,365,0.186008,1
108105,2021-04-20,547,0.293008,1
108105,2021-04-20,730,0.262722,1
108105,2021-04-20,1825,0.192345,1
108105,2021-04-21,10,0.105402,1
108105,2021-04-21,14,0.098799,1
108105,2021-04-21,30,0.112349,1
108105,2021-04-21,60,0.155253,1
108105,2021-04-21,91,0.153273,1
108105,2021-04-21,122,0.144486,1
108105,2021-04-21,152,0.137214,1
108105,2021-04-21,182,0.15425,1
108105,2021-04-21,273,0.162338,1
108105,2021-04-21,365,0.183252,1
108105,2021-04-21,547,0.293067,1
108105,2021-04-21,730,0.262792,1
108105,2021-04-21,1825,0.192385,1
108105,2021-04-22,10,0.121234,1
108105,2021-04-22,14,0.113412,1
108105,2021-04-22,30,0.114324,1
108105,2021-04-22,60,0.155616,1
108105,2021-04-22,91,0.154704,1
108105,2021-04-22,122,0.145388,1
108105,2021-04-22,152,0.137584,1
108105,2021-04-22,182,0.154927,1
108105,2021-04-22,273,0.162021,1
108105,2021-04-22,365,0.182358,1
108105,2021-04-22,547,0.293179,1
108105,2021-04-22,730,0.262824,1
108105,2021-04-22,1825,0.192358,1
108105,2021-04-23,10,0.134861,1
108105,2021-04-23,14,0.119677,1
108105,2021-04-23,30,0.113685,1
108105,2021-04-23,60,0.155627,1
108105,2021-04-23,91,0.155684,1
108105,2021-04-23,122,0.146197,1
108105,2021-04-23,152,0.137696,1
108105,2021-04-23,182,0.155483,1
108105,2021-04-23,273,0.16216,1
108105,2021-04-23,365,0.182584,1
108105,2021-04-23,547,0.293293,1
108105,2021-04-23,730,0.262915,1
108105,2021-04-23,1825,0.192337,1
108105,2021-04-26,10,0.136114,1
108105,2021-04-26,14,0.119426,1
108105,2021-04-26,30,0.105623,1
108105,2021-04-26,60,0.142733,1
108105,2021-04-26,91,0.155619,1
108105,2021-04-26,122,0.147048,1
108105,2021-04-26,152,0.136897,1
108105,2021-04-26,182,0.152728,1
108105,2021-04-26,273,0.162012,1
108105,2021-04-26,365,0.18217,1
108105,2021-04-26,547,0.293282,1
108105,2021-04-26,730,0.263161,1
108105,2021-04-26,1825,0.192487,1
108105,2021-04-27,10,0.124267,1
108105,2021-04-27,14,0.119197,1
108105,2021-04-27,30,0.103413,1
108105,2021-04-27,60,0.141782,1
108105,2021-04-27,91,0.155546,1
108105,2021-04-27,122,0.146179,1
108105,2021-04-27,152,0.136248,1
108105,2021-04-27,182,0.152603,1
108105,2021-04-27,273,0.161764,1
108105,2021-04-27,365,0.181706,1
108105,2021-04-27,547,0.293258,1
108105,2021-04-27,730,0.2629,1
108105,2021-04-27,1825,0.192437,1
108105,2021-04-28,10,0.115157,1
108105,2021-04-28,14,0.116324,1
108105,2021-04-28,30,0.103404,1
108105,2021-04-28,60,0.140253,1
108105,2021-04-28,91,0.145374,1
108105,2021-04-28,122,0.145351,1
108105,2021-04-28,152,0.136283,1
108105,2021-04-28,182,0.142759,1
108105,2021-04-28,273,0.161281,1
108105,2021-04-28,365,0.181595,1
108105,2021-04-28,547,0.293258,1
108105,2021-04-28,730,0.262902,1
108105,2021-04-28,1825,0.192421,1
108105,2021-04-29,10,0.115249,1
108105,2021-04-29,14,0.108083,1
108105,2021-04-29,30,0.102282,1
108105,2021-04-29,60,0.139005,1
108105,2021-04-29,91,0.144831,1
108105,2021-04-29,122,0.145096,1
108105,2021-04-29,152,0.135879,1
108105,2021-04-29,182,0.142216,1
108105,2021-04-29,273,0.161293,1
108105,2021-04-29,365,0.179968,1
108105,2021-04-29,547,0.293291,1
108105,2021-04-29,730,0.262937,1
108105,2021-04-29,1825,0.192364,1
108105,2021-04-30,10,0.116286,1
108105,2021-04-30,14,0.114211,1
108105,2021-04-30,30,0.108114,1
108105,2021-04-30,60,0.13055,1
108105,2021-04-30,91,0.139515,1
108105,2021-04-30,122,0.145734,1
108105,2021-04-30,152,0.135883,1
108105,2021-04-30,182,0.141376,1
108105,2021-04-30,273,0.161434,1
108105,2021-04-30,365,0.179859,1
108105,2021-04-30,547,0.293349,1
108105,2021-04-30,730,0.262932,1
108105,2021-04-30,1825,0.192319,1
108105,2021-05-03,10,0.073623,1
108105,2021-05-03,14,0.111026,1
108105,2021-05-03,30,0.102694,1
108105,2021-05-03,60,0.119335,1
108105,2021-05-03,91,0.136582,1
108105,2021-05-03,122,0.146371,1
108105,2021-05-03,152,0.136023,1
108105,2021-05-03,182,0.14061,1
108105,2021-05-03,273,0.161299,1
108105,2021-05-03,365,0.177341,1
108105,2021-05-03,547,0.293265,1
108105,2021-05-03,730,0.263115,1
108105,2021-05-03,1825,0.192381,1
108105,2021-05-04,10,0.079889,1
108105,2021-05-04,14,0.11079,1
108105,2021-05-04,30,0.10446,1
108105,2021-05-04,60,0.113683,1
108105,2021-05-04,91,0.13533,1
108105,2021-05-04,122,0.146149,1
108105,2021-05-04,152,0.136566,1
108105,2021-05-04,182,0.139314,1
108105,2021-05-04,273,0.16154,1
108105,2021-05-04,365,0.177512,1
108105,2021-05-04,547,0.29332,1
108105,2021-05-04,730,0.262906,1
108105,2021-05-04,1825,0.192408,1
108105,2021-05-05,10,0.074286,1
108105,2021-05-05,14,0.10012,1
108105,2021-05-05,30,0.094217,1
108105,2021-05-05,60,0.11233,1
108105,2021-05-05,91,0.135334,1
108105,2021-05-05,122,0.145279,1
108105,2021-05-05,152,0.136044,1
108105,2021-05-05,182,0.13628,1
108105,2021-05-05,273,0.161429,1
108105,2021-05-05,365,0.177355,1
108105,2021-05-05,547,0.293315,1
108105,2021-05-05,730,0.26288,1
108105,2021-05-05,1825,0.192404,1
108105,2021-05-06,10,0.088181,1
108105,2021-05-06,14,0.093638,1
108105,2021-05-06,30,0.096942,1
108105,2021-05-06,60,0.111994,1
108105,2021-05-06,91,0.134681,1
108105,2021-05-06,122,0.143018,1
108105,2021-05-06,152,0.135817,1
108105,2021-05-06,182,0.134219,1
108105,2021-05-06,273,0.161516,1
108105,2021-05-06,365,0.177273,1
108105,2021-05-06,547,0.293377,1
108105,2021-05-06,730,0.262645,1
108105,2021-05-06,1825,0.192358,1
108105,2021-05-07,10,0.096087,1
108105,2021-05-07,14,0.085157,1
108105,2021-05-07,30,0.099009,1
108105,2021-05-07,60,0.111144,1
108105,2021-05-07,91,0.135128,1
108105,2021-05-07,122,0.143053,1
108105,2021-05-07,152,0.135495,1
108105,2021-05-07,182,0.134458,1
108105,2021-05-07,273,0.161671,1
108105,2021-05-07,365,0.177091,1
108105,2021-05-07,547,0.293421,1
108105,2021-05-07,730,0.262681,1
108105,2021-05-07,1825,0.192305,1
108105,2021-05-10,10,0.119339,1
108105,2021-05-10,14,0.103341,1
108105,2021-05-10,30,0.106584,1
108105,2021-05-10,60,0.111673,1
108105,2021-05-10,91,0.136608,1
108105,2021-05-10,122,0.143951,1
108105,2021-05-10,152,0.137179,1
108105,2021-05-10,182,0.134745,1
108105,2021-05-10,273,0.16223,1
108105,2021-05-10,365,0.176837,1
108105,2021-05-10,547,0.293564,1
108105,2021-05-10,730,0.263041,1
108105,2021-05-10,1825,0.192395,1
108105,2021-05-11,10,0.121593,1
108105,2021-05-11,14,0.112295,1
108105,2021-05-11,30,0.108766,1
108105,2021-05-11,60,0.114504,1
108105,2021-05-11,91,0.137941,1
108105,2021-05-11,122,0.144086,1
108105,2021-05-11,152,0.138011,1
108105,2021-05-11,182,0.13545,1
108105,2021-05-11,273,0.162286,1
108105,2021-05-11,365,0.177122,1
108105,2021-05-11,547,0.293659,1
108105,2021-05-11,730,0.262864,1
108105,2021-05-11,1825,0.192439,1
108105,2021-05-12,10,0.161716,1
108105,2021-05-12,14,0.153524,1
108105,2021-05-12,30,0.131725,1
108105,2021-05-12,60,0.12629,1
108105,2021-05-12,91,0.145166,1
108105,2021-05-12,122,0.148445,1
108105,2021-05-12,152,0.142534,1
108105,2021-05-12,182,0.139031,1
108105,2021-05-12,273,0.163747,1
108105,2021-05-12,365,0.177241,1
108105,2021-05-12,547,0.294234,1
108105,2021-05-12,730,0.26274,1
108105,2021-05-12,1825,0.192654,1
108105,2021-05-13,10,0.182128,1
108105,2021-05-13,14,0.164897,1
108105,2021-05-13,30,0.138161,1
108105,2021-05-13,60,0.127786,1
108105,2021-05-13,91,0.146963,1
108105,2021-05-13,122,0.149176,1
108105,2021-05-13,152,0.142888,1
108105,2021-05-13,182,0.139001,1
108105,2021-05-13,273,0.164213,1
108105,2021-05-13,365,0.176533,1
108105,2021-05-13,547,0.294381,1
108105,2021-05-13,730,0.262813,1
108105,2021-05-13,1825,0.192647,1
108105,2021-05-14,10,0.202739,1
108105,2021-05-14,14,0.182881,1
108105,2021-05-14,30,0.146523,1
108105,2021-05-14,60,0.131477,1
108105,2021-05-14,91,0.14943,1
108105,2021-05-14,122,0.151073,1
108105,2021-05-14,152,0.143773,1
108105,2021-05-14,182,0.139247,1
108105,2021-05-14,273,0.164976,1
108105,2021-05-14,365,0.176754,1
108105,2021-05-14,547,0.294606,1
108105,2021-05-14,730,0.262977,1
108105,2021-05-14,1825,0.192676,1
108105,2021-05-17,10,0.222554,1
108105,2021-05-17,14,0.18244,1
108105,2021-05-17,30,0.144878,1
108105,2021-05-17,60,0.128541,1
108105,2021-05-17,91,0.148399,1
108105,2021-05-17,122,0.15208,1
108105,2021-05-17,152,0.143868,1
108105,2021-05-17,182,0.138548,1
108105,2021-05-17,273,0.165021,1
108105,2021-05-17,365,0.176784,1
108105,2021-05-17,547,0.294564,1
108105,2021-05-17,730,0.263145,1
108105,2021-05-17,1825,0.192738,1
108105,2021-05-18,10,0.206124,1
108105,2021-05-18,14,0.184373,1
108105,2021-05-18,30,0.14415,1
108105,2021-05-18,60,0.13085,1
108105,2021-05-18,91,0.149553,1
108105,2021-05-18,122,0.152102,1
108105,2021-05-18,152,0.144475,1
108105,2021-05-18,182,0.138979,1
108105,2021-05-18,273,0.165393,1
108105,2021-05-18,365,0.174562,1
108105,2021-05-18,547,0.294663,1
108105,2021-05-18,730,0.262965,1
108105,2021-05-18,1825,0.192772,1
108105,2021-05-19,10,0.190867,1
108105,2021-05-19,14,0.184402,1
108105,2021-05-19,30,0.143446,1
108105,2021-05-19,60,0.129663,1
108105,2021-05-19,91,0.149719,1
108105,2021-05-19,122,0.151354,1
108105,2021-05-19,152,0.144434,1
108105,2021-05-19,182,0.137899,1
108105,2021-05-19,273,0.165336,1
108105,2021-05-19,365,0.174209,1
108105,2021-05-19,547,0.294676,1
108105,2021-05-19,730,0.262925,1
108105,2021-05-19,1825,0.192763,1
108105,2021-05-20,10,0.199364,1
108105,2021-05-20,14,0.18812,1
108105,2021-05-20,30,0.146267,1
108105,2021-05-20,60,0.130072,1
108105,2021-05-20,91,0.150596,1
108105,2021-05-20,122,0.15133,1
108105,2021-05-20,152,0.144489,1
108105,2021-05-20,182,0.138486,1
108105,2021-05-20,273,0.16568,1
108105,2021-05-20,365,0.173787,1
108105,2021-05-20,547,0.294761,1
108105,2021-05-20,730,0.262959,1
108105,2021-05-20,1825,0.192737,1
108105,2021-05-21,10,0.193014,1
108105,2021-05-21,14,0.182339,1
108105,2021-05-21,30,0.14276,1
108105,2021-05-21,60,0.129431,1
108105,2021-05-21,91,0.150531,1
108105,2021-05-21,122,0.150883,1
108105,2021-05-21,152,0.143822,1
108105,2021-05-21,182,0.138037,1
108105,2021-05-21,273,0.165672,1
108105,2021-05-21,365,0.173558,1
108105,2021-05-21,547,0.294758,1
108105,2021-05-21,730,0.262949,1
108105,2021-05-21,1825,0.192662,1
108105,2021-05-24,10,0.121162,1
108105,2021-05-24,14,0.183889,1
108105,2021-05-24,30,0.141627,1
108105,2021-05-24,60,0.130814,1
108105,2021-05-24,91,0.150506,1
108105,2021-05-24,122,0.151663,1
108105,2021-05-24,152,0.145558,1
108105,2021-05-24,182,0.138443,1
108105,2021-05-24,273,0.165662,1
108105,2021-05-24,365,0.173763,1
108105,2021-05-24,547,0.294849,1
108105,2021-05-24,730,0.263134,1
108105,2021-05-24,1825,0.192747,1
108105,2021-05-25,10,0.11211,1
108105,2021-05-25,14,0.177819,1
108105,2021-05-25,30,0.138436,1
108105,2021-05-25,60,0.125617,1
108105,2021-05-25,91,0.150654,1
108105,2021-05-25,122,0.150857,1
108105,2021-05-25,152,0.145608,1
108105,2021-05-25,182,0.136893,1
108105,2021-05-25,273,0.165678,1
108105,2021-05-25,365,0.173454,1
108105,2021-05-25,547,0.294808,1
108105,2021-05-25,730,0.26288,1
108105,2021-05-25,1825,0.19275,1
108105,2021-05-26,10,0.104086,1
108105,2021-05-26,14,0.125938,1
108105,2021-05-26,30,0.13845,1
108105,2021-05-26,60,0.124085,1
108105,2021-05-26,91,0.149282,1
108105,2021-05-26,122,0.149974,1
108105,2021-05-26,152,0.144903,1
108105,2021-05-26,182,0.13684,1
108105,2021-05-26,273,0.165342,1
108105,2021-05-26,365,0.173114,1
108105,2021-05-26,547,0.294807,1
108105,2021-05-26,730,0.26262,1
108105,2021-05-26,1825,0.192744,1
108105,2021-05-27,10,0.102049,1
108105,2021-05-27,14,0.115913,1
108105,2021-05-27,30,0.138492,1
108105,2021-05-27,60,0.122599,1
108105,2021-05-27,91,0.139912,1
108105,2021-05-27,122,0.149907,1
108105,2021-05-27,152,0.144205,1
108105,2021-05-27,182,0.136287,1
108105,2021-05-27,273,0.16534,1
108105,2021-05-27,365,0.172594,1
108105,2021-05-27,547,0.294794,1
108105,2021-05-27,730,0.26254,1
108105,2021-05-27,1825,0.192668,1
108105,2021-05-28,10,0.081585,1
108105,2021-05-28,14,0.09183,1
108105,2021-05-28,30,0.13846,1
108105,2021-05-28,60,0.12249,1
108105,2021-05-28,91,0.139359,1
108105,2021-05-28,122,0.149846,1
108105,2021-05-28,152,0.143518,1
108105,2021-05-28,182,0.136277,1
108105,2021-05-28,273,0.165206,1
108105,2021-05-28,365,0.172562,1
108105,2021-05-28,547,0.294402,1
108105,2021-05-28,730,0.262483,1
108105,2021-05-28,1825,0.192591,1
108105,2021-06-01,10,0.066274,1
108105,2021-06-01,14,0.077722,1
108105,2021-06-01,30,0.137488,1
108105,2021-06-01,60,0.122123,1
108105,2021-06-01,91,0.131894,1
108105,2021-06-01,122,0.13865,1
108105,2021-06-01,152,0.144818,1
108105,2021-06-01,182,0.13584,1
108105,2021-06-01,273,0.165442,1
108105,2021-06-01,365,0.17286,1
108105,2021-06-01,547,0.294668,1
108105,2021-06-01,730,0.262554,1
108105,2021-06-01,1825,0.192741,1
108105,2021-06-02,10,0.060546,1
108105,2021-06-02,14,0.07223,1
108105,2021-06-02,30,0.137263,1
108105,2021-06-02,60,0.120628,1
108105,2021-06-02,91,0.128579,1
108105,2021-06-02,122,0.137822,1
108105,2021-06-02,152,0.144115,1
108105,2021-06-02,182,0.135837,1
108105,2021-06-02,273,0.164598,1
108105,2021-06-02,365,0.172721,1
108105,2021-06-02,547,0.294605,1
108105,2021-06-02,730,0.262542,1
108105,2021-06-02,1825,0.192735,1
108105,2021-06-03,10,0.032659,1
108105,2021-06-03,14,0.060493,1
108105,2021-06-03,30,0.13573,1
108105,2021-06-03,60,0.119731,1
108105,2021-06-03,91,0.12536,1
108105,2021-06-03,122,0.135767,1
108105,2021-06-03,152,0.143607,1
108105,2021-06-03,182,0.135983,1
108105,2021-06-03,273,0.159046,1
108105,2021-06-03,365,0.172345,1
108105,2021-06-03,547,0.294593,1
108105,2021-06-03,730,0.262164,1
108105,2021-06-03,1825,0.192667,1
108105,2021-06-04,10,0.059505,1
108105,2021-06-04,14,0.072208,1
108105,2021-06-04,30,0.138876,1
108105,2021-06-04,60,0.116737,1
108105,2021-06-04,91,0.121045,1
108105,2021-06-04,122,0.134646,1
108105,2021-06-04,152,0.14342,1
108105,2021-06-04,182,0.135983,1
108105,2021-06-04,273,0.158935,1
108105,2021-06-04,365,0.172453,1
108105,2021-06-04,547,0.294665,1
108105,2021-06-04,730,0.262174,1
108105,2021-06-04,1825,0.192626,1
108105,2021-06-07,10,0.074411,1
108105,2021-06-07,14,0.055587,1
108105,2021-06-07,30,0.137312,1
108105,2021-06-07,60,0.119286,1
108105,2021-06-07,91,0.120328,1
108105,2021-06-07,122,0.135165,1
108105,2021-06-07,152,0.142179,1
108105,2021-06-07,182,0.135941,1
108105,2021-06-07,273,0.158525,1
108105,2021-06-07,365,0.170678,1
108105,2021-06-07,547,0.29459,1
108105,2021-06-07,730,0.262321,1
108105,2021-06-07,1825,0.192766,1
108105,2021-06-08,10,0.066804,1
108105,2021-06-08,14,0.053075,1
108105,2021-06-08,30,0.133838,1
108105,2021-06-08,60,0.117983,1
108105,2021-06-08,91,0.117661,1
108105,2021-06-08,122,0.134356,1
108105,2021-06-08,152,0.140573,1
108105,2021-06-08,182,0.135925,1
108105,2021-06-08,273,0.154828,1
108105,2021-06-08,365,0.170331,1
108105,2021-06-08,547,0.294572,1
108105,2021-06-08,730,0.26206,1
108105,2021-06-08,1825,0.192764,1
108105,2021-06-09,10,0.063162,1
108105,2021-06-09,14,0.05481,1
108105,2021-06-09,30,0.128593,1
108105,2021-06-09,60,0.116683,1
108105,2021-06-09,91,0.117451,1
108105,2021-06-09,122,0.133642,1
108105,2021-06-09,152,0.140465,1
108105,2021-06-09,182,0.135368,1
108105,2021-06-09,273,0.153333,1
108105,2021-06-09,365,0.170122,1
108105,2021-06-09,547,0.294576,1
108105,2021-06-09,730,0.262052,1
108105,2021-06-09,1825,0.192717,1
108105,2021-06-10,10,0.062878,1
108105,2021-06-10,14,0.058834,1
108105,2021-06-10,30,0.125003,1
108105,2021-06-10,60,0.115717,1
108105,2021-06-10,91,0.116205,1
108105,2021-06-10,122,0.133332,1
108105,2021-06-10,152,0.139906,1
108105,2021-06-10,182,0.135416,1
108105,2021-06-10,273,0.151799,1
108105,2021-06-10,365,0.170037,1
108105,2021-06-10,547,0.294588,1
108105,2021-06-10,730,0.262065,1
108105,2021-06-10,1825,0.192649,1
108105,2021-06-11,10,0.062226,1
108105,2021-06-11,14,0.059013,1
108105,2021-06-11,30,0.093947,1
108105,2021-06-11,60,0.115744,1
108105,2021-06-11,91,0.116215,1
108105,2021-06-11,122,0.133295,1
108105,2021-06-11,152,0.139246,1
108105,2021-06-11,182,0.135375,1
108105,2021-06-11,273,0.151798,1
108105,2021-06-11,365,0.158282,1
108105,2021-06-11,547,0.294521,1
108105,2021-06-11,730,0.262059,1
108105,2021-06-11,1825,0.192573,1
108105,2021-06-14,10,0.036691,1
108105,2021-06-14,14,0.05574,1
108105,2021-06-14,30,0.074039,1
108105,2021-06-14,60,0.114906,1
108105,2021-06-14,91,0.115725,1
108105,2021-06-14,122,0.134734,1
108105,2021-06-14,152,0.140076,1
108105,2021-06-14,182,0.135141,1
108105,2021-06-14,273,0.15122,1
108105,2021-06-14,365,0.157853,1
108105,2021-06-14,547,0.294521,1
108105,2021-06-14,730,0.262305,1
108105,2021-06-14,1825,0.192682,1
108105,2021-06-15,10,0.038042,1
108105,2021-06-15,14,0.057533,1
108105,2021-06-15,30,0.072898,1
108105,2021-06-15,60,0.114791,1
108105,2021-06-15,91,0.11577,1
108105,2021-06-15,122,0.134018,1
108105,2021-06-15,152,0.139955,1
108105,2021-06-15,182,0.134185,1
108105,2021-06-15,273,0.151195,1
108105,2021-06-15,365,0.157734,1
108105,2021-06-15,547,0.294484,1
108105,2021-06-15,730,0.262052,1
108105,2021-06-15,1825,0.192682,1
108105,2021-06-16,10,0.048603,1
108105,2021-06-16,14,0.065899,1
108105,2021-06-16,30,0.075205,1
108105,2021-06-16,60,0.114257,1
108105,2021-06-16,91,0.116436,1
108105,2021-06-16,122,0.133661,1
108105,2021-06-16,152,0.139721,1
108105,2021-06-16,182,0.134504,1
108105,2021-06-16,273,0.151238,1
108105,2021-06-16,365,0.156893,1
108105,2021-06-16,547,0.294527,1
108105,2021-06-16,730,0.262088,1
108105,2021-06-16,1825,0.192693,1
108105,2021-06-17,10,0.048481,1
108105,2021-06-17,14,0.062314,1
108105,2021-06-17,30,0.067502,1
108105,2021-06-17,60,0.1129,1
108105,2021-06-17,91,0.111948,1
108105,2021-06-17,122,0.13289,1
108105,2021-06-17,152,0.139068,1
108105,2021-06-17,182,0.134352,1
108105,2021-06-17,273,0.150834,1
108105,2021-06-17,365,0.156828,1
108105,2021-06-17,547,0.294527,1
108105,2021-06-17,730,0.262013,1
108105,2021-06-17,1825,0.192617,1
108105,2021-06-18,10,0.087712,1
108105,2021-06-18,14,0.078089,1
108105,2021-06-18,30,0.082828,1
108105,2021-06-18,60,0.116765,1
108105,2021-06-18,91,0.115554,1
108105,2021-06-18,122,0.135026,1
108105,2021-06-18,152,0.140148,1
108105,2021-06-18,182,0.135726,1
108105,2021-06-18,273,0.15107,1
108105,2021-06-18,365,0.157489,1
108105,2021-06-18,547,0.294733,1
108105,2021-06-18,730,0.262194,1
108105,2021-06-18,1825,0.192639,1
108105,2021-06-21,10,0.141964,1
108105,2021-06-21,14,0.110149,1
108105,2021-06-21,30,0.090726,1
108105,2021-06-21,60,0.118699,1
108105,2021-06-21,91,0.117815,1
108105,2021-06-21,122,0.138147,1
108105,2021-06-21,152,0.140389,1
108105,2021-06-21,182,0.136794,1
108105,2021-06-21,273,0.151038,1
108105,2021-06-21,365,0.157853,1
108105,2021-06-21,547,0.294911,1
108105,2021-06-21,730,0.262545,1
108105,2021-06-21,1825,0.192866,1
108105,2021-06-22,10,0.134506,1
108105,2021-06-22,14,0.113166,1
108105,2021-06-22,30,0.089668,1
108105,2021-06-22,60,0.116373,1
108105,2021-06-22,91,0.116717,1
108105,2021-06-22,122,0.137511,1
108105,2021-06-22,152,0.140539,1
108105,2021-06-22,182,0.136838,1
108105,2021-06-22,273,0.150729,1
108105,2021-06-22,365,0.157814,1
108105,2021-06-22,547,0.294933,1
108105,2021-06-22,730,0.262302,1
108105,2021-06-22,1825,0.192792,1
108105,2021-06-23,10,0.124668,1
108105,2021-06-23,14,0.112809,1
108105,2021-06-23,30,0.08391,1
108105,2021-06-23,60,0.115002,1
108105,2021-06-23,91,0.116006,1
108105,2021-06-23,122,0.136745,1
108105,2021-06-23,152,0.14044,1
108105,2021-06-23,182,0.136874,1
108105,2021-06-23,273,0.147848,1
108105,2021-06-23,365,0.1578,1
108105,2021-06-23,547,0.294936,1
108105,2021-06-23,730,0.262299,1
108105,2021-06-23,1825,0.192074,1
108105,2021-06-24,10,0.128873,1
108105,2021-06-24,14,0.114127,1
108105,2021-06-24,30,0.085255,1
108105,2021-06-24,60,0.114386,1
108105,2021-06-24,91,0.116088,1
108105,2021-06-24,122,0.13615,1
108105,2021-06-24,152,0.139969,1
108105,2021-06-24,182,0.136993,1
108105,2021-06-24,273,0.147923,1
108105,2021-06-24,365,0.155449,1
108105,2021-06-24,547,0.294572,1
108105,2021-06-24,730,0.262223,1
108105,2021-06-24,1825,0.192012,1
108105,2021-06-25,10,0.128857,1
108105,2021-06-25,14,0.114776,1
108105,2021-06-25,30,0.085614,1
108105,2021-06-25,60,0.114553,1
108105,2021-06-25,91,0.11204,1
108105,2021-06-25,122,0.136202,1
108105,2021-06-25,152,0.139353,1
108105,2021-06-25,182,0.136475,1
108105,2021-06-25,273,0.146988,1
108105,2021-06-25,365,0.155165,1
108105,2021-06-25,547,0.294558,1
108105,2021-06-25,730,0.262225,1
108105,2021-06-25,1825,0.19194,1
108105,2021-06-28,10,0.07998,1
108105,2021-06-28,14,0.114929,1
108105,2021-06-28,30,0.087966,1
108105,2021-06-28,60,0.116356,1
108105,2021-06-28,91,0.111984,1
108105,2021-06-28,122,0.128549,1
108105,2021-06-28,152,0.13408,1
108105,2021-06-28,182,0.13606,1
108105,2021-06-28,273,0.146008,1
108105,2021-06-28,365,0.152986,1
108105,2021-06-28,547,0.29456,1
108105,2021-06-28,730,0.262456,1
108105,2021-06-28,1825,0.191618,1
108105,2021-06-29,10,0.07809,1
108105,2021-06-29,14,0.113913,1
108105,2021-06-29,30,0.085777,1
108105,2021-06-29,60,0.114714,1
108105,2021-06-29,91,0.111647,1
108105,2021-06-29,122,0.127797,1
108105,2021-06-29,152,0.133437,1
108105,2021-06-29,182,0.135982,1
108105,2021-06-29,273,0.145838,1
108105,2021-06-29,365,0.152417,1
108105,2021-06-29,547,0.294512,1
108105,2021-06-29,730,0.262195,1
108105,2021-06-29,1825,0.19153,1
108105,2021-06-30,10,0.074116,1
108105,2021-06-30,14,0.108081,1
108105,2021-06-30,30,0.083717,1
108105,2021-06-30,60,0.113319,1
108105,2021-06-30,91,0.111546,1
108105,2021-06-30,122,0.127043,1
108105,2021-06-30,152,0.129453,1
108105,2021-06-30,182,0.135982,1
108105,2021-06-30,273,0.145618,1
108105,2021-06-30,365,0.151773,1
108105,2021-06-30,547,0.294507,1
108105,2021-06-30,730,0.26215,1
108105,2021-06-30,1825,0.19153,1
108105,2021-07-01,10,0.039906,1
108105,2021-07-01,14,0.108623,1
108105,2021-07-01,30,0.084716,1
108105,2021-07-01,60,0.112503,1
108105,2021-07-01,91,0.109794,1
108105,2021-07-01,122,0.121331,1
108105,2021-07-01,152,0.128969,1
108105,2021-07-01,182,0.135897,1
108105,2021-07-01,273,0.145616,1
108105,2021-07-01,365,0.151778,1
108105,2021-07-01,547,0.294138,1
108105,2021-07-01,730,0.262165,1
108105,2021-07-01,1825,0.191465,1
108105,2021-07-02,10,0.046515,1
108105,2021-07-02,14,0.067951,1
108105,2021-07-02,30,0.087293,1
108105,2021-07-02,60,0.113581,1
108105,2021-07-02,91,0.109641,1
108105,2021-07-02,122,0.120722,1
108105,2021-07-02,152,0.128695,1
108105,2021-07-02,182,0.13565,1
108105,2021-07-02,273,0.145232,1
108105,2021-07-02,365,0.151869,1
108105,2021-07-02,547,0.294124,1
108105,2021-07-02,730,0.262162,1
108105,2021-07-02,1825,0.191414,1
108105,2021-07-06,10,0.054457,1
108105,2021-07-06,14,0.051209,1
108105,2021-07-06,30,0.084498,1
108105,2021-07-06,60,0.113806,1
108105,2021-07-06,91,0.107371,1
108105,2021-07-06,122,0.112555,1
108105,2021-07-06,152,0.126271,1
108105,2021-07-06,182,0.134076,1
108105,2021-07-06,273,0.143288,1
108105,2021-07-06,365,0.15121,1
108105,2021-07-06,547,0.294445,1
108105,2021-07-06,730,0.262163,1
108105,2021-07-06,1825,0.191527,1
108105,2021-07-07,10,0.050021,1
108105,2021-07-07,14,0.046566,1
108105,2021-07-07,30,0.084447,1
108105,2021-07-07,60,0.112575,1
108105,2021-07-07,91,0.10747,1
108105,2021-07-07,122,0.11193,1
108105,2021-07-07,152,0.126245,1
108105,2021-07-07,182,0.133958,1
108105,2021-07-07,273,0.142104,1
108105,2021-07-07,365,0.150735,1
108105,2021-07-07,547,0.294438,1
108105,2021-07-07,730,0.26214,1
108105,2021-07-07,1825,0.19142,1
108105,2021-07-08,10,0.083756,1
108105,2021-07-08,14,0.07375,1
108105,2021-07-08,30,0.091318,1
108105,2021-07-08,60,0.113508,1
108105,2021-07-08,91,0.108979,1
108105,2021-07-08,122,0.112658,1
108105,2021-07-08,152,0.126531,1
108105,2021-07-08,182,0.133264,1
108105,2021-07-08,273,0.142351,1
108105,2021-07-08,365,0.150916,1
108105,2021-07-08,547,0.294518,1
108105,2021-07-08,730,0.262223,1
108105,2021-07-08,1825,0.191388,1
108105,2021-07-09,10,0.103226,1
108105,2021-07-09,14,0.0902,1
108105,2021-07-09,30,0.097145,1
108105,2021-07-09,60,0.113052,1
108105,2021-07-09,91,0.110102,1
108105,2021-07-09,122,0.111807,1
108105,2021-07-09,152,0.126907,1
108105,2021-07-09,182,0.133901,1
108105,2021-07-09,273,0.142556,1
108105,2021-07-09,365,0.151086,1
108105,2021-07-09,547,0.294604,1
108105,2021-07-09,730,0.262314,1
108105,2021-07-09,1825,0.191371,1
108105,2021-07-12,10,0.116648,1
108105,2021-07-12,14,0.09041,1
108105,2021-07-12,30,0.099276,1
108105,2021-07-12,60,0.093012,1
108105,2021-07-12,91,0.110195,1
108105,2021-07-12,122,0.111818,1
108105,2021-07-12,152,0.127743,1
108105,2021-07-12,182,0.133494,1
108105,2021-07-12,273,0.141493,1
108105,2021-07-12,365,0.150824,1
108105,2021-07-12,547,0.294597,1
108105,2021-07-12,730,0.262566,1
108105,2021-07-12,1825,0.191502,1
108105,2021-07-13,10,0.109251,1
108105,2021-07-13,14,0.095334,1
108105,2021-07-13,30,0.09837,1
108105,2021-07-13,60,0.087406,1
108105,2021-07-13,91,0.110451,1
108105,2021-07-13,122,0.111453,1
108105,2021-07-13,152,0.127942,1
108105,2021-07-13,182,0.133655,1
108105,2021-07-13,273,0.14133,1
108105,2021-07-13,365,0.150521,1
108105,2021-07-13,547,0.294574,1
108105,2021-07-13,730,0.262322,1
108105,2021-07-13,1825,0.191499,1
108105,2021-07-14,10,0.099781,1
108105,2021-07-14,14,0.095374,1
108105,2021-07-14,30,0.098356,1
108105,2021-07-14,60,0.086306,1
108105,2021-07-14,91,0.109994,1
108105,2021-07-14,122,0.110788,1
108105,2021-07-14,152,0.127814,1
108105,2021-07-14,182,0.133645,1
108105,2021-07-14,273,0.141035,1
108105,2021-07-14,365,0.150036,1
108105,2021-07-14,547,0.294568,1
108105,2021-07-14,730,0.262322,1
108105,2021-07-14,1825,0.191499,1
108105,2021-07-15,10,0.09505,1
108105,2021-07-15,14,0.096838,1
108105,2021-07-15,30,0.098985,1
108105,2021-07-15,60,0.085929,1
108105,2021-07-15,91,0.108363,1
108105,2021-07-15,122,0.110672,1
108105,2021-07-15,152,0.127371,1
108105,2021-07-15,182,0.13361,1
108105,2021-07-15,273,0.141095,1
108105,2021-07-15,365,0.149898,1
108105,2021-07-15,547,0.294585,1
108105,2021-07-15,730,0.262321,1
108105,2021-07-15,1825,0.19143,1
108105,2021-07-16,10,0.104396,1
108105,2021-07-16,14,0.097998,1
108105,2021-07-16,30,0.10108,1
108105,2021-07-16,60,0.088074,1
108105,2021-07-16,91,0.109447,1
108105,2021-07-16,122,0.111585,1
108105,2021-07-16,152,0.127446,1
108105,2021-07-16,182,0.133656,1
108105,2021-07-16,273,0.141457,1
108105,2021-07-16,365,0.150084,1
108105,2021-07-16,547,0.294598,1
108105,2021-07-16,730,0.262336,1
108105,2021-07-16,1825,0.191388,1
108105,2021-07-19,10,0.109754,1
108105,2021-07-19,14,0.120315,1
108105,2021-07-19,30,0.109017,1
108105,2021-07-19,60,0.093307,1
108105,2021-07-19,91,0.113764,1
108105,2021-07-19,122,0.113359,1
108105,2021-07-19,152,0.130678,1
108105,2021-07-19,182,0.135299,1
108105,2021-07-19,273,0.141379,1
108105,2021-07-19,365,0.151053,1
108105,2021-07-19,547,0.294903,1
108105,2021-07-19,730,0.262811,1
108105,2021-07-19,1825,0.191673,1
108105,2021-07-20,10,0.153307,1
108105,2021-07-20,14,0.148223,1
108105,2021-07-20,30,0.116738,1
108105,2021-07-20,60,0.100022,1
108105,2021-07-20,91,0.116527,1
108105,2021-07-20,122,0.115264,1
108105,2021-07-20,152,0.132277,1
108105,2021-07-20,182,0.13639,1
108105,2021-07-20,273,0.142237,1
108105,2021-07-20,365,0.151523,1
108105,2021-07-20,547,0.294746,1
108105,2021-07-20,730,0.262745,1
108105,2021-07-20,1825,0.191774,1
108105,2021-07-21,10,0.15209,1
108105,2021-07-21,14,0.153637,1
108105,2021-07-21,30,0.110784,1
108105,2021-07-21,60,0.100373,1
108105,2021-07-21,91,0.116231,1
108105,2021-07-21,122,0.115212,1
108105,2021-07-21,152,0.132679,1
108105,2021-07-21,182,0.135553,1
108105,2021-07-21,273,0.142412,1
108105,2021-07-21,365,0.151687,1
108105,2021-07-21,547,0.294797,1
108105,2021-07-21,730,0.262794,1
108105,2021-07-21,1825,0.191796,1
108105,2021-07-22,10,0.151026,1
108105,2021-07-22,14,0.146031,1
108105,2021-07-22,30,0.110024,1
108105,2021-07-22,60,0.099164,1
108105,2021-07-22,91,0.114485,1
108105,2021-07-22,122,0.114787,1
108105,2021-07-22,152,0.132054,1
108105,2021-07-22,182,0.135558,1
108105,2021-07-22,273,0.14234,1
108105,2021-07-22,365,0.15162,1
108105,2021-07-22,547,0.294798,1
108105,2021-07-22,730,0.26276,1
108105,2021-07-22,1825,0.191721,1
108105,2021-07-23,10,0.160238,1
108105,2021-07-23,14,0.143946,1
108105,2021-07-23,30,0.113677,1
108105,2021-07-23,60,0.09929,1
108105,2021-07-23,91,0.11422,1
108105,2021-07-23,122,0.114742,1
108105,2021-07-23,152,0.13216,1
108105,2021-07-23,182,0.136043,1
108105,2021-07-23,273,0.142688,1
108105,2021-07-23,365,0.151272,1
108105,2021-07-23,547,0.294897,1
108105,2021-07-23,730,0.262829,1
108105,2021-07-23,1825,0.191692,1
108105,2021-07-26,10,0.171344,1
108105,2021-07-26,14,0.14353,1
108105,2021-07-26,30,0.115577,1
108105,2021-07-26,60,0.101473,1
108105,2021-07-26,91,0.114246,1
108105,2021-07-26,122,0.112231,1
108105,2021-07-26,152,0.131774,1
108105,2021-07-26,182,0.136008,1
108105,2021-07-26,273,0.14076,1
108105,2021-07-26,365,0.151091,1
108105,2021-07-26,547,0.29479,1
108105,2021-07-26,730,0.263017,1
108105,2021-07-26,1825,0.191838,1
108105,2021-07-27,10,0.16424,1
108105,2021-07-27,14,0.144677,1
108105,2021-07-27,30,0.114778,1
108105,2021-07-27,60,0.102583,1
108105,2021-07-27,91,0.114774,1
108105,2021-07-27,122,0.112037,1
108105,2021-07-27,152,0.12574,1
108105,2021-07-27,182,0.136208,1
108105,2021-07-27,273,0.140846,1
108105,2021-07-27,365,0.151085,1
108105,2021-07-27,547,0.294511,1
108105,2021-07-27,730,0.262784,1
108105,2021-07-27,1825,0.191852,1
108105,2021-07-28,10,0.152765,1
108105,2021-07-28,14,0.144724,1
108105,2021-07-28,30,0.114834,1
108105,2021-07-28,60,0.101347,1
108105,2021-07-28,91,0.114743,1
108105,2021-07-28,122,0.111395,1
108105,2021-07-28,152,0.125402,1
108105,2021-07-28,182,0.130642,1
108105,2021-07-28,273,0.133957,1
108105,2021-07-28,365,0.150893,1
108105,2021-07-28,547,0.294415,1
108105,2021-07-28,730,0.262779,1
108105,2021-07-28,1825,0.191852,1
108105,2021-07-29,10,0.099316,1
108105,2021-07-29,14,0.143987,1
108105,2021-07-29,30,0.115237,1
108105,2021-07-29,60,0.100388,1
108105,2021-07-29,91,0.11432,1
108105,2021-07-29,122,0.111454,1
108105,2021-07-29,152,0.12488,1
108105,2021-07-29,182,0.130155,1
108105,2021-07-29,273,0.133454,1
108105,2021-07-29,365,0.15051,1
108105,2021-07-29,547,0.294426,1
108105,2021-07-29,730,0.26278,1
108105,2021-07-29,1825,0.191783,1
108105,2021-07-30,10,0.087781,1
108105,2021-07-30,14,0.14063,1
108105,2021-07-30,30,0.117631,1
108105,2021-07-30,60,0.100467,1
108105,2021-07-30,91,0.113865,1
108105,2021-07-30,122,0.11179,1
108105,2021-07-30,152,0.124729,1
108105,2021-07-30,182,0.127123,1
108105,2021-07-30,273,0.132737,1
108105,2021-07-30,365,0.150574,1
108105,2021-07-30,547,0.294463,1
108105,2021-07-30,730,0.262686,1
108105,2021-07-30,1825,0.191725,1
108105,2021-08-02,10,0.060735,1
108105,2021-08-02,14,0.104444,1
108105,2021-08-02,30,0.117421,1
108105,2021-08-02,60,0.102451,1
108105,2021-08-02,91,0.113915,1
108105,2021-08-02,122,0.110966,1
108105,2021-08-02,152,0.118171,1
108105,2021-08-02,182,0.125485,1
108105,2021-08-02,273,0.132211,1
108105,2021-08-02,365,0.150466,1
108105,2021-08-02,547,0.294076,1
108105,2021-08-02,730,0.262799,1
108105,2021-08-02,1825,0.19185,1
108105,2021-08-03,10,0.077827,1
108105,2021-08-03,14,0.086317,1
108105,2021-08-03,30,0.117571,1
108105,2021-08-03,60,0.102166,1
108105,2021-08-03,91,0.11386,1
108105,2021-08-03,122,0.110985,1
108105,2021-08-03,152,0.116338,1
108105,2021-08-03,182,0.124594,1
108105,2021-08-03,273,0.131104,1
108105,2021-08-03,365,0.15051,1
108105,2021-08-03,547,0.29409,1
108105,2021-08-03,730,0.26259,1
108105,2021-08-03,1825,0.191881,1
108105,2021-08-04,10,0.077347,1
108105,2021-08-04,14,0.085748,1
108105,2021-08-04,30,0.11619,1
108105,2021-08-04,60,0.101885,1
108105,2021-08-04,91,0.114409,1
108105,2021-08-04,122,0.110771,1
108105,2021-08-04,152,0.113346,1
108105,2021-08-04,182,0.124863,1
108105,2021-08-04,273,0.129112,1
108105,2021-08-04,365,0.150602,1
108105,2021-08-04,547,0.293898,1
108105,2021-08-04,730,0.261696,1
108105,2021-08-04,1825,0.191861,1
108105,2021-08-05,10,0.084131,1
108105,2021-08-05,14,0.089305,1
108105,2021-08-05,30,0.117242,1
108105,2021-08-05,60,0.1014,1
108105,2021-08-05,91,0.113935,1
108105,2021-08-05,122,0.108707,1
108105,2021-08-05,152,0.113036,1
108105,2021-08-05,182,0.124295,1
108105,2021-08-05,273,0.12752,1
108105,2021-08-05,365,0.150588,1
108105,2021-08-05,547,0.293806,1
108105,2021-08-05,730,0.261581,1
108105,2021-08-05,1825,0.1918,1
108105,2021-08-06,10,0.078122,1
108105,2021-08-06,14,0.075252,1
108105,2021-08-06,30,0.116956,1
108105,2021-08-06,60,0.101303,1
108105,2021-08-06,91,0.11318,1
108105,2021-08-06,122,0.108662,1
108105,2021-08-06,152,0.112503,1
108105,2021-08-06,182,0.124233,1
108105,2021-08-06,273,0.127508,1
108105,2021-08-06,365,0.150496,1
108105,2021-08-06,547,0.293799,1
108105,2021-08-06,730,0.261582,1
108105,2021-08-06,1825,0.191725,1
108105,2021-08-09,10,0.077599,1
108105,2021-08-09,14,0.074848,1
108105,2021-08-09,30,0.109167,1
108105,2021-08-09,60,0.103265,1
108105,2021-08-09,91,0.110916,1
108105,2021-08-09,122,0.109221,1
108105,2021-08-09,152,0.111155,1
108105,2021-08-09,182,0.123936,1
108105,2021-08-09,273,0.126956,1
108105,2021-08-09,365,0.150509,1
108105,2021-08-09,547,0.293759,1
108105,2021-08-09,730,0.26149,1
108105,2021-08-09,1825,0.191871,1
108105,2021-08-10,10,0.07088,1
108105,2021-08-10,14,0.069576,1
108105,2021-08-10,30,0.106541,1
108105,2021-08-10,60,0.103242,1
108105,2021-08-10,91,0.109183,1
108105,2021-08-10,122,0.108569,1
108105,2021-08-10,152,0.110236,1
108105,2021-08-10,182,0.1239,1
108105,2021-08-10,273,0.12692,1
108105,2021-08-10,365,0.1505,1
108105,2021-08-10,547,0.293711,1
108105,2021-08-10,730,0.26123,1
108105,2021-08-10,1825,0.191862,1
108105,2021-08-11,10,0.065924,1
108105,2021-08-11,14,0.069798,1
108105,2021-08-11,30,0.106289,1
108105,2021-08-11,60,0.102033,1
108105,2021-08-11,91,0.098946,1
108105,2021-08-11,122,0.107964,1
108105,2021-08-11,152,0.110255,1
108105,2021-08-11,182,0.123902,1
108105,2021-08-11,273,0.126708,1
108105,2021-08-11,365,0.150228,1
108105,2021-08-11,547,0.293713,1
108105,2021-08-11,730,0.261073,1
108105,2021-08-11,1825,0.191863,1
108105,2021-08-12,10,0.062621,1
108105,2021-08-12,14,0.068497,1
108105,2021-08-12,30,0.105494,1
108105,2021-08-12,60,0.10091,1
108105,2021-08-12,91,0.096603,1
108105,2021-08-12,122,0.108007,1
108105,2021-08-12,152,0.109764,1
108105,2021-08-12,182,0.123929,1
108105,2021-08-12,273,0.126047,1
108105,2021-08-12,365,0.149693,1
108105,2021-08-12,547,0.293681,1
108105,2021-08-12,730,0.260894,1
108105,2021-08-12,1825,0.19179,1
108105,2021-08-13,10,0.049002,1
108105,2021-08-13,14,0.058598,1
108105,2021-08-13,30,0.105516,1
108105,2021-08-13,60,0.100903,1
108105,2021-08-13,91,0.092621,1
108105,2021-08-13,122,0.107935,1
108105,2021-08-13,152,0.109247,1
108105,2021-08-13,182,0.123821,1
108105,2021-08-13,273,0.125231,1
108105,2021-08-13,365,0.14966,1
108105,2021-08-13,547,0.293676,1
108105,2021-08-13,730,0.259994,1
108105,2021-08-13,1825,0.191714,1
108105,2021-08-16,10,0.022918,1
108105,2021-08-16,14,0.055357,1
108105,2021-08-16,30,0.102262,1
108105,2021-08-16,60,0.101646,1
108105,2021-08-16,91,0.092376,1
108105,2021-08-16,122,0.107368,1
108105,2021-08-16,152,0.109891,1
108105,2021-08-16,182,0.12335,1
108105,2021-08-16,273,0.124653,1
108105,2021-08-16,365,0.149662,1
108105,2021-08-16,547,0.293679,1
108105,2021-08-16,730,0.26008,1
108105,2021-08-16,1825,0.191846,1
108105,2021-08-17,10,0.056239,1
108105,2021-08-17,14,0.061099,1
108105,2021-08-17,30,0.104085,1
108105,2021-08-17,60,0.097115,1
108105,2021-08-17,91,0.091793,1
108105,2021-08-17,122,0.107589,1
108105,2021-08-17,152,0.107784,1
108105,2021-08-17,182,0.123858,1
108105,2021-08-17,273,0.124829,1
108105,2021-08-17,365,0.149878,1
108105,2021-08-17,547,0.293359,1
108105,2021-08-17,730,0.259882,1
108105,2021-08-17,1825,0.191875,1
108105,2021-08-18,10,0.08153,1
108105,2021-08-18,14,0.080542,1
108105,2021-08-18,30,0.094834,1
108105,2021-08-18,60,0.100618,1
108105,2021-08-18,91,0.094537,1
108105,2021-08-18,122,0.108758,1
108105,2021-08-18,152,0.109349,1
108105,2021-08-18,182,0.124953,1
108105,2021-08-18,273,0.124718,1
108105,2021-08-18,365,0.150344,1
108105,2021-08-18,547,0.293495,1
108105,2021-08-18,730,0.259892,1
108105,2021-08-18,1825,0.191941,1
108105,2021-08-19,10,0.082538,1
108105,2021-08-19,14,0.073826,1
108105,2021-08-19,30,0.081755,1
108105,2021-08-19,60,0.099413,1
108105,2021-08-19,91,0.092573,1
108105,2021-08-19,122,0.108281,1
108105,2021-08-19,152,0.108827,1
108105,2021-08-19,182,0.124726,1
108105,2021-08-19,273,0.124675,1
108105,2021-08-19,365,0.150245,1
108105,2021-08-19,547,0.293477,1
108105,2021-08-19,730,0.259818,1
108105,2021-08-19,1825,0.191865,1
108105,2021-08-20,10,0.096441,1
108105,2021-08-20,14,0.085363,1
108105,2021-08-20,30,0.081648,1
108105,2021-08-20,60,0.095933,1
108105,2021-08-20,91,0.093612,1
108105,2021-08-20,122,0.108239,1
108105,2021-08-20,152,0.108842,1
108105,2021-08-20,182,0.125069,1
108105,2021-08-20,273,0.124594,1
108105,2021-08-20,365,0.150396,1
108105,2021-08-20,547,0.293516,1
108105,2021-08-20,730,0.259816,1
108105,2021-08-20,1825,0.191818,1
108105,2021-08-23,10,0.125419,1
108105,2021-08-23,14,0.094706,1
108105,2021-08-23,30,0.081467,1
108105,2021-08-23,60,0.098671,1
108105,2021-08-23,91,0.093126,1
108105,2021-08-23,122,0.106515,1
108105,2021-08-23,152,0.10871,1
108105,2021-08-23,182,0.124884,1
108105,2021-08-23,273,0.124776,1
108105,2021-08-23,365,0.15056,1
108105,2021-08-23,547,0.293438,1
108105,2021-08-23,730,0.259417,1
108105,2021-08-23,1825,0.191984,1
108105,2021-08-24,10,0.11467,1
108105,2021-08-24,14,0.094729,1
108105,2021-08-24,30,0.079546,1
108105,2021-08-24,60,0.098525,1
108105,2021-08-24,91,0.092908,1
108105,2021-08-24,122,0.105885,1
108105,2021-08-24,152,0.108541,1
108105,2021-08-24,182,0.124885,1
108105,2021-08-24,273,0.123571,1
108105,2021-08-24,365,0.150296,1
108105,2021-08-24,547,0.292051,1
108105,2021-08-24,730,0.259159,1
108105,2021-08-24,1825,0.191983,1
108105,2021-08-25,10,0.10656,1
108105,2021-08-25,14,0.094638,1
108105,2021-08-25,30,0.079509,1
108105,2021-08-25,60,0.097352,1
108105,2021-08-25,91,0.092922,1
108105,2021-08-25,122,0.105287,1
108105,2021-08-25,152,0.105923,1
108105,2021-08-25,182,0.124062,1
108105,2021-08-25,273,0.123537,1
108105,2021-08-25,365,0.150279,1
108105,2021-08-25,547,0.290907,1
108105,2021-08-25,730,0.259063,1
108105,2021-08-25,1825,0.191982,1
108105,2021-08-26,10,0.111776,1
108105,2021-08-26,14,0.099931,1
108105,2021-08-26,30,0.080517,1
108105,2021-08-26,60,0.097672,1
108105,2021-08-26,91,0.093952,1
108105,2021-08-26,122,0.105894,1
108105,2021-08-26,152,0.105971,1
108105,2021-08-26,182,0.118931,1
108105,2021-08-26,273,0.123471,1
108105,2021-08-26,365,0.150159,1
108105,2021-08-26,547,0.290934,1
108105,2021-08-26,730,0.259091,1
108105,2021-08-26,1825,0.191927,1
108105,2021-08-27,10,0.112397,1
108105,2021-08-27,14,0.108816,1
108105,2021-08-27,30,0.084915,1
108105,2021-08-27,60,0.099425,1
108105,2021-08-27,91,0.095231,1
108105,2021-08-27,122,0.106762,1
108105,2021-08-27,152,0.106124,1
108105,2021-08-27,182,0.119098,1
108105,2021-08-27,273,0.123781,1
108105,2021-08-27,365,0.150358,1
108105,2021-08-27,547,0.288548,1
108105,2021-08-27,730,0.25912,1
108105,2021-08-27,1825,0.191886,1
108105,2021-08-30,10,0.085723,1
108105,2021-08-30,14,0.109871,1
108105,2021-08-30,30,0.083758,1
108105,2021-08-30,60,0.101653,1
108105,2021-08-30,91,0.094683,1
108105,2021-08-30,122,0.106745,1
108105,2021-08-30,152,0.106916,1
108105,2021-08-30,182,0.114941,1
108105,2021-08-30,273,0.123653,1
108105,2021-08-30,365,0.150286,1
108105,2021-08-30,547,0.288458,1
108105,2021-08-30,730,0.259256,1
108105,2021-08-30,1825,0.192026,1
108105,2021-08-31,10,0.082953,1
108105,2021-08-31,14,0.101364,1
108105,2021-08-31,30,0.082277,1
108105,2021-08-31,60,0.100544,1
108105,2021-08-31,91,0.094758,1
108105,2021-08-31,122,0.106181,1
108105,2021-08-31,152,0.105715,1
108105,2021-08-31,182,0.114241,1
108105,2021-08-31,273,0.123135,1
108105,2021-08-31,365,0.15027,1
108105,2021-08-31,547,0.286225,1
108105,2021-08-31,730,0.259003,1
108105,2021-08-31,1825,0.192028,1
108105,2021-09-01,10,0.07785,1
108105,2021-09-01,14,0.075005,1
108105,2021-09-01,30,0.081609,1
108105,2021-09-01,60,0.099322,1
108105,2021-09-01,91,0.094771,1
108105,2021-09-01,122,0.10556,1
108105,2021-09-01,152,0.105218,1
108105,2021-09-01,182,0.112411,1
108105,2021-09-01,273,0.123136,1
108105,2021-09-01,365,0.150131,1
108105,2021-09-01,547,0.285206,1
108105,2021-09-01,730,0.258747,1
108105,2021-09-01,1825,0.192021,1
108105,2021-09-02,10,0.067441,1
108105,2021-09-02,14,0.074527,1
108105,2021-09-02,30,0.078224,1
108105,2021-09-02,60,0.098242,1
108105,2021-09-02,91,0.094338,1
108105,2021-09-02,122,0.105565,1
108105,2021-09-02,152,0.104754,1
108105,2021-09-02,182,0.110436,1
108105,2021-09-02,273,0.123136,1
108105,2021-09-02,365,0.149459,1
108105,2021-09-02,547,0.283305,1
108105,2021-09-02,730,0.258692,1
108105,2021-09-02,1825,0.191948,1
108105,2021-09-03,10,0.068313,1
108105,2021-09-03,14,0.070027,1
108105,2021-09-03,30,0.075711,1
108105,2021-09-03,60,0.097143,1
108105,2021-09-03,91,0.093142,1
108105,2021-09-03,122,0.104762,1
108105,2021-09-03,152,0.104287,1
108105,2021-09-03,182,0.107515,1
108105,2021-09-03,273,0.122823,1
108105,2021-09-03,365,0.144854,1
108105,2021-09-03,547,0.281818,1
108105,2021-09-03,730,0.258598,1
108105,2021-09-03,1825,0.191872,1
108105,2021-09-07,10,0.044447,1
108105,2021-09-07,14,0.068695,1
108105,2021-09-07,30,0.077295,1
108105,2021-09-07,60,0.094497,1
108105,2021-09-07,91,0.09423,1
108105,2021-09-07,122,0.104926,1
108105,2021-09-07,152,0.103794,1
108105,2021-09-07,182,0.106194,1
108105,2021-09-07,273,0.123197,1
108105,2021-09-07,365,0.144626,1
108105,2021-09-07,547,0.27408,1
108105,2021-09-07,730,0.258731,1
108105,2021-09-07,1825,0.192025,1
108105,2021-09-08,10,0.041856,1
108105,2021-09-08,14,0.069,1
108105,2021-09-08,30,0.077419,1
108105,2021-09-08,60,0.093485,1
108105,2021-09-08,91,0.094173,1
108105,2021-09-08,122,0.104362,1
108105,2021-09-08,152,0.103311,1
108105,2021-09-08,182,0.106033,1
108105,2021-09-08,273,0.122776,1
108105,2021-09-08,365,0.141637,1
108105,2021-09-08,547,0.271386,1
108105,2021-09-08,730,0.258735,1
108105,2021-09-08,1825,0.191689,1
108105,2021-09-09,10,0.038807,1
108105,2021-09-09,14,0.06571,1
108105,2021-09-09,30,0.079711,1
108105,2021-09-09,60,0.093283,1
108105,2021-09-09,91,0.094565,1
108105,2021-09-09,122,0.102943,1
108105,2021-09-09,152,0.103162,1
108105,2021-09-09,182,0.105532,1
108105,2021-09-09,273,0.122925,1
108105,2021-09-09,365,0.140499,1
108105,2021-09-09,547,0.268162,1
108105,2021-09-09,730,0.258763,1
108105,2021-09-09,1825,0.191627,1
108105,2021-09-10,10,0.055704,1
108105,2021-09-10,14,0.058602,1
108105,2021-09-10,30,0.084423,1
108105,2021-09-10,60,0.095188,1
108105,2021-09-10,91,0.096116,1
108105,2021-09-10,122,0.102689,1
108105,2021-09-10,152,0.10351,1
108105,2021-09-10,182,0.106263,1
108105,2021-09-10,273,0.123323,1
108105,2021-09-10,365,0.139505,1
108105,2021-09-10,547,0.255143,1
108105,2021-09-10,730,0.258794,1
108105,2021-09-10,1825,0.191588,1
108105,2021-09-13,10,0.059393,1
108105,2021-09-13,14,0.053297,1
108105,2021-09-13,30,0.086169,1
108105,2021-09-13,60,0.096645,1
108105,2021-09-13,91,0.096141,1
108105,2021-09-13,122,0.090887,1
108105,2021-09-13,152,0.10417,1
108105,2021-09-13,182,0.10599,1
108105,2021-09-13,273,0.123169,1
108105,2021-09-13,365,0.139509,1
108105,2021-09-13,547,0.24494,1
108105,2021-09-13,730,0.259048,1
108105,2021-09-13,1825,0.191512,1
108105,2021-09-14,10,0.056136,1
108105,2021-09-14,14,0.05787,1
108105,2021-09-14,30,0.086334,1
108105,2021-09-14,60,0.095784,1
108105,2021-09-14,91,0.096873,1
108105,2021-09-14,122,0.091055,1
108105,2021-09-14,152,0.103405,1
108105,2021-09-14,182,0.106356,1
108105,2021-09-14,273,0.122656,1
108105,2021-09-14,365,0.139199,1
108105,2021-09-14,547,0.221097,1
108105,2021-09-14,730,0.258831,1
108105,2021-09-14,1825,0.191486,1
108105,2021-09-15,10,0.087731,1
108105,2021-09-15,14,0.079801,1
108105,2021-09-15,30,0.091012,1
108105,2021-09-15,60,0.096516,1
108105,2021-09-15,91,0.097272,1
108105,2021-09-15,122,0.091476,1
108105,2021-09-15,152,0.104014,1
108105,2021-09-15,182,0.106853,1
108105,2021-09-15,273,0.122957,1
108105,2021-09-15,365,0.139333,1
108105,2021-09-15,547,0.216264,1
108105,2021-09-15,730,0.258873,1
108105,2021-09-15,1825,0.191509,1
108105,2021-09-16,10,0.08123,1
108105,2021-09-16,14,0.076332,1
108105,2021-09-16,30,0.087528,1
108105,2021-09-16,60,0.095534,1
108105,2021-09-16,91,0.097362,1
108105,2021-09-16,122,0.091383,1
108105,2021-09-16,152,0.103574,1
108105,2021-09-16,182,0.104512,1
108105,2021-09-16,273,0.12287,1
108105,2021-09-16,365,0.13924,1
108105,2021-09-16,547,0.211587,1
108105,2021-09-16,730,0.258875,1
108105,2021-09-16,1825,0.191435,1
108105,2021-09-17,10,0.091323,1
108105,2021-09-17,14,0.085579,1
108105,2021-09-17,30,0.085042,1
108105,2021-09-17,60,0.089576,1
108105,2021-09-17,91,0.095284,1
108105,2021-09-17,122,0.091573,1
108105,2021-09-17,152,0.104171,1
108105,2021-09-17,182,0.10548,1
108105,2021-09-17,273,0.123322,1
108105,2021-09-17,365,0.13929,1
108105,2021-09-17,547,0.211756,1
108105,2021-09-17,730,0.258971,1
108105,2021-09-17,1825,0.191408,1
108105,2021-09-20,10,0.142292,1
108105,2021-09-20,14,0.108951,1
108105,2021-09-20,30,0.101989,1
108105,2021-09-20,60,0.092903,1
108105,2021-09-20,91,0.098341,1
108105,2021-09-20,122,0.096044,1
108105,2021-09-20,152,0.106832,1
108105,2021-09-20,182,0.108191,1
108105,2021-09-20,273,0.124971,1
108105,2021-09-20,365,0.139936,1
108105,2021-09-20,547,0.208957,1
108105,2021-09-20,730,0.259506,1
108105,2021-09-20,1825,0.191669,1
108105,2021-09-21,10,0.131136,1
108105,2021-09-21,14,0.110116,1
108105,2021-09-21,30,0.099408,1
108105,2021-09-21,60,0.08926,1
108105,2021-09-21,91,0.097923,1
108105,2021-09-21,122,0.095494,1
108105,2021-09-21,152,0.105776,1
108105,2021-09-21,182,0.107544,1
108105,2021-09-21,273,0.124939,1
108105,2021-09-21,365,0.139365,1
108105,2021-09-21,547,0.207379,1
108105,2021-09-21,730,0.25925,1
108105,2021-09-21,1825,0.191651,1
108105,2021-09-22,10,0.14124,1
108105,2021-09-22,14,0.128544,1
108105,2021-09-22,30,0.10064,1
108105,2021-09-22,60,0.091371,1
108105,2021-09-22,91,0.099537,1
108105,2021-09-22,122,0.096158,1
108105,2021-09-22,152,0.105466,1
108105,2021-09-22,182,0.107847,1
108105,2021-09-22,273,0.125336,1
108105,2021-09-22,365,0.139302,1
108105,2021-09-22,547,0.194595,1
108105,2021-09-22,730,0.259323,1
108105,2021-09-22,1825,0.191672,1
108105,2021-09-23,10,0.16069,1
108105,2021-09-23,14,0.147325,1
108105,2021-09-23,30,0.110027,1
108105,2021-09-23,60,0.094947,1
108105,2021-09-23,91,0.101642,1
108105,2021-09-23,122,0.096862,1
108105,2021-09-23,152,0.106472,1
108105,2021-09-23,182,0.10882,1
108105,2021-09-23,273,0.125965,1
108105,2021-09-23,365,0.137428,1
108105,2021-09-23,547,0.194616,1
108105,2021-09-23,730,0.259364,1
108105,2021-09-23,1825,0.191665,1
108105,2021-09-24,10,0.157339,1
108105,2021-09-24,14,0.142671,1
108105,2021-09-24,30,0.109831,1
108105,2021-09-24,60,0.094846,1
108105,2021-09-24,91,0.101512,1
108105,2021-09-24,122,0.096746,1
108105,2021-09-24,152,0.105977,1
108105,2021-09-24,182,0.106565,1
108105,2021-09-24,273,0.125629,1
108105,2021-09-24,365,0.137417,1
108105,2021-09-24,547,0.188529,1
108105,2021-09-24,730,0.259337,1
108105,2021-09-24,1825,0.191589,1
108105,2021-09-27,10,0.164683,1
108105,2021-09-27,14,0.142602,1
108105,2021-09-27,30,0.105994,1
108105,2021-09-27,60,0.096157,1
108105,2021-09-27,91,0.101681,1
108105,2021-09-27,122,0.098083,1
108105,2021-09-27,152,0.107072,1
108105,2021-09-27,182,0.106663,1
108105,2021-09-27,273,0.125383,1
108105,2021-09-27,365,0.136691,1
108105,2021-09-27,547,0.186287,1
108105,2021-09-27,730,0.259561,1
108105,2021-09-27,1825,0.191674,1
108105,2021-09-28,10,0.195978,1
108105,2021-09-28,14,0.173686,1
108105,2021-09-28,30,0.124072,1
108105,2021-09-28,60,0.108249,1
108105,2021-09-28,91,0.110114,1
108105,2021-09-28,122,0.104201,1
108105,2021-09-28,152,0.11153,1
108105,2021-09-28,182,0.110761,1
108105,2021-09-28,273,0.12778,1
108105,2021-09-28,365,0.137603,1
108105,2021-09-28,547,0.185365,1
108105,2021-09-28,730,0.259743,1
108105,2021-09-28,1825,0.191856,1
108105,2021-09-29,10,0.182952,1
108105,2021-09-29,14,0.165283,1
108105,2021-09-29,30,0.122767,1
108105,2021-09-29,60,0.107012,1
108105,2021-09-29,91,0.110125,1
108105,2021-09-29,122,0.103598,1
108105,2021-09-29,152,0.11092,1
108105,2021-09-29,182,0.110692,1
108105,2021-09-29,273,0.127782,1
108105,2021-09-29,365,0.137478,1
108105,2021-09-29,547,0.184812,1
108105,2021-09-29,730,0.259726,1
108105,2021-09-29,1825,0.191828,1
108105,2021-09-30,10,0.169526,1
108105,2021-09-30,14,0.171359,1
108105,2021-09-30,30,0.127685,1
108105,2021-09-30,60,0.109513,1
108105,2021-09-30,91,0.11231,1
108105,2021-09-30,122,0.105154,1
108105,2021-09-30,152,0.112029,1
108105,2021-09-30,182,0.111018,1
108105,2021-09-30,273,0.12847,1
108105,2021-09-30,365,0.137905,1
108105,2021-09-30,547,0.181178,1
108105,2021-09-30,730,0.259717,1
108105,2021-09-30,1825,0.191834,1
108105,2021-10-01,10,0.184437,1
108105,2021-10-01,14,0.183987,1
108105,2021-10-01,30,0.1361,1
108105,2021-10-01,60,0.113164,1
108105,2021-10-01,91,0.113656,1
108105,2021-10-01,122,0.106859,1
108105,2021-10-01,152,0.112803,1
108105,2021-10-01,182,0.111633,1
108105,2021-10-01,273,0.128722,1
108105,2021-10-01,365,0.138234,1
108105,2021-10-01,547,0.180538,1
108105,2021-10-01,730,0.259483,1
108105,2021-10-01,1825,0.191819,1
108105,2021-10-04,10,0.183683,1
108105,2021-10-04,14,0.175418,1
108105,2021-10-04,30,0.143781,1
108105,2021-10-04,60,0.116679,1
108105,2021-10-04,91,0.115702,1
108105,2021-10-04,122,0.109398,1
108105,2021-10-04,152,0.115199,1
108105,2021-10-04,182,0.111581,1
108105,2021-10-04,273,0.128446,1
108105,2021-10-04,365,0.138544,1
108105,2021-10-04,547,0.180412,1
108105,2021-10-04,730,0.259706,1
108105,2021-10-04,1825,0.192038,1
108105,2021-10-05,10,0.194333,1
108105,2021-10-05,14,0.185207,1
108105,2021-10-05,30,0.147336,1
108105,2021-10-05,60,0.119811,1
108105,2021-10-05,91,0.11755,1
108105,2021-10-05,122,0.110174,1
108105,2021-10-05,152,0.11564,1
108105,2021-10-05,182,0.112457,1
108105,2021-10-05,273,0.12873,1
108105,2021-10-05,365,0.137841,1
108105,2021-10-05,547,0.17216,1
108105,2021-10-05,730,0.259539,1
108105,2021-10-05,1825,0.19209,1
108105,2021-10-06,10,0.18498,1
108105,2021-10-06,14,0.179214,1
108105,2021-10-06,30,0.145274,1
108105,2021-10-06,60,0.118876,1
108105,2021-10-06,91,0.117644,1
108105,2021-10-06,122,0.109714,1
108105,2021-10-06,152,0.11527,1
108105,2021-10-06,182,0.112562,1
108105,2021-10-06,273,0.128661,1
108105,2021-10-06,365,0.137045,1
108105,2021-10-06,547,0.172159,1
108105,2021-10-06,730,0.259523,1
108105,2021-10-06,1825,0.192088,1
108105,2021-10-07,10,0.194734,1
108105,2021-10-07,14,0.172512,1
108105,2021-10-07,30,0.149005,1
108105,2021-10-07,60,0.119308,1
108105,2021-10-07,91,0.117461,1
108105,2021-10-07,122,0.110524,1
108105,2021-10-07,152,0.115377,1
108105,2021-10-07,182,0.112971,1
108105,2021-10-07,273,0.127937,1
108105,2021-10-07,365,0.136269,1
108105,2021-10-07,547,0.170228,1
108105,2021-10-07,730,0.259314,1
108105,2021-10-07,1825,0.192043,1
108105,2021-10-08,10,0.151308,1
108105,2021-10-08,14,0.171934,1
108105,2021-10-08,30,0.149024,1
108105,2021-10-08,60,0.119368,1
108105,2021-10-08,91,0.115446,1
108105,2021-10-08,122,0.110598,1
108105,2021-10-08,152,0.114885,1
108105,2021-10-08,182,0.112569,1
108105,2021-10-08,273,0.127857,1
108105,2021-10-08,365,0.13612,1
108105,2021-10-08,547,0.169907,1
108105,2021-10-08,730,0.259255,1
108105,2021-10-08,1825,0.19197,1
108105,2021-10-11,10,0.144885,1
108105,2021-10-11,14,0.174048,1
108105,2021-10-11,30,0.151767,1
108105,2021-10-11,60,0.122862,1
108105,2021-10-11,91,0.11606,1
108105,2021-10-11,122,0.112293,1
108105,2021-10-11,152,0.109053,1
108105,2021-10-11,182,0.113044,1
108105,2021-10-11,273,0.127881,1
108105,2021-10-11,365,0.136119,1
108105,2021-10-11,547,0.169811,1
108105,2021-10-11,730,0.259441,1
108105,2021-10-11,1825,0.192054,1
108105,2021-10-12,10,0.133163,1
108105,2021-10-12,14,0.139905,1
108105,2021-10-12,30,0.148182,1
108105,2021-10-12,60,0.122822,1
108105,2021-10-12,91,0.115949,1
108105,2021-10-12,122,0.111722,1
108105,2021-10-12,152,0.107678,1
108105,2021-10-12,182,0.113041,1
108105,2021-10-12,273,0.127933,1
108105,2021-10-12,365,0.135279,1
108105,2021-10-12,547,0.169583,1
108105,2021-10-12,730,0.259193,1
108105,2021-10-12,1825,0.192051,1
108105,2021-10-13,10,0.124609,1
108105,2021-10-13,14,0.140561,1
108105,2021-10-13,30,0.148407,1
108105,2021-10-13,60,0.121647,1
108105,2021-10-13,91,0.116086,1
108105,2021-10-13,122,0.111161,1
108105,2021-10-13,152,0.105417,1
108105,2021-10-13,182,0.112921,1
108105,2021-10-13,273,0.127948,1
108105,2021-10-13,365,0.135106,1
108105,2021-10-13,547,0.167935,1
108105,2021-10-13,730,0.259194,1
108105,2021-10-13,1825,0.192054,1
108105,2021-10-14,10,0.123354,1
108105,2021-10-14,14,0.145786,1
108105,2021-10-14,30,0.159275,1
108105,2021-10-14,60,0.127423,1
108105,2021-10-14,91,0.120661,1
108105,2021-10-14,122,0.114716,1
108105,2021-10-14,152,0.107953,1
108105,2021-10-14,182,0.114321,1
108105,2021-10-14,273,0.1292,1
108105,2021-10-14,365,0.135844,1
108105,2021-10-14,547,0.167333,1
108105,2021-10-14,730,0.259365,1
108105,2021-10-14,1825,0.192117,1
108105,2021-10-15,10,0.118658,1
108105,2021-10-15,14,0.140601,1
108105,2021-10-15,30,0.158667,1
108105,2021-10-15,60,0.12858,1
108105,2021-10-15,91,0.12043,1
108105,2021-10-15,122,0.115243,1
108105,2021-10-15,152,0.107956,1
108105,2021-10-15,182,0.114656,1
108105,2021-10-15,273,0.129084,1
108105,2021-10-15,365,0.135975,1
108105,2021-10-15,547,0.167368,1
108105,2021-10-15,730,0.2594,1
108105,2021-10-15,1825,0.192065,1
108105,2021-10-18,10,0.130662,1
108105,2021-10-18,14,0.110278,1
108105,2021-10-18,30,0.159397,1
108105,2021-10-18,60,0.127745,1
108105,2021-10-18,91,0.115855,1
108105,2021-10-18,122,0.113632,1
108105,2021-10-18,152,0.107833,1
108105,2021-10-18,182,0.114424,1
108105,2021-10-18,273,0.128774,1
108105,2021-10-18,365,0.135993,1
108105,2021-10-18,547,0.166104,1
108105,2021-10-18,730,0.259639,1
108105,2021-10-18,1825,0.192198,1
108105,2021-10-19,10,0.121431,1
108105,2021-10-19,14,0.106397,1
108105,2021-10-19,30,0.157246,1
108105,2021-10-19,60,0.127478,1
108105,2021-10-19,91,0.113049,1
108105,2021-10-19,122,0.113505,1
108105,2021-10-19,152,0.107259,1
108105,2021-10-19,182,0.114331,1
108105,2021-10-19,273,0.128722,1
108105,2021-10-19,365,0.135004,1
108105,2021-10-19,547,0.165436,1
108105,2021-10-19,730,0.259422,1
108105,2021-10-19,1825,0.19222,1
108105,2021-10-20,10,0.112452,1
108105,2021-10-20,14,0.1064,1
108105,2021-10-20,30,0.143855,1
108105,2021-10-20,60,0.126162,1
108105,2021-10-20,91,0.112197,1
108105,2021-10-20,122,0.11293,1
108105,2021-10-20,152,0.107322,1
108105,2021-10-20,182,0.113762,1
108105,2021-10-20,273,0.12789,1
108105,2021-10-20,365,0.13498,1
108105,2021-10-20,547,0.163312,1
108105,2021-10-20,730,0.259395,1
108105,2021-10-20,1825,0.192224,1
108105,2021-10-21,10,0.089071,1
108105,2021-10-21,14,0.103572,1
108105,2021-10-21,30,0.143594,1
108105,2021-10-21,60,0.124797,1
108105,2021-10-21,91,0.112262,1
108105,2021-10-21,122,0.110753,1
108105,2021-10-21,152,0.106861,1
108105,2021-10-21,182,0.112934,1
108105,2021-10-21,273,0.127912,1
108105,2021-10-21,365,0.134953,1
108105,2021-10-21,547,0.162384,1
108105,2021-10-21,730,0.259381,1
108105,2021-10-21,1825,0.192151,1
108105,2021-10-22,10,0.085107,1
108105,2021-10-22,14,0.102453,1
108105,2021-10-22,30,0.141424,1
108105,2021-10-22,60,0.12329,1
108105,2021-10-22,91,0.110675,1
108105,2021-10-22,122,0.110555,1
108105,2021-10-22,152,0.106397,1
108105,2021-10-22,182,0.112044,1
108105,2021-10-22,273,0.127852,1
108105,2021-10-22,365,0.134908,1
108105,2021-10-22,547,0.162389,1
108105,2021-10-22,730,0.25938,1
108105,2021-10-22,1825,0.192076,1
108105,2021-10-25,10,0.043585,1
108105,2021-10-25,14,0.084732,1
108105,2021-10-25,30,0.140353,1
108105,2021-10-25,60,0.125707,1
108105,2021-10-25,91,0.110937,1
108105,2021-10-25,122,0.111615,1
108105,2021-10-25,152,0.106552,1
108105,2021-10-25,182,0.11218,1
108105,2021-10-25,273,0.127891,1
108105,2021-10-25,365,0.134937,1
108105,2021-10-25,547,0.16209,1
108105,2021-10-25,730,0.259642,1
108105,2021-10-25,1825,0.192216,1
108105,2021-10-26,10,0.041059,1
108105,2021-10-26,14,0.077241,1
108105,2021-10-26,30,0.136988,1
108105,2021-10-26,60,0.124004,1
108105,2021-10-26,91,0.110463,1
108105,2021-10-26,122,0.110964,1
108105,2021-10-26,152,0.106562,1
108105,2021-10-26,182,0.112184,1
108105,2021-10-26,273,0.127866,1
108105,2021-10-26,365,0.133457,1
108105,2021-10-26,547,0.161722,1
108105,2021-10-26,730,0.259385,1
108105,2021-10-26,1825,0.19221,1
108105,2021-10-27,10,0.06026,1
108105,2021-10-27,14,0.092305,1
108105,2021-10-27,30,0.137999,1
108105,2021-10-27,60,0.123198,1
108105,2021-10-27,91,0.111025,1
108105,2021-10-27,122,0.110762,1
108105,2021-10-27,152,0.10695,1
108105,2021-10-27,182,0.112457,1
108105,2021-10-27,273,0.124209,1
108105,2021-10-27,365,0.133537,1
108105,2021-10-27,547,0.161717,1
108105,2021-10-27,730,0.259396,1
108105,2021-10-27,1825,0.19222,1
108105,2021-10-28,10,0.073854,1
108105,2021-10-28,14,0.068746,1
108105,2021-10-28,30,0.117516,1
108105,2021-10-28,60,0.123903,1
108105,2021-10-28,91,0.112309,1
108105,2021-10-28,122,0.111814,1
108105,2021-10-28,152,0.107346,1
108105,2021-10-28,182,0.112867,1
108105,2021-10-28,273,0.124215,1
108105,2021-10-28,365,0.128518,1
108105,2021-10-28,547,0.160573,1
108105,2021-10-28,730,0.259472,1
108105,2021-10-28,1825,0.192187,1
108105,2021-10-29,10,0.068457,1
108105,2021-10-29,14,0.065397,1
108105,2021-10-29,30,0.117488,1
108105,2021-10-29,60,0.123595,1
108105,2021-10-29,91,0.111675,1
108105,2021-10-29,122,0.111828,1
108105,2021-10-29,152,0.106852,1
108105,2021-10-29,182,0.112319,1
108105,2021-10-29,273,0.121926,1
108105,2021-10-29,365,0.128084,1
108105,2021-10-29,547,0.160347,1
108105,2021-10-29,730,0.259467,1
108105,2021-10-29,1825,0.192111,1
108105,2021-11-01,10,0.076627,1
108105,2021-11-01,14,0.065592,1
108105,2021-11-01,30,0.104116,1
108105,2021-11-01,60,0.126471,1
108105,2021-11-01,91,0.111573,1
108105,2021-11-01,122,0.112304,1
108105,2021-11-01,152,0.107345,1
108105,2021-11-01,182,0.112294,1
108105,2021-11-01,273,0.12072,1
108105,2021-11-01,365,0.127364,1
108105,2021-11-01,547,0.158503,1
108105,2021-11-01,730,0.259637,1
108105,2021-11-01,1825,0.192209,1
108105,2021-11-02,10,0.070303,1
108105,2021-11-02,14,0.060835,1
108105,2021-11-02,30,0.101657,1
108105,2021-11-02,60,0.126713,1
108105,2021-11-02,91,0.110737,1
108105,2021-11-02,122,0.111751,1
108105,2021-11-02,152,0.1072,1
108105,2021-11-02,182,0.111867,1
108105,2021-11-02,273,0.119855,1
108105,2021-11-02,365,0.126917,1
108105,2021-11-02,547,0.158496,1
108105,2021-11-02,730,0.259387,1
108105,2021-11-02,1825,0.192201,1
108105,2021-11-03,10,0.068441,1
108105,2021-11-03,14,0.063937,1
108105,2021-11-03,30,0.08531,1
108105,2021-11-03,60,0.125999,1
108105,2021-11-03,91,0.110775,1
108105,2021-11-03,122,0.111521,1
108105,2021-11-03,152,0.106847,1
108105,2021-11-03,182,0.112145,1
108105,2021-11-03,273,0.120018,1
108105,2021-11-03,365,0.125968,1
108105,2021-11-03,547,0.158427,1
108105,2021-11-03,730,0.259409,1
108105,2021-11-03,1825,0.192215,1
108105,2021-11-04,10,0.06804,1
108105,2021-11-04,14,0.064359,1
108105,2021-11-04,30,0.081867,1
108105,2021-11-04,60,0.124782,1
108105,2021-11-04,91,0.110499,1
108105,2021-11-04,122,0.11102,1
108105,2021-11-04,152,0.106459,1
108105,2021-11-04,182,0.111771,1
108105,2021-11-04,273,0.119541,1
108105,2021-11-04,365,0.1243,1
108105,2021-11-04,547,0.158299,1
108105,2021-11-04,730,0.259416,1
108105,2021-11-04,1825,0.192145,1
108105,2021-11-05,10,0.067616,1
108105,2021-11-05,14,0.060624,1
108105,2021-11-05,30,0.081837,1
108105,2021-11-05,60,0.123531,1
108105,2021-11-05,91,0.110634,1
108105,2021-11-05,122,0.111017,1
108105,2021-11-05,152,0.106046,1
108105,2021-11-05,182,0.111466,1
108105,2021-11-05,273,0.119536,1
108105,2021-11-05,365,0.122998,1
108105,2021-11-05,547,0.158095,1
108105,2021-11-05,730,0.259424,1
108105,2021-11-05,1825,0.192074,1
108105,2021-11-08,10,0.030853,1
108105,2021-11-08,14,0.061153,1
108105,2021-11-08,30,0.080327,1
108105,2021-11-08,60,0.125171,1
108105,2021-11-08,91,0.110573,1
108105,2021-11-08,122,0.10959,1
108105,2021-11-08,152,0.106918,1
108105,2021-11-08,182,0.110303,1
108105,2021-11-08,273,0.119308,1
108105,2021-11-08,365,0.12299,1
108105,2021-11-08,547,0.157591,1
108105,2021-11-08,730,0.259676,1
108105,2021-11-08,1825,0.191927,1
108105,2021-11-09,10,0.050344,1
108105,2021-11-09,14,0.069149,1
108105,2021-11-09,30,0.081659,1
108105,2021-11-09,60,0.123753,1
108105,2021-11-09,91,0.110921,1
108105,2021-11-09,122,0.1092,1
108105,2021-11-09,152,0.106994,1
108105,2021-11-09,182,0.109636,1
108105,2021-11-09,273,0.119395,1
108105,2021-11-09,365,0.122627,1
108105,2021-11-09,547,0.157636,1
108105,2021-11-09,730,0.259436,1
108105,2021-11-09,1825,0.191935,1
108105,2021-11-10,10,0.07609,1
108105,2021-11-10,14,0.079825,1
108105,2021-11-10,30,0.083744,1
108105,2021-11-10,60,0.124389,1
108105,2021-11-10,91,0.112329,1
108105,2021-11-10,122,0.109655,1
108105,2021-11-10,152,0.107918,1
108105,2021-11-10,182,0.105652,1
108105,2021-11-10,273,0.119857,1
108105,2021-11-10,365,0.122959,1
108105,2021-11-10,547,0.1568,1
108105,2021-11-10,730,0.259508,1
108105,2021-11-10,1825,0.191974,1
108105,2021-11-11,10,0.07601,1
108105,2021-11-11,14,0.067314,1
108105,2021-11-11,30,0.082074,1
108105,2021-11-11,60,0.122938,1
108105,2021-11-11,91,0.112237,1
108105,2021-11-11,122,0.109554,1
108105,2021-11-11,152,0.107408,1
108105,2021-11-11,182,0.104484,1
108105,2021-11-11,273,0.119854,1
108105,2021-11-11,365,0.122784,1
108105,2021-11-11,547,0.156039,1
108105,2021-11-11,730,0.259508,1
108105,2021-11-11,1825,0.191898,1
108105,2021-11-12,10,0.082805,1
108105,2021-11-12,14,0.073905,1
108105,2021-11-12,30,0.083284,1
108105,2021-11-12,60,0.123809,1
108105,2021-11-12,91,0.112974,1
108105,2021-11-12,122,0.109869,1
108105,2021-11-12,152,0.107345,1
108105,2021-11-12,182,0.103007,1
108105,2021-11-12,273,0.119994,1
108105,2021-11-12,365,0.122432,1
108105,2021-11-12,547,0.155893,1
108105,2021-11-12,730,0.259547,1
108105,2021-11-12,1825,0.191844,1
108105,2021-11-15,10,0.081487,1
108105,2021-11-15,14,0.074373,1
108105,2021-11-15,30,0.067462,1
108105,2021-11-15,60,0.12418,1
108105,2021-11-15,91,0.112919,1
108105,2021-11-15,122,0.109983,1
108105,2021-11-15,152,0.10782,1
108105,2021-11-15,182,0.1029,1
108105,2021-11-15,273,0.119683,1
108105,2021-11-15,365,0.121802,1
108105,2021-11-15,547,0.155883,1
108105,2021-11-15,730,0.259761,1
108105,2021-11-15,1825,0.19197,1
108105,2021-11-16,10,0.078895,1
108105,2021-11-16,14,0.07453,1
108105,2021-11-16,30,0.066075,1
108105,2021-11-16,60,0.121649,1
108105,2021-11-16,91,0.111988,1
108105,2021-11-16,122,0.109449,1
108105,2021-11-16,152,0.107889,1
108105,2021-11-16,182,0.102095,1
108105,2021-11-16,273,0.119718,1
108105,2021-11-16,365,0.121376,1
108105,2021-11-16,547,0.153992,1
108105,2021-11-16,730,0.259511,1
108105,2021-11-16,1825,0.191967,1
108105,2021-11-17,10,0.074607,1
108105,2021-11-17,14,0.071532,1
108105,2021-11-17,30,0.067955,1
108105,2021-11-17,60,0.120582,1
108105,2021-11-17,91,0.109729,1
108105,2021-11-17,122,0.10898,1
108105,2021-11-17,152,0.105751,1
108105,2021-11-17,182,0.102069,1
108105,2021-11-17,273,0.119779,1
108105,2021-11-17,365,0.12129,1
108105,2021-11-17,547,0.153724,1
108105,2021-11-17,730,0.259522,1
108105,2021-11-17,1825,0.191968,1
108105,2021-11-18,10,0.077222,1
108105,2021-11-18,14,0.070526,1
108105,2021-11-18,30,0.065474,1
108105,2021-11-18,60,0.119275,1
108105,2021-11-18,91,0.10983,1
108105,2021-11-18,122,0.105086,1
108105,2021-11-18,152,0.105308,1
108105,2021-11-18,182,0.101237,1
108105,2021-11-18,273,0.119652,1
108105,2021-11-18,365,0.120643,1
108105,2021-11-18,547,0.153227,1
108105,2021-11-18,730,0.259527,1
108105,2021-11-18,1825,0.191895,1
108105,2021-11-19,10,0.074567,1
108105,2021-11-19,14,0.068675,1
108105,2021-11-19,30,0.066008,1
108105,2021-11-19,60,0.110625,1
108105,2021-11-19,91,0.108994,1
108105,2021-11-19,122,0.102403,1
108105,2021-11-19,152,0.104886,1
108105,2021-11-19,182,0.101262,1
108105,2021-11-19,273,0.119639,1
108105,2021-11-19,365,0.120635,1
108105,2021-11-19,547,0.153064,1
108105,2021-11-19,730,0.259511,1
108105,2021-11-19,1825,0.191821,1
108105,2021-11-22,10,0.047782,1
108105,2021-11-22,14,0.070261,1
108105,2021-11-22,30,0.068869,1
108105,2021-11-22,60,0.108871,1
108105,2021-11-22,91,0.108194,1
108105,2021-11-22,122,0.101783,1
108105,2021-11-22,152,0.103945,1
108105,2021-11-22,182,0.100637,1
108105,2021-11-22,273,0.119312,1
108105,2021-11-22,365,0.120451,1
108105,2021-11-22,547,0.153104,1
108105,2021-11-22,730,0.259778,1
108105,2021-11-22,1825,0.191956,1
108105,2021-11-23,10,0.044732,1
108105,2021-11-23,14,0.068632,1
108105,2021-11-23,30,0.067214,1
108105,2021-11-23,60,0.108875,1
108105,2021-11-23,91,0.1082,1
108105,2021-11-23,122,0.101196,1
108105,2021-11-23,152,0.103676,1
108105,2021-11-23,182,0.100553,1
108105,2021-11-23,273,0.119314,1
108105,2021-11-23,365,0.120367,1
108105,2021-11-23,547,0.152902,1
108105,2021-11-23,730,0.25952,1
108105,2021-11-23,1825,0.19188,1
108105,2021-11-24,10,0.042985,1
108105,2021-11-24,14,0.050662,1
108105,2021-11-24,30,0.066276,1
108105,2021-11-24,60,0.107602,1
108105,2021-11-24,91,0.108204,1
108105,2021-11-24,122,0.100642,1
108105,2021-11-24,152,0.10363,1
108105,2021-11-24,182,0.100563,1
108105,2021-11-24,273,0.11873,1
108105,2021-11-24,365,0.119433,1
108105,2021-11-24,547,0.152641,1
108105,2021-11-24,730,0.25948,1
108105,2021-11-24,1825,0.191876,1
108105,2021-11-26,10,0.143765,1
108105,2021-11-26,14,0.130603,1
108105,2021-11-26,30,0.106481,1
108105,2021-11-26,60,0.122263,1
108105,2021-11-26,91,0.117036,1
108105,2021-11-26,122,0.108654,1
108105,2021-11-26,152,0.109453,1
108105,2021-11-26,182,0.106462,1
108105,2021-11-26,273,0.118358,1
108105,2021-11-26,365,0.121796,1
108105,2021-11-26,547,0.153686,1
108105,2021-11-26,730,0.26027,1
108105,2021-11-26,1825,0.192089,1
108105,2021-11-29,10,0.210293,1
108105,2021-11-29,14,0.153684,1
108105,2021-11-29,30,0.11347,1
108105,2021-11-29,60,0.111495,1
108105,2021-11-29,91,0.119561,1
108105,2021-11-29,122,0.111424,1
108105,2021-11-29,152,0.11214,1
108105,2021-11-29,182,0.10747,1
108105,2021-11-29,273,0.116307,1
108105,2021-11-29,365,0.122395,1
108105,2021-11-29,547,0.153968,1
108105,2021-11-29,730,0.260395,1
108105,2021-11-29,1825,0.1923,1
108105,2021-11-30,10,0.21903,1
108105,2021-11-30,14,0.178585,1
108105,2021-11-30,30,0.129924,1
108105,2021-11-30,60,0.120429,1
108105,2021-11-30,91,0.125777,1
108105,2021-11-30,122,0.115901,1
108105,2021-11-30,152,0.116077,1
108105,2021-11-30,182,0.111071,1
108105,2021-11-30,273,0.11813,1
108105,2021-11-30,365,0.123915,1
108105,2021-11-30,547,0.154837,1
108105,2021-11-30,730,0.260517,1
108105,2021-11-30,1825,0.192495,1
108105,2021-12-01,10,0.204527,1
108105,2021-12-01,14,0.184256,1
108105,2021-12-01,30,0.135535,1
108105,2021-12-01,60,0.123161,1
108105,2021-12-01,91,0.12806,1
108105,2021-12-01,122,0.117136,1
108105,2021-12-01,152,0.11714,1
108105,2021-12-01,182,0.11246,1
108105,2021-12-01,273,0.117939,1
108105,2021-12-01,365,0.124142,1
108105,2021-12-01,547,0.155086,1
108105,2021-12-01,730,0.260585,1
108105,2021-12-01,1825,0.192576,1
108105,2021-12-02,10,0.237243,1
108105,2021-12-02,14,0.205694,1
108105,2021-12-02,30,0.144614,1
108105,2021-12-02,60,0.125847,1
108105,2021-12-02,91,0.131032,1
108105,2021-12-02,122,0.119423,1
108105,2021-12-02,152,0.118493,1
108105,2021-12-02,182,0.113904,1
108105,2021-12-02,273,0.117733,1
108105,2021-12-02,365,0.124845,1
108105,2021-12-02,547,0.155116,1
108105,2021-12-02,730,0.260703,1
108105,2021-12-02,1825,0.192594,1
108105,2021-12-03,10,0.236207,1
108105,2021-12-03,14,0.207312,1
108105,2021-12-03,30,0.144761,1
108105,2021-12-03,60,0.1232,1
108105,2021-12-03,91,0.132161,1
108105,2021-12-03,122,0.119652,1
108105,2021-12-03,152,0.118732,1
108105,2021-12-03,182,0.114045,1
108105,2021-12-03,273,0.11632,1
108105,2021-12-03,365,0.125187,1
108105,2021-12-03,547,0.155268,1
108105,2021-12-03,730,0.260756,1
108105,2021-12-03,1825,0.19256,1
108105,2021-12-06,10,0.233986,1
108105,2021-12-06,14,0.223072,1
108105,2021-12-06,30,0.153455,1
108105,2021-12-06,60,0.12535,1
108105,2021-12-06,91,0.133131,1
108105,2021-12-06,122,0.121952,1
108105,2021-12-06,152,0.120411,1
108105,2021-12-06,182,0.115096,1
108105,2021-12-06,273,0.116754,1
108105,2021-12-06,365,0.125403,1
108105,2021-12-06,547,0.154179,1
108105,2021-12-06,730,0.261063,1
108105,2021-12-06,1825,0.192678,1
108105,2021-12-07,10,0.246791,1
108105,2021-12-07,14,0.253496,1
108105,2021-12-07,30,0.167296,1
108105,2021-12-07,60,0.134032,1
108105,2021-12-07,91,0.138872,1
108105,2021-12-07,122,0.126061,1
108105,2021-12-07,152,0.123457,1
108105,2021-12-07,182,0.118438,1
108105,2021-12-07,273,0.117946,1
108105,2021-12-07,365,0.126898,1
108105,2021-12-07,547,0.15474,1
108105,2021-12-07,730,0.261177,1
108105,2021-12-07,1825,0.192883,1
108105,2021-12-08,10,0.228488,1
108105,2021-12-08,14,0.253765,1
108105,2021-12-08,30,0.167633,1
108105,2021-12-08,60,0.132438,1
108105,2021-12-08,91,0.138908,1
108105,2021-12-08,122,0.125387,1
108105,2021-12-08,152,0.122437,1
108105,2021-12-08,182,0.118421,1
108105,2021-12-08,273,0.117828,1
108105,2021-12-08,365,0.126903,1
108105,2021-12-08,547,0.154582,1
108105,2021-12-08,730,0.261166,1
108105,2021-12-08,1825,0.192871,1
108105,2021-12-09,10,0.224102,1
108105,2021-12-09,14,0.241967,1
108105,2021-12-09,30,0.169091,1
108105,2021-12-09,60,0.132587,1
108105,2021-12-09,91,0.139394,1
108105,2021-12-09,122,0.126083,1
108105,2021-12-09,152,0.12246,1
108105,2021-12-09,182,0.118838,1
108105,2021-12-09,273,0.117703,1
108105,2021-12-09,365,0.12685,1
108105,2021-12-09,547,0.154641,1
108105,2021-12-09,730,0.261224,1
108105,2021-12-09,1825,0.192826,1
108105,2021-12-10,10,0.189509,1
108105,2021-12-10,14,0.211298,1
108105,2021-12-10,30,0.169594,1
108105,2021-12-10,60,0.132363,1
108105,2021-12-10,91,0.139466,1
108105,2021-12-10,122,0.127,1
108105,2021-12-10,152,0.12264,1
108105,2021-12-10,182,0.119464,1
108105,2021-12-10,273,0.11812,1
108105,2021-12-10,365,0.127118,1
108105,2021-12-10,547,0.146324,1
108105,2021-12-10,730,0.261293,1
108105,2021-12-10,1825,0.192791,1
108105,2021-12-13,10,0.182115,1
108105,2021-12-13,14,0.209639,1
108105,2021-12-13,30,0.175555,1
108105,2021-12-13,60,0.13233,1
108105,2021-12-13,91,0.140847,1
108105,2021-12-13,122,0.129533,1
108105,2021-12-13,152,0.124491,1
108105,2021-12-13,182,0.120282,1
108105,2021-12-13,273,0.118517,1
108105,2021-12-13,365,0.127505,1
108105,2021-12-13,547,0.146249,1
108105,2021-12-13,730,0.26159,1
108105,2021-12-13,1825,0.192934,1
108105,2021-12-14,10,0.18171,1
108105,2021-12-14,14,0.186254,1
108105,2021-12-14,30,0.172993,1
108105,2021-12-14,60,0.133101,1
108105,2021-12-14,91,0.141207,1
108105,2021-12-14,122,0.129498,1
108105,2021-12-14,152,0.124977,1
108105,2021-12-14,182,0.120779,1
108105,2021-12-14,273,0.118875,1
108105,2021-12-14,365,0.127675,1
108105,2021-12-14,547,0.146301,1
108105,2021-12-14,730,0.261395,1
108105,2021-12-14,1825,0.192963,1
108105,2021-12-15,10,0.183903,1
108105,2021-12-15,14,0.183282,1
108105,2021-12-15,30,0.182444,1
108105,2021-12-15,60,0.136735,1
108105,2021-12-15,91,0.143742,1
108105,2021-12-15,122,0.13154,1
108105,2021-12-15,152,0.126628,1
108105,2021-12-15,182,0.122427,1
108105,2021-12-15,273,0.120168,1
108105,2021-12-15,365,0.128035,1
108105,2021-12-15,547,0.146109,1
108105,2021-12-15,730,0.261585,1
108105,2021-12-15,1825,0.193087,1
108105,2021-12-16,10,0.191419,1
108105,2021-12-16,14,0.184911,1
108105,2021-12-16,30,0.184558,1
108105,2021-12-16,60,0.137257,1
108105,2021-12-16,91,0.144922,1
108105,2021-12-16,122,0.132469,1
108105,2021-12-16,152,0.126884,1
108105,2021-12-16,182,0.123165,1
108105,2021-12-16,273,0.119304,1
108105,2021-12-16,365,0.128402,1
108105,2021-12-16,547,0.14628,1
108105,2021-12-16,730,0.261672,1
108105,2021-12-16,1825,0.193055,1
108105,2021-12-17,10,0.160327,1
108105,2021-12-17,14,0.188061,1
108105,2021-12-17,30,0.18768,1
108105,2021-12-17,60,0.139829,1
108105,2021-12-17,91,0.145263,1
108105,2021-12-17,122,0.133136,1
108105,2021-12-17,152,0.127413,1
108105,2021-12-17,182,0.122578,1
108105,2021-12-17,273,0.119996,1
108105,2021-12-17,365,0.128802,1
108105,2021-12-17,547,0.146575,1
108105,2021-12-17,730,0.261789,1
108105,2021-12-17,1825,0.193041,1
108105,2021-12-20,10,0.167719,1
108105,2021-12-20,14,0.189893,1
108105,2021-12-20,30,0.195585,1
108105,2021-12-20,60,0.144908,1
108105,2021-12-20,91,0.142905,1
108105,2021-12-20,122,0.134217,1
108105,2021-12-20,152,0.124838,1
108105,2021-12-20,182,0.122366,1
108105,2021-12-20,273,0.12062,1
108105,2021-12-20,365,0.129317,1
108105,2021-12-20,547,0.146828,1
108105,2021-12-20,730,0.262161,1
108105,2021-12-20,1825,0.193258,1
108105,2021-12-21,10,0.205296,1
108105,2021-12-21,14,0.181344,1
108105,2021-12-21,30,0.201702,1
108105,2021-12-21,60,0.151231,1
108105,2021-12-21,91,0.146736,1
108105,2021-12-21,122,0.136696,1
108105,2021-12-21,152,0.127599,1
108105,2021-12-21,182,0.124535,1
108105,2021-12-21,273,0.12177,1
108105,2021-12-21,365,0.130313,1
108105,2021-12-21,547,0.147384,1
108105,2021-12-21,730,0.262173,1
108105,2021-12-21,1825,0.193406,1
108105,2021-12-22,10,0.201732,1
108105,2021-12-22,14,0.188867,1
108105,2021-12-22,30,0.204713,1
108105,2021-12-22,60,0.151205,1
108105,2021-12-22,91,0.146892,1
108105,2021-12-22,122,0.136878,1
108105,2021-12-22,152,0.127605,1
108105,2021-12-22,182,0.125211,1
108105,2021-12-22,273,0.122005,1
108105,2021-12-22,365,0.130604,1
108105,2021-12-22,547,0.147546,1
108105,2021-12-22,730,0.262258,1
108105,2021-12-22,1825,0.193453,1
108105,2021-12-23,10,0.196059,1
108105,2021-12-23,14,0.186722,1
108105,2021-12-23,30,0.205741,1
108105,2021-12-23,60,0.14997,1
108105,2021-12-23,91,0.145588,1
108105,2021-12-23,122,0.136546,1
108105,2021-12-23,152,0.127293,1
108105,2021-12-23,182,0.125245,1
108105,2021-12-23,273,0.122055,1
108105,2021-12-23,365,0.130709,1
108105,2021-12-23,547,0.145911,1
108105,2021-12-23,730,0.262285,1
108105,2021-12-23,1825,0.193393,1
108105,2021-12-27,10,0.179063,1
108105,2021-12-27,14,0.194483,1
108105,2021-12-27,30,0.19712,1
108105,2021-12-27,60,0.15634,1
108105,2021-12-27,91,0.14876,1
108105,2021-12-27,122,0.13968,1
108105,2021-12-27,152,0.129789,1
108105,2021-12-27,182,0.127007,1
108105,2021-12-27,273,0.121934,1
108105,2021-12-27,365,0.131306,1
108105,2021-12-27,547,0.14473,1
108105,2021-12-27,730,0.262689,1
108105,2021-12-27,1825,0.193516,1
108105,2021-12-28,10,0.168867,1
108105,2021-12-28,14,0.186451,1
108105,2021-12-28,30,0.192429,1
108105,2021-12-28,60,0.156405,1
108105,2021-12-28,91,0.14212,1
108105,2021-12-28,122,0.138869,1
108105,2021-12-28,152,0.129711,1
108105,2021-12-28,182,0.127032,1
108105,2021-12-28,273,0.121861,1
108105,2021-12-28,365,0.131096,1
108105,2021-12-28,547,0.144328,1
108105,2021-12-28,730,0.26243,1
108105,2021-12-28,1825,0.193517,1
108105,2021-12-29,10,0.156471,1
108105,2021-12-29,14,0.170665,1
108105,2021-12-29,30,0.188094,1
108105,2021-12-29,60,0.154441,1
108105,2021-12-29,91,0.14212,1
108105,2021-12-29,122,0.138045,1
108105,2021-12-29,152,0.129353,1
108105,2021-12-29,182,0.127033,1
108105,2021-12-29,273,0.121824,1
108105,2021-12-29,365,0.131057,1
108105,2021-12-29,547,0.143865,1
108105,2021-12-29,730,0.262389,1
108105,2021-12-29,1825,0.193503,1
108105,2021-12-30,10,0.123296,1
108105,2021-12-30,14,0.161719,1
108105,2021-12-30,30,0.173646,1
108105,2021-12-30,60,0.152855,1
108105,2021-12-30,91,0.139771,1
108105,2021-12-30,122,0.138048,1
108105,2021-12-30,152,0.12887,1
108105,2021-12-30,182,0.126997,1
108105,2021-12-30,273,0.121267,1
108105,2021-12-30,365,0.131117,1
108105,2021-12-30,547,0.14387,1
108105,2021-12-30,730,0.262399,1
108105,2021-12-30,1825,0.193433,1
108105,2021-12-31,10,0.104635,1
108105,2021-12-31,14,0.146753,1
108105,2021-12-31,30,0.167049,1
108105,2021-12-31,60,0.153077,1
108105,2021-12-31,91,0.138597,1
108105,2021-12-31,122,0.138121,1
108105,2021-12-31,152,0.128368,1
108105,2021-12-31,182,0.12673,1
108105,2021-12-31,273,0.121014,1
108105,2021-12-31,365,0.131053,1
108105,2021-12-31,547,0.143876,1
108105,2021-12-31,730,0.262149,1
108105,2021-12-31,1825,0.193361,1
108105,2022-01-03,10,0.103199,1
108105,2022-01-03,14,0.117049,1
108105,2022-01-03,30,0.161776,1
108105,2022-01-03,60,0.1565,1
108105,2022-01-03,91,0.135755,1
108105,2022-01-03,122,0.140088,1
108105,2022-01-03,152,0.129035,1
108105,2022-01-03,182,0.126476,1
108105,2022-01-03,273,0.120179,1
108105,2022-01-03,365,0.130904,1
108105,2022-01-03,547,0.143749,1
108105,2022-01-03,730,0.262326,1
108105,2022-01-03,1825,0.19341,1
108105,2022-01-04,10,0.096034,1
108105,2022-01-04,14,0.094882,1
108105,2022-01-04,30,0.158118,1
108105,2022-01-04,60,0.156322,1
108105,2022-01-04,91,0.134662,1
108105,2022-01-04,122,0.13926,1
108105,2022-01-04,152,0.1288,1
108105,2022-01-04,182,0.126429,1
108105,2022-01-04,273,0.120172,1
108105,2022-01-04,365,0.12995,1
108105,2022-01-04,547,0.143257,1
108105,2022-01-04,730,0.262067,1
108105,2022-01-04,1825,0.19341,1
108105,2022-01-05,10,0.150414,1
108105,2022-01-05,14,0.145324,1
108105,2022-01-05,30,0.172001,1
108105,2022-01-05,60,0.162192,1
108105,2022-01-05,91,0.141025,1
108105,2022-01-05,122,0.142749,1
108105,2022-01-05,152,0.132586,1
108105,2022-01-05,182,0.129583,1
108105,2022-01-05,273,0.122453,1
108105,2022-01-05,365,0.131424,1
108105,2022-01-05,547,0.143916,1
108105,2022-01-05,730,0.262454,1
108105,2022-01-05,1825,0.193616,1
108105,2022-01-06,10,0.119063,1
108105,2022-01-06,14,0.140708,1
108105,2022-01-06,30,0.156942,1
108105,2022-01-06,60,0.16022,1
108105,2022-01-06,91,0.140347,1
108105,2022-01-06,122,0.141927,1
108105,2022-01-06,152,0.131974,1
108105,2022-01-06,182,0.128945,1
108105,2022-01-06,273,0.122403,1
108105,2022-01-06,365,0.13135,1
108105,2022-01-06,547,0.14382,1
108105,2022-01-06,730,0.262445,1
108105,2022-01-06,1825,0.19354,1
108105,2022-01-07,10,0.118913,1
108105,2022-01-07,14,0.133727,1
108105,2022-01-07,30,0.157178,1
108105,2022-01-07,60,0.160508,1
108105,2022-01-07,91,0.140595,1
108105,2022-01-07,122,0.141984,1
108105,2022-01-07,152,0.131539,1
108105,2022-01-07,182,0.128236,1
108105,2022-01-07,273,0.122258,1
108105,2022-01-07,365,0.130707,1
108105,2022-01-07,547,0.143776,1
108105,2022-01-07,730,0.26245,1
108105,2022-01-07,1825,0.193475,1
108105,2022-01-10,10,0.13746,1
108105,2022-01-10,14,0.105472,1
108105,2022-01-10,30,0.155275,1
108105,2022-01-10,60,0.163022,1
108105,2022-01-10,91,0.139773,1
108105,2022-01-10,122,0.142697,1
108105,2022-01-10,152,0.132774,1
108105,2022-01-10,182,0.128199,1
108105,2022-01-10,273,0.122278,1
108105,2022-01-10,365,0.130642,1
108105,2022-01-10,547,0.143586,1
108105,2022-01-10,730,0.26267,1
108105,2022-01-10,1825,0.193619,1
108105,2022-01-11,10,0.146206,1
108105,2022-01-11,14,0.120773,1
108105,2022-01-11,30,0.154927,1
108105,2022-01-11,60,0.163632,1
108105,2022-01-11,91,0.140499,1
108105,2022-01-11,122,0.142609,1
108105,2022-01-11,152,0.133397,1
108105,2022-01-11,182,0.128642,1
108105,2022-01-11,273,0.12263,1
108105,2022-01-11,365,0.130697,1
108105,2022-01-11,547,0.143485,1
108105,2022-01-11,730,0.262476,1
108105,2022-01-11,1825,0.193653,1
108105,2022-01-12,10,0.137609,1
108105,2022-01-12,14,0.12194,1
108105,2022-01-12,30,0.151496,1
108105,2022-01-12,60,0.161707,1
108105,2022-01-12,91,0.140489,1
108105,2022-01-12,122,0.141816,1
108105,2022-01-12,152,0.133433,1
108105,2022-01-12,182,0.128678,1
108105,2022-01-12,273,0.122529,1
108105,2022-01-12,365,0.13071,1
108105,2022-01-12,547,0.143142,1
108105,2022-01-12,730,0.262444,1
108105,2022-01-12,1825,0.193655,1
108105,2022-01-13,10,0.146289,1
108105,2022-01-13,14,0.138308,1
108105,2022-01-13,30,0.157823,1
108105,2022-01-13,60,0.163662,1
108105,2022-01-13,91,0.140247,1
108105,2022-01-13,122,0.144097,1
108105,2022-01-13,152,0.134764,1
108105,2022-01-13,182,0.130282,1
108105,2022-01-13,273,0.123165,1
108105,2022-01-13,365,0.13158,1
108105,2022-01-13,547,0.143539,1
108105,2022-01-13,730,0.262655,1
108105,2022-01-13,1825,0.193693,1
108105,2022-01-14,10,0.147582,1
108105,2022-01-14,14,0.139323,1
108105,2022-01-14,30,0.146833,1
108105,2022-01-14,60,0.163678,1
108105,2022-01-14,91,0.139592,1
108105,2022-01-14,122,0.143691,1
108105,2022-01-14,152,0.134129,1
108105,2022-01-14,182,0.129775,1
108105,2022-01-14,273,0.123115,1
108105,2022-01-14,365,0.131501,1
108105,2022-01-14,547,0.143494,1
108105,2022-01-14,730,0.262653,1
108105,2022-01-14,1825,0.193616,1
108105,2022-01-18,10,0.168948,1
108105,2022-01-18,14,0.159516,1
108105,2022-01-18,30,0.157563,1
108105,2022-01-18,60,0.175627,1
108105,2022-01-18,91,0.145127,1
108105,2022-01-18,122,0.147505,1
108105,2022-01-18,152,0.137606,1
108105,2022-01-18,182,0.129363,1
108105,2022-01-18,273,0.124934,1
108105,2022-01-18,365,0.132676,1
108105,2022-01-18,547,0.14443,1
108105,2022-01-18,730,0.2632,1
108105,2022-01-18,1825,0.193943,1
108105,2022-01-19,10,0.158563,1
108105,2022-01-19,14,0.138552,1
108105,2022-01-19,30,0.156087,1
108105,2022-01-19,60,0.174849,1
108105,2022-01-19,91,0.146318,1
108105,2022-01-19,122,0.147656,1
108105,2022-01-19,152,0.137953,1
108105,2022-01-19,182,0.129683,1
108105,2022-01-19,273,0.125081,1
108105,2022-01-19,365,0.132884,1
108105,2022-01-19,547,0.14469,1
108105,2022-01-19,730,0.263041,1
108105,2022-01-19,1825,0.193993,1
108105,2022-01-20,10,0.161363,1
108105,2022-01-20,14,0.141806,1
108105,2022-01-20,30,0.145039,1
108105,2022-01-20,60,0.174493,1
108105,2022-01-20,91,0.147872,1
108105,2022-01-20,122,0.145882,1
108105,2022-01-20,152,0.138399,1
108105,2022-01-20,182,0.130658,1
108105,2022-01-20,273,0.125291,1
108105,2022-01-20,365,0.132749,1
108105,2022-01-20,547,0.144965,1
108105,2022-01-20,730,0.263161,1
108105,2022-01-20,1825,0.193986,1
108105,2022-01-21,10,0.138592,1
108105,2022-01-21,14,0.159348,1
108105,2022-01-21,30,0.150107,1
108105,2022-01-21,60,0.180035,1
108105,2022-01-21,91,0.152678,1
108105,2022-01-21,122,0.14966,1
108105,2022-01-21,152,0.140878,1
108105,2022-01-21,182,0.13271,1
108105,2022-01-21,273,0.126713,1
108105,2022-01-21,365,0.134196,1
108105,2022-01-21,547,0.145476,1
108105,2022-01-21,730,0.263528,1
108105,2022-01-21,1825,0.194108,1
108105,2022-01-24,10,0.140591,1
108105,2022-01-24,14,0.165284,1
108105,2022-01-24,30,0.147702,1
108105,2022-01-24,60,0.182214,1
108105,2022-01-24,91,0.152449,1
108105,2022-01-24,122,0.149125,1
108105,2022-01-24,152,0.1416,1
108105,2022-01-24,182,0.132725,1
108105,2022-01-24,273,0.126734,1
108105,2022-01-24,365,0.134167,1
108105,2022-01-24,547,0.145371,1
108105,2022-01-24,730,0.263706,1
108105,2022-01-24,1825,0.194212,1
108105,2022-01-25,10,0.125951,1
108105,2022-01-25,14,0.13876,1
108105,2022-01-25,30,0.147147,1
108105,2022-01-25,60,0.175955,1
108105,2022-01-25,91,0.154169,1
108105,2022-01-25,122,0.149704,1
108105,2022-01-25,152,0.142573,1
108105,2022-01-25,182,0.133685,1
108105,2022-01-25,273,0.127555,1
108105,2022-01-25,365,0.134737,1
108105,2022-01-25,547,0.145663,1
108105,2022-01-25,730,0.2636,1
108105,2022-01-25,1825,0.194295,1
108105,2022-01-26,10,0.129223,1
108105,2022-01-26,14,0.12898,1
108105,2022-01-26,30,0.132938,1
108105,2022-01-26,60,0.173742,1
108105,2022-01-26,91,0.153928,1
108105,2022-01-26,122,0.148825,1
108105,2022-01-26,152,0.141879,1
108105,2022-01-26,182,0.1337,1
108105,2022-01-26,273,0.127564,1
108105,2022-01-26,365,0.134738,1
108105,2022-01-26,547,0.145554,1
108105,2022-01-26,730,0.263348,1
108105,2022-01-26,1825,0.194296,1
108105,2022-01-27,10,0.122304,1
108105,2022-01-27,14,0.126447,1
108105,2022-01-27,30,0.132313,1
108105,2022-01-27,60,0.171898,1
108105,2022-01-27,91,0.152682,1
108105,2022-01-27,122,0.149025,1
108105,2022-01-27,152,0.141412,1
108105,2022-01-27,182,0.133768,1
108105,2022-01-27,273,0.127501,1
108105,2022-01-27,365,0.132231,1
108105,2022-01-27,547,0.145333,1
108105,2022-01-27,730,0.263297,1
108105,2022-01-27,1825,0.194237,1
108105,2022-01-28,10,0.209601,1
108105,2022-01-28,14,0.210596,1
108105,2022-01-28,30,0.164959,1
108105,2022-01-28,60,0.17951,1
108105,2022-01-28,91,0.160725,1
108105,2022-01-28,122,0.150626,1
108105,2022-01-28,152,0.145699,1
108105,2022-01-28,182,0.137867,1
108105,2022-01-28,273,0.130167,1
108105,2022-01-28,365,0.133987,1
108105,2022-01-28,547,0.146526,1
108105,2022-01-28,730,0.263818,1
108105,2022-01-28,1825,0.194445,1
108105,2022-01-31,10,0.22469,1
108105,2022-01-31,14,0.233176,1
108105,2022-01-31,30,0.187131,1
108105,2022-01-31,60,0.178652,1
108105,2022-01-31,91,0.165327,1
108105,2022-01-31,122,0.153075,1
108105,2022-01-31,152,0.149846,1
108105,2022-01-31,182,0.140336,1
108105,2022-01-31,273,0.131862,1
108105,2022-01-31,365,0.133675,1
108105,2022-01-31,547,0.147147,1
108105,2022-01-31,730,0.26406,1
108105,2022-01-31,1825,0.194747,1
108105,2022-02-01,10,0.205635,1
108105,2022-02-01,14,0.220898,1
108105,2022-02-01,30,0.185363,1
108105,2022-02-01,60,0.178277,1
108105,2022-02-01,91,0.165767,1
108105,2022-02-01,122,0.152554,1
108105,2022-02-01,152,0.150161,1
108105,2022-02-01,182,0.140196,1
108105,2022-02-01,273,0.131813,1
108105,2022-02-01,365,0.132951,1
108105,2022-02-01,547,0.147139,1
108105,2022-02-01,730,0.263834,1
108105,2022-02-01,1825,0.194767,1
108105,2022-02-02,10,0.192148,1
108105,2022-02-02,14,0.219769,1
108105,2022-02-02,30,0.187416,1
108105,2022-02-02,60,0.177549,1
108105,2022-02-02,91,0.166365,1
108105,2022-02-02,122,0.152411,1
108105,2022-02-02,152,0.150865,1
108105,2022-02-02,182,0.140618,1
108105,2022-02-02,273,0.132214,1
108105,2022-02-02,365,0.132589,1
108105,2022-02-02,547,0.147286,1
108105,2022-02-02,730,0.263865,1
108105,2022-02-02,1825,0.194784,1
108105,2022-02-03,10,0.256386,1
108105,2022-02-03,14,0.2497,1
108105,2022-02-03,30,0.20293,1
108105,2022-02-03,60,0.185727,1
108105,2022-02-03,91,0.173233,1
108105,2022-02-03,122,0.156792,1
108105,2022-02-03,152,0.154978,1
108105,2022-02-03,182,0.144762,1
108105,2022-02-03,273,0.135079,1
108105,2022-02-03,365,0.134992,1
108105,2022-02-03,547,0.148687,1
108105,2022-02-03,730,0.264281,1
108105,2022-02-03,1825,0.195034,1
108105,2022-02-04,10,0.239907,1
108105,2022-02-04,14,0.226706,1
108105,2022-02-04,30,0.195803,1
108105,2022-02-04,60,0.183818,1
108105,2022-02-04,91,0.173407,1
108105,2022-02-04,122,0.15604,1
108105,2022-02-04,152,0.154452,1
108105,2022-02-04,182,0.144922,1
108105,2022-02-04,273,0.13495,1
108105,2022-02-04,365,0.134683,1
108105,2022-02-04,547,0.148658,1
108105,2022-02-04,730,0.264195,1
108105,2022-02-04,1825,0.194968,1
108105,2022-02-07,10,0.236746,1
108105,2022-02-07,14,0.22866,1
108105,2022-02-07,30,0.200807,1
108105,2022-02-07,60,0.179725,1
108105,2022-02-07,91,0.173482,1
108105,2022-02-07,122,0.15729,1
108105,2022-02-07,152,0.155197,1
108105,2022-02-07,182,0.145016,1
108105,2022-02-07,273,0.134448,1
108105,2022-02-07,365,0.134711,1
108105,2022-02-07,547,0.148703,1
108105,2022-02-07,730,0.264433,1
108105,2022-02-07,1825,0.195128,1
108105,2022-02-08,10,0.219525,1
108105,2022-02-08,14,0.21666,1
108105,2022-02-08,30,0.199057,1
108105,2022-02-08,60,0.179318,1
108105,2022-02-08,91,0.174356,1
108105,2022-02-08,122,0.15697,1
108105,2022-02-08,152,0.155577,1
108105,2022-02-08,182,0.145482,1
108105,2022-02-08,273,0.134349,1
108105,2022-02-08,365,0.134765,1
108105,2022-02-08,547,0.148824,1
108105,2022-02-08,730,0.264228,1
108105,2022-02-08,1825,0.195146,1
108105,2022-02-09,10,0.21333,1
108105,2022-02-09,14,0.220618,1
108105,2022-02-09,30,0.206658,1
108105,2022-02-09,60,0.181155,1
108105,2022-02-09,91,0.176209,1
108105,2022-02-09,122,0.157901,1
108105,2022-02-09,152,0.156666,1
108105,2022-02-09,182,0.14684,1
108105,2022-02-09,273,0.132835,1
108105,2022-02-09,365,0.13546,1
108105,2022-02-09,547,0.149065,1
108105,2022-02-09,730,0.264366,1
108105,2022-02-09,1825,0.19524,1
108105,2022-02-10,10,0.224166,1
108105,2022-02-10,14,0.246133,1
108105,2022-02-10,30,0.211732,1
108105,2022-02-10,60,0.184067,1
108105,2022-02-10,91,0.179925,1
108105,2022-02-10,122,0.160697,1
108105,2022-02-10,152,0.158521,1
108105,2022-02-10,182,0.149104,1
108105,2022-02-10,273,0.13395,1
108105,2022-02-10,365,0.136766,1
108105,2022-02-10,547,0.149496,1
108105,2022-02-10,730,0.264702,1
108105,2022-02-10,1825,0.195344,1
108105,2022-02-11,10,0.241114,1
108105,2022-02-11,14,0.243214,1
108105,2022-02-11,30,0.218785,1
108105,2022-02-11,60,0.188338,1
108105,2022-02-11,91,0.183075,1
108105,2022-02-11,122,0.164117,1
108105,2022-02-11,152,0.160512,1
108105,2022-02-11,182,0.151545,1
108105,2022-02-11,273,0.134818,1
108105,2022-02-11,365,0.138168,1
108105,2022-02-11,547,0.15036,1
108105,2022-02-11,730,0.265036,1
108105,2022-02-11,1825,0.195465,1
108105,2022-02-14,10,0.215925,1
108105,2022-02-14,14,0.219007,1
108105,2022-02-14,30,0.220234,1
108105,2022-02-14,60,0.186365,1
108105,2022-02-14,91,0.183159,1
108105,2022-02-14,122,0.162969,1
108105,2022-02-14,152,0.161321,1
108105,2022-02-14,182,0.151588,1
108105,2022-02-14,273,0.134864,1
108105,2022-02-14,365,0.13817,1
108105,2022-02-14,547,0.150405,1
108105,2022-02-14,730,0.265311,1
108105,2022-02-14,1825,0.195602,1
108105,2022-02-15,10,0.228749,1
108105,2022-02-15,14,0.233557,1
108105,2022-02-15,30,0.224046,1
108105,2022-02-15,60,0.189757,1
108105,2022-02-15,91,0.185969,1
108105,2022-02-15,122,0.16429,1
108105,2022-02-15,152,0.163153,1
108105,2022-02-15,182,0.152891,1
108105,2022-02-15,273,0.135628,1
108105,2022-02-15,365,0.138726,1
108105,2022-02-15,547,0.15089,1
108105,2022-02-15,730,0.265263,1
108105,2022-02-15,1825,0.195718,1
108105,2022-02-16,10,0.212026,1
108105,2022-02-16,14,0.226074,1
108105,2022-02-16,30,0.218863,1
108105,2022-02-16,60,0.187418,1
108105,2022-02-16,91,0.185963,1
108105,2022-02-16,122,0.163316,1
108105,2022-02-16,152,0.16253,1
108105,2022-02-16,182,0.15211,1
108105,2022-02-16,273,0.135572,1
108105,2022-02-16,365,0.138722,1
108105,2022-02-16,547,0.150885,1
108105,2022-02-16,730,0.265,1
108105,2022-02-16,1825,0.195718,1
108105,2022-02-17,10,0.242143,1
108105,2022-02-17,14,0.217472,1
108105,2022-02-17,30,0.221657,1
108105,2022-02-17,60,0.191884,1
108105,2022-02-17,91,0.190347,1
108105,2022-02-17,122,0.167307,1
108105,2022-02-17,152,0.165113,1
108105,2022-02-17,182,0.155118,1
108105,2022-02-17,273,0.137392,1
108105,2022-02-17,365,0.140426,1
108105,2022-02-17,547,0.151906,1
108105,2022-02-17,730,0.265442,1
108105,2022-02-17,1825,0.195885,1
108105,2022-02-18,10,0.231545,1
108105,2022-02-18,14,0.214616,1
108105,2022-02-18,30,0.220756,1
108105,2022-02-18,60,0.190775,1
108105,2022-02-18,91,0.190736,1
108105,2022-02-18,122,0.167188,1
108105,2022-02-18,152,0.164691,1
108105,2022-02-18,182,0.155006,1
108105,2022-02-18,273,0.137657,1
108105,2022-02-18,365,0.140548,1
108105,2022-02-18,547,0.152029,1
108105,2022-02-18,730,0.265481,1
108105,2022-02-18,1825,0.195838,1
108105,2022-02-22,10,0.195755,1
108105,2022-02-22,14,0.218417,1
108105,2022-02-22,30,0.216887,1
108105,2022-02-22,60,0.18703,1
108105,2022-02-22,91,0.193041,1
108105,2022-02-22,122,0.169781,1
108105,2022-02-22,152,0.163877,1
108105,2022-02-22,182,0.155757,1
108105,2022-02-22,273,0.138069,1
108105,2022-02-22,365,0.140971,1
108105,2022-02-22,547,0.152279,1
108105,2022-02-22,730,0.265719,1
108105,2022-02-22,1825,0.196035,1
108105,2022-02-23,10,0.198053,1
108105,2022-02-23,14,0.192048,1
108105,2022-02-23,30,0.224661,1
108105,2022-02-23,60,0.189021,1
108105,2022-02-23,91,0.196001,1
108105,2022-02-23,122,0.171589,1
108105,2022-02-23,152,0.166298,1
108105,2022-02-23,182,0.157852,1
108105,2022-02-23,273,0.139745,1
108105,2022-02-23,365,0.142237,1
108105,2022-02-23,547,0.153064,1
108105,2022-02-23,730,0.264934,1
108105,2022-02-23,1825,0.19622,1
108105,2022-02-24,10,0.236199,1
108105,2022-02-24,14,0.22023,1
108105,2022-02-24,30,0.228714,1
108105,2022-02-24,60,0.191601,1
108105,2022-02-24,91,0.197246,1
108105,2022-02-24,122,0.173474,1
108105,2022-02-24,152,0.167197,1
108105,2022-02-24,182,0.159156,1
108105,2022-02-24,273,0.140788,1
108105,2022-02-24,365,0.142555,1
108105,2022-02-24,547,0.15331,1
108105,2022-02-24,730,0.264199,1
108105,2022-02-24,1825,0.196247,1
108105,2022-02-25,10,0.260468,1
108105,2022-02-25,14,0.246096,1
108105,2022-02-25,30,0.241991,1
108105,2022-02-25,60,0.196943,1
108105,2022-02-25,91,0.197895,1
108105,2022-02-25,122,0.177896,1
108105,2022-02-25,152,0.169974,1
108105,2022-02-25,182,0.161816,1
108105,2022-02-25,273,0.143075,1
108105,2022-02-25,365,0.141971,1
108105,2022-02-25,547,0.154319,1
108105,2022-02-25,730,0.264616,1
108105,2022-02-25,1825,0.196408,1
108105,2022-02-28,10,0.270174,1
108105,2022-02-28,14,0.245671,1
108105,2022-02-28,30,0.231483,1
108105,2022-02-28,60,0.201696,1
108105,2022-02-28,91,0.195867,1
108105,2022-02-28,122,0.178951,1
108105,2022-02-28,152,0.168558,1
108105,2022-02-28,182,0.161716,1
108105,2022-02-28,273,0.142728,1
108105,2022-02-28,365,0.141903,1
108105,2022-02-28,547,0.154257,1
108105,2022-02-28,730,0.262812,1
108105,2022-02-28,1825,0.196476,1
108105,2022-03-01,10,0.264897,1
108105,2022-03-01,14,0.235602,1
108105,2022-03-01,30,0.231479,1
108105,2022-03-01,60,0.204475,1
108105,2022-03-01,91,0.194636,1
108105,2022-03-01,122,0.179758,1
108105,2022-03-01,152,0.16928,1
108105,2022-03-01,182,0.163166,1
108105,2022-03-01,273,0.143888,1
108105,2022-03-01,365,0.140938,1
108105,2022-03-01,547,0.154807,1
108105,2022-03-01,730,0.262806,1
108105,2022-03-01,1825,0.196588,1
108105,2022-03-02,10,0.270254,1
108105,2022-03-02,14,0.264145,1
108105,2022-03-02,30,0.23122,1
108105,2022-03-02,60,0.208512,1
108105,2022-03-02,91,0.197194,1
108105,2022-03-02,122,0.181766,1
108105,2022-03-02,152,0.170792,1
108105,2022-03-02,182,0.165348,1
108105,2022-03-02,273,0.145431,1
108105,2022-03-02,365,0.141829,1
108105,2022-03-02,547,0.155396,1
108105,2022-03-02,730,0.261235,1
108105,2022-03-02,1825,0.196753,1
108105,2022-03-03,10,0.252852,1
108105,2022-03-03,14,0.239927,1
108105,2022-03-03,30,0.229595,1
108105,2022-03-03,60,0.206107,1
108105,2022-03-03,91,0.195143,1
108105,2022-03-03,122,0.181897,1
108105,2022-03-03,152,0.17017,1
108105,2022-03-03,182,0.165441,1
108105,2022-03-03,273,0.145502,1
108105,2022-03-03,365,0.141287,1
108105,2022-03-03,547,0.155003,1
108105,2022-03-03,730,0.260451,1
108105,2022-03-03,1825,0.196691,1
108105,2022-03-04,10,0.249775,1
108105,2022-03-04,14,0.240648,1
108105,2022-03-04,30,0.226648,1
108105,2022-03-04,60,0.20548,1
108105,2022-03-04,91,0.195061,1
108105,2022-03-04,122,0.182172,1
108105,2022-03-04,152,0.169804,1
108105,2022-03-04,182,0.165798,1
108105,2022-03-04,273,0.145463,1
108105,2022-03-04,365,0.140844,1
108105,2022-03-04,547,0.152285,1
108105,2022-03-04,730,0.258932,1
108105,2022-03-04,1825,0.196649,1
108105,2022-03-07,10,0.253445,1
108105,2022-03-07,14,0.270801,1
108105,2022-03-07,30,0.237812,1
108105,2022-03-07,60,0.217525,1
108105,2022-03-07,91,0.202035,1
108105,2022-03-07,122,0.19044,1
108105,2022-03-07,152,0.175584,1
108105,2022-03-07,182,0.170353,1
108105,2022-03-07,273,0.149551,1
108105,2022-03-07,365,0.142851,1
108105,2022-03-07,547,0.154157,1
108105,2022-03-07,730,0.258591,1
108105,2022-03-07,1825,0.19726,1
108105,2022-03-08,10,0.231364,1
108105,2022-03-08,14,0.269153,1
108105,2022-03-08,30,0.232168,1
108105,2022-03-08,60,0.217794,1
108105,2022-03-08,91,0.197282,1
108105,2022-03-08,122,0.189554,1
108105,2022-03-08,152,0.17538,1
108105,2022-03-08,182,0.170568,1
108105,2022-03-08,273,0.149784,1
108105,2022-03-08,365,0.142939,1
108105,2022-03-08,547,0.154084,1
108105,2022-03-08,730,0.258395,1
108105,2022-03-08,1825,0.19729,1
108105,2022-03-09,10,0.281417,1
108105,2022-03-09,14,0.288406,1
108105,2022-03-09,30,0.252961,1
108105,2022-03-09,60,0.226162,1
108105,2022-03-09,91,0.204583,1
108105,2022-03-09,122,0.194045,1
108105,2022-03-09,152,0.179932,1
108105,2022-03-09,182,0.174485,1
108105,2022-03-09,273,0.152623,1
108105,2022-03-09,365,0.144463,1
108105,2022-03-09,547,0.153624,1
108105,2022-03-09,730,0.252761,1
108105,2022-03-09,1825,0.197601,1
108105,2022-03-10,10,0.281459,1
108105,2022-03-10,14,0.27896,1
108105,2022-03-10,30,0.250059,1
108105,2022-03-10,60,0.223448,1
108105,2022-03-10,91,0.204333,1
108105,2022-03-10,122,0.194091,1
108105,2022-03-10,152,0.179175,1
108105,2022-03-10,182,0.17447,1
108105,2022-03-10,273,0.152613,1
108105,2022-03-10,365,0.144428,1
108105,2022-03-10,547,0.152863,1
108105,2022-03-10,730,0.250556,1
108105,2022-03-10,1825,0.197534,1
108105,2022-03-11,10,0.277796,1
108105,2022-03-11,14,0.253117,1
108105,2022-03-11,30,0.244207,1
108105,2022-03-11,60,0.225,1
108105,2022-03-11,91,0.204386,1
108105,2022-03-11,122,0.195139,1
108105,2022-03-11,152,0.179401,1
108105,2022-03-11,182,0.175078,1
108105,2022-03-11,273,0.15334,1
108105,2022-03-11,365,0.144696,1
108105,2022-03-11,547,0.152534,1
108105,2022-03-11,730,0.24815,1
108105,2022-03-11,1825,0.197548,1
108105,2022-03-14,10,0.28527,1
108105,2022-03-14,14,0.253392,1
108105,2022-03-14,30,0.238421,1
108105,2022-03-14,60,0.226719,1
108105,2022-03-14,91,0.204159,1
108105,2022-03-14,122,0.196846,1
108105,2022-03-14,152,0.181078,1
108105,2022-03-14,182,0.175311,1
108105,2022-03-14,273,0.153562,1
108105,2022-03-14,365,0.144898,1
108105,2022-03-14,547,0.152676,1
108105,2022-03-14,730,0.229715,1
108105,2022-03-14,1825,0.197698,1
108105,2022-03-15,10,0.307615,1
108105,2022-03-15,14,0.275418,1
108105,2022-03-15,30,0.246856,1
108105,2022-03-15,60,0.234423,1
108105,2022-03-15,91,0.208989,1
108105,2022-03-15,122,0.199562,1
108105,2022-03-15,152,0.182196,1
108105,2022-03-15,182,0.177818,1
108105,2022-03-15,273,0.155499,1
108105,2022-03-15,365,0.14627,1
108105,2022-03-15,547,0.153284,1
108105,2022-03-15,730,0.229936,1
108105,2022-03-15,1825,0.197913,1
108105,2022-03-16,10,0.315879,1
108105,2022-03-16,14,0.283188,1
108105,2022-03-16,30,0.260082,1
108105,2022-03-16,60,0.239236,1
108105,2022-03-16,91,0.211372,1
108105,2022-03-16,122,0.20241,1
108105,2022-03-16,152,0.185154,1
108105,2022-03-16,182,0.180218,1
108105,2022-03-16,273,0.157451,1
108105,2022-03-16,365,0.147874,1
108105,2022-03-16,547,0.154243,1
108105,2022-03-16,730,0.211688,1
108105,2022-03-16,1825,0.198149,1
108105,2022-03-17,10,0.249636,1
108105,2022-03-17,14,0.288822,1
108105,2022-03-17,30,0.257701,1
108105,2022-03-17,60,0.238749,1
108105,2022-03-17,91,0.212533,1
108105,2022-03-17,122,0.20368,1
108105,2022-03-17,152,0.18528,1
108105,2022-03-17,182,0.181071,1
108105,2022-03-17,273,0.158068,1
108105,2022-03-17,365,0.14833,1
108105,2022-03-17,547,0.154473,1
108105,2022-03-17,730,0.207953,1
108105,2022-03-17,1825,0.198141,1
108105,2022-03-18,10,0.235289,1
108105,2022-03-18,14,0.288326,1
108105,2022-03-18,30,0.261145,1
108105,2022-03-18,60,0.237952,1
108105,2022-03-18,91,0.213113,1
108105,2022-03-18,122,0.204645,1
108105,2022-03-18,152,0.185279,1
108105,2022-03-18,182,0.181359,1
108105,2022-03-18,273,0.157835,1
108105,2022-03-18,365,0.147954,1
108105,2022-03-18,547,0.154547,1
108105,2022-03-18,730,0.204499,1
108105,2022-03-18,1825,0.198124,1
108105,2022-03-21,10,0.186932,1
108105,2022-03-21,14,0.224741,1
108105,2022-03-21,30,0.254169,1
108105,2022-03-21,60,0.237038,1
108105,2022-03-21,91,0.211941,1
108105,2022-03-21,122,0.207002,1
108105,2022-03-21,152,0.186536,1
108105,2022-03-21,182,0.179701,1
108105,2022-03-21,273,0.157053,1
108105,2022-03-21,365,0.147953,1
108105,2022-03-21,547,0.154238,1
108105,2022-03-21,730,0.202131,1
108105,2022-03-21,1825,0.198193,1
108105,2022-03-22,10,0.170839,1
108105,2022-03-22,14,0.213046,1
108105,2022-03-22,30,0.250127,1
108105,2022-03-22,60,0.233644,1
108105,2022-03-22,91,0.210084,1
108105,2022-03-22,122,0.206773,1
108105,2022-03-22,152,0.187317,1
108105,2022-03-22,182,0.180373,1
108105,2022-03-22,273,0.157464,1
108105,2022-03-22,365,0.148199,1
108105,2022-03-22,547,0.154137,1
108105,2022-03-22,730,0.202052,1
108105,2022-03-22,1825,0.19825,1
108105,2022-03-23,10,0.202136,1
108105,2022-03-23,14,0.210344,1
108105,2022-03-23,30,0.248719,1
108105,2022-03-23,60,0.232954,1
108105,2022-03-23,91,0.21028,1
108105,2022-03-23,122,0.206548,1
108105,2022-03-23,152,0.188283,1
108105,2022-03-23,182,0.180771,1
108105,2022-03-23,273,0.158135,1
108105,2022-03-23,365,0.148532,1
108105,2022-03-23,547,0.154311,1
108105,2022-03-23,730,0.201087,1
108105,2022-03-23,1825,0.198333,1
108105,2022-03-24,10,0.180792,1
108105,2022-03-24,14,0.210241,1
108105,2022-03-24,30,0.249142,1
108105,2022-03-24,60,0.23262,1
108105,2022-03-24,91,0.212011,1
108105,2022-03-24,122,0.208092,1
108105,2022-03-24,152,0.188705,1
108105,2022-03-24,182,0.181087,1
108105,2022-03-24,273,0.15883,1
108105,2022-03-24,365,0.149039,1
108105,2022-03-24,547,0.153361,1
108105,2022-03-24,730,0.191346,1
108105,2022-03-24,1825,0.198349,1
108105,2022-03-25,10,0.166966,1
108105,2022-03-25,14,0.182246,1
108105,2022-03-25,30,0.238055,1
108105,2022-03-25,60,0.232812,1
108105,2022-03-25,91,0.210611,1
108105,2022-03-25,122,0.208278,1
108105,2022-03-25,152,0.187969,1
108105,2022-03-25,182,0.181212,1
108105,2022-03-25,273,0.158887,1
108105,2022-03-25,365,0.149034,1
108105,2022-03-25,547,0.153389,1
108105,2022-03-25,730,0.191227,1
108105,2022-03-25,1825,0.19828,1
108105,2022-03-28,10,0.151431,1
108105,2022-03-28,14,0.161751,1
108105,2022-03-28,30,0.230466,1
108105,2022-03-28,60,0.236085,1
108105,2022-03-28,91,0.209185,1
108105,2022-03-28,122,0.206062,1
108105,2022-03-28,152,0.189779,1
108105,2022-03-28,182,0.181429,1
108105,2022-03-28,273,0.159065,1
108105,2022-03-28,365,0.148325,1
108105,2022-03-28,547,0.152985,1
108105,2022-03-28,730,0.185104,1
108105,2022-03-28,1825,0.198436,1
108105,2022-03-29,10,0.146405,1
108105,2022-03-29,14,0.148889,1
108105,2022-03-29,30,0.227522,1
108105,2022-03-29,60,0.230668,1
108105,2022-03-29,91,0.210772,1
108105,2022-03-29,122,0.20591,1
108105,2022-03-29,152,0.190116,1
108105,2022-03-29,182,0.179762,1
108105,2022-03-29,273,0.159651,1
108105,2022-03-29,365,0.148771,1
108105,2022-03-29,547,0.152765,1
108105,2022-03-29,730,0.185083,1
108105,2022-03-29,1825,0.198502,1
108105,2022-03-30,10,0.150387,1
108105,2022-03-30,14,0.143281,1
108105,2022-03-30,30,0.228901,1
108105,2022-03-30,60,0.228556,1
108105,2022-03-30,91,0.21105,1
108105,2022-03-30,122,0.204977,1
108105,2022-03-30,152,0.190352,1
108105,2022-03-30,182,0.180013,1
108105,2022-03-30,273,0.159836,1
108105,2022-03-30,365,0.148884,1
108105,2022-03-30,547,0.152807,1
108105,2022-03-30,730,0.183787,1
108105,2022-03-30,1825,0.198521,1
108105,2022-03-31,10,0.186427,1
108105,2022-03-31,14,0.172209,1
108105,2022-03-31,30,0.229073,1
108105,2022-03-31,60,0.229398,1
108105,2022-03-31,91,0.213166,1
108105,2022-03-31,122,0.205476,1
108105,2022-03-31,152,0.191004,1
108105,2022-03-31,182,0.180619,1
108105,2022-03-31,273,0.160817,1
108105,2022-03-31,365,0.149746,1
108105,2022-03-31,547,0.153289,1
108105,2022-03-31,730,0.18377,1
108105,2022-03-31,1825,0.198577,1
108105,2022-04-01,10,0.177294,1
108105,2022-04-01,14,0.165066,1
108105,2022-04-01,30,0.221877,1
108105,2022-04-01,60,0.225064,1
108105,2022-04-01,91,0.213303,1
108105,2022-04-01,122,0.202932,1
108105,2022-04-01,152,0.190171,1
108105,2022-04-01,182,0.179987,1
108105,2022-04-01,273,0.16064,1
108105,2022-04-01,365,0.149351,1
108105,2022-04-01,547,0.15326,1
108105,2022-04-01,730,0.180836,1
108105,2022-04-01,1825,0.198502,1
108105,2022-04-04,10,0.16677,1
108105,2022-04-04,14,0.167284,1
108105,2022-04-04,30,0.223923,1
108105,2022-04-04,60,0.220973,1
108105,2022-04-04,91,0.213561,1
108105,2022-04-04,122,0.202772,1
108105,2022-04-04,152,0.192044,1
108105,2022-04-04,182,0.179293,1
108105,2022-04-04,273,0.160468,1
108105,2022-04-04,365,0.149246,1
108105,2022-04-04,547,0.153138,1
108105,2022-04-04,730,0.180072,1
108105,2022-04-04,1825,0.19868,1
108105,2022-04-05,10,0.174099,1
108105,2022-04-05,14,0.175809,1
108105,2022-04-05,30,0.224613,1
108105,2022-04-05,60,0.223038,1
108105,2022-04-05,91,0.214884,1
108105,2022-04-05,122,0.202753,1
108105,2022-04-05,152,0.192896,1
108105,2022-04-05,182,0.179681,1
108105,2022-04-05,273,0.161134,1
108105,2022-04-05,365,0.149176,1
108105,2022-04-05,547,0.152898,1
108105,2022-04-05,730,0.180159,1
108105,2022-04-05,1825,0.198766,1
108105,2022-04-06,10,0.169252,1
108105,2022-04-06,14,0.171017,1
108105,2022-04-06,30,0.199054,1
108105,2022-04-06,60,0.221631,1
108105,2022-04-06,91,0.212299,1
108105,2022-04-06,122,0.202238,1
108105,2022-04-06,152,0.193345,1
108105,2022-04-06,182,0.180162,1
108105,2022-04-06,273,0.161501,1
108105,2022-04-06,365,0.149514,1
108105,2022-04-06,547,0.152658,1
108105,2022-04-06,730,0.174014,1
108105,2022-04-06,1825,0.198818,1
108105,2022-04-07,10,0.164553,1
108105,2022-04-07,14,0.155255,1
108105,2022-04-07,30,0.195765,1
108105,2022-04-07,60,0.21923,1
108105,2022-04-07,91,0.212533,1
108105,2022-04-07,122,0.201339,1
108105,2022-04-07,152,0.192551,1
108105,2022-04-07,182,0.17989,1
108105,2022-04-07,273,0.161251,1
108105,2022-04-07,365,0.14956,1
108105,2022-04-07,547,0.152087,1
108105,2022-04-07,730,0.174019,1
108105,2022-04-07,1825,0.198746,1
108105,2022-04-08,10,0.137049,1
108105,2022-04-08,14,0.152411,1
108105,2022-04-08,30,0.180497,1
108105,2022-04-08,60,0.219137,1
108105,2022-04-08,91,0.212461,1
108105,2022-04-08,122,0.198108,1
108105,2022-04-08,152,0.191663,1
108105,2022-04-08,182,0.17991,1
108105,2022-04-08,273,0.16078,1
108105,2022-04-08,365,0.149541,1
108105,2022-04-08,547,0.151996,1
108105,2022-04-08,730,0.172516,1
108105,2022-04-08,1825,0.198672,1
108105,2022-04-11,10,0.156655,1
108105,2022-04-11,14,0.163249,1
108105,2022-04-11,30,0.188147,1
108105,2022-04-11,60,0.219835,1
108105,2022-04-11,91,0.214966,1
108105,2022-04-11,122,0.201335,1
108105,2022-04-11,152,0.19479,1
108105,2022-04-11,182,0.181277,1
108105,2022-04-11,273,0.161943,1
108105,2022-04-11,365,0.150358,1
108105,2022-04-11,547,0.152539,1
108105,2022-04-11,730,0.172721,1
108105,2022-04-11,1825,0.198974,1
108105,2022-04-12,10,0.143303,1
108105,2022-04-12,14,0.137737,1
108105,2022-04-12,30,0.184632,1
108105,2022-04-12,60,0.21483,1
108105,2022-04-12,91,0.214052,1
108105,2022-04-12,122,0.200171,1
108105,2022-04-12,152,0.194836,1
108105,2022-04-12,182,0.181311,1
108105,2022-04-12,273,0.16194,1
108105,2022-04-12,365,0.150402,1
108105,2022-04-12,547,0.152035,1
108105,2022-04-12,730,0.172577,1
108105,2022-04-12,1825,0.198955,1
108105,2022-04-13,10,0.15975,1
108105,2022-04-13,14,0.159766,1
108105,2022-04-13,30,0.183869,1
108105,2022-04-13,60,0.213969,1
108105,2022-04-13,91,0.215308,1
108105,2022-04-13,122,0.200034,1
108105,2022-04-13,152,0.195311,1
108105,2022-04-13,182,0.181935,1
108105,2022-04-13,273,0.162437,1
108105,2022-04-13,365,0.150761,1
108105,2022-04-13,547,0.152172,1
108105,2022-04-13,730,0.17255,1
108105,2022-04-13,1825,0.198932,1
108105,2022-04-14,10,0.150589,1
108105,2022-04-14,14,0.152929,1
108105,2022-04-14,30,0.178659,1
108105,2022-04-14,60,0.213517,1
108105,2022-04-14,91,0.214812,1
108105,2022-04-14,122,0.200489,1
108105,2022-04-14,152,0.195216,1
108105,2022-04-14,182,0.181186,1
108105,2022-04-14,273,0.163009,1
108105,2022-04-14,365,0.151212,1
108105,2022-04-14,547,0.152418,1
108105,2022-04-14,730,0.171562,1
108105,2022-04-14,1825,0.198935,1
108105,2022-04-18,10,0.173826,1
108105,2022-04-18,14,0.143415,1
108105,2022-04-18,30,0.159286,1
108105,2022-04-18,60,0.210854,1
108105,2022-04-18,91,0.214788,1
108105,2022-04-18,122,0.200393,1
108105,2022-04-18,152,0.196969,1
108105,2022-04-18,182,0.181527,1
108105,2022-04-18,273,0.162134,1
108105,2022-04-18,365,0.151088,1
108105,2022-04-18,547,0.152611,1
108105,2022-04-18,730,0.170126,1
108105,2022-04-18,1825,0.199052,1
108105,2022-04-19,10,0.203588,1
108105,2022-04-19,14,0.17085,1
108105,2022-04-19,30,0.165726,1
108105,2022-04-19,60,0.21368,1
108105,2022-04-19,91,0.214372,1
108105,2022-04-19,122,0.201244,1
108105,2022-04-19,152,0.198572,1
108105,2022-04-19,182,0.182653,1
108105,2022-04-19,273,0.162245,1
108105,2022-04-19,365,0.1518,1
108105,2022-04-19,547,0.15248,1
108105,2022-04-19,730,0.170291,1
108105,2022-04-19,1825,0.199147,1
108105,2022-04-20,10,0.185861,1
108105,2022-04-20,14,0.163713,1
108105,2022-04-20,30,0.165733,1
108105,2022-04-20,60,0.211015,1
108105,2022-04-20,91,0.213532,1
108105,2022-04-20,122,0.200029,1
108105,2022-04-20,152,0.198567,1
108105,2022-04-20,182,0.182575,1
108105,2022-04-20,273,0.161979,1
108105,2022-04-20,365,0.151636,1
108105,2022-04-20,547,0.152448,1
108105,2022-04-20,730,0.169767,1
108105,2022-04-20,1825,0.199141,1
108105,2022-04-21,10,0.178305,1
108105,2022-04-21,14,0.176822,1
108105,2022-04-21,30,0.168041,1
108105,2022-04-21,60,0.211845,1
108105,2022-04-21,91,0.21444,1
108105,2022-04-21,122,0.200686,1
108105,2022-04-21,152,0.198861,1
108105,2022-04-21,182,0.18371,1
108105,2022-04-21,273,0.162884,1
108105,2022-04-21,365,0.152121,1
108105,2022-04-21,547,0.152959,1
108105,2022-04-21,730,0.168615,1
108105,2022-04-21,1825,0.199181,1
108105,2022-04-22,10,0.244144,1
108105,2022-04-22,14,0.222325,1
108105,2022-04-22,30,0.188777,1
108105,2022-04-22,60,0.220292,1
108105,2022-04-22,91,0.218381,1
108105,2022-04-22,122,0.20379,1
108105,2022-04-22,152,0.202432,1
108105,2022-04-22,182,0.187917,1
108105,2022-04-22,273,0.165676,1
108105,2022-04-22,365,0.154443,1
108105,2022-04-22,547,0.154713,1
108105,2022-04-22,730,0.169159,1
108105,2022-04-22,1825,0.199513,1
108105,2022-04-25,10,0.247622,1
108105,2022-04-25,14,0.217651,1
108105,2022-04-25,30,0.184307,1
108105,2022-04-25,60,0.216762,1
108105,2022-04-25,91,0.218634,1
108105,2022-04-25,122,0.20403,1
108105,2022-04-25,152,0.204536,1
108105,2022-04-25,182,0.187975,1
108105,2022-04-25,273,0.165788,1
108105,2022-04-25,365,0.154169,1
108105,2022-04-25,547,0.154751,1
108105,2022-04-25,730,0.169109,1
108105,2022-04-25,1825,0.199616,1
108105,2022-04-26,10,0.270788,1
108105,2022-04-26,14,0.256449,1
108105,2022-04-26,30,0.200576,1
108105,2022-04-26,60,0.220611,1
108105,2022-04-26,91,0.224571,1
108105,2022-04-26,122,0.208277,1
108105,2022-04-26,152,0.208049,1
108105,2022-04-26,182,0.192118,1
108105,2022-04-26,273,0.168921,1
108105,2022-04-26,365,0.15679,1
108105,2022-04-26,547,0.155774,1
108105,2022-04-26,730,0.170211,1
108105,2022-04-26,1825,0.200038,1
108105,2022-04-27,10,0.256131,1
108105,2022-04-27,14,0.241778,1
108105,2022-04-27,30,0.197796,1
108105,2022-04-27,60,0.218052,1
108105,2022-04-27,91,0.224632,1
108105,2022-04-27,122,0.207125,1
108105,2022-04-27,152,0.20525,1
108105,2022-04-27,182,0.192058,1
108105,2022-04-27,273,0.168944,1
108105,2022-04-27,365,0.156804,1
108105,2022-04-27,547,0.155752,1
108105,2022-04-27,730,0.169932,1
108105,2022-04-27,1825,0.200036,1
108105,2022-04-28,10,0.308506,1
108105,2022-04-28,14,0.28896,1
108105,2022-04-28,30,0.214498,1
108105,2022-04-28,60,0.224151,1
108105,2022-04-28,91,0.229918,1
108105,2022-04-28,122,0.210273,1
108105,2022-04-28,152,0.208001,1
108105,2022-04-28,182,0.19479,1
108105,2022-04-28,273,0.171263,1
108105,2022-04-28,365,0.158688,1
108105,2022-04-28,547,0.154086,1
108105,2022-04-28,730,0.170701,1
108105,2022-04-28,1825,0.200245,1
108105,2022-04-29,10,0.333465,1
108105,2022-04-29,14,0.322201,1
108105,2022-04-29,30,0.243549,1
108105,2022-04-29,60,0.240877,1
108105,2022-04-29,91,0.236116,1
108105,2022-04-29,122,0.219048,1
108105,2022-04-29,152,0.214441,1
108105,2022-04-29,182,0.201491,1
108105,2022-04-29,273,0.176357,1
108105,2022-04-29,365,0.162799,1
108105,2022-04-29,547,0.156864,1
108105,2022-04-29,730,0.171826,1
108105,2022-04-29,1825,0.200864,1
108105,2022-05-02,10,0.370265,1
108105,2022-05-02,14,0.32653,1
108105,2022-05-02,30,0.247799,1
108105,2022-05-02,60,0.239533,1
108105,2022-05-02,91,0.233086,1
108105,2022-05-02,122,0.221994,1
108105,2022-05-02,152,0.213056,1
108105,2022-05-02,182,0.20167,1
108105,2022-05-02,273,0.176484,1
108105,2022-05-02,365,0.162741,1
108105,2022-05-02,547,0.156567,1
108105,2022-05-02,730,0.170642,1
108105,2022-05-02,1825,0.201034,1
108105,2022-05-03,10,0.342707,1
108105,2022-05-03,14,0.310457,1
108105,2022-05-03,30,0.243671,1
108105,2022-05-03,60,0.239353,1
108105,2022-05-03,91,0.232834,1
108105,2022-05-03,122,0.220937,1
108105,2022-05-03,152,0.211957,1
108105,2022-05-03,182,0.201729,1
108105,2022-05-03,273,0.176311,1
108105,2022-05-03,365,0.162789,1
108105,2022-05-03,547,0.156316,1
108105,2022-05-03,730,0.170497,1
108105,2022-05-03,1825,0.201044,1
108105,2022-05-04,10,0.366492,1
108105,2022-05-04,14,0.359532,1
108105,2022-05-04,30,0.267155,1
108105,2022-05-04,60,0.247796,1
108105,2022-05-04,91,0.239933,1
108105,2022-05-04,122,0.226012,1
108105,2022-05-04,152,0.216791,1
108105,2022-05-04,182,0.206006,1
108105,2022-05-04,273,0.179546,1
108105,2022-05-04,365,0.16528,1
108105,2022-05-04,547,0.157472,1
108105,2022-05-04,730,0.171677,1
108105,2022-05-04,1825,0.201456,1
108105,2022-05-05,10,0.418527,1
108105,2022-05-05,14,0.392837,1
108105,2022-05-05,30,0.28952,1
108105,2022-05-05,60,0.259993,1
108105,2022-05-05,91,0.24564,1
108105,2022-05-05,122,0.233537,1
108105,2022-05-05,152,0.222754,1
108105,2022-05-05,182,0.212011,1
108105,2022-05-05,273,0.184197,1
108105,2022-05-05,365,0.169229,1
108105,2022-05-05,547,0.159389,1
108105,2022-05-05,730,0.17357,1
108105,2022-05-05,1825,0.202046,1
108105,2022-05-06,10,0.389756,1
108105,2022-05-06,14,0.372724,1
108105,2022-05-06,30,0.288869,1
108105,2022-05-06,60,0.250226,1
108105,2022-05-06,91,0.245456,1
108105,2022-05-06,122,0.233629,1
108105,2022-05-06,152,0.221815,1
108105,2022-05-06,182,0.212009,1
108105,2022-05-06,273,0.184284,1
108105,2022-05-06,365,0.169126,1
108105,2022-05-06,547,0.158723,1
108105,2022-05-06,730,0.173543,1
108105,2022-05-06,1825,0.201984,1
108105,2022-05-09,10,0.397276,1
108105,2022-05-09,14,0.395015,1
108105,2022-05-09,30,0.311136,1
108105,2022-05-09,60,0.25946,1
108105,2022-05-09,91,0.253224,1
108105,2022-05-09,122,0.240477,1
108105,2022-05-09,152,0.22572,1
108105,2022-05-09,182,0.216658,1
108105,2022-05-09,273,0.187992,1
108105,2022-05-09,365,0.172039,1
108105,2022-05-09,547,0.160998,1
108105,2022-05-09,730,0.174766,1
108105,2022-05-09,1825,0.202682,1
108105,2022-05-10,10,0.366007,1
108105,2022-05-10,14,0.378777,1
108105,2022-05-10,30,0.304626,1
108105,2022-05-10,60,0.257988,1
108105,2022-05-10,91,0.25253,1
108105,2022-05-10,122,0.239144,1
108105,2022-05-10,152,0.225631,1
108105,2022-05-10,182,0.216701,1
108105,2022-05-10,273,0.188015,1
108105,2022-05-10,365,0.171752,1
108105,2022-05-10,547,0.160741,1
108105,2022-05-10,730,0.174598,1
108105,2022-05-10,1825,0.202681,1
108105,2022-05-11,10,0.345487,1
108105,2022-05-11,14,0.381609,1
108105,2022-05-11,30,0.304428,1
108105,2022-05-11,60,0.257596,1
108105,2022-05-11,91,0.251984,1
108105,2022-05-11,122,0.239067,1
108105,2022-05-11,152,0.22618,1
108105,2022-05-11,182,0.21757,1
108105,2022-05-11,273,0.188893,1
108105,2022-05-11,365,0.172324,1
108105,2022-05-11,547,0.161329,1
108105,2022-05-11,730,0.175021,1
108105,2022-05-11,1825,0.202822,1
108105,2022-05-12,10,0.339111,1
108105,2022-05-12,14,0.343871,1
108105,2022-05-12,30,0.304696,1
108105,2022-05-12,60,0.254512,1
108105,2022-05-12,91,0.249923,1
108105,2022-05-12,122,0.239068,1
108105,2022-05-12,152,0.225091,1
108105,2022-05-12,182,0.217553,1
108105,2022-05-12,273,0.188848,1
108105,2022-05-12,365,0.17098,1
108105,2022-05-12,547,0.161222,1
108105,2022-05-12,730,0.174373,1
108105,2022-05-12,1825,0.202743,1
108105,2022-05-13,10,0.376856,1
108105,2022-05-13,14,0.338865,1
108105,2022-05-13,30,0.316044,1
108105,2022-05-13,60,0.261213,1
108105,2022-05-13,91,0.252718,1
108105,2022-05-13,122,0.242369,1
108105,2022-05-13,152,0.227392,1
108105,2022-05-13,182,0.220092,1
108105,2022-05-13,273,0.190898,1
108105,2022-05-13,365,0.172182,1
108105,2022-05-13,547,0.162125,1
108105,2022-05-13,730,0.174647,1
108105,2022-05-13,1825,0.202928,1
108105,2022-05-16,10,0.299645,1
108105,2022-05-16,14,0.335687,1
108105,2022-05-16,30,0.31488,1
108105,2022-05-16,60,0.252307,1
108105,2022-05-16,91,0.252722,1
108105,2022-05-16,122,0.244172,1
108105,2022-05-16,152,0.227432,1
108105,2022-05-16,182,0.220119,1
108105,2022-05-16,273,0.190903,1
108105,2022-05-16,365,0.171576,1
108105,2022-05-16,547,0.161802,1
108105,2022-05-16,730,0.17467,1
108105,2022-05-16,1825,0.202915,1
108105,2022-05-17,10,0.311096,1
108105,2022-05-17,14,0.354427,1
108105,2022-05-17,30,0.318134,1
108105,2022-05-17,60,0.256047,1
108105,2022-05-17,91,0.254058,1
108105,2022-05-17,122,0.245614,1
108105,2022-05-17,152,0.229589,1
108105,2022-05-17,182,0.222058,1
108105,2022-05-17,273,0.19222,1
108105,2022-05-17,365,0.172731,1
108105,2022-05-17,547,0.162339,1
108105,2022-05-17,730,0.175029,1
108105,2022-05-17,1825,0.203098,1
108105,2022-05-18,10,0.365294,1
108105,2022-05-18,14,0.355958,1
108105,2022-05-18,30,0.342763,1
108105,2022-05-18,60,0.270431,1
108105,2022-05-18,91,0.266182,1
108105,2022-05-18,122,0.253523,1
108105,2022-05-18,152,0.237474,1
108105,2022-05-18,182,0.229242,1
108105,2022-05-18,273,0.197555,1
108105,2022-05-18,365,0.177353,1
108105,2022-05-18,547,0.165805,1
108105,2022-05-18,730,0.17621,1
108105,2022-05-18,1825,0.203933,1
108105,2022-05-19,10,0.324383,1
108105,2022-05-19,14,0.322173,1
108105,2022-05-19,30,0.334538,1
108105,2022-05-19,60,0.267277,1
108105,2022-05-19,91,0.263399,1
108105,2022-05-19,122,0.252112,1
108105,2022-05-19,152,0.236422,1
108105,2022-05-19,182,0.229223,1
108105,2022-05-19,273,0.197636,1
108105,2022-05-19,365,0.177421,1
108105,2022-05-19,547,0.165595,1
108105,2022-05-19,730,0.176093,1
108105,2022-05-19,1825,0.203871,1
108105,2022-05-20,10,0.323277,1
108105,2022-05-20,14,0.323718,1
108105,2022-05-20,30,0.334699,1
108105,2022-05-20,60,0.267316,1
108105,2022-05-20,91,0.263201,1
108105,2022-05-20,122,0.250514,1
108105,2022-05-20,152,0.23531,1
108105,2022-05-20,182,0.229235,1
108105,2022-05-20,273,0.197377,1
108105,2022-05-20,365,0.177097,1
108105,2022-05-20,547,0.165567,1
108105,2022-05-20,730,0.175732,1
108105,2022-05-20,1825,0.20379,1
108105,2022-05-23,10,0.352162,1
108105,2022-05-23,14,0.305109,1
108105,2022-05-23,30,0.340922,1
108105,2022-05-23,60,0.272414,1
108105,2022-05-23,91,0.264136,1
108105,2022-05-23,122,0.253093,1
108105,2022-05-23,152,0.236527,1
108105,2022-05-23,182,0.23095,1
108105,2022-05-23,273,0.198322,1
108105,2022-05-23,365,0.17807,1
108105,2022-05-23,547,0.16613,1
108105,2022-05-23,730,0.176254,1
108105,2022-05-23,1825,0.204097,1
108105,2022-05-24,10,0.323531,1
108105,2022-05-24,14,0.306933,1
108105,2022-05-24,30,0.333088,1
108105,2022-05-24,60,0.271878,1
108105,2022-05-24,91,0.263895,1
108105,2022-05-24,122,0.251866,1
108105,2022-05-24,152,0.236423,1
108105,2022-05-24,182,0.231113,1
108105,2022-05-24,273,0.198496,1
108105,2022-05-24,365,0.177962,1
108105,2022-05-24,547,0.166215,1
108105,2022-05-24,730,0.176187,1
108105,2022-05-24,1825,0.204125,1
108105,2022-05-25,10,0.307463,1
108105,2022-05-25,14,0.298765,1
108105,2022-05-25,30,0.334576,1
108105,2022-05-25,60,0.270386,1
108105,2022-05-25,91,0.262436,1
108105,2022-05-25,122,0.251049,1
108105,2022-05-25,152,0.235916,1
108105,2022-05-25,182,0.231564,1
108105,2022-05-25,273,0.19881,1
108105,2022-05-25,365,0.178212,1
108105,2022-05-25,547,0.165882,1
108105,2022-05-25,730,0.176123,1
108105,2022-05-25,1825,0.204164,1
108105,2022-05-26,10,0.328346,1
108105,2022-05-26,14,0.312315,1
108105,2022-05-26,30,0.33103,1
108105,2022-05-26,60,0.272813,1
108105,2022-05-26,91,0.263773,1
108105,2022-05-26,122,0.253493,1
108105,2022-05-26,152,0.237082,1
108105,2022-05-26,182,0.232544,1
108105,2022-05-26,273,0.200098,1
108105,2022-05-26,365,0.179304,1
108105,2022-05-26,547,0.166635,1
108105,2022-05-26,730,0.176448,1
108105,2022-05-26,1825,0.204266,1
108105,2022-05-27,10,0.338192,1
108105,2022-05-27,14,0.313897,1
108105,2022-05-27,30,0.342227,1
108105,2022-05-27,60,0.279662,1
108105,2022-05-27,91,0.264619,1
108105,2022-05-27,122,0.256416,1
108105,2022-05-27,152,0.23928,1
108105,2022-05-27,182,0.233245,1
108105,2022-05-27,273,0.201882,1
108105,2022-05-27,365,0.180969,1
108105,2022-05-27,547,0.167578,1
108105,2022-05-27,730,0.176969,1
108105,2022-05-27,1825,0.204467,1
108105,2022-05-31,10,0.220772,1
108105,2022-05-31,14,0.319455,1
108105,2022-05-31,30,0.314253,1
108105,2022-05-31,60,0.285459,1
108105,2022-05-31,91,0.265273,1
108105,2022-05-31,122,0.255932,1
108105,2022-05-31,152,0.241671,1
108105,2022-05-31,182,0.232005,1
108105,2022-05-31,273,0.202457,1
108105,2022-05-31,365,0.181075,1
108105,2022-05-31,547,0.167831,1
108105,2022-05-31,730,0.177176,1
108105,2022-05-31,1825,0.204625,1
108105,2022-06-01,10,0.226121,1
108105,2022-06-01,14,0.209295,1
108105,2022-06-01,30,0.314578,1
108105,2022-06-01,60,0.282155,1
108105,2022-06-01,91,0.262736,1
108105,2022-06-01,122,0.254663,1
108105,2022-06-01,152,0.241852,1
108105,2022-06-01,182,0.231663,1
108105,2022-06-01,273,0.202618,1
108105,2022-06-01,365,0.181227,1
108105,2022-06-01,547,0.167717,1
108105,2022-06-01,730,0.177255,1
108105,2022-06-01,1825,0.204651,1
108105,2022-06-02,10,0.225868,1
108105,2022-06-02,14,0.20911,1
108105,2022-06-02,30,0.320892,1
108105,2022-06-02,60,0.2833,1
108105,2022-06-02,91,0.265408,1
108105,2022-06-02,122,0.254561,1
108105,2022-06-02,152,0.242615,1
108105,2022-06-02,182,0.232281,1
108105,2022-06-02,273,0.203747,1
108105,2022-06-02,365,0.182145,1
108105,2022-06-02,547,0.168355,1
108105,2022-06-02,730,0.177614,1
108105,2022-06-02,1825,0.204725,1
108105,2022-06-03,10,0.253375,1
108105,2022-06-03,14,0.243464,1
108105,2022-06-03,30,0.306983,1
108105,2022-06-03,60,0.284312,1
108105,2022-06-03,91,0.266899,1
108105,2022-06-03,122,0.255595,1
108105,2022-06-03,152,0.242595,1
108105,2022-06-03,182,0.2331,1
108105,2022-06-03,273,0.204592,1
108105,2022-06-03,365,0.182849,1
108105,2022-06-03,547,0.168914,1
108105,2022-06-03,730,0.177786,1
108105,2022-06-03,1825,0.204784,1
108105,2022-06-06,10,0.209286,1
108105,2022-06-06,14,0.231618,1
108105,2022-06-06,30,0.287635,1
108105,2022-06-06,60,0.289594,1
108105,2022-06-06,91,0.260343,1
108105,2022-06-06,122,0.25458,1
108105,2022-06-06,152,0.243071,1
108105,2022-06-06,182,0.232487,1
108105,2022-06-06,273,0.204091,1
108105,2022-06-06,365,0.182661,1
108105,2022-06-06,547,0.168787,1
108105,2022-06-06,730,0.177044,1
108105,2022-06-06,1825,0.204943,1
108105,2022-06-07,10,0.200904,1
108105,2022-06-07,14,0.220885,1
108105,2022-06-07,30,0.282277,1
108105,2022-06-07,60,0.291068,1
108105,2022-06-07,91,0.260677,1
108105,2022-06-07,122,0.253699,1
108105,2022-06-07,152,0.243645,1
108105,2022-06-07,182,0.230951,1
108105,2022-06-07,273,0.204387,1
108105,2022-06-07,365,0.18291,1
108105,2022-06-07,547,0.168944,1
108105,2022-06-07,730,0.176982,1
108105,2022-06-07,1825,0.204983,1
108105,2022-06-08,10,0.194813,1
108105,2022-06-08,14,0.236542,1
108105,2022-06-08,30,0.259399,1
108105,2022-06-08,60,0.288263,1
108105,2022-06-08,91,0.256357,1
108105,2022-06-08,122,0.252762,1
108105,2022-06-08,152,0.244072,1
108105,2022-06-08,182,0.231304,1
108105,2022-06-08,273,0.204739,1
108105,2022-06-08,365,0.183226,1
108105,2022-06-08,547,0.169178,1
108105,2022-06-08,730,0.176978,1
108105,2022-06-08,1825,0.205045,1
108105,2022-06-09,10,0.220562,1
108105,2022-06-09,14,0.256294,1
108105,2022-06-09,30,0.274003,1
108105,2022-06-09,60,0.289768,1
108105,2022-06-09,91,0.260533,1
108105,2022-06-09,122,0.255821,1
108105,2022-06-09,152,0.245463,1
108105,2022-06-09,182,0.233446,1
108105,2022-06-09,273,0.206492,1
108105,2022-06-09,365,0.184776,1
108105,2022-06-09,547,0.170214,1
108105,2022-06-09,730,0.177731,1
108105,2022-06-09,1825,0.205256,1
108105,2022-06-10,10,0.262718,1
108105,2022-06-10,14,0.245797,1
108105,2022-06-10,30,0.287344,1
108105,2022-06-10,60,0.295162,1
108105,2022-06-10,91,0.26569,1
108105,2022-06-10,122,0.259824,1
108105,2022-06-10,152,0.248103,1
108105,2022-06-10,182,0.236373,1
108105,2022-06-10,273,0.209022,1
108105,2022-06-10,365,0.187017,1
108105,2022-06-10,547,0.171943,1
108105,2022-06-10,730,0.178943,1
108105,2022-06-10,1825,0.205611,1
108105,2022-06-13,10,0.304617,1
108105,2022-06-13,14,0.283237,1
108105,2022-06-13,30,0.311431,1
108105,2022-06-13,60,0.313278,1
108105,2022-06-13,91,0.276303,1
108105,2022-06-13,122,0.266378,1
108105,2022-06-13,152,0.256606,1
108105,2022-06-13,182,0.242233,1
108105,2022-06-13,273,0.213746,1
108105,2022-06-13,365,0.191052,1
108105,2022-06-13,547,0.174977,1
108105,2022-06-13,730,0.175871,1
108105,2022-06-13,1825,0.206539,1
108105,2022-06-14,10,0.286442,1
108105,2022-06-14,14,0.284521,1
108105,2022-06-14,30,0.303546,1
108105,2022-06-14,60,0.309337,1
108105,2022-06-14,91,0.272384,1
108105,2022-06-14,122,0.264787,1
108105,2022-06-14,152,0.255911,1
108105,2022-06-14,182,0.242111,1
108105,2022-06-14,273,0.213698,1
108105,2022-06-14,365,0.191066,1
108105,2022-06-14,547,0.174968,1
108105,2022-06-14,730,0.175721,1
108105,2022-06-14,1825,0.206544,1
108105,2022-06-15,10,0.308505,1
108105,2022-06-15,14,0.310366,1
108105,2022-06-15,30,0.309887,1
108105,2022-06-15,60,0.308862,1
108105,2022-06-15,91,0.270038,1
108105,2022-06-15,122,0.264732,1
108105,2022-06-15,152,0.257177,1
108105,2022-06-15,182,0.241863,1
108105,2022-06-15,273,0.214166,1
108105,2022-06-15,365,0.191646,1
108105,2022-06-15,547,0.175053,1
108105,2022-06-15,730,0.175915,1
108105,2022-06-15,1825,0.206641,1
108105,2022-06-16,10,0.319337,1
108105,2022-06-16,14,0.295843,1
108105,2022-06-16,30,0.315475,1
108105,2022-06-16,60,0.313429,1
108105,2022-06-16,91,0.275317,1
108105,2022-06-16,122,0.270129,1
108105,2022-06-16,152,0.260421,1
108105,2022-06-16,182,0.245724,1
108105,2022-06-16,273,0.217363,1
108105,2022-06-16,365,0.194328,1
108105,2022-06-16,547,0.177129,1
108105,2022-06-16,730,0.177017,1
108105,2022-06-16,1825,0.207098,1
108105,2022-06-17,10,0.301694,1
108105,2022-06-17,14,0.304465,1
108105,2022-06-17,30,0.287593,1
108105,2022-06-17,60,0.313667,1
108105,2022-06-17,91,0.273939,1
108105,2022-06-17,122,0.268459,1
108105,2022-06-17,152,0.259271,1
108105,2022-06-17,182,0.245497,1
108105,2022-06-17,273,0.217191,1
108105,2022-06-17,365,0.194348,1
108105,2022-06-17,547,0.177076,1
108105,2022-06-17,730,0.177,1
108105,2022-06-17,1825,0.207018,1
108105,2022-06-21,10,0.405316,1
108105,2022-06-21,14,0.351824,1
108105,2022-06-21,30,0.310216,1
108105,2022-06-21,60,0.322093,1
108105,2022-06-21,91,0.280108,1
108105,2022-06-21,122,0.273271,1
108105,2022-06-21,152,0.263008,1
108105,2022-06-21,182,0.247337,1
108105,2022-06-21,273,0.218896,1
108105,2022-06-21,365,0.195353,1
108105,2022-06-21,547,0.178363,1
108105,2022-06-21,730,0.177926,1
108105,2022-06-21,1825,0.207484,1
108105,2022-06-22,10,0.371036,1
108105,2022-06-22,14,0.355652,1
108105,2022-06-22,30,0.300975,1
108105,2022-06-22,60,0.318075,1
108105,2022-06-22,91,0.279456,1
108105,2022-06-22,122,0.271621,1
108105,2022-06-22,152,0.26158,1
108105,2022-06-22,182,0.246753,1
108105,2022-06-22,273,0.218571,1
108105,2022-06-22,365,0.195274,1
108105,2022-06-22,547,0.178358,1
108105,2022-06-22,730,0.177877,1
108105,2022-06-22,1825,0.207485,1
108105,2022-06-23,10,0.288128,1
108105,2022-06-23,14,0.35827,1
108105,2022-06-23,30,0.303291,1
108105,2022-06-23,60,0.315685,1
108105,2022-06-23,91,0.278425,1
108105,2022-06-23,122,0.270689,1
108105,2022-06-23,152,0.260876,1
108105,2022-06-23,182,0.247016,1
108105,2022-06-23,273,0.218387,1
108105,2022-06-23,365,0.195528,1
108105,2022-06-23,547,0.178524,1
108105,2022-06-23,730,0.177972,1
108105,2022-06-23,1825,0.207443,1
108105,2022-06-24,10,0.329583,1
108105,2022-06-24,14,0.375107,1
108105,2022-06-24,30,0.321844,1
108105,2022-06-24,60,0.325248,1
108105,2022-06-24,91,0.285833,1
108105,2022-06-24,122,0.275698,1
108105,2022-06-24,152,0.264136,1
108105,2022-06-24,182,0.250145,1
108105,2022-06-24,273,0.221293,1
108105,2022-06-24,365,0.197804,1
108105,2022-06-24,547,0.180188,1
108105,2022-06-24,730,0.178213,1
108105,2022-06-24,1825,0.207787,1
108105,2022-06-27,10,0.23596,1
108105,2022-06-27,14,0.293846,1
108105,2022-06-27,30,0.304709,1
108105,2022-06-27,60,0.319398,1
108105,2022-06-27,91,0.285166,1
108105,2022-06-27,122,0.272894,1
108105,2022-06-27,152,0.266064,1
108105,2022-06-27,182,0.249198,1
108105,2022-06-27,273,0.221296,1
108105,2022-06-27,365,0.197787,1
108105,2022-06-27,547,0.179966,1
108105,2022-06-27,730,0.177371,1
108105,2022-06-27,1825,0.207889,1
108105,2022-06-28,10,0.297015,1
108105,2022-06-28,14,0.32022,1
108105,2022-06-28,30,0.302642,1
108105,2022-06-28,60,0.310367,1
108105,2022-06-28,91,0.285752,1
108105,2022-06-28,122,0.273221,1
108105,2022-06-28,152,0.267674,1
108105,2022-06-28,182,0.250606,1
108105,2022-06-28,273,0.221268,1
108105,2022-06-28,365,0.198774,1
108105,2022-06-28,547,0.180607,1
108105,2022-06-28,730,0.177808,1
108105,2022-06-28,1825,0.208057,1
108105,2022-06-29,10,0.274591,1
108105,2022-06-29,14,0.312347,1
108105,2022-06-29,30,0.295229,1
108105,2022-06-29,60,0.306478,1
108105,2022-06-29,91,0.285715,1
108105,2022-06-29,122,0.271595,1
108105,2022-06-29,152,0.264718,1
108105,2022-06-29,182,0.250569,1
108105,2022-06-29,273,0.221253,1
108105,2022-06-29,365,0.198773,1
108105,2022-06-29,547,0.180598,1
108105,2022-06-29,730,0.177528,1
108105,2022-06-29,1825,0.208057,1
108105,2022-06-30,10,0.266571,1
108105,2022-06-30,14,0.249481,1
108105,2022-06-30,30,0.295595,1
108105,2022-06-30,60,0.303186,1
108105,2022-06-30,91,0.284772,1
108105,2022-06-30,122,0.271872,1
108105,2022-06-30,152,0.26369,1
108105,2022-06-30,182,0.25076,1
108105,2022-06-30,273,0.221065,1
108105,2022-06-30,365,0.198939,1
108105,2022-06-30,547,0.18074,1
108105,2022-06-30,730,0.177336,1
108105,2022-06-30,1825,0.208015,1
108105,2022-07-01,10,0.238291,1
108105,2022-07-01,14,0.251932,1
108105,2022-07-01,30,0.29959,1
108105,2022-07-01,60,0.304176,1
108105,2022-07-01,91,0.285778,1
108105,2022-07-01,122,0.271584,1
108105,2022-07-01,152,0.263083,1
108105,2022-07-01,182,0.251371,1
108105,2022-07-01,273,0.220999,1
108105,2022-07-01,365,0.199162,1
108105,2022-07-01,547,0.180867,1
108105,2022-07-01,730,0.17745,1
108105,2022-07-01,1825,0.207982,1
108105,2022-07-05,10,0.165244,1
108105,2022-07-05,14,0.222911,1
108105,2022-07-05,30,0.293791,1
108105,2022-07-05,60,0.29182,1
108105,2022-07-05,91,0.28672,1
108105,2022-07-05,122,0.27238,1
108105,2022-07-05,152,0.261672,1
108105,2022-07-05,182,0.252162,1
108105,2022-07-05,273,0.220757,1
108105,2022-07-05,365,0.199013,1
108105,2022-07-05,547,0.180458,1
108105,2022-07-05,730,0.177428,1
108105,2022-07-05,1825,0.208099,1
108105,2022-07-06,10,0.156626,1
108105,2022-07-06,14,0.222162,1
108105,2022-07-06,30,0.293924,1
108105,2022-07-06,60,0.288379,1
108105,2022-07-06,91,0.286626,1
108105,2022-07-06,122,0.270875,1
108105,2022-07-06,152,0.261585,1
108105,2022-07-06,182,0.250975,1
108105,2022-07-06,273,0.220742,1
108105,2022-07-06,365,0.199049,1
108105,2022-07-06,547,0.18039,1
108105,2022-07-06,730,0.177109,1
108105,2022-07-06,1825,0.208087,1
108105,2022-07-07,10,0.187606,1
108105,2022-07-07,14,0.229191,1
108105,2022-07-07,30,0.297661,1
108105,2022-07-07,60,0.28771,1
108105,2022-07-07,91,0.288481,1
108105,2022-07-07,122,0.267635,1
108105,2022-07-07,152,0.261558,1
108105,2022-07-07,182,0.252071,1
108105,2022-07-07,273,0.221236,1
108105,2022-07-07,365,0.199603,1
108105,2022-07-07,547,0.180736,1
108105,2022-07-07,730,0.177224,1
108105,2022-07-07,1825,0.208105,1
108105,2022-07-08,10,0.124087,1
108105,2022-07-08,14,0.163293,1
108105,2022-07-08,30,0.296367,1
108105,2022-07-08,60,0.276557,1
108105,2022-07-08,91,0.288497,1
108105,2022-07-08,122,0.267401,1
108105,2022-07-08,152,0.260299,1
108105,2022-07-08,182,0.252045,1
108105,2022-07-08,273,0.221231,1
108105,2022-07-08,365,0.199435,1
108105,2022-07-08,547,0.180339,1
108105,2022-07-08,730,0.177149,1
108105,2022-07-08,1825,0.208023,1
108105,2022-07-11,10,0.150493,1
108105,2022-07-11,14,0.173693,1
108105,2022-07-11,30,0.276026,1
108105,2022-07-11,60,0.282038,1
108105,2022-07-11,91,0.287543,1
108105,2022-07-11,122,0.266417,1
108105,2022-07-11,152,0.261636,1
108105,2022-07-11,182,0.252458,1
108105,2022-07-11,273,0.221478,1
108105,2022-07-11,365,0.199405,1
108105,2022-07-11,547,0.180536,1
108105,2022-07-11,730,0.177335,1
108105,2022-07-11,1825,0.208234,1
108105,2022-07-12,10,0.151723,1
108105,2022-07-12,14,0.142572,1
108105,2022-07-12,30,0.270416,1
108105,2022-07-12,60,0.275728,1
108105,2022-07-12,91,0.287894,1
108105,2022-07-12,122,0.265176,1
108105,2022-07-12,152,0.260603,1
108105,2022-07-12,182,0.252229,1
108105,2022-07-12,273,0.221696,1
108105,2022-07-12,365,0.199559,1
108105,2022-07-12,547,0.180616,1
108105,2022-07-12,730,0.17729,1
108105,2022-07-12,1825,0.208277,1
108105,2022-07-13,10,0.140758,1
108105,2022-07-13,14,0.144469,1
108105,2022-07-13,30,0.229841,1
108105,2022-07-13,60,0.272283,1
108105,2022-07-13,91,0.286581,1
108105,2022-07-13,122,0.263636,1
108105,2022-07-13,152,0.259168,1
108105,2022-07-13,182,0.252175,1
108105,2022-07-13,273,0.221696,1
108105,2022-07-13,365,0.199575,1
108105,2022-07-13,547,0.180653,1
108105,2022-07-13,730,0.177189,1
108105,2022-07-13,1825,0.20828,1
108105,2022-07-14,10,0.130859,1
108105,2022-07-14,14,0.137044,1
108105,2022-07-14,30,0.229657,1
108105,2022-07-14,60,0.268887,1
108105,2022-07-14,91,0.285889,1
108105,2022-07-14,122,0.263428,1
108105,2022-07-14,152,0.257918,1
108105,2022-07-14,182,0.251533,1
108105,2022-07-14,273,0.220751,1
108105,2022-07-14,365,0.199582,1
108105,2022-07-14,547,0.18066,1
108105,2022-07-14,730,0.176967,1
108105,2022-07-14,1825,0.208202,1
108105,2022-07-15,10,0.173576,1
108105,2022-07-15,14,0.162391,1
108105,2022-07-15,30,0.233784,1
108105,2022-07-15,60,0.273535,1
108105,2022-07-15,91,0.28681,1
108105,2022-07-15,122,0.262898,1
108105,2022-07-15,152,0.258631,1
108105,2022-07-15,182,0.253233,1
108105,2022-07-15,273,0.221747,1
108105,2022-07-15,365,0.200522,1
108105,2022-07-15,547,0.181302,1
108105,2022-07-15,730,0.177353,1
108105,2022-07-15,1825,0.208287,1
108105,2022-07-18,10,0.178123,1
108105,2022-07-18,14,0.160348,1
108105,2022-07-18,30,0.205668,1
108105,2022-07-18,60,0.255429,1
108105,2022-07-18,91,0.287066,1
108105,2022-07-18,122,0.260965,1
108105,2022-07-18,152,0.259958,1
108105,2022-07-18,182,0.252399,1
108105,2022-07-18,273,0.221869,1
108105,2022-07-18,365,0.200553,1
108105,2022-07-18,547,0.181336,1
108105,2022-07-18,730,0.177609,1
108105,2022-07-18,1825,0.208478,1
108105,2022-07-19,10,0.2435,1
108105,2022-07-19,14,0.21068,1
108105,2022-07-19,30,0.219064,1
108105,2022-07-19,60,0.264975,1
108105,2022-07-19,91,0.290903,1
108105,2022-07-19,122,0.264284,1
108105,2022-07-19,152,0.261892,1
108105,2022-07-19,182,0.254506,1
108105,2022-07-19,273,0.224057,1
108105,2022-07-19,365,0.201854,1
108105,2022-07-19,547,0.182453,1
108105,2022-07-19,730,0.17845,1
108105,2022-07-19,1825,0.208825,1
108105,2022-07-20,10,0.226859,1
108105,2022-07-20,14,0.211261,1
108105,2022-07-20,30,0.213684,1
108105,2022-07-20,60,0.261939,1
108105,2022-07-20,91,0.291327,1
108105,2022-07-20,122,0.262999,1
108105,2022-07-20,152,0.261931,1
108105,2022-07-20,182,0.254408,1
108105,2022-07-20,273,0.22413,1
108105,2022-07-20,365,0.201361,1
108105,2022-07-20,547,0.182397,1
108105,2022-07-20,730,0.178403,1
108105,2022-07-20,1825,0.208839,1
108105,2022-07-21,10,0.212279,1
108105,2022-07-21,14,0.204718,1
108105,2022-07-21,30,0.201669,1
108105,2022-07-21,60,0.259701,1
108105,2022-07-21,91,0.291044,1
108105,2022-07-21,122,0.263714,1
108105,2022-07-21,152,0.26119,1
108105,2022-07-21,182,0.254468,1
108105,2022-07-21,273,0.224423,1
108105,2022-07-21,365,0.201436,1
108105,2022-07-21,547,0.182224,1
108105,2022-07-21,730,0.178525,1
108105,2022-07-21,1825,0.208799,1
108105,2022-07-22,10,0.21249,1
108105,2022-07-22,14,0.212871,1
108105,2022-07-22,30,0.205675,1
108105,2022-07-22,60,0.25683,1
108105,2022-07-22,91,0.286378,1
108105,2022-07-22,122,0.263154,1
108105,2022-07-22,152,0.260271,1
108105,2022-07-22,182,0.253428,1
108105,2022-07-22,273,0.22465,1
108105,2022-07-22,365,0.201624,1
108105,2022-07-22,547,0.182388,1
108105,2022-07-22,730,0.178618,1
108105,2022-07-22,1825,0.208762,1
108105,2022-07-25,10,0.214967,1
108105,2022-07-25,14,0.199967,1
108105,2022-07-25,30,0.181473,1
108105,2022-07-25,60,0.256438,1
108105,2022-07-25,91,0.286078,1
108105,2022-07-25,122,0.264023,1
108105,2022-07-25,152,0.259639,1
108105,2022-07-25,182,0.253395,1
108105,2022-07-25,273,0.224572,1
108105,2022-07-25,365,0.201357,1
108105,2022-07-25,547,0.182373,1
108105,2022-07-25,730,0.178506,1
108105,2022-07-25,1825,0.208924,1
108105,2022-07-26,10,0.218525,1
108105,2022-07-26,14,0.204219,1
108105,2022-07-26,30,0.181945,1
108105,2022-07-26,60,0.249387,1
108105,2022-07-26,91,0.281409,1
108105,2022-07-26,122,0.262981,1
108105,2022-07-26,152,0.259051,1
108105,2022-07-26,182,0.253338,1
108105,2022-07-26,273,0.224904,1
108105,2022-07-26,365,0.201647,1
108105,2022-07-26,547,0.1826,1
108105,2022-07-26,730,0.178531,1
108105,2022-07-26,1825,0.208992,1
108105,2022-07-27,10,0.242111,1
108105,2022-07-27,14,0.229703,1
108105,2022-07-27,30,0.202022,1
108105,2022-07-27,60,0.255545,1
108105,2022-07-27,91,0.286511,1
108105,2022-07-27,122,0.265726,1
108105,2022-07-27,152,0.259916,1
108105,2022-07-27,182,0.256148,1
108105,2022-07-27,273,0.226964,1
108105,2022-07-27,365,0.203308,1
108105,2022-07-27,547,0.183804,1
108105,2022-07-27,730,0.179367,1
108105,2022-07-27,1825,0.209301,1
108105,2022-07-28,10,0.227899,1
108105,2022-07-28,14,0.226196,1
108105,2022-07-28,30,0.188642,1
108105,2022-07-28,60,0.254344,1
108105,2022-07-28,91,0.2831,1
108105,2022-07-28,122,0.266346,1
108105,2022-07-28,152,0.259432,1
108105,2022-07-28,182,0.256686,1
108105,2022-07-28,273,0.227121,1
108105,2022-07-28,365,0.203686,1
108105,2022-07-28,547,0.182812,1
108105,2022-07-28,730,0.179488,1
108105,2022-07-28,1825,0.209283,1
108105,2022-07-29,10,0.197031,1
108105,2022-07-29,14,0.220262,1
108105,2022-07-29,30,0.191897,1
108105,2022-07-29,60,0.253761,1
108105,2022-07-29,91,0.274775,1
108105,2022-07-29,122,0.266665,1
108105,2022-07-29,152,0.259202,1
108105,2022-07-29,182,0.255137,1
108105,2022-07-29,273,0.227747,1
108105,2022-07-29,365,0.204147,1
108105,2022-07-29,547,0.183,1
108105,2022-07-29,730,0.179551,1
108105,2022-07-29,1825,0.20929,1
108105,2022-08-01,10,0.213443,1
108105,2022-08-01,14,0.211166,1
108105,2022-08-01,30,0.191424,1
108105,2022-08-01,60,0.254849,1
108105,2022-08-01,91,0.274585,1
108105,2022-08-01,122,0.268464,1
108105,2022-08-01,152,0.258949,1
108105,2022-08-01,182,0.253659,1
108105,2022-08-01,273,0.227745,1
108105,2022-08-01,365,0.204098,1
108105,2022-08-01,547,0.182304,1
108105,2022-08-01,730,0.179648,1
108105,2022-08-01,1825,0.209459,1
108105,2022-08-02,10,0.210242,1
108105,2022-08-02,14,0.188643,1
108105,2022-08-02,30,0.19001,1
108105,2022-08-02,60,0.252013,1
108105,2022-08-02,91,0.274705,1
108105,2022-08-02,122,0.266993,1
108105,2022-08-02,152,0.259021,1
108105,2022-08-02,182,0.253565,1
108105,2022-08-02,273,0.227799,1
108105,2022-08-02,365,0.204193,1
108105,2022-08-02,547,0.18194,1
108105,2022-08-02,730,0.17954,1
108105,2022-08-02,1825,0.20948,1
108105,2022-08-03,10,0.204068,1
108105,2022-08-03,14,0.197542,1
108105,2022-08-03,30,0.190059,1
108105,2022-08-03,60,0.251839,1
108105,2022-08-03,91,0.26987,1
108105,2022-08-03,122,0.266968,1
108105,2022-08-03,152,0.259969,1
108105,2022-08-03,182,0.254217,1
108105,2022-08-03,273,0.228425,1
108105,2022-08-03,365,0.20463,1
108105,2022-08-03,547,0.182031,1
108105,2022-08-03,730,0.179794,1
108105,2022-08-03,1825,0.209588,1
108105,2022-08-04,10,0.206111,1
108105,2022-08-04,14,0.197191,1
108105,2022-08-04,30,0.190551,1
108105,2022-08-04,60,0.248762,1
108105,2022-08-04,91,0.259744,1
108105,2022-08-04,122,0.266489,1
108105,2022-08-04,152,0.258717,1
108105,2022-08-04,182,0.251905,1
108105,2022-08-04,273,0.228357,1
108105,2022-08-04,365,0.204583,1
108105,2022-08-04,547,0.182032,1
108105,2022-08-04,730,0.179782,1
108105,2022-08-04,1825,0.209505,1
108105,2022-08-05,10,0.182148,1
108105,2022-08-05,14,0.186277,1
108105,2022-08-05,30,0.191388,1
108105,2022-08-05,60,0.248697,1
108105,2022-08-05,91,0.259504,1
108105,2022-08-05,122,0.265733,1
108105,2022-08-05,152,0.257489,1
108105,2022-08-05,182,0.251775,1
108105,2022-08-05,273,0.228302,1
108105,2022-08-05,365,0.204492,1
108105,2022-08-05,547,0.181832,1
108105,2022-08-05,730,0.179739,1
108105,2022-08-05,1825,0.209424,1
108105,2022-08-08,10,0.122414,1
108105,2022-08-08,14,0.187944,1
108105,2022-08-08,30,0.191765,1
108105,2022-08-08,60,0.244543,1
108105,2022-08-08,91,0.250761,1
108105,2022-08-08,122,0.268375,1
108105,2022-08-08,152,0.252407,1
108105,2022-08-08,182,0.251738,1
108105,2022-08-08,273,0.228296,1
108105,2022-08-08,365,0.204485,1
108105,2022-08-08,547,0.18181,1
108105,2022-08-08,730,0.179872,1
108105,2022-08-08,1825,0.209587,1
108105,2022-08-09,10,0.11518,1
108105,2022-08-09,14,0.173623,1
108105,2022-08-09,30,0.188684,1
108105,2022-08-09,60,0.232231,1
108105,2022-08-09,91,0.25092,1
108105,2022-08-09,122,0.266794,1
108105,2022-08-09,152,0.252405,1
108105,2022-08-09,182,0.251458,1
108105,2022-08-09,273,0.22831,1
108105,2022-08-09,365,0.204523,1
108105,2022-08-09,547,0.18175,1
108105,2022-08-09,730,0.179723,1
108105,2022-08-09,1825,0.20949,1
108105,2022-08-10,10,0.160354,1
108105,2022-08-10,14,0.158667,1
108105,2022-08-10,30,0.191704,1
108105,2022-08-10,60,0.234446,1
108105,2022-08-10,91,0.251816,1
108105,2022-08-10,122,0.267929,1
108105,2022-08-10,152,0.253777,1
108105,2022-08-10,182,0.252449,1
108105,2022-08-10,273,0.229527,1
108105,2022-08-10,365,0.205631,1
108105,2022-08-10,547,0.182549,1
108105,2022-08-10,730,0.180308,1
108105,2022-08-10,1825,0.209694,1
108105,2022-08-11,10,0.158295,1
108105,2022-08-11,14,0.154601,1
108105,2022-08-11,30,0.186694,1
108105,2022-08-11,60,0.231654,1
108105,2022-08-11,91,0.251796,1
108105,2022-08-11,122,0.266408,1
108105,2022-08-11,152,0.252557,1
108105,2022-08-11,182,0.25119,1
108105,2022-08-11,273,0.229524,1
108105,2022-08-11,365,0.205614,1
108105,2022-08-11,547,0.18255,1
108105,2022-08-11,730,0.180211,1
108105,2022-08-11,1825,0.209611,1
108105,2022-08-12,10,0.164113,1
108105,2022-08-12,14,0.16125,1
108105,2022-08-12,30,0.188711,1
108105,2022-08-12,60,0.210099,1
108105,2022-08-12,91,0.249753,1
108105,2022-08-12,122,0.268121,1
108105,2022-08-12,152,0.252741,1
108105,2022-08-12,182,0.251017,1
108105,2022-08-12,273,0.23027,1
108105,2022-08-12,365,0.206325,1
108105,2022-08-12,547,0.183072,1
108105,2022-08-12,730,0.180348,1
108105,2022-08-12,1825,0.209661,1
108105,2022-08-15,10,0.167792,1
108105,2022-08-15,14,0.157268,1
108105,2022-08-15,30,0.184832,1
108105,2022-08-15,60,0.191384,1
108105,2022-08-15,91,0.249614,1
108105,2022-08-15,122,0.268299,1
108105,2022-08-15,152,0.250454,1
108105,2022-08-15,182,0.251034,1
108105,2022-08-15,273,0.230327,1
108105,2022-08-15,365,0.206359,1
108105,2022-08-15,547,0.183061,1
108105,2022-08-15,730,0.180535,1
108105,2022-08-15,1825,0.20979,1
108105,2022-08-16,10,0.155161,1
108105,2022-08-16,14,0.146089,1
108105,2022-08-16,30,0.180702,1
108105,2022-08-16,60,0.191405,1
108105,2022-08-16,91,0.246618,1
108105,2022-08-16,122,0.266704,1
108105,2022-08-16,152,0.249715,1
108105,2022-08-16,182,0.250028,1
108105,2022-08-16,273,0.230288,1
108105,2022-08-16,365,0.20635,1
108105,2022-08-16,547,0.182823,1
108105,2022-08-16,730,0.180358,1
108105,2022-08-16,1825,0.209668,1
108105,2022-08-17,10,0.1603,1
108105,2022-08-17,14,0.145358,1
108105,2022-08-17,30,0.179736,1
108105,2022-08-17,60,0.191034,1
108105,2022-08-17,91,0.231742,1
108105,2022-08-17,122,0.265387,1
108105,2022-08-17,152,0.249255,1
108105,2022-08-17,182,0.250217,1
108105,2022-08-17,273,0.23041,1
108105,2022-08-17,365,0.206357,1
108105,2022-08-17,547,0.182924,1
108105,2022-08-17,730,0.180434,1
108105,2022-08-17,1825,0.209694,1
108105,2022-08-18,10,0.157496,1
108105,2022-08-18,14,0.144045,1
108105,2022-08-18,30,0.161546,1
108105,2022-08-18,60,0.188722,1
108105,2022-08-18,91,0.231273,1
108105,2022-08-18,122,0.265425,1
108105,2022-08-18,152,0.248088,1
108105,2022-08-18,182,0.248424,1
108105,2022-08-18,273,0.230389,1
108105,2022-08-18,365,0.206093,1
108105,2022-08-18,547,0.182931,1
108105,2022-08-18,730,0.180434,1
108105,2022-08-18,1825,0.209612,1
108105,2022-08-19,10,0.180438,1
108105,2022-08-19,14,0.164382,1
108105,2022-08-19,30,0.171026,1
108105,2022-08-19,60,0.190761,1
108105,2022-08-19,91,0.233101,1
108105,2022-08-19,122,0.264791,1
108105,2022-08-19,152,0.247666,1
108105,2022-08-19,182,0.248892,1
108105,2022-08-19,273,0.230842,1
108105,2022-08-19,365,0.20649,1
108105,2022-08-19,547,0.183209,1
108105,2022-08-19,730,0.180652,1
108105,2022-08-19,1825,0.209615,1
108105,2022-08-22,10,0.162432,1
108105,2022-08-22,14,0.202951,1
108105,2022-08-22,30,0.188722,1
108105,2022-08-22,60,0.196559,1
108105,2022-08-22,91,0.234937,1
108105,2022-08-22,122,0.264986,1
108105,2022-08-22,152,0.250859,1
108105,2022-08-22,182,0.249737,1
108105,2022-08-22,273,0.232115,1
108105,2022-08-22,365,0.207434,1
108105,2022-08-22,547,0.184065,1
108105,2022-08-22,730,0.181483,1
108105,2022-08-22,1825,0.209964,1
108105,2022-08-23,10,0.149668,1
108105,2022-08-23,14,0.20203,1
108105,2022-08-23,30,0.184752,1
108105,2022-08-23,60,0.183452,1
108105,2022-08-23,91,0.234323,1
108105,2022-08-23,122,0.263405,1
108105,2022-08-23,152,0.249764,1
108105,2022-08-23,182,0.24936,1
108105,2022-08-23,273,0.232107,1
108105,2022-08-23,365,0.207256,1
108105,2022-08-23,547,0.183962,1
108105,2022-08-23,730,0.181312,1
108105,2022-08-23,1825,0.209965,1
108105,2022-08-24,10,0.145758,1
108105,2022-08-24,14,0.166906,1
108105,2022-08-24,30,0.184772,1
108105,2022-08-24,60,0.181243,1
108105,2022-08-24,91,0.233697,1
108105,2022-08-24,122,0.261894,1
108105,2022-08-24,152,0.249662,1
108105,2022-08-24,182,0.248038,1
108105,2022-08-24,273,0.232119,1
108105,2022-08-24,365,0.207273,1
108105,2022-08-24,547,0.183974,1
108105,2022-08-24,730,0.181193,1
108105,2022-08-24,1825,0.209967,1
108105,2022-08-25,10,0.17397,1
108105,2022-08-25,14,0.184638,1
108105,2022-08-25,30,0.182529,1
108105,2022-08-25,60,0.181667,1
108105,2022-08-25,91,0.232056,1
108105,2022-08-25,122,0.262859,1
108105,2022-08-25,152,0.249527,1
108105,2022-08-25,182,0.247937,1
108105,2022-08-25,273,0.232119,1
108105,2022-08-25,365,0.207752,1
108105,2022-08-25,547,0.184096,1
108105,2022-08-25,730,0.181435,1
108105,2022-08-25,1825,0.209971,1
108105,2022-08-26,10,0.242964,1
108105,2022-08-26,14,0.225268,1
108105,2022-08-26,30,0.204769,1
108105,2022-08-26,60,0.201192,1
108105,2022-08-26,91,0.237216,1
108105,2022-08-26,122,0.264882,1
108105,2022-08-26,152,0.253657,1
108105,2022-08-26,182,0.250528,1
108105,2022-08-26,273,0.233946,1
108105,2022-08-26,365,0.210444,1
108105,2022-08-26,547,0.185113,1
108105,2022-08-26,730,0.18295,1
108105,2022-08-26,1825,0.210461,1
108105,2022-08-29,10,0.276193,1
108105,2022-08-29,14,0.21922,1
108105,2022-08-29,30,0.199832,1
108105,2022-08-29,60,0.198264,1
108105,2022-08-29,91,0.235632,1
108105,2022-08-29,122,0.256846,1
108105,2022-08-29,152,0.254944,1
108105,2022-08-29,182,0.250662,1
108105,2022-08-29,273,0.233498,1
108105,2022-08-29,365,0.210337,1
108105,2022-08-29,547,0.185154,1
108105,2022-08-29,730,0.18314,1
108105,2022-08-29,1825,0.210644,1
108105,2022-08-30,10,0.252815,1
108105,2022-08-30,14,0.215136,1
108105,2022-08-30,30,0.197889,1
108105,2022-08-30,60,0.199334,1
108105,2022-08-30,91,0.236306,1
108105,2022-08-30,122,0.255977,1
108105,2022-08-30,152,0.254396,1
108105,2022-08-30,182,0.250201,1
108105,2022-08-30,273,0.232829,1
108105,2022-08-30,365,0.210551,1
108105,2022-08-30,547,0.184391,1
108105,2022-08-30,730,0.183134,1
108105,2022-08-30,1825,0.210693,1
108105,2022-08-31,10,0.234084,1
108105,2022-08-31,14,0.215123,1
108105,2022-08-31,30,0.198984,1
108105,2022-08-31,60,0.198078,1
108105,2022-08-31,91,0.236347,1
108105,2022-08-31,122,0.25477,1
108105,2022-08-31,152,0.254497,1
108105,2022-08-31,182,0.248919,1
108105,2022-08-31,273,0.232615,1
108105,2022-08-31,365,0.210678,1
108105,2022-08-31,547,0.184383,1
108105,2022-08-31,730,0.183216,1
108105,2022-08-31,1825,0.210724,1
108105,2022-09-01,10,0.224411,1
108105,2022-09-01,14,0.216097,1
108105,2022-09-01,30,0.198854,1
108105,2022-09-01,60,0.195778,1
108105,2022-09-01,91,0.233354,1
108105,2022-09-01,122,0.254617,1
108105,2022-09-01,152,0.253359,1
108105,2022-09-01,182,0.248896,1
108105,2022-09-01,273,0.232017,1
108105,2022-09-01,365,0.210706,1
108105,2022-09-01,547,0.184082,1
108105,2022-09-01,730,0.183154,1
108105,2022-09-01,1825,0.210644,1
108105,2022-09-02,10,0.225373,1
108105,2022-09-02,14,0.21487,1
108105,2022-09-02,30,0.191802,1
108105,2022-09-02,60,0.195483,1
108105,2022-09-02,91,0.232076,1
108105,2022-09-02,122,0.255048,1
108105,2022-09-02,152,0.252575,1
108105,2022-09-02,182,0.249093,1
108105,2022-09-02,273,0.232136,1
108105,2022-09-02,365,0.210928,1
108105,2022-09-02,547,0.183961,1
108105,2022-09-02,730,0.18301,1
108105,2022-09-02,1825,0.210619,1
108105,2022-09-06,10,0.083045,1
108105,2022-09-06,14,0.211152,1
108105,2022-09-06,30,0.196446,1
108105,2022-09-06,60,0.19947,1
108105,2022-09-06,91,0.232974,1
108105,2022-09-06,122,0.244767,1
108105,2022-09-06,152,0.254763,1
108105,2022-09-06,182,0.246449,1
108105,2022-09-06,273,0.230997,1
108105,2022-09-06,365,0.210958,1
108105,2022-09-06,547,0.183511,1
108105,2022-09-06,730,0.181339,1
108105,2022-09-06,1825,0.210763,1
108105,2022-09-07,10,0.165025,1
108105,2022-09-07,14,0.244485,1
108105,2022-09-07,30,0.209474,1
108105,2022-09-07,60,0.201959,1
108105,2022-09-07,91,0.235247,1
108105,2022-09-07,122,0.245462,1
108105,2022-09-07,152,0.25658,1
108105,2022-09-07,182,0.24512,1
108105,2022-09-07,273,0.232018,1
108105,2022-09-07,365,0.211771,1
108105,2022-09-07,547,0.183752,1
108105,2022-09-07,730,0.181601,1
108105,2022-09-07,1825,0.210912,1
108105,2022-09-08,10,0.170892,1
108105,2022-09-08,14,0.229623,1
108105,2022-09-08,30,0.211284,1
108105,2022-09-08,60,0.200087,1
108105,2022-09-08,91,0.230648,1
108105,2022-09-08,122,0.239185,1
108105,2022-09-08,152,0.255617,1
108105,2022-09-08,182,0.245272,1
108105,2022-09-08,273,0.232062,1
108105,2022-09-08,365,0.211888,1
108105,2022-09-08,547,0.183765,1
108105,2022-09-08,730,0.180533,1
108105,2022-09-08,1825,0.210846,1
108105,2022-09-09,10,0.177394,1
108105,2022-09-09,14,0.175198,1
108105,2022-09-09,30,0.204253,1
108105,2022-09-09,60,0.200761,1
108105,2022-09-09,91,0.224557,1
108105,2022-09-09,122,0.240581,1
108105,2022-09-09,152,0.255627,1
108105,2022-09-09,182,0.245606,1
108105,2022-09-09,273,0.232495,1
108105,2022-09-09,365,0.212422,1
108105,2022-09-09,547,0.183986,1
108105,2022-09-09,730,0.180304,1
108105,2022-09-09,1825,0.210866,1
108105,2022-09-12,10,0.137835,1
108105,2022-09-12,14,0.177346,1
108105,2022-09-12,30,0.202814,1
108105,2022-09-12,60,0.204222,1
108105,2022-09-12,91,0.209712,1
108105,2022-09-12,122,0.238856,1
108105,2022-09-12,152,0.256769,1
108105,2022-09-12,182,0.245864,1
108105,2022-09-12,273,0.232657,1
108105,2022-09-12,365,0.212573,1
108105,2022-09-12,547,0.184183,1
108105,2022-09-12,730,0.18017,1
108105,2022-09-12,1825,0.211027,1
108105,2022-09-13,10,0.367791,1
108105,2022-09-13,14,0.299704,1
108105,2022-09-13,30,0.24581,1
108105,2022-09-13,60,0.229556,1
108105,2022-09-13,91,0.228859,1
108105,2022-09-13,122,0.249715,1
108105,2022-09-13,152,0.265034,1
108105,2022-09-13,182,0.251805,1
108105,2022-09-13,273,0.237954,1
108105,2022-09-13,365,0.217036,1
108105,2022-09-13,547,0.187627,1
108105,2022-09-13,730,0.182734,1
108105,2022-09-13,1825,0.211968,1
108105,2022-09-14,10,0.336236,1
108105,2022-09-14,14,0.298098,1
108105,2022-09-14,30,0.24558,1
108105,2022-09-14,60,0.226854,1
108105,2022-09-14,91,0.227211,1
108105,2022-09-14,122,0.248287,1
108105,2022-09-14,152,0.263835,1
108105,2022-09-14,182,0.249756,1
108105,2022-09-14,273,0.23717,1
108105,2022-09-14,365,0.217006,1
108105,2022-09-14,547,0.187643,1
108105,2022-09-14,730,0.182538,1
108105,2022-09-14,1825,0.211972,1
108105,2022-09-15,10,0.318701,1
108105,2022-09-15,14,0.302836,1
108105,2022-09-15,30,0.245838,1
108105,2022-09-15,60,0.225977,1
108105,2022-09-15,91,0.217943,1
108105,2022-09-15,122,0.248957,1
108105,2022-09-15,152,0.263053,1
108105,2022-09-15,182,0.249499,1
108105,2022-09-15,273,0.237306,1
108105,2022-09-15,365,0.217094,1
108105,2022-09-15,547,0.187858,1
108105,2022-09-15,730,0.182691,1
108105,2022-09-15,1825,0.211953,1
108105,2022-09-16,10,0.320356,1
108105,2022-09-16,14,0.300081,1
108105,2022-09-16,30,0.245831,1
108105,2022-09-16,60,0.225722,1
108105,2022-09-16,91,0.218554,1
108105,2022-09-16,122,0.246672,1
108105,2022-09-16,152,0.261965,1
108105,2022-09-16,182,0.249001,1
108105,2022-09-16,273,0.237166,1
108105,2022-09-16,365,0.217194,1
108105,2022-09-16,547,0.187558,1
108105,2022-09-16,730,0.182735,1
108105,2022-09-16,1825,0.211895,1
108105,2022-09-19,10,0.318237,1
108105,2022-09-19,14,0.28596,1
108105,2022-09-19,30,0.252408,1
108105,2022-09-19,60,0.219567,1
108105,2022-09-19,91,0.217114,1
108105,2022-09-19,122,0.23918,1
108105,2022-09-19,152,0.263426,1
108105,2022-09-19,182,0.249256,1
108105,2022-09-19,273,0.237018,1
108105,2022-09-19,365,0.217148,1
108105,2022-09-19,547,0.187641,1
108105,2022-09-19,730,0.182688,1
108105,2022-09-19,1825,0.212083,1
108105,2022-09-20,10,0.291668,1
108105,2022-09-20,14,0.290691,1
108105,2022-09-20,30,0.247311,1
108105,2022-09-20,60,0.220113,1
108105,2022-09-20,91,0.213249,1
108105,2022-09-20,122,0.238536,1
108105,2022-09-20,152,0.263038,1
108105,2022-09-20,182,0.24905,1
108105,2022-09-20,273,0.236344,1
108105,2022-09-20,365,0.216781,1
108105,2022-09-20,547,0.18778,1
108105,2022-09-20,730,0.182692,1
108105,2022-09-20,1825,0.212142,1
108105,2022-09-21,10,0.275397,1
108105,2022-09-21,14,0.278225,1
108105,2022-09-21,30,0.243914,1
108105,2022-09-21,60,0.221184,1
108105,2022-09-21,91,0.216131,1
108105,2022-09-21,122,0.238943,1
108105,2022-09-21,152,0.260856,1
108105,2022-09-21,182,0.249592,1
108105,2022-09-21,273,0.236735,1
108105,2022-09-21,365,0.217429,1
108105,2022-09-21,547,0.188203,1
108105,2022-09-21,730,0.18292,1
108105,2022-09-21,1825,0.212289,1
108105,2022-09-22,10,0.246441,1
108105,2022-09-22,14,0.271003,1
108105,2022-09-22,30,0.244241,1
108105,2022-09-22,60,0.21927,1
108105,2022-09-22,91,0.215952,1
108105,2022-09-22,122,0.237071,1
108105,2022-09-22,152,0.259846,1
108105,2022-09-22,182,0.2488,1
108105,2022-09-22,273,0.236731,1
108105,2022-09-22,365,0.217338,1
108105,2022-09-22,547,0.188276,1
108105,2022-09-22,730,0.182882,1
108105,2022-09-22,1825,0.212241,1
108105,2022-09-23,10,0.140287,1
108105,2022-09-23,14,0.246685,1
108105,2022-09-23,30,0.246608,1
108105,2022-09-23,60,0.222616,1
108105,2022-09-23,91,0.209697,1
108105,2022-09-23,122,0.238491,1
108105,2022-09-23,152,0.259804,1
108105,2022-09-23,182,0.249642,1
108105,2022-09-23,273,0.236837,1
108105,2022-09-23,365,0.217608,1
108105,2022-09-23,547,0.188754,1
108105,2022-09-23,730,0.182501,1
108105,2022-09-23,1825,0.212304,1
108105,2022-09-26,10,0.14097,1
108105,2022-09-26,14,0.219644,1
108105,2022-09-26,30,0.219768,1
108105,2022-09-26,60,0.213781,1
108105,2022-09-26,91,0.210517,1
108105,2022-09-26,122,0.234103,1
108105,2022-09-26,152,0.258936,1
108105,2022-09-26,182,0.249629,1
108105,2022-09-26,273,0.236417,1
108105,2022-09-26,365,0.21781,1
108105,2022-09-26,547,0.188445,1
108105,2022-09-26,730,0.182492,1
108105,2022-09-26,1825,0.212517,1
108105,2022-09-27,10,0.136419,1
108105,2022-09-27,14,0.12798,1
108105,2022-09-27,30,0.214473,1
108105,2022-09-27,60,0.209516,1
108105,2022-09-27,91,0.206843,1
108105,2022-09-27,122,0.232673,1
108105,2022-09-27,152,0.255757,1
108105,2022-09-27,182,0.248826,1
108105,2022-09-27,273,0.236418,1
108105,2022-09-27,365,0.217805,1
108105,2022-09-27,547,0.188451,1
108105,2022-09-27,730,0.182318,1
108105,2022-09-27,1825,0.21252,1
108105,2022-09-28,10,0.201924,1
108105,2022-09-28,14,0.180975,1
108105,2022-09-28,30,0.230552,1
108105,2022-09-28,60,0.214167,1
108105,2022-09-28,91,0.21076,1
108105,2022-09-28,122,0.234126,1
108105,2022-09-28,152,0.251699,1
108105,2022-09-28,182,0.250588,1
108105,2022-09-28,273,0.237635,1
108105,2022-09-28,365,0.217834,1
108105,2022-09-28,547,0.189121,1
108105,2022-09-28,730,0.182487,1
108105,2022-09-28,1825,0.212688,1
108105,2022-09-29,10,0.204007,1
108105,2022-09-29,14,0.195716,1
108105,2022-09-29,30,0.237267,1
108105,2022-09-29,60,0.21647,1
108105,2022-09-29,91,0.214255,1
108105,2022-09-29,122,0.235269,1
108105,2022-09-29,152,0.25246,1
108105,2022-09-29,182,0.251348,1
108105,2022-09-29,273,0.238754,1
108105,2022-09-29,365,0.218806,1
108105,2022-09-29,547,0.189884,1
108105,2022-09-29,730,0.183088,1
108105,2022-09-29,1825,0.212824,1
108105,2022-09-30,10,0.206981,1
108105,2022-09-30,14,0.200088,1
108105,2022-09-30,30,0.239985,1
108105,2022-09-30,60,0.218489,1
108105,2022-09-30,91,0.214993,1
108105,2022-09-30,122,0.2363,1
108105,2022-09-30,152,0.252178,1
108105,2022-09-30,182,0.251958,1
108105,2022-09-30,273,0.23928,1
108105,2022-09-30,365,0.218995,1
108105,2022-09-30,547,0.190021,1
108105,2022-09-30,730,0.18332,1
108105,2022-09-30,1825,0.212852,1
108105,2022-10-03,10,0.3036,1
108105,2022-10-03,14,0.253225,1
108105,2022-10-03,30,0.266304,1
108105,2022-10-03,60,0.230211,1
108105,2022-10-03,91,0.219706,1
108105,2022-10-03,122,0.239683,1
108105,2022-10-03,152,0.253106,1
108105,2022-10-03,182,0.254574,1
108105,2022-10-03,273,0.241156,1
108105,2022-10-03,365,0.220234,1
108105,2022-10-03,547,0.190938,1
108105,2022-10-03,730,0.184217,1
108105,2022-10-03,1825,0.213314,1
108105,2022-10-04,10,0.333091,1
108105,2022-10-04,14,0.307728,1
108105,2022-10-04,30,0.284124,1
108105,2022-10-04,60,0.244386,1
108105,2022-10-04,91,0.22799,1
108105,2022-10-04,122,0.244386,1
108105,2022-10-04,152,0.25188,1
108105,2022-10-04,182,0.258077,1
108105,2022-10-04,273,0.243903,1
108105,2022-10-04,365,0.222022,1
108105,2022-10-04,547,0.192171,1
108105,2022-10-04,730,0.185248,1
108105,2022-10-04,1825,0.213718,1
108105,2022-10-05,10,0.310067,1
108105,2022-10-05,14,0.295407,1
108105,2022-10-05,30,0.27728,1
108105,2022-10-05,60,0.241388,1
108105,2022-10-05,91,0.227894,1
108105,2022-10-05,122,0.242934,1
108105,2022-10-05,152,0.251773,1
108105,2022-10-05,182,0.257802,1
108105,2022-10-05,273,0.24297,1
108105,2022-10-05,365,0.221753,1
108105,2022-10-05,547,0.192176,1
108105,2022-10-05,730,0.184836,1
108105,2022-10-05,1825,0.21372,1
108105,2022-10-06,10,0.309917,1
108105,2022-10-06,14,0.296987,1
108105,2022-10-06,30,0.278723,1
108105,2022-10-06,60,0.239306,1
108105,2022-10-06,91,0.226687,1
108105,2022-10-06,122,0.243354,1
108105,2022-10-06,152,0.250988,1
108105,2022-10-06,182,0.257987,1
108105,2022-10-06,273,0.2432,1
108105,2022-10-06,365,0.221918,1
108105,2022-10-06,547,0.192347,1
108105,2022-10-06,730,0.184708,1
108105,2022-10-06,1825,0.213688,1
108105,2022-10-07,10,0.35713,1
108105,2022-10-07,14,0.319011,1
108105,2022-10-07,30,0.282924,1
108105,2022-10-07,60,0.247437,1
108105,2022-10-07,91,0.233283,1
108105,2022-10-07,122,0.247113,1
108105,2022-10-07,152,0.25336,1
108105,2022-10-07,182,0.260803,1
108105,2022-10-07,273,0.24521,1
108105,2022-10-07,365,0.22347,1
108105,2022-10-07,547,0.19368,1
108105,2022-10-07,730,0.185418,1
108105,2022-10-07,1825,0.213989,1
108105,2022-10-10,10,0.35672,1
108105,2022-10-10,14,0.317078,1
108105,2022-10-10,30,0.278298,1
108105,2022-10-10,60,0.24615,1
108105,2022-10-10,91,0.232688,1
108105,2022-10-10,122,0.241515,1
108105,2022-10-10,152,0.24996,1
108105,2022-10-10,182,0.260014,1
108105,2022-10-10,273,0.245315,1
108105,2022-10-10,365,0.223569,1
108105,2022-10-10,547,0.193658,1
108105,2022-10-10,730,0.185496,1
108105,2022-10-10,1825,0.214182,1
108105,2022-10-11,10,0.328968,1
108105,2022-10-11,14,0.318222,1
108105,2022-10-11,30,0.271608,1
108105,2022-10-11,60,0.240424,1
108105,2022-10-11,91,0.232361,1
108105,2022-10-11,122,0.240253,1
108105,2022-10-11,152,0.250118,1
108105,2022-10-11,182,0.260096,1
108105,2022-10-11,273,0.245083,1
108105,2022-10-11,365,0.22356,1
108105,2022-10-11,547,0.193723,1
108105,2022-10-11,730,0.185371,1
108105,2022-10-11,1825,0.214202,1
108105,2022-10-12,10,0.305171,1
108105,2022-10-12,14,0.295685,1
108105,2022-10-12,30,0.265668,1
108105,2022-10-12,60,0.237486,1
108105,2022-10-12,91,0.232302,1
108105,2022-10-12,122,0.238851,1
108105,2022-10-12,152,0.247168,1
108105,2022-10-12,182,0.259466,1
108105,2022-10-12,273,0.245042,1
108105,2022-10-12,365,0.223568,1
108105,2022-10-12,547,0.193715,1
108105,2022-10-12,730,0.185029,1
108105,2022-10-12,1825,0.214208,1
108105,2022-10-13,10,0.305415,1
108105,2022-10-13,14,0.311649,1
108105,2022-10-13,30,0.250899,1
108105,2022-10-13,60,0.245558,1
108105,2022-10-13,91,0.238167,1
108105,2022-10-13,122,0.233623,1
108105,2022-10-13,152,0.249448,1
108105,2022-10-13,182,0.261915,1
108105,2022-10-13,273,0.24658,1
108105,2022-10-13,365,0.225093,1
108105,2022-10-13,547,0.194849,1
108105,2022-10-13,730,0.185858,1
108105,2022-10-13,1825,0.214424,1
108105,2022-10-14,10,0.258777,1
108105,2022-10-14,14,0.32697,1
108105,2022-10-14,30,0.259279,1
108105,2022-10-14,60,0.249677,1
108105,2022-10-14,91,0.239336,1
108105,2022-10-14,122,0.237092,1
108105,2022-10-14,152,0.250792,1
108105,2022-10-14,182,0.2628,1
108105,2022-10-14,273,0.247961,1
108105,2022-10-14,365,0.225592,1
108105,2022-10-14,547,0.195578,1
108105,2022-10-14,730,0.186573,1
108105,2022-10-14,1825,0.214612,1
108105,2022-10-17,10,0.317934,1
108105,2022-10-17,14,0.328255,1
108105,2022-10-17,30,0.283956,1
108105,2022-10-17,60,0.265779,1
108105,2022-10-17,91,0.244912,1
108105,2022-10-17,122,0.236068,1
108105,2022-10-17,152,0.246633,1
108105,2022-10-17,182,0.265709,1
108105,2022-10-17,273,0.249336,1
108105,2022-10-17,365,0.227052,1
108105,2022-10-17,547,0.196745,1
108105,2022-10-17,730,0.187665,1
108105,2022-10-17,1825,0.215094,1
108105,2022-10-18,10,0.295915,1
108105,2022-10-18,14,0.291472,1
108105,2022-10-18,30,0.281036,1
108105,2022-10-18,60,0.267282,1
108105,2022-10-18,91,0.239647,1
108105,2022-10-18,122,0.235464,1
108105,2022-10-18,152,0.247195,1
108105,2022-10-18,182,0.265186,1
108105,2022-10-18,273,0.248946,1
108105,2022-10-18,365,0.227339,1
108105,2022-10-18,547,0.196934,1
108105,2022-10-18,730,0.187648,1
108105,2022-10-18,1825,0.215151,1
108105,2022-10-19,10,0.279445,1
108105,2022-10-19,14,0.292474,1
108105,2022-10-19,30,0.279755,1
108105,2022-10-19,60,0.264147,1
108105,2022-10-19,91,0.239526,1
108105,2022-10-19,122,0.234355,1
108105,2022-10-19,152,0.247384,1
108105,2022-10-19,182,0.265287,1
108105,2022-10-19,273,0.248829,1
108105,2022-10-19,365,0.227271,1
108105,2022-10-19,547,0.196931,1
108105,2022-10-19,730,0.187342,1
108105,2022-10-19,1825,0.215163,1
108105,2022-10-20,10,0.280017,1
108105,2022-10-20,14,0.29094,1
108105,2022-10-20,30,0.278705,1
108105,2022-10-20,60,0.261239,1
108105,2022-10-20,91,0.238891,1
108105,2022-10-20,122,0.233379,1
108105,2022-10-20,152,0.246463,1
108105,2022-10-20,182,0.264766,1
108105,2022-10-20,273,0.248687,1
108105,2022-10-20,365,0.22734,1
108105,2022-10-20,547,0.196875,1
108105,2022-10-20,730,0.187402,1
108105,2022-10-20,1825,0.215109,1
108105,2022-10-21,10,0.297751,1
108105,2022-10-21,14,0.275853,1
108105,2022-10-21,30,0.286425,1
108105,2022-10-21,60,0.265047,1
108105,2022-10-21,91,0.243323,1
108105,2022-10-21,122,0.233156,1
108105,2022-10-21,152,0.248071,1
108105,2022-10-21,182,0.26433,1
108105,2022-10-21,273,0.249404,1
108105,2022-10-21,365,0.228603,1
108105,2022-10-21,547,0.197692,1
108105,2022-10-21,730,0.188119,1
108105,2022-10-21,1825,0.215274,1
108105,2022-10-24,10,0.229803,1
108105,2022-10-24,14,0.272137,1
108105,2022-10-24,30,0.287717,1
108105,2022-10-24,60,0.270495,1
108105,2022-10-24,91,0.244584,1
108105,2022-10-24,122,0.23029,1
108105,2022-10-24,152,0.248703,1
108105,2022-10-24,182,0.264786,1
108105,2022-10-24,273,0.249797,1
108105,2022-10-24,365,0.228948,1
108105,2022-10-24,547,0.197729,1
108105,2022-10-24,730,0.188438,1
108105,2022-10-24,1825,0.215486,1
108105,2022-10-25,10,0.213326,1
108105,2022-10-25,14,0.269018,1
108105,2022-10-25,30,0.285224,1
108105,2022-10-25,60,0.261872,1
108105,2022-10-25,91,0.245819,1
108105,2022-10-25,122,0.230669,1
108105,2022-10-25,152,0.24806,1
108105,2022-10-25,182,0.26294,1
108105,2022-10-25,273,0.250202,1
108105,2022-10-25,365,0.229504,1
108105,2022-10-25,547,0.198173,1
108105,2022-10-25,730,0.188589,1
108105,2022-10-25,1825,0.215602,1
108105,2022-10-26,10,0.221885,1
108105,2022-10-26,14,0.274287,1
108105,2022-10-26,30,0.283845,1
108105,2022-10-26,60,0.259103,1
108105,2022-10-26,91,0.24051,1
108105,2022-10-26,122,0.229645,1
108105,2022-10-26,152,0.245169,1
108105,2022-10-26,182,0.263086,1
108105,2022-10-26,273,0.250323,1
108105,2022-10-26,365,0.229589,1
108105,2022-10-26,547,0.19826,1
108105,2022-10-26,730,0.188187,1
108105,2022-10-26,1825,0.215602,1
108105,2022-10-27,10,0.201711,1
108105,2022-10-27,14,0.259283,1
108105,2022-10-27,30,0.284878,1
108105,2022-10-27,60,0.256256,1
108105,2022-10-27,91,0.239332,1
108105,2022-10-27,122,0.229817,1
108105,2022-10-27,152,0.244126,1
108105,2022-10-27,182,0.260736,1
108105,2022-10-27,273,0.250342,1
108105,2022-10-27,365,0.229611,1
108105,2022-10-27,547,0.198317,1
108105,2022-10-27,730,0.188226,1
108105,2022-10-27,1825,0.215535,1
108105,2022-10-28,10,0.229251,1
108105,2022-10-28,14,0.226454,1
108105,2022-10-28,30,0.288901,1
108105,2022-10-28,60,0.263375,1
108105,2022-10-28,91,0.242756,1
108105,2022-10-28,122,0.230973,1
108105,2022-10-28,152,0.24604,1
108105,2022-10-28,182,0.258061,1
108105,2022-10-28,273,0.250378,1
108105,2022-10-28,365,0.230737,1
108105,2022-10-28,547,0.199247,1
108105,2022-10-28,730,0.187247,1
108105,2022-10-28,1825,0.215717,1
108105,2022-10-31,10,0.22189,1
108105,2022-10-31,14,0.215792,1
108105,2022-10-31,30,0.278315,1
108105,2022-10-31,60,0.268393,1
108105,2022-10-31,91,0.24308,1
108105,2022-10-31,122,0.2329,1
108105,2022-10-31,152,0.247058,1
108105,2022-10-31,182,0.258102,1
108105,2022-10-31,273,0.249485,1
108105,2022-10-31,365,0.230823,1
108105,2022-10-31,547,0.199253,1
108105,2022-10-31,730,0.187126,1
108105,2022-10-31,1825,0.215911,1
108105,2022-11-01,10,0.210138,1
108105,2022-11-01,14,0.217274,1
108105,2022-11-01,30,0.272877,1
108105,2022-11-01,60,0.267301,1
108105,2022-11-01,91,0.242892,1
108105,2022-11-01,122,0.231625,1
108105,2022-11-01,152,0.245355,1
108105,2022-11-01,182,0.258036,1
108105,2022-11-01,273,0.249355,1
108105,2022-11-01,365,0.230834,1
108105,2022-11-01,547,0.199264,1
108105,2022-11-01,730,0.186967,1
108105,2022-11-01,1825,0.21592,1
108105,2022-11-02,10,0.254381,1
108105,2022-11-02,14,0.258227,1
108105,2022-11-02,30,0.277386,1
108105,2022-11-02,60,0.270971,1
108105,2022-11-02,91,0.245339,1
108105,2022-11-02,122,0.234332,1
108105,2022-11-02,152,0.247103,1
108105,2022-11-02,182,0.256792,1
108105,2022-11-02,273,0.250658,1
108105,2022-11-02,365,0.232099,1
108105,2022-11-02,547,0.200244,1
108105,2022-11-02,730,0.187653,1
108105,2022-11-02,1825,0.216221,1
108105,2022-11-03,10,0.248734,1
108105,2022-11-03,14,0.261354,1
108105,2022-11-03,30,0.259763,1
108105,2022-11-03,60,0.268737,1
108105,2022-11-03,91,0.245993,1
108105,2022-11-03,122,0.233643,1
108105,2022-11-03,152,0.246387,1
108105,2022-11-03,182,0.252217,1
108105,2022-11-03,273,0.249404,1
108105,2022-11-03,365,0.23219,1
108105,2022-11-03,547,0.200421,1
108105,2022-11-03,730,0.187407,1
108105,2022-11-03,1825,0.21619,1
108105,2022-11-04,10,0.242009,1
108105,2022-11-04,14,0.24202,1
108105,2022-11-04,30,0.264221,1
108105,2022-11-04,60,0.267936,1
108105,2022-11-04,91,0.247846,1
108105,2022-11-04,122,0.234809,1
108105,2022-11-04,152,0.246225,1
108105,2022-11-04,182,0.252939,1
108105,2022-11-04,273,0.249868,1
108105,2022-11-04,365,0.232583,1
108105,2022-11-04,547,0.20062,1
108105,2022-11-04,730,0.187017,1
108105,2022-11-04,1825,0.216186,1
108105,2022-11-07,10,0.224729,1
108105,2022-11-07,14,0.239323,1
108105,2022-11-07,30,0.248501,1
108105,2022-11-07,60,0.270731,1
108105,2022-11-07,91,0.248814,1
108105,2022-11-07,122,0.236662,1
108105,2022-11-07,152,0.24802,1
108105,2022-11-07,182,0.249234,1
108105,2022-11-07,273,0.25014,1
108105,2022-11-07,365,0.232772,1
108105,2022-11-07,547,0.200685,1
108105,2022-11-07,730,0.186832,1
108105,2022-11-07,1825,0.216396,1
108105,2022-11-08,10,0.213177,1
108105,2022-11-08,14,0.225152,1
108105,2022-11-08,30,0.242792,1
108105,2022-11-08,60,0.268176,1
108105,2022-11-08,91,0.249114,1
108105,2022-11-08,122,0.23548,1
108105,2022-11-08,152,0.2455,1
108105,2022-11-08,182,0.249344,1
108105,2022-11-08,273,0.250023,1
108105,2022-11-08,365,0.232854,1
108105,2022-11-08,547,0.200567,1
108105,2022-11-08,730,0.186686,1
108105,2022-11-08,1825,0.216402,1
108105,2022-11-09,10,0.222489,1
108105,2022-11-09,14,0.245699,1
108105,2022-11-09,30,0.253382,1
108105,2022-11-09,60,0.269159,1
108105,2022-11-09,91,0.248084,1
108105,2022-11-09,122,0.236764,1
108105,2022-11-09,152,0.243395,1
108105,2022-11-09,182,0.249999,1
108105,2022-11-09,273,0.250463,1
108105,2022-11-09,365,0.233713,1
108105,2022-11-09,547,0.201163,1
108105,2022-11-09,730,0.187107,1
108105,2022-11-09,1825,0.216611,1
108105,2022-11-10,10,0.396661,1
108105,2022-11-10,14,0.3715,1
108105,2022-11-10,30,0.30689,1
108105,2022-11-10,60,0.297703,1
108105,2022-11-10,91,0.27165,1
108105,2022-11-10,122,0.253421,1
108105,2022-11-10,152,0.25631,1
108105,2022-11-10,182,0.261536,1
108105,2022-11-10,273,0.257595,1
108105,2022-11-10,365,0.239939,1
108105,2022-11-10,547,0.205209,1
108105,2022-11-10,730,0.190938,1
108105,2022-11-10,1825,0.217853,1
108105,2022-11-11,10,0.395473,1
108105,2022-11-11,14,0.355559,1
108105,2022-11-11,30,0.306027,1
108105,2022-11-11,60,0.297428,1
108105,2022-11-11,91,0.269977,1
108105,2022-11-11,122,0.253325,1
108105,2022-11-11,152,0.255477,1
108105,2022-11-11,182,0.259711,1
108105,2022-11-11,273,0.25695,1
108105,2022-11-11,365,0.240138,1
108105,2022-11-11,547,0.205108,1
108105,2022-11-11,730,0.190972,1
108105,2022-11-11,1825,0.217802,1
108105,2022-11-14,10,0.404744,1
108105,2022-11-14,14,0.35679,1
108105,2022-11-14,30,0.291297,1
108105,2022-11-14,60,0.283703,1
108105,2022-11-14,91,0.27023,1
108105,2022-11-14,122,0.254596,1
108105,2022-11-14,152,0.249713,1
108105,2022-11-14,182,0.25996,1
108105,2022-11-14,273,0.257107,1
108105,2022-11-14,365,0.240155,1
108105,2022-11-14,547,0.204874,1
108105,2022-11-14,730,0.190903,1
108105,2022-11-14,1825,0.217996,1
108105,2022-11-15,10,0.369498,1
108105,2022-11-15,14,0.356253,1
108105,2022-11-15,30,0.284591,1
108105,2022-11-15,60,0.283774,1
108105,2022-11-15,91,0.270884,1
108105,2022-11-15,122,0.253501,1
108105,2022-11-15,152,0.244476,1
108105,2022-11-15,182,0.25869,1
108105,2022-11-15,273,0.256644,1
108105,2022-11-15,365,0.240336,1
108105,2022-11-15,547,0.20499,1
108105,2022-11-15,730,0.190807,1
108105,2022-11-15,1825,0.218,1
108105,2022-11-16,10,0.354298,1
108105,2022-11-16,14,0.326769,1
108105,2022-11-16,30,0.27754,1
108105,2022-11-16,60,0.281221,1
108105,2022-11-16,91,0.270983,1
108105,2022-11-16,122,0.252454,1
108105,2022-11-16,152,0.244871,1
108105,2022-11-16,182,0.252268,1
108105,2022-11-16,273,0.256791,1
108105,2022-11-16,365,0.240415,1
108105,2022-11-16,547,0.204983,1
108105,2022-11-16,730,0.190731,1
108105,2022-11-16,1825,0.21803,1
108105,2022-11-17,10,0.356941,1
108105,2022-11-17,14,0.318644,1
108105,2022-11-17,30,0.27684,1
108105,2022-11-17,60,0.278066,1
108105,2022-11-17,91,0.270918,1
108105,2022-11-17,122,0.252081,1
108105,2022-11-17,152,0.243773,1
108105,2022-11-17,182,0.252167,1
108105,2022-11-17,273,0.255676,1
108105,2022-11-17,365,0.240419,1
108105,2022-11-17,547,0.204985,1
108105,2022-11-17,730,0.190713,1
108105,2022-11-17,1825,0.217949,1
108105,2022-11-18,10,0.356881,1
108105,2022-11-18,14,0.315807,1
108105,2022-11-18,30,0.274888,1
108105,2022-11-18,60,0.277829,1
108105,2022-11-18,91,0.270138,1
108105,2022-11-18,122,0.247916,1
108105,2022-11-18,152,0.242701,1
108105,2022-11-18,182,0.252253,1
108105,2022-11-18,273,0.255632,1
108105,2022-11-18,365,0.240446,1
108105,2022-11-18,547,0.20484,1
108105,2022-11-18,730,0.190556,1
108105,2022-11-18,1825,0.217871,1
108105,2022-11-21,10,0.112746,1
108105,2022-11-21,14,0.317623,1
108105,2022-11-21,30,0.270335,1
108105,2022-11-21,60,0.278676,1
108105,2022-11-21,91,0.266994,1
108105,2022-11-21,122,0.249633,1
108105,2022-11-21,152,0.241181,1
108105,2022-11-21,182,0.250967,1
108105,2022-11-21,273,0.254985,1
108105,2022-11-21,365,0.240467,1
108105,2022-11-21,547,0.204862,1
108105,2022-11-21,730,0.190685,1
108105,2022-11-21,1825,0.218034,1
108105,2022-11-22,10,0.137885,1
108105,2022-11-22,14,0.321398,1
108105,2022-11-22,30,0.266457,1
108105,2022-11-22,60,0.276283,1
108105,2022-11-22,91,0.268458,1
108105,2022-11-22,122,0.249238,1
108105,2022-11-22,152,0.241619,1
108105,2022-11-22,182,0.251424,1
108105,2022-11-22,273,0.255244,1
108105,2022-11-22,365,0.24087,1
108105,2022-11-22,547,0.205001,1
108105,2022-11-22,730,0.190727,1
108105,2022-11-22,1825,0.218027,1
108105,2022-11-23,10,0.131358,1
108105,2022-11-23,14,0.288359,1
108105,2022-11-23,30,0.264841,1
108105,2022-11-23,60,0.273143,1
108105,2022-11-23,91,0.268674,1
108105,2022-11-23,122,0.247979,1
108105,2022-11-23,152,0.237346,1
108105,2022-11-23,182,0.251212,1
108105,2022-11-23,273,0.254472,1
108105,2022-11-23,365,0.240948,1
108105,2022-11-23,547,0.205053,1
108105,2022-11-23,730,0.190731,1
108105,2022-11-23,1825,0.21804,1
108105,2022-11-25,10,0.116329,1
108105,2022-11-25,14,0.123082,1
108105,2022-11-25,30,0.264892,1
108105,2022-11-25,60,0.271479,1
108105,2022-11-25,91,0.260435,1
108105,2022-11-25,122,0.248591,1
108105,2022-11-25,152,0.236225,1
108105,2022-11-25,182,0.248193,1
108105,2022-11-25,273,0.253206,1
108105,2022-11-25,365,0.240931,1
108105,2022-11-25,547,0.205316,1
108105,2022-11-25,730,0.190587,1
108105,2022-11-25,1825,0.217953,1
108105,2022-11-28,10,0.172839,1
108105,2022-11-28,14,0.143082,1
108105,2022-11-28,30,0.264813,1
108105,2022-11-28,60,0.271803,1
108105,2022-11-28,91,0.261945,1
108105,2022-11-28,122,0.246811,1
108105,2022-11-28,152,0.237536,1
108105,2022-11-28,182,0.248145,1
108105,2022-11-28,273,0.253797,1
108105,2022-11-28,365,0.240352,1
108105,2022-11-28,547,0.205702,1
108105,2022-11-28,730,0.190908,1
108105,2022-11-28,1825,0.218201,1
108105,2022-11-29,10,0.154906,1
108105,2022-11-29,14,0.133918,1
108105,2022-11-29,30,0.258241,1
108105,2022-11-29,60,0.268434,1
108105,2022-11-29,91,0.261037,1
108105,2022-11-29,122,0.245345,1
108105,2022-11-29,152,0.237125,1
108105,2022-11-29,182,0.248008,1
108105,2022-11-29,273,0.253197,1
108105,2022-11-29,365,0.23996,1
108105,2022-11-29,547,0.205433,1
108105,2022-11-29,730,0.190722,1
108105,2022-11-29,1825,0.218175,1
108105,2022-11-30,10,0.232711,1
108105,2022-11-30,14,0.205187,1
108105,2022-11-30,30,0.275984,1
108105,2022-11-30,60,0.273911,1
108105,2022-11-30,91,0.267594,1
108105,2022-11-30,122,0.249597,1
108105,2022-11-30,152,0.241167,1
108105,2022-11-30,182,0.251587,1
108105,2022-11-30,273,0.254774,1
108105,2022-11-30,365,0.241247,1
108105,2022-11-30,547,0.206946,1
108105,2022-11-30,730,0.191892,1
108105,2022-11-30,1825,0.21859,1
108105,2022-12-01,10,0.229042,1
108105,2022-12-01,14,0.203313,1
108105,2022-12-01,30,0.275235,1
108105,2022-12-01,60,0.270799,1
108105,2022-12-01,91,0.267559,1
108105,2022-12-01,122,0.249557,1
108105,2022-12-01,152,0.240027,1
108105,2022-12-01,182,0.250233,1
108105,2022-12-01,273,0.254712,1
108105,2022-12-01,365,0.240974,1
108105,2022-12-01,547,0.206944,1
108105,2022-12-01,730,0.191736,1
108105,2022-12-01,1825,0.218503,1
108105,2022-12-02,10,0.221687,1
108105,2022-12-02,14,0.204685,1
108105,2022-12-02,30,0.256389,1
108105,2022-12-02,60,0.265105,1
108105,2022-12-02,91,0.266609,1
108105,2022-12-02,122,0.249306,1
108105,2022-12-02,152,0.238908,1
108105,2022-12-02,182,0.249158,1
108105,2022-12-02,273,0.254561,1
108105,2022-12-02,365,0.240535,1
108105,2022-12-02,547,0.206925,1
108105,2022-12-02,730,0.191735,1
108105,2022-12-02,1825,0.218418,1
108105,2022-12-05,10,0.274428,1
108105,2022-12-05,14,0.231541,1
108105,2022-12-05,30,0.267045,1
108105,2022-12-05,60,0.265114,1
108105,2022-12-05,91,0.267059,1
108105,2022-12-05,122,0.252694,1
108105,2022-12-05,152,0.241701,1
108105,2022-12-05,182,0.250407,1
108105,2022-12-05,273,0.253069,1
108105,2022-12-05,365,0.241045,1
108105,2022-12-05,547,0.207316,1
108105,2022-12-05,730,0.192263,1
108105,2022-12-05,1825,0.218738,1
108105,2022-12-06,10,0.263049,1
108105,2022-12-06,14,0.232755,1
108105,2022-12-06,30,0.267205,1
108105,2022-12-06,60,0.257329,1
108105,2022-12-06,91,0.268537,1
108105,2022-12-06,122,0.252351,1
108105,2022-12-06,152,0.241717,1
108105,2022-12-06,182,0.250828,1
108105,2022-12-06,273,0.253476,1
108105,2022-12-06,365,0.24114,1
108105,2022-12-06,547,0.207645,1
108105,2022-12-06,730,0.192351,1
108105,2022-12-06,1825,0.218836,1
108105,2022-12-07,10,0.243626,1
108105,2022-12-07,14,0.22831,1
108105,2022-12-07,30,0.266116,1
108105,2022-12-07,60,0.254342,1
108105,2022-12-07,91,0.266084,1
108105,2022-12-07,122,0.250872,1
108105,2022-12-07,152,0.241732,1
108105,2022-12-07,182,0.250396,1
108105,2022-12-07,273,0.251723,1
108105,2022-12-07,365,0.24021,1
108105,2022-12-07,547,0.20765,1
108105,2022-12-07,730,0.192351,1
108105,2022-12-07,1825,0.218826,1
108105,2022-12-08,10,0.234667,1
108105,2022-12-08,14,0.221142,1
108105,2022-12-08,30,0.266562,1
108105,2022-12-08,60,0.251667,1
108105,2022-12-08,91,0.266182,1
108105,2022-12-08,122,0.251252,1
108105,2022-12-08,152,0.240857,1
108105,2022-12-08,182,0.248338,1
108105,2022-12-08,273,0.251849,1
108105,2022-12-08,365,0.24032,1
108105,2022-12-08,547,0.20774,1
108105,2022-12-08,730,0.192412,1
108105,2022-12-08,1825,0.218762,1
108105,2022-12-09,10,0.238286,1
108105,2022-12-09,14,0.222824,1
108105,2022-12-09,30,0.255943,1
108105,2022-12-09,60,0.251634,1
108105,2022-12-09,91,0.264745,1
108105,2022-12-09,122,0.251447,1
108105,2022-12-09,152,0.240005,1
108105,2022-12-09,182,0.244997,1
108105,2022-12-09,273,0.251552,1
108105,2022-12-09,365,0.240325,1
108105,2022-12-09,547,0.207786,1
108105,2022-12-09,730,0.1924,1
108105,2022-12-09,1825,0.218702,1
108105,2022-12-12,10,0.198771,1
108105,2022-12-12,14,0.223289,1
108105,2022-12-12,30,0.182672,1
108105,2022-12-12,60,0.251524,1
108105,2022-12-12,91,0.265453,1
108105,2022-12-12,122,0.251027,1
108105,2022-12-12,152,0.241978,1
108105,2022-12-12,182,0.239199,1
108105,2022-12-12,273,0.251973,1
108105,2022-12-12,365,0.240569,1
108105,2022-12-12,547,0.208109,1
108105,2022-12-12,730,0.192842,1
108105,2022-12-12,1825,0.21896,1
108105,2022-12-13,10,0.192311,1
108105,2022-12-13,14,0.225195,1
108105,2022-12-13,30,0.17983,1
108105,2022-12-13,60,0.242963,1
108105,2022-12-13,91,0.250772,1
108105,2022-12-13,122,0.249917,1
108105,2022-12-13,152,0.242143,1
108105,2022-12-13,182,0.239311,1
108105,2022-12-13,273,0.250898,1
108105,2022-12-13,365,0.240547,1
108105,2022-12-13,547,0.208191,1
108105,2022-12-13,730,0.192716,1
108105,2022-12-13,1825,0.218973,1
108105,2022-12-14,10,0.179624,1
108105,2022-12-14,14,0.15867,1
108105,2022-12-14,30,0.178213,1
108105,2022-12-14,60,0.240964,1
108105,2022-12-14,91,0.251015,1
108105,2022-12-14,122,0.24861,1
108105,2022-12-14,152,0.240637,1
108105,2022-12-14,182,0.238668,1
108105,2022-12-14,273,0.249626,1
108105,2022-12-14,365,0.24051,1
108105,2022-12-14,547,0.208241,1
108105,2022-12-14,730,0.19274,1
108105,2022-12-14,1825,0.218958,1
108105,2022-12-15,10,0.204942,1
108105,2022-12-15,14,0.196113,1
108105,2022-12-15,30,0.196307,1
108105,2022-12-15,60,0.247428,1
108105,2022-12-15,91,0.255044,1
108105,2022-12-15,122,0.251954,1
108105,2022-12-15,152,0.242689,1
108105,2022-12-15,182,0.236706,1
108105,2022-12-15,273,0.250816,1
108105,2022-12-15,365,0.241173,1
108105,2022-12-15,547,0.2092,1
108105,2022-12-15,730,0.193366,1
108105,2022-12-15,1825,0.219169,1
108105,2022-12-16,10,0.199178,1
108105,2022-12-16,14,0.197764,1
108105,2022-12-16,30,0.197893,1
108105,2022-12-16,60,0.241975,1
108105,2022-12-16,91,0.255617,1
108105,2022-12-16,122,0.252484,1
108105,2022-12-16,152,0.242165,1
108105,2022-12-16,182,0.237268,1
108105,2022-12-16,273,0.250704,1
108105,2022-12-16,365,0.241266,1
108105,2022-12-16,547,0.209392,1
108105,2022-12-16,730,0.193528,1
108105,2022-12-16,1825,0.219142,1
108105,2022-12-19,10,0.222665,1
108105,2022-12-19,14,0.186656,1
108105,2022-12-19,30,0.203461,1
108105,2022-12-19,60,0.246088,1
108105,2022-12-19,91,0.25584,1
108105,2022-12-19,122,0.254762,1
108105,2022-12-19,152,0.240609,1
108105,2022-12-19,182,0.236697,1
108105,2022-12-19,273,0.250886,1
108105,2022-12-19,365,0.241218,1
108105,2022-12-19,547,0.209247,1
108105,2022-12-19,730,0.19377,1
108105,2022-12-19,1825,0.219339,1
108105,2022-12-20,10,0.206487,1
108105,2022-12-20,14,0.179831,1
108105,2022-12-20,30,0.19857,1
108105,2022-12-20,60,0.239384,1
108105,2022-12-20,91,0.254888,1
108105,2022-12-20,122,0.253271,1
108105,2022-12-20,152,0.2401,1
108105,2022-12-20,182,0.23426,1
108105,2022-12-20,273,0.250505,1
108105,2022-12-20,365,0.240985,1
108105,2022-12-20,547,0.208931,1
108105,2022-12-20,730,0.193578,1
108105,2022-12-20,1825,0.219338,1
108105,2022-12-21,10,0.218662,1
108105,2022-12-21,14,0.201089,1
108105,2022-12-21,30,0.206401,1
108105,2022-12-21,60,0.239033,1
108105,2022-12-21,91,0.254201,1
108105,2022-12-21,122,0.253252,1
108105,2022-12-21,152,0.240824,1
108105,2022-12-21,182,0.235156,1
108105,2022-12-21,273,0.250796,1
108105,2022-12-21,365,0.240784,1
108105,2022-12-21,547,0.209244,1
108105,2022-12-21,730,0.193836,1
108105,2022-12-21,1825,0.219433,1
108105,2022-12-22,10,0.201955,1
108105,2022-12-22,14,0.204163,1
108105,2022-12-22,30,0.204676,1
108105,2022-12-22,60,0.239072,1
108105,2022-12-22,91,0.255333,1
108105,2022-12-22,122,0.251829,1
108105,2022-12-22,152,0.240695,1
108105,2022-12-22,182,0.235704,1
108105,2022-12-22,273,0.250696,1
108105,2022-12-22,365,0.240932,1
108105,2022-12-22,547,0.209568,1
108105,2022-12-22,730,0.194107,1
108105,2022-12-22,1825,0.219447,1
108105,2022-12-23,10,0.198904,1
108105,2022-12-23,14,0.208118,1
108105,2022-12-23,30,0.204652,1
108105,2022-12-23,60,0.237801,1
108105,2022-12-23,91,0.253061,1
108105,2022-12-23,122,0.252084,1
108105,2022-12-23,152,0.239754,1
108105,2022-12-23,182,0.231966,1
108105,2022-12-23,273,0.250723,1
108105,2022-12-23,365,0.240922,1
108105,2022-12-23,547,0.209569,1
108105,2022-12-23,730,0.19415,1
108105,2022-12-23,1825,0.219373,1
108105,2022-12-27,10,0.1676,1
108105,2022-12-27,14,0.186227,1
108105,2022-12-27,30,0.204623,1
108105,2022-12-27,60,0.234245,1
108105,2022-12-27,91,0.254228,1
108105,2022-12-27,122,0.246982,1
108105,2022-12-27,152,0.238357,1
108105,2022-12-27,182,0.231136,1
108105,2022-12-27,273,0.250781,1
108105,2022-12-27,365,0.240499,1
108105,2022-12-27,547,0.209838,1
108105,2022-12-27,730,0.194156,1
108105,2022-12-27,1825,0.219555,1
108105,2022-12-28,10,0.166842,1
108105,2022-12-28,14,0.189615,1
108105,2022-12-28,30,0.202145,1
108105,2022-12-28,60,0.233089,1
108105,2022-12-28,91,0.252622,1
108105,2022-12-28,122,0.246291,1
108105,2022-12-28,152,0.237899,1
108105,2022-12-28,182,0.231768,1
108105,2022-12-28,273,0.251035,1
108105,2022-12-28,365,0.24076,1
108105,2022-12-28,547,0.210058,1
108105,2022-12-28,730,0.19425,1
108105,2022-12-28,1825,0.219611,1
108105,2022-12-29,10,0.196324,1
108105,2022-12-29,14,0.187723,1
108105,2022-12-29,30,0.213191,1
108105,2022-12-29,60,0.234439,1
108105,2022-12-29,91,0.251,1
108105,2022-12-29,122,0.248037,1
108105,2022-12-29,152,0.238411,1
108105,2022-12-29,182,0.232726,1
108105,2022-12-29,273,0.25134,1
108105,2022-12-29,365,0.24144,1
108105,2022-12-29,547,0.210548,1
108105,2022-12-29,730,0.194628,1
108105,2022-12-29,1825,0.219656,1
108105,2022-12-30,10,0.197603,1
108105,2022-12-30,14,0.178765,1
108105,2022-12-30,30,0.179089,1
108105,2022-12-30,60,0.233823,1
108105,2022-12-30,91,0.248977,1
108105,2022-12-30,122,0.247382,1
108105,2022-12-30,152,0.237301,1
108105,2022-12-30,182,0.232285,1
108105,2022-12-30,273,0.251298,1
108105,2022-12-30,365,0.241436,1
108105,2022-12-30,547,0.210508,1
108105,2022-12-30,730,0.194634,1
108105,2022-12-30,1825,0.219572,1
108105,2023-01-03,10,0.173733,1
108105,2023-01-03,14,0.184818,1
108105,2023-01-03,30,0.183491,1
108105,2023-01-03,60,0.229664,1
108105,2023-01-03,91,0.238593,1
108105,2023-01-03,122,0.249382,1
108105,2023-01-03,152,0.239238,1
108105,2023-01-03,182,0.232345,1
108105,2023-01-03,273,0.251413,1
108105,2023-01-03,365,0.241823,1
108105,2023-01-03,547,0.210432,1
108105,2023-01-03,730,0.194603,1
108105,2023-01-03,1825,0.219703,1
108105,2023-01-04,10,0.165061,1
108105,2023-01-04,14,0.16779,1
108105,2023-01-04,30,0.178288,1
108105,2023-01-04,60,0.227409,1
108105,2023-01-04,91,0.23901,1
108105,2023-01-04,122,0.248245,1
108105,2023-01-04,152,0.239582,1
108105,2023-01-04,182,0.232534,1
108105,2023-01-04,273,0.251387,1
108105,2023-01-04,365,0.24197,1
108105,2023-01-04,547,0.210526,1
108105,2023-01-04,730,0.194388,1
108105,2023-01-04,1825,0.219706,1
108105,2023-01-05,10,0.167171,1
108105,2023-01-05,14,0.15999,1
108105,2023-01-05,30,0.175922,1
108105,2023-01-05,60,0.226595,1
108105,2023-01-05,91,0.239286,1
108105,2023-01-05,122,0.247555,1
108105,2023-01-05,152,0.239037,1
108105,2023-01-05,182,0.232151,1
108105,2023-01-05,273,0.251635,1
108105,2023-01-05,365,0.241485,1
108105,2023-01-05,547,0.210709,1
108105,2023-01-05,730,0.194503,1
108105,2023-01-05,1825,0.219684,1
108105,2023-01-06,10,0.217911,1
108105,2023-01-06,14,0.205011,1
108105,2023-01-06,30,0.195922,1
108105,2023-01-06,60,0.232198,1
108105,2023-01-06,91,0.236103,1
108105,2023-01-06,122,0.250589,1
108105,2023-01-06,152,0.240614,1
108105,2023-01-06,182,0.234373,1
108105,2023-01-06,273,0.253097,1
108105,2023-01-06,365,0.242622,1
108105,2023-01-06,547,0.211431,1
108105,2023-01-06,730,0.195115,1
108105,2023-01-06,1825,0.219824,1
108105,2023-01-09,10,0.207479,1
108105,2023-01-09,14,0.192187,1
108105,2023-01-09,30,0.197385,1
108105,2023-01-09,60,0.185372,1
108105,2023-01-09,91,0.235477,1
108105,2023-01-09,122,0.249804,1
108105,2023-01-09,152,0.240481,1
108105,2023-01-09,182,0.233794,1
108105,2023-01-09,273,0.252384,1
108105,2023-01-09,365,0.242599,1
108105,2023-01-09,547,0.211222,1
108105,2023-01-09,730,0.194995,1
108105,2023-01-09,1825,0.219997,1
108105,2023-01-10,10,0.187592,1
108105,2023-01-10,14,0.191244,1
108105,2023-01-10,30,0.193968,1
108105,2023-01-10,60,0.184687,1
108105,2023-01-10,91,0.235215,1
108105,2023-01-10,122,0.248633,1
108105,2023-01-10,152,0.24078,1
108105,2023-01-10,182,0.23361,1
108105,2023-01-10,273,0.252519,1
108105,2023-01-10,365,0.24272,1
108105,2023-01-10,547,0.211283,1
108105,2023-01-10,730,0.194862,1
108105,2023-01-10,1825,0.219997,1
108105,2023-01-11,10,0.180186,1
108105,2023-01-11,14,0.175773,1
108105,2023-01-11,30,0.192642,1
108105,2023-01-11,60,0.18531,1
108105,2023-01-11,91,0.236112,1
108105,2023-01-11,122,0.248193,1
108105,2023-01-11,152,0.240077,1
108105,2023-01-11,182,0.234186,1
108105,2023-01-11,273,0.25263,1
108105,2023-01-11,365,0.242897,1
108105,2023-01-11,547,0.211535,1
108105,2023-01-11,730,0.195013,1
108105,2023-01-11,1825,0.220049,1
108105,2023-01-12,10,0.166992,1
108105,2023-01-12,14,0.160706,1
108105,2023-01-12,30,0.191125,1
108105,2023-01-12,60,0.183191,1
108105,2023-01-12,91,0.230993,1
108105,2023-01-12,122,0.247564,1
108105,2023-01-12,152,0.239006,1
108105,2023-01-12,182,0.234177,1
108105,2023-01-12,273,0.252308,1
108105,2023-01-12,365,0.242906,1
108105,2023-01-12,547,0.211553,1
108105,2023-01-12,730,0.195027,1
108105,2023-01-12,1825,0.219966,1
108105,2023-01-13,10,0.157952,1
108105,2023-01-13,14,0.156239,1
108105,2023-01-13,30,0.190539,1
108105,2023-01-13,60,0.182032,1
108105,2023-01-13,91,0.225161,1
108105,2023-01-13,122,0.235585,1
108105,2023-01-13,152,0.237974,1
108105,2023-01-13,182,0.232727,1
108105,2023-01-13,273,0.251687,1
108105,2023-01-13,365,0.242561,1
108105,2023-01-13,547,0.211567,1
108105,2023-01-13,730,0.19504,1
108105,2023-01-13,1825,0.219884,1
108105,2023-01-17,10,0.085502,1
108105,2023-01-17,14,0.153159,1
108105,2023-01-17,30,0.163667,1
108105,2023-01-17,60,0.186179,1
108105,2023-01-17,91,0.220512,1
108105,2023-01-17,122,0.237172,1
108105,2023-01-17,152,0.241049,1
108105,2023-01-17,182,0.230153,1
108105,2023-01-17,273,0.251638,1
108105,2023-01-17,365,0.242561,1
108105,2023-01-17,547,0.211372,1
108105,2023-01-17,730,0.195152,1
108105,2023-01-17,1825,0.220016,1
108105,2023-01-18,10,0.141837,1
108105,2023-01-18,14,0.185689,1
108105,2023-01-18,30,0.171459,1
108105,2023-01-18,60,0.188081,1
108105,2023-01-18,91,0.222603,1
108105,2023-01-18,122,0.237371,1
108105,2023-01-18,152,0.241426,1
108105,2023-01-18,182,0.231089,1
108105,2023-01-18,273,0.252247,1
108105,2023-01-18,365,0.242364,1
108105,2023-01-18,547,0.211383,1
108105,2023-01-18,730,0.195278,1
108105,2023-01-18,1825,0.220124,1
108105,2023-01-19,10,0.15163,1
108105,2023-01-19,14,0.177202,1
108105,2023-01-19,30,0.174696,1
108105,2023-01-19,60,0.186589,1
108105,2023-01-19,91,0.22255,1
108105,2023-01-19,122,0.237464,1
108105,2023-01-19,152,0.240495,1
108105,2023-01-19,182,0.230904,1
108105,2023-01-19,273,0.251837,1
108105,2023-01-19,365,0.242294,1
108105,2023-01-19,547,0.211355,1
108105,2023-01-19,730,0.195272,1
108105,2023-01-19,1825,0.220065,1
108105,2023-01-20,10,0.186102,1
108105,2023-01-20,14,0.164258,1
108105,2023-01-20,30,0.179604,1
108105,2023-01-20,60,0.192427,1
108105,2023-01-20,91,0.220756,1
108105,2023-01-20,122,0.238817,1
108105,2023-01-20,152,0.241239,1
108105,2023-01-20,182,0.232082,1
108105,2023-01-20,273,0.25078,1
108105,2023-01-20,365,0.242835,1
108105,2023-01-20,547,0.21192,1
108105,2023-01-20,730,0.195476,1
108105,2023-01-20,1825,0.220133,1
108105,2023-01-23,10,0.223706,1
108105,2023-01-23,14,0.170491,1
108105,2023-01-23,30,0.177178,1
108105,2023-01-23,60,0.193637,1
108105,2023-01-23,91,0.220756,1
108105,2023-01-23,122,0.237794,1
108105,2023-01-23,152,0.241998,1
108105,2023-01-23,182,0.232679,1
108105,2023-01-23,273,0.251082,1
108105,2023-01-23,365,0.242421,1
108105,2023-01-23,547,0.21198,1
108105,2023-01-23,730,0.195835,1
108105,2023-01-23,1825,0.22034,1
108105,2023-01-24,10,0.200409,1
108105,2023-01-24,14,0.170549,1
108105,2023-01-24,30,0.172576,1
108105,2023-01-24,60,0.193643,1
108105,2023-01-24,91,0.218528,1
108105,2023-01-24,122,0.236359,1
108105,2023-01-24,152,0.240945,1
108105,2023-01-24,182,0.232077,1
108105,2023-01-24,273,0.248917,1
108105,2023-01-24,365,0.242401,1
108105,2023-01-24,547,0.21197,1
108105,2023-01-24,730,0.195641,1
108105,2023-01-24,1825,0.22034,1
108105,2023-01-25,10,0.183031,1
108105,2023-01-25,14,0.159994,1
108105,2023-01-25,30,0.168205,1
108105,2023-01-25,60,0.191145,1
108105,2023-01-25,91,0.217899,1
108105,2023-01-25,122,0.23494,1
108105,2023-01-25,152,0.234942,1
108105,2023-01-25,182,0.22916,1
108105,2023-01-25,273,0.248902,1
108105,2023-01-25,365,0.242106,1
108105,2023-01-25,547,0.211938,1
108105,2023-01-25,730,0.195625,1
108105,2023-01-25,1825,0.22028,1
108105,2023-01-26,10,0.179111,1
108105,2023-01-26,14,0.167906,1
108105,2023-01-26,30,0.169254,1
108105,2023-01-26,60,0.190704,1
108105,2023-01-26,91,0.218394,1
108105,2023-01-26,122,0.234706,1
108105,2023-01-26,152,0.234431,1
108105,2023-01-26,182,0.229047,1
108105,2023-01-26,273,0.24758,1
108105,2023-01-26,365,0.242367,1
108105,2023-01-26,547,0.212136,1
108105,2023-01-26,730,0.195773,1
108105,2023-01-26,1825,0.220244,1
108105,2023-01-27,10,0.177323,1
108105,2023-01-27,14,0.167572,1
108105,2023-01-27,30,0.159732,1
108105,2023-01-27,60,0.186504,1
108105,2023-01-27,91,0.213066,1
108105,2023-01-27,122,0.23464,1
108105,2023-01-27,152,0.233333,1
108105,2023-01-27,182,0.228182,1
108105,2023-01-27,273,0.243872,1
108105,2023-01-27,365,0.242327,1
108105,2023-01-27,547,0.212116,1
108105,2023-01-27,730,0.194903,1
108105,2023-01-27,1825,0.220159,1
108105,2023-01-30,10,0.14466,1
108105,2023-01-30,14,0.175062,1
108105,2023-01-30,30,0.165122,1
108105,2023-01-30,60,0.177877,1
108105,2023-01-30,91,0.214261,1
108105,2023-01-30,122,0.231483,1
108105,2023-01-30,152,0.235288,1
108105,2023-01-30,182,0.22889,1
108105,2023-01-30,273,0.244242,1
108105,2023-01-30,365,0.241428,1
108105,2023-01-30,547,0.212333,1
108105,2023-01-30,730,0.194707,1
108105,2023-01-30,1825,0.220335,1
108105,2023-01-31,10,0.152321,1
108105,2023-01-31,14,0.18774,1
108105,2023-01-31,30,0.166401,1
108105,2023-01-31,60,0.181845,1
108105,2023-01-31,91,0.215883,1
108105,2023-01-31,122,0.231206,1
108105,2023-01-31,152,0.236323,1
108105,2023-01-31,182,0.22965,1
108105,2023-01-31,273,0.244771,1
108105,2023-01-31,365,0.241131,1
108105,2023-01-31,547,0.212673,1
108105,2023-01-31,730,0.194779,1
108105,2023-01-31,1825,0.220427,1
108105,2023-02-01,10,0.145959,1
108105,2023-02-01,14,0.162418,1
108105,2023-02-01,30,0.164202,1
108105,2023-02-01,60,0.181375,1
108105,2023-02-01,91,0.209776,1
108105,2023-02-01,122,0.230319,1
108105,2023-02-01,152,0.236197,1
108105,2023-02-01,182,0.22906,1
108105,2023-02-01,273,0.242646,1
108105,2023-02-01,365,0.241265,1
108105,2023-02-01,547,0.212739,1
108105,2023-02-01,730,0.194594,1
108105,2023-02-01,1825,0.220258,1
108105,2023-02-02,10,0.151676,1
108105,2023-02-02,14,0.153005,1
108105,2023-02-02,30,0.16633,1
108105,2023-02-02,60,0.18257,1
108105,2023-02-02,91,0.209913,1
108105,2023-02-02,122,0.227632,1
108105,2023-02-02,152,0.236074,1
108105,2023-02-02,182,0.230001,1
108105,2023-02-02,273,0.239569,1
108105,2023-02-02,365,0.241534,1
108105,2023-02-02,547,0.21305,1
108105,2023-02-02,730,0.194622,1
108105,2023-02-02,1825,0.220263,1
108105,2023-02-03,10,0.172829,1
108105,2023-02-03,14,0.159958,1
108105,2023-02-03,30,0.173319,1
108105,2023-02-03,60,0.178577,1
108105,2023-02-03,91,0.209987,1
108105,2023-02-03,122,0.222946,1
108105,2023-02-03,152,0.235555,1
108105,2023-02-03,182,0.230469,1
108105,2023-02-03,273,0.239784,1
108105,2023-02-03,365,0.240506,1
108105,2023-02-03,547,0.213156,1
108105,2023-02-03,730,0.194765,1
108105,2023-02-03,1825,0.220228,1
108105,2023-02-06,10,0.204859,1
108105,2023-02-06,14,0.160955,1
108105,2023-02-06,30,0.157453,1
108105,2023-02-06,60,0.17885,1
108105,2023-02-06,91,0.209888,1
108105,2023-02-06,122,0.218899,1
108105,2023-02-06,152,0.235177,1
108105,2023-02-06,182,0.230628,1
108105,2023-02-06,273,0.236865,1
108105,2023-02-06,365,0.240514,1
108105,2023-02-06,547,0.213206,1
108105,2023-02-06,730,0.194846,1
108105,2023-02-06,1825,0.219467,1
108105,2023-02-07,10,0.198594,1
108105,2023-02-07,14,0.168121,1
108105,2023-02-07,30,0.157397,1
108105,2023-02-07,60,0.179976,1
108105,2023-02-07,91,0.21102,1
108105,2023-02-07,122,0.21845,1
108105,2023-02-07,152,0.235779,1
108105,2023-02-07,182,0.231266,1
108105,2023-02-07,273,0.237305,1
108105,2023-02-07,365,0.240851,1
108105,2023-02-07,547,0.21347,1
108105,2023-02-07,730,0.194858,1
108105,2023-02-07,1825,0.218855,1
108105,2023-02-08,10,0.200807,1
108105,2023-02-08,14,0.183332,1
108105,2023-02-08,30,0.164613,1
108105,2023-02-08,60,0.180445,1
108105,2023-02-08,91,0.207553,1
108105,2023-02-08,122,0.218253,1
108105,2023-02-08,152,0.235298,1
108105,2023-02-08,182,0.229843,1
108105,2023-02-08,273,0.236865,1
108105,2023-02-08,365,0.240937,1
108105,2023-02-08,547,0.213656,1
108105,2023-02-08,730,0.194954,1
108105,2023-02-08,1825,0.21882,1
108105,2023-02-09,10,0.191068,1
108105,2023-02-09,14,0.184746,1
108105,2023-02-09,30,0.168522,1
108105,2023-02-09,60,0.179895,1
108105,2023-02-09,91,0.178113,1
108105,2023-02-09,122,0.218434,1
108105,2023-02-09,152,0.234577,1
108105,2023-02-09,182,0.230173,1
108105,2023-02-09,273,0.237095,1
108105,2023-02-09,365,0.240626,1
108105,2023-02-09,547,0.213763,1
108105,2023-02-09,730,0.195055,1
108105,2023-02-09,1825,0.218772,1
108105,2023-02-10,10,0.173597,1
108105,2023-02-10,14,0.184663,1
108105,2023-02-10,30,0.163872,1
108105,2023-02-10,60,0.176746,1
108105,2023-02-10,91,0.177244,1
108105,2023-02-10,122,0.217987,1
108105,2023-02-10,152,0.233481,1
108105,2023-02-10,182,0.228849,1
108105,2023-02-10,273,0.235531,1
108105,2023-02-10,365,0.239971,1
108105,2023-02-10,547,0.213756,1
108105,2023-02-10,730,0.19506,1
108105,2023-02-10,1825,0.218687,1
108105,2023-02-13,10,0.164779,1
108105,2023-02-13,14,0.174981,1
108105,2023-02-13,30,0.171532,1
108105,2023-02-13,60,0.168547,1
108105,2023-02-13,91,0.177554,1
108105,2023-02-13,122,0.212324,1
108105,2023-02-13,152,0.225296,1
108105,2023-02-13,182,0.229376,1
108105,2023-02-13,273,0.235847,1
108105,2023-02-13,365,0.239514,1
108105,2023-02-13,547,0.213962,1
108105,2023-02-13,730,0.195388,1
108105,2023-02-13,1825,0.218754,1
108105,2023-02-14,10,0.150434,1
108105,2023-02-14,14,0.162854,1
108105,2023-02-14,30,0.167329,1
108105,2023-02-14,60,0.165327,1
108105,2023-02-14,91,0.176802,1
108105,2023-02-14,122,0.211055,1
108105,2023-02-14,152,0.224531,1
108105,2023-02-14,182,0.229355,1
108105,2023-02-14,273,0.234713,1
108105,2023-02-14,365,0.239487,1
108105,2023-02-14,547,0.213949,1
108105,2023-02-14,730,0.195194,1
108105,2023-02-14,1825,0.218692,1
108105,2023-02-15,10,0.140147,1
108105,2023-02-15,14,0.155452,1
108105,2023-02-15,30,0.163344,1
108105,2023-02-15,60,0.163211,1
108105,2023-02-15,91,0.175898,1
108105,2023-02-15,122,0.209788,1
108105,2023-02-15,152,0.224223,1
108105,2023-02-15,182,0.22918,1
108105,2023-02-15,273,0.229729,1
108105,2023-02-15,365,0.238973,1
108105,2023-02-15,547,0.213889,1
108105,2023-02-15,730,0.195009,1
108105,2023-02-15,1825,0.218694,1
108105,2023-02-16,10,0.158536,1
108105,2023-02-16,14,0.149752,1
108105,2023-02-16,30,0.171289,1
108105,2023-02-16,60,0.16581,1
108105,2023-02-16,91,0.178244,1
108105,2023-02-16,122,0.207094,1
108105,2023-02-16,152,0.224277,1
108105,2023-02-16,182,0.229967,1
108105,2023-02-16,273,0.230209,1
108105,2023-02-16,365,0.239357,1
108105,2023-02-16,547,0.214006,1
108105,2023-02-16,730,0.195259,1
108105,2023-02-16,1825,0.2187,1
108105,2023-02-17,10,0.133136,1
108105,2023-02-17,14,0.142717,1
108105,2023-02-17,30,0.161376,1
108105,2023-02-17,60,0.164024,1
108105,2023-02-17,91,0.178162,1
108105,2023-02-17,122,0.206447,1
108105,2023-02-17,152,0.223264,1
108105,2023-02-17,182,0.229284,1
108105,2023-02-17,273,0.230236,1
108105,2023-02-17,365,0.238432,1
108105,2023-02-17,547,0.214013,1
108105,2023-02-17,730,0.195269,1
108105,2023-02-17,1825,0.218617,1
108105,2023-02-21,10,0.182283,1
108105,2023-02-21,14,0.155729,1
108105,2023-02-21,30,0.167706,1
108105,2023-02-21,60,0.170783,1
108105,2023-02-21,91,0.18233,1
108105,2023-02-21,122,0.207516,1
108105,2023-02-21,152,0.225721,1
108105,2023-02-21,182,0.229942,1
108105,2023-02-21,273,0.230902,1
108105,2023-02-21,365,0.239171,1
108105,2023-02-21,547,0.214695,1
108105,2023-02-21,730,0.19596,1
108105,2023-02-21,1825,0.218952,1
108105,2023-02-22,10,0.166954,1
108105,2023-02-22,14,0.151109,1
108105,2023-02-22,30,0.162453,1
108105,2023-02-22,60,0.16865,1
108105,2023-02-22,91,0.181936,1
108105,2023-02-22,122,0.206288,1
108105,2023-02-22,152,0.223957,1
108105,2023-02-22,182,0.229904,1
108105,2023-02-22,273,0.230651,1
108105,2023-02-22,365,0.238968,1
108105,2023-02-22,547,0.214692,1
108105,2023-02-22,730,0.195886,1
108105,2023-02-22,1825,0.218842,1
108105,2023-02-23,10,0.146986,1
108105,2023-02-23,14,0.153778,1
108105,2023-02-23,30,0.163618,1
108105,2023-02-23,60,0.166833,1
108105,2023-02-23,91,0.180755,1
108105,2023-02-23,122,0.205525,1
108105,2023-02-23,152,0.222981,1
108105,2023-02-23,182,0.22913,1
108105,2023-02-23,273,0.229585,1
108105,2023-02-23,365,0.238324,1
108105,2023-02-23,547,0.214732,1
108105,2023-02-23,730,0.195919,1
108105,2023-02-23,1825,0.218767,1
108105,2023-02-24,10,0.147922,1
108105,2023-02-24,14,0.157889,1
108105,2023-02-24,30,0.167645,1
108105,2023-02-24,60,0.167252,1
108105,2023-02-24,91,0.182019,1
108105,2023-02-24,122,0.204617,1
108105,2023-02-24,152,0.222607,1
108105,2023-02-24,182,0.22439,1
108105,2023-02-24,273,0.228109,1
108105,2023-02-24,365,0.238068,1
108105,2023-02-24,547,0.214849,1
108105,2023-02-24,730,0.195902,1
108105,2023-02-24,1825,0.218734,1
108105,2023-02-27,10,0.167763,1
108105,2023-02-27,14,0.138427,1
108105,2023-02-27,30,0.16674,1
108105,2023-02-27,60,0.162516,1
108105,2023-02-27,91,0.179346,1
108105,2023-02-27,122,0.201999,1
108105,2023-02-27,152,0.222134,1
108105,2023-02-27,182,0.224241,1
108105,2023-02-27,273,0.227528,1
108105,2023-02-27,365,0.237021,1
108105,2023-02-27,547,0.214738,1
108105,2023-02-27,730,0.195288,1
108105,2023-02-27,1825,0.218713,1
108105,2023-02-28,10,0.150487,1
108105,2023-02-28,14,0.136698,1
108105,2023-02-28,30,0.162658,1
108105,2023-02-28,60,0.16259,1
108105,2023-02-28,91,0.179426,1
108105,2023-02-28,122,0.200831,1
108105,2023-02-28,152,0.219481,1
108105,2023-02-28,182,0.223726,1
108105,2023-02-28,273,0.227442,1
108105,2023-02-28,365,0.237027,1
108105,2023-02-28,547,0.214716,1
108105,2023-02-28,730,0.195106,1
108105,2023-02-28,1825,0.218632,1
108105,2023-03-01,10,0.137382,1
108105,2023-03-01,14,0.129623,1
108105,2023-03-01,30,0.157483,1
108105,2023-03-01,60,0.161105,1
108105,2023-03-01,91,0.168275,1
108105,2023-03-01,122,0.199789,1
108105,2023-03-01,152,0.218202,1
108105,2023-03-01,182,0.223547,1
108105,2023-03-01,273,0.227344,1
108105,2023-03-01,365,0.236574,1
108105,2023-03-01,547,0.214744,1
108105,2023-03-01,730,0.194428,1
108105,2023-03-01,1825,0.218633,1
108105,2023-03-02,10,0.144178,1
108105,2023-03-02,14,0.134874,1
108105,2023-03-02,30,0.150627,1
108105,2023-03-02,60,0.159979,1
108105,2023-03-02,91,0.169072,1
108105,2023-03-02,122,0.199741,1
108105,2023-03-02,152,0.217383,1
108105,2023-03-02,182,0.223767,1
108105,2023-03-02,273,0.226504,1
108105,2023-03-02,365,0.235951,1
108105,2023-03-02,547,0.214841,1
108105,2023-03-02,730,0.194415,1
108105,2023-03-02,1825,0.218571,1
108105,2023-03-03,10,0.131409,1
108105,2023-03-03,14,0.168377,1
108105,2023-03-03,30,0.157162,1
108105,2023-03-03,60,0.162306,1
108105,2023-03-03,91,0.172315,1
108105,2023-03-03,122,0.201436,1
108105,2023-03-03,152,0.217582,1
108105,2023-03-03,182,0.224374,1
108105,2023-03-03,273,0.226492,1
108105,2023-03-03,365,0.236471,1
108105,2023-03-03,547,0.215243,1
108105,2023-03-03,730,0.194516,1
108105,2023-03-03,1825,0.218597,1
108105,2023-03-06,10,0.121213,1
108105,2023-03-06,14,0.15895,1
108105,2023-03-06,30,0.147116,1
108105,2023-03-06,60,0.161735,1
108105,2023-03-06,91,0.168278,1
108105,2023-03-06,122,0.196292,1
108105,2023-03-06,152,0.211279,1
108105,2023-03-06,182,0.223468,1
108105,2023-03-06,273,0.226462,1
108105,2023-03-06,365,0.236347,1
108105,2023-03-06,547,0.215244,1
108105,2023-03-06,730,0.193995,1
108105,2023-03-06,1825,0.218716,1
108105,2023-03-07,10,0.157601,1
108105,2023-03-07,14,0.143554,1
108105,2023-03-07,30,0.151786,1
108105,2023-03-07,60,0.157868,1
108105,2023-03-07,91,0.168634,1
108105,2023-03-07,122,0.197164,1
108105,2023-03-07,152,0.21209,1
108105,2023-03-07,182,0.224495,1
108105,2023-03-07,273,0.226883,1
108105,2023-03-07,365,0.234952,1
108105,2023-03-07,547,0.215314,1
108105,2023-03-07,730,0.194113,1
108105,2023-03-07,1825,0.218822,1
108105,2023-03-08,10,0.145984,1
108105,2023-03-08,14,0.14358,1
108105,2023-03-08,30,0.151286,1
108105,2023-03-08,60,0.155896,1
108105,2023-03-08,91,0.168599,1
108105,2023-03-08,122,0.195962,1
108105,2023-03-08,152,0.207082,1
108105,2023-03-08,182,0.223018,1
108105,2023-03-08,273,0.226551,1
108105,2023-03-08,365,0.23485,1
108105,2023-03-08,547,0.215304,1
108105,2023-03-08,730,0.194077,1
108105,2023-03-08,1825,0.218691,1
108105,2023-03-09,10,0.180079,1
108105,2023-03-09,14,0.167245,1
108105,2023-03-09,30,0.153296,1
108105,2023-03-09,60,0.161027,1
108105,2023-03-09,91,0.172202,1
108105,2023-03-09,122,0.198183,1
108105,2023-03-09,152,0.208305,1
108105,2023-03-09,182,0.22438,1
108105,2023-03-09,273,0.225858,1
108105,2023-03-09,365,0.234163,1
108105,2023-03-09,547,0.215822,1
108105,2023-03-09,730,0.194275,1
108105,2023-03-09,1825,0.218768,1
108105,2023-03-10,10,0.193576,1
108105,2023-03-10,14,0.173809,1
108105,2023-03-10,30,0.156067,1
108105,2023-03-10,60,0.165014,1
108105,2023-03-10,91,0.174078,1
108105,2023-03-10,122,0.199656,1
108105,2023-03-10,152,0.20865,1
108105,2023-03-10,182,0.224223,1
108105,2023-03-10,273,0.223878,1
108105,2023-03-10,365,0.234564,1
108105,2023-03-10,547,0.216107,1
108105,2023-03-10,730,0.194502,1
108105,2023-03-10,1825,0.218782,1
108105,2023-03-13,10,0.145147,1
108105,2023-03-13,14,0.171,1
108105,2023-03-13,30,0.157652,1
108105,2023-03-13,60,0.164434,1
108105,2023-03-13,91,0.171497,1
108105,2023-03-13,122,0.173197,1
108105,2023-03-13,152,0.209927,1
108105,2023-03-13,182,0.22368,1
108105,2023-03-13,273,0.219092,1
108105,2023-03-13,365,0.234221,1
108105,2023-03-13,547,0.216025,1
108105,2023-03-13,730,0.194559,1
108105,2023-03-13,1825,0.218919,1
108105,2023-03-14,10,0.197254,1
108105,2023-03-14,14,0.19726,1
108105,2023-03-14,30,0.167571,1
108105,2023-03-14,60,0.169607,1
108105,2023-03-14,91,0.174209,1
108105,2023-03-14,122,0.174618,1
108105,2023-03-14,152,0.207695,1
108105,2023-03-14,182,0.216036,1
108105,2023-03-14,273,0.219847,1
108105,2023-03-14,365,0.234706,1
108105,2023-03-14,547,0.216447,1
108105,2023-03-14,730,0.19471,1
108105,2023-03-14,1825,0.219037,1
108105,2023-03-15,10,0.183148,1
108105,2023-03-15,14,0.198694,1
108105,2023-03-15,30,0.160995,1
108105,2023-03-15,60,0.168248,1
108105,2023-03-15,91,0.174346,1
108105,2023-03-15,122,0.173951,1
108105,2023-03-15,152,0.204405,1
108105,2023-03-15,182,0.216206,1
108105,2023-03-15,273,0.219378,1
108105,2023-03-15,365,0.23381,1
108105,2023-03-15,547,0.21647,1
108105,2023-03-15,730,0.194719,1
108105,2023-03-15,1825,0.21906,1
108105,2023-03-16,10,0.22138,1
108105,2023-03-16,14,0.216641,1
108105,2023-03-16,30,0.175634,1
108105,2023-03-16,60,0.171978,1
108105,2023-03-16,91,0.170362,1
108105,2023-03-16,122,0.175975,1
108105,2023-03-16,152,0.205046,1
108105,2023-03-16,182,0.217019,1
108105,2023-03-16,273,0.21684,1
108105,2023-03-16,365,0.233399,1
108105,2023-03-16,547,0.216838,1
108105,2023-03-16,730,0.195106,1
108105,2023-03-16,1825,0.219108,1
108105,2023-03-17,10,0.213588,1
108105,2023-03-17,14,0.20081,1
108105,2023-03-17,30,0.177371,1
108105,2023-03-17,60,0.171936,1
108105,2023-03-17,91,0.170329,1
108105,2023-03-17,122,0.176352,1
108105,2023-03-17,152,0.204909,1
108105,2023-03-17,182,0.217354,1
108105,2023-03-17,273,0.217239,1
108105,2023-03-17,365,0.233295,1
108105,2023-03-17,547,0.217014,1
108105,2023-03-17,730,0.195252,1
108105,2023-03-17,1825,0.21908,1
108105,2023-03-20,10,0.192431,1
108105,2023-03-20,14,0.209327,1
108105,2023-03-20,30,0.181405,1
108105,2023-03-20,60,0.172123,1
108105,2023-03-20,91,0.170106,1
108105,2023-03-20,122,0.178386,1
108105,2023-03-20,152,0.202403,1
108105,2023-03-20,182,0.217503,1
108105,2023-03-20,273,0.216883,1
108105,2023-03-20,365,0.23317,1
108105,2023-03-20,547,0.217025,1
108105,2023-03-20,730,0.195264,1
108105,2023-03-20,1825,0.219187,1
108105,2023-03-21,10,0.183883,1
108105,2023-03-21,14,0.208303,1
108105,2023-03-21,30,0.183795,1
108105,2023-03-21,60,0.168761,1
108105,2023-03-21,91,0.171943,1
108105,2023-03-21,122,0.178727,1
108105,2023-03-21,152,0.202837,1
108105,2023-03-21,182,0.217634,1
108105,2023-03-21,273,0.215604,1
108105,2023-03-21,365,0.233555,1
108105,2023-03-21,547,0.216854,1
108105,2023-03-21,730,0.195282,1
108105,2023-03-21,1825,0.218955,1
108105,2023-03-22,10,0.209431,1
108105,2023-03-22,14,0.224851,1
108105,2023-03-22,30,0.187073,1
108105,2023-03-22,60,0.171686,1
108105,2023-03-22,91,0.17303,1
108105,2023-03-22,122,0.180006,1
108105,2023-03-22,152,0.201484,1
108105,2023-03-22,182,0.217527,1
108105,2023-03-22,273,0.216485,1
108105,2023-03-22,365,0.233818,1
108105,2023-03-22,547,0.217266,1
108105,2023-03-22,730,0.195574,1
108105,2023-03-22,1825,0.218874,1
108105,2023-03-23,10,0.20791,1
108105,2023-03-23,14,0.203615,1
108105,2023-03-23,30,0.175468,1
108105,2023-03-23,60,0.169806,1
108105,2023-03-23,91,0.17038,1
108105,2023-03-23,122,0.179958,1
108105,2023-03-23,152,0.200542,1
108105,2023-03-23,182,0.217196,1
108105,2023-03-23,273,0.216242,1
108105,2023-03-23,365,0.233542,1
108105,2023-03-23,547,0.217136,1
108105,2023-03-23,730,0.19551,1
108105,2023-03-23,1825,0.21879,1
108105,2023-03-24,10,0.191133,1
108105,2023-03-24,14,0.185395,1
108105,2023-03-24,30,0.176654,1
108105,2023-03-24,60,0.167843,1
108105,2023-03-24,91,0.17035,1
108105,2023-03-24,122,0.178663,1
108105,2023-03-24,152,0.199734,1
108105,2023-03-24,182,0.215821,1
108105,2023-03-24,273,0.213521,1
108105,2023-03-24,365,0.233154,1
108105,2023-03-24,547,0.216954,1
108105,2023-03-24,730,0.195511,1
108105,2023-03-24,1825,0.218716,1
108105,2023-03-27,10,0.162562,1
108105,2023-03-27,14,0.184015,1
108105,2023-03-27,30,0.176191,1
108105,2023-03-27,60,0.16969,1
108105,2023-03-27,91,0.168963,1
108105,2023-03-27,122,0.179475,1
108105,2023-03-27,152,0.198997,1
108105,2023-03-27,182,0.215253,1
108105,2023-03-27,273,0.213499,1
108105,2023-03-27,365,0.233097,1
108105,2023-03-27,547,0.216955,1
108105,2023-03-27,730,0.195326,1
108105,2023-03-27,1825,0.21842,1
108105,2023-03-28,10,0.150469,1
108105,2023-03-28,14,0.169334,1
108105,2023-03-28,30,0.172037,1
108105,2023-03-28,60,0.169538,1
108105,2023-03-28,91,0.168758,1
108105,2023-03-28,122,0.178395,1
108105,2023-03-28,152,0.19876,1
108105,2023-03-28,182,0.21524,1
108105,2023-03-28,273,0.212178,1
108105,2023-03-28,365,0.232972,1
108105,2023-03-28,547,0.216948,1
108105,2023-03-28,730,0.195135,1
108105,2023-03-28,1825,0.21834,1
108105,2023-03-29,10,0.155122,1
108105,2023-03-29,14,0.173448,1
108105,2023-03-29,30,0.178358,1
108105,2023-03-29,60,0.171305,1
108105,2023-03-29,91,0.168901,1
108105,2023-03-29,122,0.179039,1
108105,2023-03-29,152,0.196355,1
108105,2023-03-29,182,0.214423,1
108105,2023-03-29,273,0.212787,1
108105,2023-03-29,365,0.233088,1
108105,2023-03-29,547,0.21663,1
108105,2023-03-29,730,0.19539,1
108105,2023-03-29,1825,0.218341,1
108105,2023-03-30,10,0.152149,1
108105,2023-03-30,14,0.15612,1
108105,2023-03-30,30,0.178718,1
108105,2023-03-30,60,0.169865,1
108105,2023-03-30,91,0.165867,1
108105,2023-03-30,122,0.177203,1
108105,2023-03-30,152,0.195579,1
108105,2023-03-30,182,0.212214,1
108105,2023-03-30,273,0.212615,1
108105,2023-03-30,365,0.2331,1
108105,2023-03-30,547,0.216679,1
108105,2023-03-30,730,0.195418,1
108105,2023-03-30,1825,0.218267,1
108105,2023-03-31,10,0.155648,1
108105,2023-03-31,14,0.147181,1
108105,2023-03-31,30,0.183083,1
108105,2023-03-31,60,0.170285,1
108105,2023-03-31,91,0.167928,1
108105,2023-03-31,122,0.178838,1
108105,2023-03-31,152,0.195836,1
108105,2023-03-31,182,0.211819,1
108105,2023-03-31,273,0.212908,1
108105,2023-03-31,365,0.233064,1
108105,2023-03-31,547,0.216788,1
108105,2023-03-31,730,0.195662,1
108105,2023-03-31,1825,0.21827,1
108105,2023-04-03,10,0.104529,1
108105,2023-04-03,14,0.145451,1
108105,2023-04-03,30,0.179084,1
108105,2023-04-03,60,0.165003,1
108105,2023-04-03,91,0.166649,1
108105,2023-04-03,122,0.173102,1
108105,2023-04-03,152,0.192955,1
108105,2023-04-03,182,0.208942,1
108105,2023-04-03,273,0.212375,1
108105,2023-04-03,365,0.233069,1
108105,2023-04-03,547,0.216604,1
108105,2023-04-03,730,0.195504,1
108105,2023-04-03,1825,0.218082,1
108105,2023-04-04,10,0.12003,1
108105,2023-04-04,14,0.144748,1
108105,2023-04-04,30,0.176247,1
108105,2023-04-04,60,0.163621,1
108105,2023-04-04,91,0.166915,1
108105,2023-04-04,122,0.172357,1
108105,2023-04-04,152,0.192388,1
108105,2023-04-04,182,0.204924,1
108105,2023-04-04,273,0.212492,1
108105,2023-04-04,365,0.232977,1
108105,2023-04-04,547,0.216394,1
108105,2023-04-04,730,0.195354,1
108105,2023-04-04,1825,0.21808,1
108105,2023-04-05,10,0.118024,1
108105,2023-04-05,14,0.104633,1
108105,2023-04-05,30,0.17656,1
108105,2023-04-05,60,0.16171,1
108105,2023-04-05,91,0.166554,1
108105,2023-04-05,122,0.171374,1
108105,2023-04-05,152,0.191429,1
108105,2023-04-05,182,0.204938,1
108105,2023-04-05,273,0.212484,1
108105,2023-04-05,365,0.232664,1
108105,2023-04-05,547,0.216229,1
108105,2023-04-05,730,0.1951,1
108105,2023-04-05,1825,0.217851,1
108105,2023-04-06,10,0.117308,1
108105,2023-04-06,14,0.104542,1
108105,2023-04-06,30,0.167489,1
108105,2023-04-06,60,0.160044,1
108105,2023-04-06,91,0.164625,1
108105,2023-04-06,122,0.168505,1
108105,2023-04-06,152,0.190547,1
108105,2023-04-06,182,0.204381,1
108105,2023-04-06,273,0.211849,1
108105,2023-04-06,365,0.232506,1
108105,2023-04-06,547,0.216222,1
108105,2023-04-06,730,0.195115,1
108105,2023-04-06,1825,0.217769,1
108105,2023-04-10,10,0.06517,1
108105,2023-04-10,14,0.110835,1
108105,2023-04-10,30,0.146717,1
108105,2023-04-10,60,0.158049,1
108105,2023-04-10,91,0.160043,1
108105,2023-04-10,122,0.1685,1
108105,2023-04-10,152,0.188654,1
108105,2023-04-10,182,0.200521,1
108105,2023-04-10,273,0.211962,1
108105,2023-04-10,365,0.232919,1
108105,2023-04-10,547,0.216397,1
108105,2023-04-10,730,0.195403,1
108105,2023-04-10,1825,0.217801,1
108105,2023-04-11,10,0.05829,1
108105,2023-04-11,14,0.108851,1
108105,2023-04-11,30,0.143417,1
108105,2023-04-11,60,0.157964,1
108105,2023-04-11,91,0.159566,1
108105,2023-04-11,122,0.16746,1
108105,2023-04-11,152,0.168816,1
108105,2023-04-11,182,0.200232,1
108105,2023-04-11,273,0.211666,1
108105,2023-04-11,365,0.232313,1
108105,2023-04-11,547,0.216327,1
108105,2023-04-11,730,0.195209,1
108105,2023-04-11,1825,0.217772,1
108105,2023-04-12,10,0.058695,1
108105,2023-04-12,14,0.096361,1
108105,2023-04-12,30,0.144734,1
108105,2023-04-12,60,0.156333,1
108105,2023-04-12,91,0.157944,1
108105,2023-04-12,122,0.166635,1
108105,2023-04-12,152,0.168378,1
108105,2023-04-12,182,0.200274,1
108105,2023-04-12,273,0.211657,1
108105,2023-04-12,365,0.232324,1
108105,2023-04-12,547,0.216344,1
108105,2023-04-12,730,0.19523,1
108105,2023-04-12,1825,0.217777,1
108105,2023-04-13,10,0.100527,1
108105,2023-04-13,14,0.11273,1
108105,2023-04-13,30,0.141386,1
108105,2023-04-13,60,0.157747,1
108105,2023-04-13,91,0.159905,1
108105,2023-04-13,122,0.16639,1
108105,2023-04-13,152,0.168768,1
108105,2023-04-13,182,0.197918,1
108105,2023-04-13,273,0.212135,1
108105,2023-04-13,365,0.232435,1
108105,2023-04-13,547,0.216604,1
108105,2023-04-13,730,0.195439,1
108105,2023-04-13,1825,0.217766,1
108105,2023-04-14,10,0.092447,1
108105,2023-04-14,14,0.090015,1
108105,2023-04-14,30,0.138123,1
108105,2023-04-14,60,0.155373,1
108105,2023-04-14,91,0.159849,1
108105,2023-04-14,122,0.166012,1
108105,2023-04-14,152,0.167989,1
108105,2023-04-14,182,0.194703,1
108105,2023-04-14,273,0.211054,1
108105,2023-04-14,365,0.232131,1
108105,2023-04-14,547,0.216156,1
108105,2023-04-14,730,0.195423,1
108105,2023-04-14,1825,0.217682,1
108105,2023-04-17,10,0.096816,1
108105,2023-04-17,14,0.089637,1
108105,2023-04-17,30,0.121242,1
108105,2023-04-17,60,0.1553,1
108105,2023-04-17,91,0.15865,1
108105,2023-04-17,122,0.159938,1
108105,2023-04-17,152,0.167993,1
108105,2023-04-17,182,0.191396,1
108105,2023-04-17,273,0.210834,1
108105,2023-04-17,365,0.231693,1
108105,2023-04-17,547,0.216085,1
108105,2023-04-17,730,0.195459,1
108105,2023-04-17,1825,0.217783,1
108105,2023-04-18,10,0.088589,1
108105,2023-04-18,14,0.080839,1
108105,2023-04-18,30,0.118386,1
108105,2023-04-18,60,0.155093,1
108105,2023-04-18,91,0.158561,1
108105,2023-04-18,122,0.158948,1
108105,2023-04-18,152,0.167898,1
108105,2023-04-18,182,0.190813,1
108105,2023-04-18,273,0.20851,1
108105,2023-04-18,365,0.231696,1
108105,2023-04-18,547,0.216067,1
108105,2023-04-18,730,0.195265,1
108105,2023-04-18,1825,0.217766,1
108105,2023-04-19,10,0.082644,1
108105,2023-04-19,14,0.078082,1
108105,2023-04-19,30,0.116657,1
108105,2023-04-19,60,0.153148,1
108105,2023-04-19,91,0.155064,1
108105,2023-04-19,122,0.157986,1
108105,2023-04-19,152,0.167765,1
108105,2023-04-19,182,0.190507,1
108105,2023-04-19,273,0.208409,1
108105,2023-04-19,365,0.231126,1
108105,2023-04-19,547,0.215978,1
108105,2023-04-19,730,0.195229,1
108105,2023-04-19,1825,0.21773,1
108105,2023-04-20,10,0.092793,1
108105,2023-04-20,14,0.086822,1
108105,2023-04-20,30,0.113499,1
108105,2023-04-20,60,0.152083,1
108105,2023-04-20,91,0.15472,1
108105,2023-04-20,122,0.15748,1
108105,2023-04-20,152,0.167243,1
108105,2023-04-20,182,0.190335,1
108105,2023-04-20,273,0.208234,1
108105,2023-04-20,365,0.231196,1
108105,2023-04-20,547,0.216005,1
108105,2023-04-20,730,0.195215,1
108105,2023-04-20,1825,0.217661,1
108105,2023-04-21,10,0.0927,1
108105,2023-04-21,14,0.081865,1
108105,2023-04-21,30,0.092633,1
108105,2023-04-21,60,0.150269,1
108105,2023-04-21,91,0.150419,1
108105,2023-04-21,122,0.157479,1
108105,2023-04-21,152,0.166432,1
108105,2023-04-21,182,0.187571,1
108105,2023-04-21,273,0.207939,1
108105,2023-04-21,365,0.230734,1
108105,2023-04-21,547,0.215991,1
108105,2023-04-21,730,0.195106,1
108105,2023-04-21,1825,0.217575,1
108105,2023-04-24,10,0.0496,1
108105,2023-04-24,14,0.081853,1
108105,2023-04-24,30,0.094291,1
108105,2023-04-24,60,0.144293,1
108105,2023-04-24,91,0.148695,1
108105,2023-04-24,122,0.154873,1
108105,2023-04-24,152,0.166418,1
108105,2023-04-24,182,0.1869,1
108105,2023-04-24,273,0.207936,1
108105,2023-04-24,365,0.229024,1
108105,2023-04-24,547,0.215992,1
108105,2023-04-24,730,0.195039,1
108105,2023-04-24,1825,0.217659,1
108105,2023-04-25,10,0.10567,1
108105,2023-04-25,14,0.117078,1
108105,2023-04-25,30,0.111032,1
108105,2023-04-25,60,0.147511,1
108105,2023-04-25,91,0.152256,1
108105,2023-04-25,122,0.15672,1
108105,2023-04-25,152,0.167528,1
108105,2023-04-25,182,0.187063,1
108105,2023-04-25,273,0.208328,1
108105,2023-04-25,365,0.229495,1
108105,2023-04-25,547,0.216334,1
108105,2023-04-25,730,0.19517,1
108105,2023-04-25,1825,0.217735,1
108105,2023-04-26,10,0.098218,1
108105,2023-04-26,14,0.116859,1
108105,2023-04-26,30,0.112372,1
108105,2023-04-26,60,0.146111,1
108105,2023-04-26,91,0.152472,1
108105,2023-04-26,122,0.155963,1
108105,2023-04-26,152,0.167641,1
108105,2023-04-26,182,0.186825,1
108105,2023-04-26,273,0.206233,1
108105,2023-04-26,365,0.227749,1
108105,2023-04-26,547,0.216346,1
108105,2023-04-26,730,0.195184,1
108105,2023-04-26,1825,0.217743,1
108105,2023-04-27,10,0.156501,1
108105,2023-04-27,14,0.13967,1
108105,2023-04-27,30,0.128735,1
108105,2023-04-27,60,0.151414,1
108105,2023-04-27,91,0.155792,1
108105,2023-04-27,122,0.158379,1
108105,2023-04-27,152,0.16951,1
108105,2023-04-27,182,0.188515,1
108105,2023-04-27,273,0.20698,1
108105,2023-04-27,365,0.228575,1
108105,2023-04-27,547,0.216911,1
108105,2023-04-27,730,0.195667,1
108105,2023-04-27,1825,0.217823,1
108105,2023-04-28,10,0.164042,1
108105,2023-04-28,14,0.145375,1
108105,2023-04-28,30,0.123176,1
108105,2023-04-28,60,0.152357,1
108105,2023-04-28,91,0.156541,1
108105,2023-04-28,122,0.158648,1
108105,2023-04-28,152,0.169144,1
108105,2023-04-28,182,0.185751,1
108105,2023-04-28,273,0.206554,1
108105,2023-04-28,365,0.227397,1
108105,2023-04-28,547,0.216866,1
108105,2023-04-28,730,0.195753,1
108105,2023-04-28,1825,0.217765,1
108105,2023-05-01,10,0.188004,1
108105,2023-05-01,14,0.144752,1
108105,2023-05-01,30,0.115927,1
108105,2023-05-01,60,0.154281,1
108105,2023-05-01,91,0.154154,1
108105,2023-05-01,122,0.156194,1
108105,2023-05-01,152,0.162139,1
108105,2023-05-01,182,0.185398,1
108105,2023-05-01,273,0.206527,1
108105,2023-05-01,365,0.224356,1
108105,2023-05-01,547,0.216858,1
108105,2023-05-01,730,0.195823,1
108105,2023-05-01,1825,0.217876,1
108105,2023-05-02,10,0.188599,1
108105,2023-05-02,14,0.156768,1
108105,2023-05-02,30,0.120834,1
108105,2023-05-02,60,0.152687,1
108105,2023-05-02,91,0.153415,1
108105,2023-05-02,122,0.156796,1
108105,2023-05-02,152,0.16319,1
108105,2023-05-02,182,0.186101,1
108105,2023-05-02,273,0.206826,1
108105,2023-05-02,365,0.224589,1
108105,2023-05-02,547,0.217052,1
108105,2023-05-02,730,0.195802,1
108105,2023-05-02,1825,0.217939,1
108105,2023-05-03,10,0.178426,1
108105,2023-05-03,14,0.159658,1
108105,2023-05-03,30,0.12253,1
108105,2023-05-03,60,0.151918,1
108105,2023-05-03,91,0.152648,1
108105,2023-05-03,122,0.156444,1
108105,2023-05-03,152,0.163559,1
108105,2023-05-03,182,0.18269,1
108105,2023-05-03,273,0.206198,1
108105,2023-05-03,365,0.224645,1
108105,2023-05-03,547,0.217097,1
108105,2023-05-03,730,0.195854,1
108105,2023-05-03,1825,0.217894,1
108105,2023-05-04,10,0.180683,1
108105,2023-05-04,14,0.160771,1
108105,2023-05-04,30,0.123425,1
108105,2023-05-04,60,0.151195,1
108105,2023-05-04,91,0.150329,1
108105,2023-05-04,122,0.156119,1
108105,2023-05-04,152,0.163158,1
108105,2023-05-04,182,0.182322,1
108105,2023-05-04,273,0.206363,1
108105,2023-05-04,365,0.222787,1
108105,2023-05-04,547,0.217099,1
108105,2023-05-04,730,0.195864,1
108105,2023-05-04,1825,0.217833,1
108105,2023-05-05,10,0.189712,1
108105,2023-05-05,14,0.189714,1
108105,2023-05-05,30,0.139137,1
108105,2023-05-05,60,0.157498,1
108105,2023-05-05,91,0.153538,1
108105,2023-05-05,122,0.158821,1
108105,2023-05-05,152,0.164836,1
108105,2023-05-05,182,0.183136,1
108105,2023-05-05,273,0.207454,1
108105,2023-05-05,365,0.220582,1
108105,2023-05-05,547,0.217605,1
108105,2023-05-05,730,0.196293,1
108105,2023-05-05,1825,0.217895,1
108105,2023-05-08,10,0.168538,1
108105,2023-05-08,14,0.189678,1
108105,2023-05-08,30,0.138696,1
108105,2023-05-08,60,0.14817,1
108105,2023-05-08,91,0.153029,1
108105,2023-05-08,122,0.154158,1
108105,2023-05-08,152,0.162219,1
108105,2023-05-08,182,0.182697,1
108105,2023-05-08,273,0.20745,1
108105,2023-05-08,365,0.220509,1
108105,2023-05-08,547,0.217581,1
108105,2023-05-08,730,0.196334,1
108105,2023-05-08,1825,0.218024,1
108105,2023-05-09,10,0.155146,1
108105,2023-05-09,14,0.170525,1
108105,2023-05-09,30,0.136396,1
108105,2023-05-09,60,0.143402,1
108105,2023-05-09,91,0.151109,1
108105,2023-05-09,122,0.153503,1
108105,2023-05-09,152,0.162031,1
108105,2023-05-09,182,0.182713,1
108105,2023-05-09,273,0.20746,1
108105,2023-05-09,365,0.218111,1
108105,2023-05-09,547,0.217606,1
108105,2023-05-09,730,0.196165,1
108105,2023-05-09,1825,0.217998,1
108105,2023-05-10,10,0.147803,1
108105,2023-05-10,14,0.168789,1
108105,2023-05-10,30,0.137159,1
108105,2023-05-10,60,0.14182,1
108105,2023-05-10,91,0.149722,1
108105,2023-05-10,122,0.152727,1
108105,2023-05-10,152,0.16169,1
108105,2023-05-10,182,0.180137,1
108105,2023-05-10,273,0.206073,1
108105,2023-05-10,365,0.218143,1
108105,2023-05-10,547,0.217627,1
108105,2023-05-10,730,0.196051,1
108105,2023-05-10,1825,0.218005,1
108105,2023-05-11,10,0.147804,1
108105,2023-05-11,14,0.13844,1
108105,2023-05-11,30,0.137325,1
108105,2023-05-11,60,0.140355,1
108105,2023-05-11,91,0.148664,1
108105,2023-05-11,122,0.152763,1
108105,2023-05-11,152,0.160939,1
108105,2023-05-11,182,0.163162,1
108105,2023-05-11,273,0.20608,1
108105,2023-05-11,365,0.2175,1
108105,2023-05-11,547,0.217532,1
108105,2023-05-11,730,0.195958,1
108105,2023-05-11,1825,0.21792,1
108105,2023-05-12,10,0.131926,1
108105,2023-05-12,14,0.130431,1
108105,2023-05-12,30,0.136616,1
108105,2023-05-12,60,0.140365,1
108105,2023-05-12,91,0.148649,1
108105,2023-05-12,122,0.152421,1
108105,2023-05-12,152,0.160195,1
108105,2023-05-12,182,0.162687,1
108105,2023-05-12,273,0.205104,1
108105,2023-05-12,365,0.217502,1
108105,2023-05-12,547,0.217534,1
108105,2023-05-12,730,0.195359,1
108105,2023-05-12,1825,0.217835,1
108105,2023-05-15,10,0.052844,1
108105,2023-05-15,14,0.132007,1
108105,2023-05-15,30,0.13229,1
108105,2023-05-15,60,0.131201,1
108105,2023-05-15,91,0.147002,1
108105,2023-05-15,122,0.152616,1
108105,2023-05-15,152,0.159664,1
108105,2023-05-15,182,0.162188,1
108105,2023-05-15,273,0.20508,1
108105,2023-05-15,365,0.216244,1
108105,2023-05-15,547,0.217463,1
108105,2023-05-15,730,0.195095,1
108105,2023-05-15,1825,0.217982,1
108105,2023-05-16,10,0.061655,1
108105,2023-05-16,14,0.122131,1
108105,2023-05-16,30,0.130897,1
108105,2023-05-16,60,0.128966,1
108105,2023-05-16,91,0.147557,1
108105,2023-05-16,122,0.152151,1
108105,2023-05-16,152,0.154856,1
108105,2023-05-16,182,0.162027,1
108105,2023-05-16,273,0.20519,1
108105,2023-05-16,365,0.216304,1
108105,2023-05-16,547,0.217519,1
108105,2023-05-16,730,0.194954,1
108105,2023-05-16,1825,0.218002,1
108105,2023-05-17,10,0.091466,1
108105,2023-05-17,14,0.129234,1
108105,2023-05-17,30,0.136759,1
108105,2023-05-17,60,0.130025,1
108105,2023-05-17,91,0.149372,1
108105,2023-05-17,122,0.152533,1
108105,2023-05-17,152,0.154738,1
108105,2023-05-17,182,0.162396,1
108105,2023-05-17,273,0.2055,1
108105,2023-05-17,365,0.215703,1
108105,2023-05-17,547,0.21772,1
108105,2023-05-17,730,0.195125,1
108105,2023-05-17,1825,0.218059,1
108105,2023-05-18,10,0.103646,1
108105,2023-05-18,14,0.124069,1
108105,2023-05-18,30,0.14035,1
108105,2023-05-18,60,0.12991,1
108105,2023-05-18,91,0.147799,1
108105,2023-05-18,122,0.152403,1
108105,2023-05-18,152,0.154573,1
108105,2023-05-18,182,0.162822,1
108105,2023-05-18,273,0.205779,1
108105,2023-05-18,365,0.211863,1
108105,2023-05-18,547,0.217858,1
108105,2023-05-18,730,0.195144,1
108105,2023-05-18,1825,0.218009,1
108105,2023-05-19,10,0.098021,1
108105,2023-05-19,14,0.09296,1
108105,2023-05-19,30,0.14049,1
108105,2023-05-19,60,0.128845,1
108105,2023-05-19,91,0.147706,1
108105,2023-05-19,122,0.152377,1
108105,2023-05-19,152,0.153869,1
108105,2023-05-19,182,0.16273,1
108105,2023-05-19,273,0.205239,1
108105,2023-05-19,365,0.21178,1
108105,2023-05-19,547,0.217839,1
108105,2023-05-19,730,0.195136,1
108105,2023-05-19,1825,0.217924,1
108105,2023-05-22,10,0.108735,1
108105,2023-05-22,14,0.093051,1
108105,2023-05-22,30,0.142093,1
108105,2023-05-22,60,0.120624,1
108105,2023-05-22,91,0.14653,1
108105,2023-05-22,122,0.147535,1
108105,2023-05-22,152,0.153033,1
108105,2023-05-22,182,0.162611,1
108105,2023-05-22,273,0.203695,1
108105,2023-05-22,365,0.21178,1
108105,2023-05-22,547,0.217837,1
108105,2023-05-22,730,0.195188,1
108105,2023-05-22,1825,0.218066,1
108105,2023-05-23,10,0.130162,1
108105,2023-05-23,14,0.109544,1
108105,2023-05-23,30,0.144457,1
108105,2023-05-23,60,0.124181,1
108105,2023-05-23,91,0.142497,1
108105,2023-05-23,122,0.148085,1
108105,2023-05-23,152,0.152308,1
108105,2023-05-23,182,0.162386,1
108105,2023-05-23,273,0.204102,1
108105,2023-05-23,365,0.211311,1
108105,2023-05-23,547,0.21801,1
108105,2023-05-23,730,0.195158,1
108105,2023-05-23,1825,0.218125,1
108105,2023-05-24,10,0.128773,1
108105,2023-05-24,14,0.113939,1
108105,2023-05-24,30,0.146615,1
108105,2023-05-24,60,0.124369,1
108105,2023-05-24,91,0.143302,1
108105,2023-05-24,122,0.147823,1
108105,2023-05-24,152,0.152623,1
108105,2023-05-24,182,0.162545,1
108105,2023-05-24,273,0.204252,1
108105,2023-05-24,365,0.21128,1
108105,2023-05-24,547,0.21808,1
108105,2023-05-24,730,0.195101,1
108105,2023-05-24,1825,0.218149,1
108105,2023-05-25,10,0.137721,1
108105,2023-05-25,14,0.12265,1
108105,2023-05-25,30,0.138459,1
108105,2023-05-25,60,0.124347,1
108105,2023-05-25,91,0.14392,1
108105,2023-05-25,122,0.147209,1
108105,2023-05-25,152,0.152398,1
108105,2023-05-25,182,0.162342,1
108105,2023-05-25,273,0.203855,1
108105,2023-05-25,365,0.211251,1
108105,2023-05-25,547,0.218195,1
108105,2023-05-25,730,0.195194,1
108105,2023-05-25,1825,0.218095,1
108105,2023-05-26,10,0.145693,1
108105,2023-05-26,14,0.136674,1
108105,2023-05-26,30,0.143181,1
108105,2023-05-26,60,0.127657,1
108105,2023-05-26,91,0.144227,1
108105,2023-05-26,122,0.148764,1
108105,2023-05-26,152,0.152842,1
108105,2023-05-26,182,0.163342,1
108105,2023-05-26,273,0.200481,1
108105,2023-05-26,365,0.210732,1
108105,2023-05-26,547,0.218176,1
108105,2023-05-26,730,0.195405,1
108105,2023-05-26,1825,0.218081,1
108105,2023-05-30,10,0.146136,1
108105,2023-05-30,14,0.137119,1
108105,2023-05-30,30,0.129031,1
108105,2023-05-30,60,0.122822,1
108105,2023-05-30,91,0.145113,1
108105,2023-05-30,122,0.149388,1
108105,2023-05-30,152,0.15059,1
108105,2023-05-30,182,0.162376,1
108105,2023-05-30,273,0.200424,1
108105,2023-05-30,365,0.209309,1
108105,2023-05-30,547,0.217395,1
108105,2023-05-30,730,0.195597,1
108105,2023-05-30,1825,0.218095,1
108105,2023-05-31,10,0.139268,1
108105,2023-05-31,14,0.1317,1
108105,2023-05-31,30,0.130995,1
108105,2023-05-31,60,0.122411,1
108105,2023-05-31,91,0.14536,1
108105,2023-05-31,122,0.148919,1
108105,2023-05-31,152,0.150895,1
108105,2023-05-31,182,0.156815,1
108105,2023-05-31,273,0.200339,1
108105,2023-05-31,365,0.209304,1
108105,2023-05-31,547,0.216897,1
108105,2023-05-31,730,0.195451,1
108105,2023-05-31,1825,0.218064,1
108105,2023-06-01,10,0.15235,1
108105,2023-06-01,14,0.132572,1
108105,2023-06-01,30,0.127711,1
108105,2023-06-01,60,0.123078,1
108105,2023-06-01,91,0.145848,1
108105,2023-06-01,122,0.147963,1
108105,2023-06-01,152,0.15081,1
108105,2023-06-01,182,0.157404,1
108105,2023-06-01,273,0.200619,1
108105,2023-06-01,365,0.209393,1
108105,2023-06-01,547,0.216841,1
108105,2023-06-01,730,0.195573,1
108105,2023-06-01,1825,0.218019,1
108105,2023-06-02,10,0.143375,1
108105,2023-06-02,14,0.150265,1
108105,2023-06-02,30,0.131946,1
108105,2023-06-02,60,0.127448,1
108105,2023-06-02,91,0.145213,1
108105,2023-06-02,122,0.147933,1
108105,2023-06-02,152,0.151537,1
108105,2023-06-02,182,0.158675,1
108105,2023-06-02,273,0.200861,1
108105,2023-06-02,365,0.209093,1
108105,2023-06-02,547,0.216856,1
108105,2023-06-02,730,0.195837,1
108105,2023-06-02,1825,0.218023,1
108105,2023-06-05,10,0.136091,1
108105,2023-06-05,14,0.151697,1
108105,2023-06-05,30,0.117697,1
108105,2023-06-05,60,0.129289,1
108105,2023-06-05,91,0.145329,1
108105,2023-06-05,122,0.145461,1
108105,2023-06-05,152,0.151802,1
108105,2023-06-05,182,0.156483,1
108105,2023-06-05,273,0.200344,1
108105,2023-06-05,365,0.208438,1
108105,2023-06-05,547,0.216754,1
108105,2023-06-05,730,0.195921,1
108105,2023-06-05,1825,0.218161,1
108105,2023-06-06,10,0.121855,1
108105,2023-06-06,14,0.129202,1
108105,2023-06-06,30,0.114744,1
108105,2023-06-06,60,0.127706,1
108105,2023-06-06,91,0.141522,1
108105,2023-06-06,122,0.144622,1
108105,2023-06-06,152,0.150494,1
108105,2023-06-06,182,0.155002,1
108105,2023-06-06,273,0.200285,1
108105,2023-06-06,365,0.208428,1
108105,2023-06-06,547,0.216546,1
108105,2023-06-06,730,0.195733,1
108105,2023-06-06,1825,0.218162,1
108105,2023-06-07,10,0.118688,1
108105,2023-06-07,14,0.120829,1
108105,2023-06-07,30,0.116259,1
108105,2023-06-07,60,0.1267,1
108105,2023-06-07,91,0.141868,1
108105,2023-06-07,122,0.143943,1
108105,2023-06-07,152,0.146854,1
108105,2023-06-07,182,0.155093,1
108105,2023-06-07,273,0.199284,1
108105,2023-06-07,365,0.208255,1
108105,2023-06-07,547,0.2159,1
108105,2023-06-07,730,0.195751,1
108105,2023-06-07,1825,0.218166,1
108105,2023-06-08,10,0.11224,1
108105,2023-06-08,14,0.118446,1
108105,2023-06-08,30,0.115166,1
108105,2023-06-08,60,0.125825,1
108105,2023-06-08,91,0.136444,1
108105,2023-06-08,122,0.143832,1
108105,2023-06-08,152,0.146376,1
108105,2023-06-08,182,0.154985,1
108105,2023-06-08,273,0.199267,1
108105,2023-06-08,365,0.20805,1
108105,2023-06-08,547,0.215947,1
108105,2023-06-08,730,0.1958,1
108105,2023-06-08,1825,0.218095,1
108105,2023-06-09,10,0.111479,1
108105,2023-06-09,14,0.105273,1
108105,2023-06-09,30,0.114834,1
108105,2023-06-09,60,0.125825,1
108105,2023-06-09,91,0.132499,1
108105,2023-06-09,122,0.142238,1
108105,2023-06-09,152,0.145678,1
108105,2023-06-09,182,0.154556,1
108105,2023-06-09,273,0.198525,1
108105,2023-06-09,365,0.206616,1
108105,2023-06-09,547,0.215874,1
108105,2023-06-09,730,0.195797,1
108105,2023-06-09,1825,0.218009,1
108105,2023-06-12,10,0.078061,1
108105,2023-06-12,14,0.105019,1
108105,2023-06-12,30,0.119011,1
108105,2023-06-12,60,0.126275,1
108105,2023-06-12,91,0.133191,1
108105,2023-06-12,122,0.142336,1
108105,2023-06-12,152,0.146166,1
108105,2023-06-12,182,0.153838,1
108105,2023-06-12,273,0.198443,1
108105,2023-06-12,365,0.204622,1
108105,2023-06-12,547,0.215867,1
108105,2023-06-12,730,0.196069,1
108105,2023-06-12,1825,0.218209,1
108105,2023-06-13,10,0.076685,1
108105,2023-06-13,14,0.105007,1
108105,2023-06-13,30,0.11698,1
108105,2023-06-13,60,0.126812,1
108105,2023-06-13,91,0.130331,1
108105,2023-06-13,122,0.141883,1
108105,2023-06-13,152,0.146417,1
108105,2023-06-13,182,0.153808,1
108105,2023-06-13,273,0.191711,1
108105,2023-06-13,365,0.200734,1
108105,2023-06-13,547,0.21582,1
108105,2023-06-13,730,0.195934,1
108105,2023-06-13,1825,0.218227,1
108105,2023-06-14,10,0.071916,1
108105,2023-06-14,14,0.091516,1
108105,2023-06-14,30,0.117167,1
108105,2023-06-14,60,0.125262,1
108105,2023-06-14,91,0.129135,1
108105,2023-06-14,122,0.141036,1
108105,2023-06-14,152,0.146336,1
108105,2023-06-14,182,0.153502,1
108105,2023-06-14,273,0.191683,1
108105,2023-06-14,365,0.200685,1
108105,2023-06-14,547,0.215738,1
108105,2023-06-14,730,0.195931,1
108105,2023-06-14,1825,0.218226,1
108105,2023-06-15,10,0.082209,1
108105,2023-06-15,14,0.095866,1
108105,2023-06-15,30,0.116702,1
108105,2023-06-15,60,0.126488,1
108105,2023-06-15,91,0.126954,1
108105,2023-06-15,122,0.141204,1
108105,2023-06-15,152,0.146669,1
108105,2023-06-15,182,0.149746,1
108105,2023-06-15,273,0.191642,1
108105,2023-06-15,365,0.200534,1
108105,2023-06-15,547,0.215555,1
108105,2023-06-15,730,0.196111,1
108105,2023-06-15,1825,0.218202,1
108105,2023-06-16,10,0.093701,1
108105,2023-06-16,14,0.087325,1
108105,2023-06-16,30,0.115163,1
108105,2023-06-16,60,0.127041,1
108105,2023-06-16,91,0.124755,1
108105,2023-06-16,122,0.141402,1
108105,2023-06-16,152,0.146144,1
108105,2023-06-16,182,0.148869,1
108105,2023-06-16,273,0.19149,1
108105,2023-06-16,365,0.197702,1
108105,2023-06-16,547,0.215458,1
108105,2023-06-16,730,0.19609,1
108105,2023-06-16,1825,0.218123,1
108105,2023-06-20,10,0.11129,1
108105,2023-06-20,14,0.098186,1
108105,2023-06-20,30,0.117604,1
108105,2023-06-20,60,0.131354,1
108105,2023-06-20,91,0.123516,1
108105,2023-06-20,122,0.140932,1
108105,2023-06-20,152,0.144786,1
108105,2023-06-20,182,0.149001,1
108105,2023-06-20,273,0.191464,1
108105,2023-06-20,365,0.197773,1
108105,2023-06-20,547,0.215416,1
108105,2023-06-20,730,0.196089,1
108105,2023-06-20,1825,0.218362,1
108105,2023-06-21,10,0.114238,1
108105,2023-06-21,14,0.101433,1
108105,2023-06-21,30,0.120446,1
108105,2023-06-21,60,0.130779,1
108105,2023-06-21,91,0.118678,1
108105,2023-06-21,122,0.140484,1
108105,2023-06-21,152,0.142448,1
108105,2023-06-21,182,0.147969,1
108105,2023-06-21,273,0.190443,1
108105,2023-06-21,365,0.196446,1
108105,2023-06-21,547,0.214963,1
108105,2023-06-21,730,0.195881,1
108105,2023-06-21,1825,0.218376,1
108105,2023-06-22,10,0.104195,1
108105,2023-06-22,14,0.099464,1
108105,2023-06-22,30,0.109758,1
108105,2023-06-22,60,0.129304,1
108105,2023-06-22,91,0.11872,1
108105,2023-06-22,122,0.139734,1
108105,2023-06-22,152,0.141828,1
108105,2023-06-22,182,0.146312,1
108105,2023-06-22,273,0.190169,1
108105,2023-06-22,365,0.196461,1
108105,2023-06-22,547,0.21482,1
108105,2023-06-22,730,0.195865,1
108105,2023-06-22,1825,0.218294,1
108105,2023-06-23,10,0.108544,1
108105,2023-06-23,14,0.11267,1
108105,2023-06-23,30,0.110183,1
108105,2023-06-23,60,0.131201,1
108105,2023-06-23,91,0.11992,1
108105,2023-06-23,122,0.135663,1
108105,2023-06-23,152,0.141775,1
108105,2023-06-23,182,0.146689,1
108105,2023-06-23,273,0.189242,1
108105,2023-06-23,365,0.196433,1
108105,2023-06-23,547,0.214844,1
108105,2023-06-23,730,0.19594,1
108105,2023-06-23,1825,0.218237,1
108105,2023-06-26,10,0.068686,1
108105,2023-06-26,14,0.105162,1
108105,2023-06-26,30,0.105778,1
108105,2023-06-26,60,0.118777,1
108105,2023-06-26,91,0.120519,1
108105,2023-06-26,122,0.135849,1
108105,2023-06-26,152,0.142316,1
108105,2023-06-26,182,0.146302,1
108105,2023-06-26,273,0.18889,1
108105,2023-06-26,365,0.194231,1
108105,2023-06-26,547,0.214586,1
108105,2023-06-26,730,0.196105,1
108105,2023-06-26,1825,0.21829,1
108105,2023-06-27,10,0.11548,1
108105,2023-06-27,14,0.116815,1
108105,2023-06-27,30,0.108753,1
108105,2023-06-27,60,0.120256,1
108105,2023-06-27,91,0.122038,1
108105,2023-06-27,122,0.136213,1
108105,2023-06-27,152,0.142395,1
108105,2023-06-27,182,0.146873,1
108105,2023-06-27,273,0.189247,1
108105,2023-06-27,365,0.194512,1
108105,2023-06-27,547,0.214491,1
108105,2023-06-27,730,0.196075,1
108105,2023-06-27,1825,0.218331,1
108105,2023-06-28,10,0.105535,1
108105,2023-06-28,14,0.116796,1
108105,2023-06-28,30,0.106317,1
108105,2023-06-28,60,0.118807,1
108105,2023-06-28,91,0.119342,1
108105,2023-06-28,122,0.135425,1
108105,2023-06-28,152,0.142378,1
108105,2023-06-28,182,0.145664,1
108105,2023-06-28,273,0.188017,1
108105,2023-06-28,365,0.193384,1
108105,2023-06-28,547,0.21449,1
108105,2023-06-28,730,0.196069,1
108105,2023-06-28,1825,0.218331,1
108105,2023-06-29,10,0.102514,1
108105,2023-06-29,14,0.097475,1
108105,2023-06-29,30,0.106439,1
108105,2023-06-29,60,0.117624,1
108105,2023-06-29,91,0.119182,1
108105,2023-06-29,122,0.135506,1
108105,2023-06-29,152,0.141811,1
108105,2023-06-29,182,0.143889,1
108105,2023-06-29,273,0.186263,1
108105,2023-06-29,365,0.19342,1
108105,2023-06-29,547,0.214521,1
108105,2023-06-29,730,0.196094,1
108105,2023-06-29,1825,0.218251,1
108105,2023-06-30,10,0.119228,1
108105,2023-06-30,14,0.116696,1
108105,2023-06-30,30,0.107482,1
108105,2023-06-30,60,0.120541,1
108105,2023-06-30,91,0.118292,1
108105,2023-06-30,122,0.136622,1
108105,2023-06-30,152,0.142237,1
108105,2023-06-30,182,0.144662,1
108105,2023-06-30,273,0.185749,1
108105,2023-06-30,365,0.19354,1
108105,2023-06-30,547,0.214749,1
108105,2023-06-30,730,0.19628,1
108105,2023-06-30,1825,0.218229,1
108105,2023-07-03,10,0.105569,1
108105,2023-07-03,14,0.110025,1
108105,2023-07-03,30,0.097894,1
108105,2023-07-03,60,0.114119,1
108105,2023-07-03,91,0.118189,1
108105,2023-07-03,122,0.134976,1
108105,2023-07-03,152,0.139527,1
108105,2023-07-03,182,0.144078,1
108105,2023-07-03,273,0.183553,1
108105,2023-07-03,365,0.193287,1
108105,2023-07-03,547,0.214743,1
108105,2023-07-03,730,0.196373,1
108105,2023-07-03,1825,0.218299,1
108105,2023-07-05,10,0.102942,1
108105,2023-07-05,14,0.106361,1
108105,2023-07-05,30,0.097874,1
108105,2023-07-05,60,0.106881,1
108105,2023-07-05,91,0.118207,1
108105,2023-07-05,122,0.134271,1
108105,2023-07-05,152,0.13746,1
108105,2023-07-05,182,0.144257,1
108105,2023-07-05,273,0.18087,1
108105,2023-07-05,365,0.193301,1
108105,2023-07-05,547,0.214967,1
108105,2023-07-05,730,0.196183,1
108105,2023-07-05,1825,0.218328,1
108105,2023-07-06,10,0.115163,1
108105,2023-07-06,14,0.1179,1
108105,2023-07-06,30,0.104006,1
108105,2023-07-06,60,0.108277,1
108105,2023-07-06,91,0.119618,1
108105,2023-07-06,122,0.135187,1
108105,2023-07-06,152,0.137453,1
108105,2023-07-06,182,0.143668,1
108105,2023-07-06,273,0.180693,1
108105,2023-07-06,365,0.193467,1
108105,2023-07-06,547,0.214472,1
108105,2023-07-06,730,0.196259,1
108105,2023-07-06,1825,0.218273,1
108105,2023-07-07,10,0.100894,1
108105,2023-07-07,14,0.109492,1
108105,2023-07-07,30,0.103418,1
108105,2023-07-07,60,0.108805,1
108105,2023-07-07,91,0.118914,1
108105,2023-07-07,122,0.132259,1
108105,2023-07-07,152,0.136898,1
108105,2023-07-07,182,0.140448,1
108105,2023-07-07,273,0.177472,1
108105,2023-07-07,365,0.192961,1
108105,2023-07-07,547,0.214482,1
108105,2023-07-07,730,0.196255,1
108105,2023-07-07,1825,0.218191,1
108105,2023-07-10,10,0.064245,1
108105,2023-07-10,14,0.103961,1
108105,2023-07-10,30,0.104819,1
108105,2023-07-10,60,0.109939,1
108105,2023-07-10,91,0.118942,1
108105,2023-07-10,122,0.126038,1
108105,2023-07-10,152,0.135258,1
108105,2023-07-10,182,0.14044,1
108105,2023-07-10,273,0.177197,1
108105,2023-07-10,365,0.192966,1
108105,2023-07-10,547,0.214469,1
108105,2023-07-10,730,0.196203,1
108105,2023-07-10,1825,0.218304,1
108105,2023-07-11,10,0.079889,1
108105,2023-07-11,14,0.093116,1
108105,2023-07-11,30,0.103796,1
108105,2023-07-11,60,0.110332,1
108105,2023-07-11,91,0.119445,1
108105,2023-07-11,122,0.125582,1
108105,2023-07-11,152,0.13474,1
108105,2023-07-11,182,0.14042,1
108105,2023-07-11,273,0.177093,1
108105,2023-07-11,365,0.192682,1
108105,2023-07-11,547,0.21454,1
108105,2023-07-11,730,0.196065,1
108105,2023-07-11,1825,0.218291,1
108105,2023-07-12,10,0.086656,1
108105,2023-07-12,14,0.097093,1
108105,2023-07-12,30,0.102144,1
108105,2023-07-12,60,0.109778,1
108105,2023-07-12,91,0.119557,1
108105,2023-07-12,122,0.125214,1
108105,2023-07-12,152,0.135116,1
108105,2023-07-12,182,0.139704,1
108105,2023-07-12,273,0.177165,1
108105,2023-07-12,365,0.192547,1
108105,2023-07-12,547,0.214494,1
108105,2023-07-12,730,0.196119,1
108105,2023-07-12,1825,0.218313,1
108105,2023-07-13,10,0.098475,1
108105,2023-07-13,14,0.101914,1
108105,2023-07-13,30,0.10335,1
108105,2023-07-13,60,0.109556,1
108105,2023-07-13,91,0.118005,1
108105,2023-07-13,122,0.125612,1
108105,2023-07-13,152,0.134973,1
108105,2023-07-13,182,0.140067,1
108105,2023-07-13,273,0.175052,1
108105,2023-07-13,365,0.192637,1
108105,2023-07-13,547,0.214596,1
108105,2023-07-13,730,0.196193,1
108105,2023-07-13,1825,0.218256,1
108105,2023-07-14,10,0.092477,1
108105,2023-07-14,14,0.086512,1
108105,2023-07-14,30,0.103739,1
108105,2023-07-14,60,0.109823,1
108105,2023-07-14,91,0.117898,1
108105,2023-07-14,122,0.123112,1
108105,2023-07-14,152,0.134357,1
108105,2023-07-14,182,0.14003,1
108105,2023-07-14,273,0.172599,1
108105,2023-07-14,365,0.192609,1
108105,2023-07-14,547,0.214279,1
108105,2023-07-14,730,0.196192,1
108105,2023-07-14,1825,0.21817,1
108105,2023-07-17,10,0.056785,1
108105,2023-07-17,14,0.087477,1
108105,2023-07-17,30,0.097363,1
108105,2023-07-17,60,0.106056,1
108105,2023-07-17,91,0.11794,1
108105,2023-07-17,122,0.118462,1
108105,2023-07-17,152,0.134696,1
108105,2023-07-17,182,0.139525,1
108105,2023-07-17,273,0.170151,1
108105,2023-07-17,365,0.191751,1
108105,2023-07-17,547,0.214302,1
108105,2023-07-17,730,0.196317,1
108105,2023-07-17,1825,0.218341,1
108105,2023-07-18,10,0.053905,1
108105,2023-07-18,14,0.08686,1
108105,2023-07-18,30,0.096946,1
108105,2023-07-18,60,0.106484,1
108105,2023-07-18,91,0.118494,1
108105,2023-07-18,122,0.118104,1
108105,2023-07-18,152,0.133016,1
108105,2023-07-18,182,0.139725,1
108105,2023-07-18,273,0.169873,1
108105,2023-07-18,365,0.191644,1
108105,2023-07-18,547,0.214096,1
108105,2023-07-18,730,0.196184,1
108105,2023-07-18,1825,0.218353,1
108105,2023-07-19,10,0.052035,1
108105,2023-07-19,14,0.083693,1
108105,2023-07-19,30,0.094525,1
108105,2023-07-19,60,0.105111,1
108105,2023-07-19,91,0.118463,1
108105,2023-07-19,122,0.117394,1
108105,2023-07-19,152,0.132894,1
108105,2023-07-19,182,0.137665,1
108105,2023-07-19,273,0.169634,1
108105,2023-07-19,365,0.18978,1
108105,2023-07-19,547,0.213566,1
108105,2023-07-19,730,0.195858,1
108105,2023-07-19,1825,0.218354,1
108105,2023-07-20,10,0.082766,1
108105,2023-07-20,14,0.079641,1
108105,2023-07-20,30,0.096502,1
108105,2023-07-20,60,0.106116,1
108105,2023-07-20,91,0.118685,1
108105,2023-07-20,122,0.11767,1
108105,2023-07-20,152,0.132814,1
108105,2023-07-20,182,0.137554,1
108105,2023-07-20,273,0.169552,1
108105,2023-07-20,365,0.189849,1
108105,2023-07-20,547,0.213489,1
108105,2023-07-20,730,0.195633,1
108105,2023-07-20,1825,0.218291,1
108105,2023-07-21,10,0.081595,1
108105,2023-07-21,14,0.074791,1
108105,2023-07-21,30,0.09342,1
108105,2023-07-21,60,0.106099,1
108105,2023-07-21,91,0.118703,1
108105,2023-07-21,122,0.116021,1
108105,2023-07-21,152,0.132178,1
108105,2023-07-21,182,0.13525,1
108105,2023-07-21,273,0.167533,1
108105,2023-07-21,365,0.18962,1
108105,2023-07-21,547,0.213295,1
108105,2023-07-21,730,0.195549,1
108105,2023-07-21,1825,0.218204,1
108105,2023-07-24,10,0.075552,1
108105,2023-07-24,14,0.074826,1
108105,2023-07-24,30,0.089103,1
108105,2023-07-24,60,0.098957,1
108105,2023-07-24,91,0.118804,1
108105,2023-07-24,122,0.112812,1
108105,2023-07-24,152,0.128546,1
108105,2023-07-24,182,0.134442,1
108105,2023-07-24,273,0.167094,1
108105,2023-07-24,365,0.189391,1
108105,2023-07-24,547,0.212741,1
108105,2023-07-24,730,0.19563,1
108105,2023-07-24,1825,0.218339,1
108105,2023-07-25,10,0.069229,1
108105,2023-07-25,14,0.072262,1
108105,2023-07-25,30,0.086864,1
108105,2023-07-25,60,0.095041,1
108105,2023-07-25,91,0.113288,1
108105,2023-07-25,122,0.11214,1
108105,2023-07-25,152,0.128413,1
108105,2023-07-25,182,0.134444,1
108105,2023-07-25,273,0.166165,1
108105,2023-07-25,365,0.189403,1
108105,2023-07-25,547,0.212741,1
108105,2023-07-25,730,0.195445,1
108105,2023-07-25,1825,0.218337,1
108105,2023-07-26,10,0.065178,1
108105,2023-07-26,14,0.068838,1
108105,2023-07-26,30,0.083806,1
108105,2023-07-26,60,0.093988,1
108105,2023-07-26,91,0.112763,1
108105,2023-07-26,122,0.111508,1
108105,2023-07-26,152,0.127079,1
108105,2023-07-26,182,0.134443,1
108105,2023-07-26,273,0.165884,1
108105,2023-07-26,365,0.189008,1
108105,2023-07-26,547,0.2125,1
108105,2023-07-26,730,0.195438,1
108105,2023-07-26,1825,0.218314,1
108105,2023-07-27,10,0.077372,1
108105,2023-07-27,14,0.070951,1
108105,2023-07-27,30,0.082863,1
108105,2023-07-27,60,0.095171,1
108105,2023-07-27,91,0.108165,1
108105,2023-07-27,122,0.112389,1
108105,2023-07-27,152,0.127041,1
108105,2023-07-27,182,0.134103,1
108105,2023-07-27,273,0.165905,1
108105,2023-07-27,365,0.187428,1
108105,2023-07-27,547,0.212564,1
108105,2023-07-27,730,0.195463,1
108105,2023-07-27,1825,0.218249,1
108105,2023-07-28,10,0.086837,1
108105,2023-07-28,14,0.083739,1
108105,2023-07-28,30,0.087086,1
108105,2023-07-28,60,0.096013,1
108105,2023-07-28,91,0.108627,1
108105,2023-07-28,122,0.113154,1
108105,2023-07-28,152,0.127122,1
108105,2023-07-28,182,0.134685,1
108105,2023-07-28,273,0.163968,1
108105,2023-07-28,365,0.187303,1
108105,2023-07-28,547,0.212664,1
108105,2023-07-28,730,0.195585,1
108105,2023-07-28,1825,0.218203,1
108105,2023-07-31,10,0.084681,1
108105,2023-07-31,14,0.08287,1
108105,2023-07-31,30,0.080496,1
108105,2023-07-31,60,0.09405,1
108105,2023-07-31,91,0.108556,1
108105,2023-07-31,122,0.109821,1
108105,2023-07-31,152,0.127776,1
108105,2023-07-31,182,0.133187,1
108105,2023-07-31,273,0.163678,1
108105,2023-07-31,365,0.186802,1
108105,2023-07-31,547,0.21176,1
108105,2023-07-31,730,0.195722,1
108105,2023-07-31,1825,0.21835,1
108105,2023-08-01,10,0.082063,1
108105,2023-08-01,14,0.078649,1
108105,2023-08-01,30,0.079797,1
108105,2023-08-01,60,0.089222,1
108105,2023-08-01,91,0.105509,1
108105,2023-08-01,122,0.109373,1
108105,2023-08-01,152,0.12757,1
108105,2023-08-01,182,0.131884,1
108105,2023-08-01,273,0.163626,1
108105,2023-08-01,365,0.1868,1
108105,2023-08-01,547,0.21122,1
108105,2023-08-01,730,0.195537,1
108105,2023-08-01,1825,0.218345,1
108105,2023-08-02,10,0.114248,1
108105,2023-08-02,14,0.10564,1
108105,2023-08-02,30,0.095749,1
108105,2023-08-02,60,0.096213,1
108105,2023-08-02,91,0.108741,1
108105,2023-08-02,122,0.111869,1
108105,2023-08-02,152,0.127659,1
108105,2023-08-02,182,0.132854,1
108105,2023-08-02,273,0.161664,1
108105,2023-08-02,365,0.187219,1
108105,2023-08-02,547,0.211455,1
108105,2023-08-02,730,0.195783,1
108105,2023-08-02,1825,0.21843,1
108105,2023-08-03,10,0.110492,1
108105,2023-08-03,14,0.10138,1
108105,2023-08-03,30,0.094054,1
108105,2023-08-03,60,0.095495,1
108105,2023-08-03,91,0.107571,1
108105,2023-08-03,122,0.111955,1
108105,2023-08-03,152,0.127166,1
108105,2023-08-03,182,0.131441,1
108105,2023-08-03,273,0.161145,1
108105,2023-08-03,365,0.186622,1
108105,2023-08-03,547,0.211324,1
108105,2023-08-03,730,0.195707,1
108105,2023-08-03,1825,0.218347,1
108105,2023-08-04,10,0.10859,1
108105,2023-08-04,14,0.103664,1
108105,2023-08-04,30,0.09576,1
108105,2023-08-04,60,0.096514,1
108105,2023-08-04,91,0.102912,1
108105,2023-08-04,122,0.111866,1
108105,2023-08-04,152,0.126935,1
108105,2023-08-04,182,0.130772,1
108105,2023-08-04,273,0.160646,1
108105,2023-08-04,365,0.186704,1
108105,2023-08-04,547,0.210399,1
108105,2023-08-04,730,0.195716,1
108105,2023-08-04,1825,0.218275,1
108105,2023-08-07,10,0.120101,1
108105,2023-08-07,14,0.113325,1
108105,2023-08-07,30,0.096652,1
108105,2023-08-07,60,0.099267,1
108105,2023-08-07,91,0.10406,1
108105,2023-08-07,122,0.113132,1
108105,2023-08-07,152,0.126135,1
108105,2023-08-07,182,0.130941,1
108105,2023-08-07,273,0.160604,1
108105,2023-08-07,365,0.186896,1
108105,2023-08-07,547,0.210485,1
108105,2023-08-07,730,0.195965,1
108105,2023-08-07,1825,0.218476,1
108105,2023-08-08,10,0.110222,1
108105,2023-08-08,14,0.112555,1
108105,2023-08-08,30,0.096144,1
108105,2023-08-08,60,0.100223,1
108105,2023-08-08,91,0.103976,1
108105,2023-08-08,122,0.112834,1
108105,2023-08-08,152,0.122538,1
108105,2023-08-08,182,0.129988,1
108105,2023-08-08,273,0.160622,1
108105,2023-08-08,365,0.186945,1
108105,2023-08-08,547,0.210492,1
108105,2023-08-08,730,0.195793,1
108105,2023-08-08,1825,0.218484,1
108105,2023-08-09,10,0.105067,1
108105,2023-08-09,14,0.115544,1
108105,2023-08-09,30,0.099787,1
108105,2023-08-09,60,0.10103,1
108105,2023-08-09,91,0.105172,1
108105,2023-08-09,122,0.113036,1
108105,2023-08-09,152,0.120694,1
108105,2023-08-09,182,0.129366,1
108105,2023-08-09,273,0.158848,1
108105,2023-08-09,365,0.187036,1
108105,2023-08-09,547,0.210459,1
108105,2023-08-09,730,0.195856,1
108105,2023-08-09,1825,0.218483,1
108105,2023-08-10,10,0.103343,1
108105,2023-08-10,14,0.113514,1
108105,2023-08-10,30,0.097396,1
108105,2023-08-10,60,0.099805,1
108105,2023-08-10,91,0.105021,1
108105,2023-08-10,122,0.113044,1
108105,2023-08-10,152,0.120126,1
108105,2023-08-10,182,0.128647,1
108105,2023-08-10,273,0.146235,1
108105,2023-08-10,365,0.185868,1
108105,2023-08-10,547,0.210125,1
108105,2023-08-10,730,0.195855,1
108105,2023-08-10,1825,0.218396,1
108105,2023-08-11,10,0.10409,1
108105,2023-08-11,14,0.094605,1
108105,2023-08-11,30,0.094169,1
108105,2023-08-11,60,0.097677,1
108105,2023-08-11,91,0.104968,1
108105,2023-08-11,122,0.113086,1
108105,2023-08-11,152,0.119613,1
108105,2023-08-11,182,0.128655,1
108105,2023-08-11,273,0.145905,1
108105,2023-08-11,365,0.18587,1
108105,2023-08-11,547,0.209594,1
108105,2023-08-11,730,0.195849,1
108105,2023-08-11,1825,0.218311,1
108105,2023-08-14,10,0.095623,1
108105,2023-08-14,14,0.1019,1
108105,2023-08-14,30,0.093863,1
108105,2023-08-14,60,0.095258,1
108105,2023-08-14,91,0.105301,1
108105,2023-08-14,122,0.112265,1
108105,2023-08-14,152,0.117861,1
108105,2023-08-14,182,0.12795,1
108105,2023-08-14,273,0.145595,1
108105,2023-08-14,365,0.185171,1
108105,2023-08-14,547,0.209058,1
108105,2023-08-14,730,0.196072,1
108105,2023-08-14,1825,0.218443,1
108105,2023-08-15,10,0.113355,1
108105,2023-08-15,14,0.112445,1
108105,2023-08-15,30,0.099464,1
108105,2023-08-15,60,0.099426,1
108105,2023-08-15,91,0.107387,1
108105,2023-08-15,122,0.113701,1
108105,2023-08-15,152,0.116855,1
108105,2023-08-15,182,0.129125,1
108105,2023-08-15,273,0.145992,1
108105,2023-08-15,365,0.185509,1
108105,2023-08-15,547,0.209252,1
108105,2023-08-15,730,0.196049,1
108105,2023-08-15,1825,0.218483,1
108105,2023-08-16,10,0.110737,1
108105,2023-08-16,14,0.098991,1
108105,2023-08-16,30,0.100727,1
108105,2023-08-16,60,0.100035,1
108105,2023-08-16,91,0.106611,1
108105,2023-08-16,122,0.113948,1
108105,2023-08-16,152,0.116088,1
108105,2023-08-16,182,0.129602,1
108105,2023-08-16,273,0.145936,1
108105,2023-08-16,365,0.185661,1
108105,2023-08-16,547,0.20895,1
108105,2023-08-16,730,0.196114,1
108105,2023-08-16,1825,0.218508,1
108105,2023-08-17,10,0.088082,1
108105,2023-08-17,14,0.102514,1
108105,2023-08-17,30,0.09855,1
108105,2023-08-17,60,0.100598,1
108105,2023-08-17,91,0.106583,1
108105,2023-08-17,122,0.114785,1
108105,2023-08-17,152,0.116343,1
108105,2023-08-17,182,0.128507,1
108105,2023-08-17,273,0.146196,1
108105,2023-08-17,365,0.185681,1
108105,2023-08-17,547,0.209044,1
108105,2023-08-17,730,0.196126,1
108105,2023-08-17,1825,0.218451,1
108105,2023-08-18,10,0.090907,1
108105,2023-08-18,14,0.102479,1
108105,2023-08-18,30,0.097619,1
108105,2023-08-18,60,0.099393,1
108105,2023-08-18,91,0.106509,1
108105,2023-08-18,122,0.114792,1
108105,2023-08-18,152,0.115803,1
108105,2023-08-18,182,0.128424,1
108105,2023-08-18,273,0.146115,1
108105,2023-08-18,365,0.185668,1
108105,2023-08-18,547,0.208309,1
108105,2023-08-18,730,0.195977,1
108105,2023-08-18,1825,0.218364,1
108105,2023-08-21,10,0.122406,1
108105,2023-08-21,14,0.096196,1
108105,2023-08-21,30,0.10276,1
108105,2023-08-21,60,0.10137,1
108105,2023-08-21,91,0.10723,1
108105,2023-08-21,122,0.116097,1
108105,2023-08-21,152,0.111792,1
108105,2023-08-21,182,0.12822,1
108105,2023-08-21,273,0.146208,1
108105,2023-08-21,365,0.185325,1
108105,2023-08-21,547,0.208301,1
108105,2023-08-21,730,0.196147,1
108105,2023-08-21,1825,0.218554,1
108105,2023-08-22,10,0.111763,1
108105,2023-08-22,14,0.09581,1
108105,2023-08-22,30,0.100384,1
108105,2023-08-22,60,0.099712,1
108105,2023-08-22,91,0.104616,1
108105,2023-08-22,122,0.115558,1
108105,2023-08-22,152,0.111911,1
108105,2023-08-22,182,0.12483,1
108105,2023-08-22,273,0.145476,1
108105,2023-08-22,365,0.184049,1
108105,2023-08-22,547,0.208036,1
108105,2023-08-22,730,0.195961,1
108105,2023-08-22,1825,0.218556,1
108105,2023-08-23,10,0.128094,1
108105,2023-08-23,14,0.113104,1
108105,2023-08-23,30,0.107504,1
108105,2023-08-23,60,0.101957,1
108105,2023-08-23,91,0.105163,1
108105,2023-08-23,122,0.116222,1
108105,2023-08-23,152,0.112759,1
108105,2023-08-23,182,0.125622,1
108105,2023-08-23,273,0.145854,1
108105,2023-08-23,365,0.184347,1
108105,2023-08-23,547,0.20806,1
108105,2023-08-23,730,0.196023,1
108105,2023-08-23,1825,0.218593,1
108105,2023-08-24,10,0.138082,1
108105,2023-08-24,14,0.129799,1
108105,2023-08-24,30,0.114229,1
108105,2023-08-24,60,0.106304,1
108105,2023-08-24,91,0.108135,1
108105,2023-08-24,122,0.11883,1
108105,2023-08-24,152,0.114477,1
108105,2023-08-24,182,0.127091,1
108105,2023-08-24,273,0.146375,1
108105,2023-08-24,365,0.184848,1
108105,2023-08-24,547,0.207797,1
108105,2023-08-24,730,0.196254,1
108105,2023-08-24,1825,0.218594,1
108105,2023-08-25,10,0.13612,1
108105,2023-08-25,14,0.137156,1
108105,2023-08-25,30,0.117813,1
108105,2023-08-25,60,0.10682,1
108105,2023-08-25,91,0.10595,1
108105,2023-08-25,122,0.115695,1
108105,2023-08-25,152,0.114277,1
108105,2023-08-25,182,0.126346,1
108105,2023-08-25,273,0.146552,1
108105,2023-08-25,365,0.184444,1
108105,2023-08-25,547,0.207516,1
108105,2023-08-25,730,0.196306,1
108105,2023-08-25,1825,0.218526,1
108105,2023-08-28,10,0.1434,1
108105,2023-08-28,14,0.137913,1
108105,2023-08-28,30,0.115791,1
108105,2023-08-28,60,0.106385,1
108105,2023-08-28,91,0.105666,1
108105,2023-08-28,122,0.111848,1
108105,2023-08-28,152,0.113751,1
108105,2023-08-28,182,0.12654,1
108105,2023-08-28,273,0.1455,1
108105,2023-08-28,365,0.181254,1
108105,2023-08-28,547,0.20679,1
108105,2023-08-28,730,0.19641,1
108105,2023-08-28,1825,0.218678,1
108105,2023-08-29,10,0.149387,1
108105,2023-08-29,14,0.144902,1
108105,2023-08-29,30,0.125272,1
108105,2023-08-29,60,0.108082,1
108105,2023-08-29,91,0.109074,1
108105,2023-08-29,122,0.113664,1
108105,2023-08-29,152,0.11544,1
108105,2023-08-29,182,0.127856,1
108105,2023-08-29,273,0.146356,1
108105,2023-08-29,365,0.181659,1
108105,2023-08-29,547,0.207113,1
108105,2023-08-29,730,0.19648,1
108105,2023-08-29,1825,0.218759,1
108105,2023-08-30,10,0.138316,1
108105,2023-08-30,14,0.136296,1
108105,2023-08-30,30,0.126047,1
108105,2023-08-30,60,0.107113,1
108105,2023-08-30,91,0.108219,1
108105,2023-08-30,122,0.113097,1
108105,2023-08-30,152,0.113616,1
108105,2023-08-30,182,0.127656,1
108105,2023-08-30,273,0.142217,1
108105,2023-08-30,365,0.18132,1
108105,2023-08-30,547,0.206737,1
108105,2023-08-30,730,0.196475,1
108105,2023-08-30,1825,0.218764,1
108105,2023-08-31,10,0.140342,1
108105,2023-08-31,14,0.126533,1
108105,2023-08-31,30,0.125903,1
108105,2023-08-31,60,0.105934,1
108105,2023-08-31,91,0.106939,1
108105,2023-08-31,122,0.113159,1
108105,2023-08-31,152,0.113135,1
108105,2023-08-31,182,0.127373,1
108105,2023-08-31,273,0.142229,1
108105,2023-08-31,365,0.181138,1
108105,2023-08-31,547,0.206194,1
108105,2023-08-31,730,0.196476,1
108105,2023-08-31,1825,0.218679,1
108105,2023-09-01,10,0.135798,1
108105,2023-09-01,14,0.12551,1
108105,2023-09-01,30,0.116985,1
108105,2023-09-01,60,0.105976,1
108105,2023-09-01,91,0.103439,1
108105,2023-09-01,122,0.111024,1
108105,2023-09-01,152,0.112604,1
108105,2023-09-01,182,0.125564,1
108105,2023-09-01,273,0.142222,1
108105,2023-09-01,365,0.181126,1
108105,2023-09-01,547,0.206152,1
108105,2023-09-01,730,0.19648,1
108105,2023-09-01,1825,0.218593,1
108105,2023-09-05,10,0.104028,1
108105,2023-09-05,14,0.133571,1
108105,2023-09-05,30,0.11893,1
108105,2023-09-05,60,0.106681,1
108105,2023-09-05,91,0.104577,1
108105,2023-09-05,122,0.1067,1
108105,2023-09-05,152,0.113755,1
108105,2023-09-05,182,0.124107,1
108105,2023-09-05,273,0.139931,1
108105,2023-09-05,365,0.180831,1
108105,2023-09-05,547,0.20487,1
108105,2023-09-05,730,0.196688,1
108105,2023-09-05,1825,0.218762,1
108105,2023-09-06,10,0.113657,1
108105,2023-09-06,14,0.132465,1
108105,2023-09-06,30,0.116924,1
108105,2023-09-06,60,0.106975,1
108105,2023-09-06,91,0.105348,1
108105,2023-09-06,122,0.106957,1
108105,2023-09-06,152,0.113864,1
108105,2023-09-06,182,0.124618,1
108105,2023-09-06,273,0.140186,1
108105,2023-09-06,365,0.180929,1
108105,2023-09-06,547,0.204864,1
108105,2023-09-06,730,0.196554,1
108105,2023-09-06,1825,0.218784,1
108105,2023-09-07,10,0.112726,1
108105,2023-09-07,14,0.106007,1
108105,2023-09-07,30,0.116576,1
108105,2023-09-07,60,0.106047,1
108105,2023-09-07,91,0.105045,1
108105,2023-09-07,122,0.107193,1
108105,2023-09-07,152,0.113487,1
108105,2023-09-07,182,0.121594,1
108105,2023-09-07,273,0.140032,1
108105,2023-09-07,365,0.180094,1
108105,2023-09-07,547,0.203836,1
108105,2023-09-07,730,0.196552,1
108105,2023-09-07,1825,0.218703,1
108105,2023-09-08,10,0.06077,1
108105,2023-09-08,14,0.102066,1
108105,2023-09-08,30,0.114252,1
108105,2023-09-08,60,0.105956,1
108105,2023-09-08,91,0.105053,1
108105,2023-09-08,122,0.106769,1
108105,2023-09-08,152,0.112949,1
108105,2023-09-08,182,0.119526,1
108105,2023-09-08,273,0.139721,1
108105,2023-09-08,365,0.179991,1
108105,2023-09-08,547,0.203806,1
108105,2023-09-08,730,0.196553,1
108105,2023-09-08,1825,0.218616,1
108105,2023-09-11,10,0.085479,1
108105,2023-09-11,14,0.102788,1
108105,2023-09-11,30,0.119605,1
108105,2023-09-11,60,0.104919,1
108105,2023-09-11,91,0.104298,1
108105,2023-09-11,122,0.108175,1
108105,2023-09-11,152,0.114136,1
108105,2023-09-11,182,0.119724,1
108105,2023-09-11,273,0.139006,1
108105,2023-09-11,365,0.179492,1
108105,2023-09-11,547,0.20359,1
108105,2023-09-11,730,0.196703,1
108105,2023-09-11,1825,0.218803,1
108105,2023-09-12,10,0.081723,1
108105,2023-09-12,14,0.07315,1
108105,2023-09-12,30,0.118399,1
108105,2023-09-12,60,0.105813,1
108105,2023-09-12,91,0.104219,1
108105,2023-09-12,122,0.108154,1
108105,2023-09-12,152,0.112941,1
108105,2023-09-12,182,0.118145,1
108105,2023-09-12,273,0.138983,1
108105,2023-09-12,365,0.179305,1
108105,2023-09-12,547,0.203551,1
108105,2023-09-12,730,0.196548,1
108105,2023-09-12,1825,0.218808,1
108105,2023-09-13,10,0.077096,1
108105,2023-09-13,14,0.06907,1
108105,2023-09-13,30,0.116656,1
108105,2023-09-13,60,0.104577,1
108105,2023-09-13,91,0.104231,1
108105,2023-09-13,122,0.107501,1
108105,2023-09-13,152,0.11286,1
108105,2023-09-13,182,0.117583,1
108105,2023-09-13,273,0.138768,1
108105,2023-09-13,365,0.173621,1
108105,2023-09-13,547,0.202822,1
108105,2023-09-13,730,0.196544,1
108105,2023-09-13,1825,0.218809,1
108105,2023-09-14,10,0.090564,1
108105,2023-09-14,14,0.085436,1
108105,2023-09-14,30,0.112583,1
108105,2023-09-14,60,0.1054,1
108105,2023-09-14,91,0.10276,1
108105,2023-09-14,122,0.10822,1
108105,2023-09-14,152,0.112941,1
108105,2023-09-14,182,0.115724,1
108105,2023-09-14,273,0.135726,1
108105,2023-09-14,365,0.173777,1
108105,2023-09-14,547,0.202131,1
108105,2023-09-14,730,0.196591,1
108105,2023-09-14,1825,0.218751,1
108105,2023-09-15,10,0.111771,1
108105,2023-09-15,14,0.105675,1
108105,2023-09-15,30,0.117928,1
108105,2023-09-15,60,0.109004,1
108105,2023-09-15,91,0.105534,1
108105,2023-09-15,122,0.109893,1
108105,2023-09-15,152,0.114187,1
108105,2023-09-15,182,0.115981,1
108105,2023-09-15,273,0.135856,1
108105,2023-09-15,365,0.173838,1
108105,2023-09-15,547,0.202134,1
108105,2023-09-15,730,0.196691,1
108105,2023-09-15,1825,0.218737,1
108105,2023-09-18,10,0.122882,1
108105,2023-09-18,14,0.100324,1
108105,2023-09-18,30,0.116958,1
108105,2023-09-18,60,0.108746,1
108105,2023-09-18,91,0.104685,1
108105,2023-09-18,122,0.108423,1
108105,2023-09-18,152,0.115211,1
108105,2023-09-18,182,0.115435,1
108105,2023-09-18,273,0.135369,1
108105,2023-09-18,365,0.173664,1
108105,2023-09-18,547,0.201911,1
108105,2023-09-18,730,0.196778,1
108105,2023-09-18,1825,0.218883,1
108105,2023-09-19,10,0.112818,1
108105,2023-09-19,14,0.099235,1
108105,2023-09-19,30,0.114503,1
108105,2023-09-19,60,0.10881,1
108105,2023-09-19,91,0.10432,1
108105,2023-09-19,122,0.107878,1
108105,2023-09-19,152,0.114825,1
108105,2023-09-19,182,0.114242,1
108105,2023-09-19,273,0.135413,1
108105,2023-09-19,365,0.17357,1
108105,2023-09-19,547,0.201919,1
108105,2023-09-19,730,0.196588,1
108105,2023-09-19,1825,0.21886,1
108105,2023-09-20,10,0.116034,1
108105,2023-09-20,14,0.103891,1
108105,2023-09-20,30,0.117522,1
108105,2023-09-20,60,0.109682,1
108105,2023-09-20,91,0.105536,1
108105,2023-09-20,122,0.108656,1
108105,2023-09-20,152,0.115905,1
108105,2023-09-20,182,0.11246,1
108105,2023-09-20,273,0.134946,1
108105,2023-09-20,365,0.17345,1
108105,2023-09-20,547,0.201854,1
108105,2023-09-20,730,0.196327,1
108105,2023-09-20,1825,0.218904,1
108105,2023-09-21,10,0.129042,1
108105,2023-09-21,14,0.128838,1
108105,2023-09-21,30,0.130596,1
108105,2023-09-21,60,0.114938,1
108105,2023-09-21,91,0.110404,1
108105,2023-09-21,122,0.112629,1
108105,2023-09-21,152,0.118364,1
108105,2023-09-21,182,0.115107,1
108105,2023-09-21,273,0.13527,1
108105,2023-09-21,365,0.173376,1
108105,2023-09-21,547,0.202054,1
108105,2023-09-21,730,0.196676,1
108105,2023-09-21,1825,0.218947,1
108105,2023-09-22,10,0.129277,1
108105,2023-09-22,14,0.126792,1
108105,2023-09-22,30,0.123633,1
108105,2023-09-22,60,0.114269,1
108105,2023-09-22,91,0.109438,1
108105,2023-09-22,122,0.110863,1
108105,2023-09-22,152,0.117875,1
108105,2023-09-22,182,0.114973,1
108105,2023-09-22,273,0.135178,1
108105,2023-09-22,365,0.173164,1
108105,2023-09-22,547,0.20172,1
108105,2023-09-22,730,0.196567,1
108105,2023-09-22,1825,0.218863,1
108105,2023-09-25,10,0.118606,1
108105,2023-09-25,14,0.121569,1
108105,2023-09-25,30,0.116427,1
108105,2023-09-25,60,0.116609,1
108105,2023-09-25,91,0.109373,1
108105,2023-09-25,122,0.108368,1
108105,2023-09-25,152,0.116118,1
108105,2023-09-25,182,0.115063,1
108105,2023-09-25,273,0.134871,1
108105,2023-09-25,365,0.172254,1
108105,2023-09-25,547,0.201704,1
108105,2023-09-25,730,0.196594,1
108105,2023-09-25,1825,0.21903,1
108105,2023-09-26,10,0.125455,1
108105,2023-09-26,14,0.134398,1
108105,2023-09-26,30,0.123494,1
108105,2023-09-26,60,0.118076,1
108105,2023-09-26,91,0.110874,1
108105,2023-09-26,122,0.110923,1
108105,2023-09-26,152,0.114823,1
108105,2023-09-26,182,0.117118,1
108105,2023-09-26,273,0.135957,1
108105,2023-09-26,365,0.172599,1
108105,2023-09-26,547,0.201975,1
108105,2023-09-26,730,0.196677,1
108105,2023-09-26,1825,0.219132,1
108105,2023-09-27,10,0.120964,1
108105,2023-09-27,14,0.133319,1
108105,2023-09-27,30,0.120493,1
108105,2023-09-27,60,0.116723,1
108105,2023-09-27,91,0.110881,1
108105,2023-09-27,122,0.110253,1
108105,2023-09-27,152,0.114149,1
108105,2023-09-27,182,0.115502,1
108105,2023-09-27,273,0.135151,1
108105,2023-09-27,365,0.172577,1
108105,2023-09-27,547,0.20172,1
108105,2023-09-27,730,0.196668,1
108105,2023-09-27,1825,0.219132,1
108105,2023-09-28,10,0.132691,1
108105,2023-09-28,14,0.126993,1
108105,2023-09-28,30,0.10919,1
108105,2023-09-28,60,0.116757,1
108105,2023-09-28,91,0.111167,1
108105,2023-09-28,122,0.11003,1
108105,2023-09-28,152,0.113934,1
108105,2023-09-28,182,0.115519,1
108105,2023-09-28,273,0.133887,1
108105,2023-09-28,365,0.171615,1
108105,2023-09-28,547,0.20172,1
108105,2023-09-28,730,0.196174,1
108105,2023-09-28,1825,0.219059,1
108105,2023-09-29,10,0.132387,1
108105,2023-09-29,14,0.119903,1
108105,2023-09-29,30,0.107014,1
108105,2023-09-29,60,0.116562,1
108105,2023-09-29,91,0.108289,1
108105,2023-09-29,122,0.110149,1
108105,2023-09-29,152,0.113485,1
108105,2023-09-29,182,0.113887,1
108105,2023-09-29,273,0.133893,1
108105,2023-09-29,365,0.170225,1
108105,2023-09-29,547,0.201324,1
108105,2023-09-29,730,0.19618,1
108105,2023-09-29,1825,0.218976,1
108105,2023-10-02,10,0.116522,1
108105,2023-10-02,14,0.11928,1
108105,2023-10-02,30,0.109023,1
108105,2023-10-02,60,0.115186,1
108105,2023-10-02,91,0.108239,1
108105,2023-10-02,122,0.106731,1
108105,2023-10-02,152,0.112434,1
108105,2023-10-02,182,0.113787,1
108105,2023-10-02,273,0.133535,1
108105,2023-10-02,365,0.169479,1
108105,2023-10-02,547,0.201303,1
108105,2023-10-02,730,0.196025,1
108105,2023-10-02,1825,0.219145,1
108105,2023-10-03,10,0.130544,1
108105,2023-10-03,14,0.128862,1
108105,2023-10-03,30,0.11319,1
108105,2023-10-03,60,0.118988,1
108105,2023-10-03,91,0.11054,1
108105,2023-10-03,122,0.108767,1
108105,2023-10-03,152,0.113996,1
108105,2023-10-03,182,0.115226,1
108105,2023-10-03,273,0.134473,1
108105,2023-10-03,365,0.168251,1
108105,2023-10-03,547,0.201501,1
108105,2023-10-03,730,0.196073,1
108105,2023-10-03,1825,0.219204,1
108105,2023-10-04,10,0.135985,1
108105,2023-10-04,14,0.141177,1
108105,2023-10-04,30,0.116781,1
108105,2023-10-04,60,0.119795,1
108105,2023-10-04,91,0.111909,1
108105,2023-10-04,122,0.109041,1
108105,2023-10-04,152,0.111139,1
108105,2023-10-04,182,0.115692,1
108105,2023-10-04,273,0.134514,1
108105,2023-10-04,365,0.165777,1
108105,2023-10-04,547,0.201356,1
108105,2023-10-04,730,0.19594,1
108105,2023-10-04,1825,0.219216,1
108105,2023-10-05,10,0.131215,1
108105,2023-10-05,14,0.11999,1
108105,2023-10-05,30,0.116719,1
108105,2023-10-05,60,0.118361,1
108105,2023-10-05,91,0.110948,1
108105,2023-10-05,122,0.10901,1
108105,2023-10-05,152,0.110631,1
108105,2023-10-05,182,0.115621,1
108105,2023-10-05,273,0.133774,1
108105,2023-10-05,365,0.165768,1
108105,2023-10-05,547,0.201204,1
108105,2023-10-05,730,0.195801,1
108105,2023-10-05,1825,0.21913,1
108105,2023-10-06,10,0.12443,1
108105,2023-10-06,14,0.137389,1
108105,2023-10-06,30,0.124959,1
108105,2023-10-06,60,0.119961,1
108105,2023-10-06,91,0.113489,1
108105,2023-10-06,122,0.110814,1
108105,2023-10-06,152,0.111514,1
108105,2023-10-06,182,0.116291,1
108105,2023-10-06,273,0.13195,1
108105,2023-10-06,365,0.165796,1
108105,2023-10-06,547,0.201407,1
108105,2023-10-06,730,0.195957,1
108105,2023-10-06,1825,0.219102,1
108105,2023-10-09,10,0.144729,1
108105,2023-10-09,14,0.13982,1
108105,2023-10-09,30,0.130422,1
108105,2023-10-09,60,0.122974,1
108105,2023-10-09,91,0.114122,1
108105,2023-10-09,122,0.111952,1
108105,2023-10-09,152,0.112515,1
108105,2023-10-09,182,0.116587,1
108105,2023-10-09,273,0.132108,1
108105,2023-10-09,365,0.163313,1
108105,2023-10-09,547,0.201465,1
108105,2023-10-09,730,0.19611,1
108105,2023-10-09,1825,0.218769,1
108105,2023-10-10,10,0.133643,1
108105,2023-10-10,14,0.114268,1
108105,2023-10-10,30,0.129174,1
108105,2023-10-10,60,0.123845,1
108105,2023-10-10,91,0.113788,1
108105,2023-10-10,122,0.111625,1
108105,2023-10-10,152,0.112704,1
108105,2023-10-10,182,0.11678,1
108105,2023-10-10,273,0.132009,1
108105,2023-10-10,365,0.163165,1
108105,2023-10-10,547,0.201031,1
108105,2023-10-10,730,0.19595,1
108105,2023-10-10,1825,0.218574,1
108105,2023-10-11,10,0.12422,1
108105,2023-10-11,14,0.114358,1
108105,2023-10-11,30,0.12769,1
108105,2023-10-11,60,0.122906,1
108105,2023-10-11,91,0.113116,1
108105,2023-10-11,122,0.111185,1
108105,2023-10-11,152,0.112807,1
108105,2023-10-11,182,0.116717,1
108105,2023-10-11,273,0.131316,1
108105,2023-10-11,365,0.163038,1
108105,2023-10-11,547,0.201042,1
108105,2023-10-11,730,0.195913,1
108105,2023-10-11,1825,0.218495,1
108105,2023-10-12,10,0.133546,1
108105,2023-10-12,14,0.120033,1
108105,2023-10-12,30,0.127942,1
108105,2023-10-12,60,0.122242,1
108105,2023-10-12,91,0.112315,1
108105,2023-10-12,122,0.110602,1
108105,2023-10-12,152,0.112762,1
108105,2023-10-12,182,0.115706,1
108105,2023-10-12,273,0.131507,1
108105,2023-10-12,365,0.16314,1
108105,2023-10-12,547,0.200899,1
108105,2023-10-12,730,0.195955,1
108105,2023-10-12,1825,0.218428,1
108105,2023-10-13,10,0.101873,1
108105,2023-10-13,14,0.12266,1
108105,2023-10-13,30,0.128291,1
108105,2023-10-13,60,0.12167,1
108105,2023-10-13,91,0.112662,1
108105,2023-10-13,122,0.110285,1
108105,2023-10-13,152,0.112548,1
108105,2023-10-13,182,0.115908,1
108105,2023-10-13,273,0.131596,1
108105,2023-10-13,365,0.161314,1
108105,2023-10-13,547,0.200693,1
108105,2023-10-13,730,0.195976,1
108105,2023-10-13,1825,0.218354,1
108105,2023-10-16,10,0.106003,1
108105,2023-10-16,14,0.131562,1
108105,2023-10-16,30,0.127685,1
108105,2023-10-16,60,0.121863,1
108105,2023-10-16,91,0.114492,1
108105,2023-10-16,122,0.110939,1
108105,2023-10-16,152,0.112762,1
108105,2023-10-16,182,0.116728,1
108105,2023-10-16,273,0.131765,1
108105,2023-10-16,365,0.159705,1
108105,2023-10-16,547,0.200612,1
108105,2023-10-16,730,0.195875,1
108105,2023-10-16,1825,0.218357,1
108105,2023-10-17,10,0.098015,1
108105,2023-10-17,14,0.099512,1
108105,2023-10-17,30,0.124633,1
108105,2023-10-17,60,0.121862,1
108105,2023-10-17,91,0.113464,1
108105,2023-10-17,122,0.110269,1
108105,2023-10-17,152,0.111891,1
108105,2023-10-17,182,0.116729,1
108105,2023-10-17,273,0.131734,1
108105,2023-10-17,365,0.157659,1
108105,2023-10-17,547,0.200612,1
108105,2023-10-17,730,0.19568,1
108105,2023-10-17,1825,0.218255,1
108105,2023-10-18,10,0.126174,1
108105,2023-10-18,14,0.126119,1
108105,2023-10-18,30,0.131643,1
108105,2023-10-18,60,0.124833,1
108105,2023-10-18,91,0.116118,1
108105,2023-10-18,122,0.11201,1
108105,2023-10-18,152,0.113927,1
108105,2023-10-18,182,0.11837,1
108105,2023-10-18,273,0.131397,1
108105,2023-10-18,365,0.15793,1
108105,2023-10-18,547,0.200488,1
108105,2023-10-18,730,0.195896,1
108105,2023-10-18,1825,0.218343,1
108105,2023-10-19,10,0.127723,1
108105,2023-10-19,14,0.134995,1
108105,2023-10-19,30,0.133801,1
108105,2023-10-19,60,0.124932,1
108105,2023-10-19,91,0.116522,1
108105,2023-10-19,122,0.112244,1
108105,2023-10-19,152,0.114194,1
108105,2023-10-19,182,0.118697,1
108105,2023-10-19,273,0.131472,1
108105,2023-10-19,365,0.158025,1
108105,2023-10-19,547,0.200606,1
108105,2023-10-19,730,0.195915,1
108105,2023-10-19,1825,0.218292,1
108105,2023-10-20,10,0.132398,1
108105,2023-10-20,14,0.133485,1
108105,2023-10-20,30,0.136451,1
108105,2023-10-20,60,0.126963,1
108105,2023-10-20,91,0.1188,1
108105,2023-10-20,122,0.113968,1
108105,2023-10-20,152,0.115365,1
108105,2023-10-20,182,0.120096,1
108105,2023-10-20,273,0.130627,1
108105,2023-10-20,365,0.15835,1
108105,2023-10-20,547,0.200505,1
108105,2023-10-20,730,0.196098,1
108105,2023-10-20,1825,0.218283,1
108105,2023-10-23,10,0.144955,1
108105,2023-10-23,14,0.125426,1
108105,2023-10-23,30,0.129229,1
108105,2023-10-23,60,0.122516,1
108105,2023-10-23,91,0.118351,1
108105,2023-10-23,122,0.114117,1
108105,2023-10-23,152,0.114535,1
108105,2023-10-23,182,0.120121,1
108105,2023-10-23,273,0.129964,1
108105,2023-10-23,365,0.156683,1
108105,2023-10-23,547,0.199189,1
108105,2023-10-23,730,0.196283,1
108105,2023-10-23,1825,0.217971,1
108105,2023-10-24,10,0.149401,1
108105,2023-10-24,14,0.129421,1
108105,2023-10-24,30,0.129271,1
108105,2023-10-24,60,0.122736,1
108105,2023-10-24,91,0.119274,1
108105,2023-10-24,122,0.114189,1
108105,2023-10-24,152,0.114289,1
108105,2023-10-24,182,0.118321,1
108105,2023-10-24,273,0.130209,1
108105,2023-10-24,365,0.156416,1
108105,2023-10-24,547,0.199223,1
108105,2023-10-24,730,0.196158,1
108105,2023-10-24,1825,0.217842,1
108105,2023-10-25,10,0.153294,1
108105,2023-10-25,14,0.135648,1
108105,2023-10-25,30,0.135995,1
108105,2023-10-25,60,0.125693,1
108105,2023-10-25,91,0.122141,1
108105,2023-10-25,122,0.116078,1
108105,2023-10-25,152,0.114774,1
108105,2023-10-25,182,0.120013,1
108105,2023-10-25,273,0.131316,1
108105,2023-10-25,365,0.156325,1
108105,2023-10-25,547,0.198201,1
108105,2023-10-25,730,0.196388,1
108105,2023-10-25,1825,0.217796,1
108105,2023-10-26,10,0.125079,1
108105,2023-10-26,14,0.14063,1
108105,2023-10-26,30,0.132889,1
108105,2023-10-26,60,0.126855,1
108105,2023-10-26,91,0.123522,1
108105,2023-10-26,122,0.117528,1
108105,2023-10-26,152,0.11569,1
108105,2023-10-26,182,0.118101,1
108105,2023-10-26,273,0.131464,1
108105,2023-10-26,365,0.156613,1
108105,2023-10-26,547,0.198432,1
108105,2023-10-26,730,0.196558,1
108105,2023-10-26,1825,0.217779,1
108105,2023-10-27,10,0.118409,1
108105,2023-10-27,14,0.140633,1
108105,2023-10-27,30,0.133209,1
108105,2023-10-27,60,0.125642,1
108105,2023-10-27,91,0.121579,1
108105,2023-10-27,122,0.115919,1
108105,2023-10-27,152,0.115361,1
108105,2023-10-27,182,0.117711,1
108105,2023-10-27,273,0.131556,1
108105,2023-10-27,365,0.156566,1
108105,2023-10-27,547,0.197453,1
108105,2023-10-27,730,0.196555,1
108105,2023-10-27,1825,0.217704,1
108105,2023-10-30,10,0.164988,1
108105,2023-10-30,14,0.145065,1
108105,2023-10-30,30,0.142161,1
108105,2023-10-30,60,0.12613,1
108105,2023-10-30,91,0.124403,1
108105,2023-10-30,122,0.116868,1
108105,2023-10-30,152,0.117049,1
108105,2023-10-30,182,0.118934,1
108105,2023-10-30,273,0.131382,1
108105,2023-10-30,365,0.155136,1
108105,2023-10-30,547,0.195373,1
108105,2023-10-30,730,0.196806,1
108105,2023-10-30,1825,0.217761,1
108105,2023-10-31,10,0.159465,1
108105,2023-10-31,14,0.15449,1
108105,2023-10-31,30,0.141237,1
108105,2023-10-31,60,0.127514,1
108105,2023-10-31,91,0.125376,1
108105,2023-10-31,122,0.116837,1
108105,2023-10-31,152,0.116481,1
108105,2023-10-31,182,0.118112,1
108105,2023-10-31,273,0.130528,1
108105,2023-10-31,365,0.155063,1
108105,2023-10-31,547,0.195389,1
108105,2023-10-31,730,0.196667,1
108105,2023-10-31,1825,0.21773,1
108105,2023-11-01,10,0.161087,1
108105,2023-11-01,14,0.160751,1
108105,2023-11-01,30,0.146463,1
108105,2023-11-01,60,0.129478,1
108105,2023-11-01,91,0.124934,1
108105,2023-11-01,122,0.117705,1
108105,2023-11-01,152,0.11544,1
108105,2023-11-01,182,0.11856,1
108105,2023-11-01,273,0.130534,1
108105,2023-11-01,365,0.15533,1
108105,2023-11-01,547,0.195536,1
108105,2023-11-01,730,0.196806,1
108105,2023-11-01,1825,0.217757,1
108105,2023-11-02,10,0.189609,1
108105,2023-11-02,14,0.185052,1
108105,2023-11-02,30,0.152267,1
108105,2023-11-02,60,0.136951,1
108105,2023-11-02,91,0.130834,1
108105,2023-11-02,122,0.122204,1
108105,2023-11-02,152,0.118482,1
108105,2023-11-02,182,0.120889,1
108105,2023-11-02,273,0.131224,1
108105,2023-11-02,365,0.154246,1
108105,2023-11-02,547,0.194649,1
108105,2023-11-02,730,0.197239,1
108105,2023-11-02,1825,0.217825,1
108105,2023-11-03,10,0.191686,1
108105,2023-11-03,14,0.172344,1
108105,2023-11-03,30,0.153042,1
108105,2023-11-03,60,0.137615,1
108105,2023-11-03,91,0.131975,1
108105,2023-11-03,122,0.122611,1
108105,2023-11-03,152,0.118778,1
108105,2023-11-03,182,0.118874,1
108105,2023-11-03,273,0.131072,1
108105,2023-11-03,365,0.154084,1
108105,2023-11-03,547,0.192508,1
108105,2023-11-03,730,0.197299,1
108105,2023-11-03,1825,0.217775,1
108105,2023-11-06,10,0.089821,1
108105,2023-11-06,14,0.170509,1
108105,2023-11-06,30,0.151796,1
108105,2023-11-06,60,0.139746,1
108105,2023-11-06,91,0.130687,1
108105,2023-11-06,122,0.123245,1
108105,2023-11-06,152,0.11968,1
108105,2023-11-06,182,0.118889,1
108105,2023-11-06,273,0.130869,1
108105,2023-11-06,365,0.153542,1
108105,2023-11-06,547,0.192453,1
108105,2023-11-06,730,0.197457,1
108105,2023-11-06,1825,0.217725,1
108105,2023-11-07,10,0.091949,1
108105,2023-11-07,14,0.169212,1
108105,2023-11-07,30,0.148326,1
108105,2023-11-07,60,0.139905,1
108105,2023-11-07,91,0.130641,1
108105,2023-11-07,122,0.12262,1
108105,2023-11-07,152,0.11939,1
108105,2023-11-07,182,0.118721,1
108105,2023-11-07,273,0.1301,1
108105,2023-11-07,365,0.153292,1
108105,2023-11-07,547,0.190588,1
108105,2023-11-07,730,0.197272,1
108105,2023-11-07,1825,0.217724,1
108105,2023-11-08,10,0.095664,1
108105,2023-11-08,14,0.13975,1
108105,2023-11-08,30,0.147025,1
108105,2023-11-08,60,0.138273,1
108105,2023-11-08,91,0.12998,1
108105,2023-11-08,122,0.121919,1
108105,2023-11-08,152,0.119387,1
108105,2023-11-08,182,0.118588,1
108105,2023-11-08,273,0.129427,1
108105,2023-11-08,365,0.15321,1
108105,2023-11-08,547,0.19058,1
108105,2023-11-08,730,0.197272,1
108105,2023-11-08,1825,0.217682,1
108105,2023-11-09,10,0.125928,1
108105,2023-11-09,14,0.128051,1
108105,2023-11-09,30,0.148806,1
108105,2023-11-09,60,0.1379,1
108105,2023-11-09,91,0.130896,1
108105,2023-11-09,122,0.122613,1
108105,2023-11-09,152,0.119504,1
108105,2023-11-09,182,0.119169,1
108105,2023-11-09,273,0.129358,1
108105,2023-11-09,365,0.151923,1
108105,2023-11-09,547,0.190204,1
108105,2023-11-09,730,0.197339,1
108105,2023-11-09,1825,0.217628,1
108105,2023-11-10,10,0.138503,1
108105,2023-11-10,14,0.125234,1
108105,2023-11-10,30,0.157374,1
108105,2023-11-10,60,0.142158,1
108105,2023-11-10,91,0.134646,1
108105,2023-11-10,122,0.124944,1
108105,2023-11-10,152,0.121262,1
108105,2023-11-10,182,0.121027,1
108105,2023-11-10,273,0.130521,1
108105,2023-11-10,365,0.142928,1
108105,2023-11-10,547,0.190606,1
108105,2023-11-10,730,0.197565,1
108105,2023-11-10,1825,0.217647,1
108105,2023-11-13,10,0.121784,1
108105,2023-11-13,14,0.127485,1
108105,2023-11-13,30,0.158186,1
108105,2023-11-13,60,0.143276,1
108105,2023-11-13,91,0.134123,1
108105,2023-11-13,122,0.12486,1
108105,2023-11-13,152,0.12115,1
108105,2023-11-13,182,0.120994,1
108105,2023-11-13,273,0.129904,1
108105,2023-11-13,365,0.142661,1
108105,2023-11-13,547,0.189651,1
108105,2023-11-13,730,0.197694,1
108105,2023-11-13,1825,0.217601,1
108105,2023-11-14,10,0.150361,1
108105,2023-11-14,14,0.143782,1
108105,2023-11-14,30,0.165938,1
108105,2023-11-14,60,0.147824,1
108105,2023-11-14,91,0.137427,1
108105,2023-11-14,122,0.128376,1
108105,2023-11-14,152,0.123222,1
108105,2023-11-14,182,0.123346,1
108105,2023-11-14,273,0.131657,1
108105,2023-11-14,365,0.143546,1
108105,2023-11-14,547,0.190231,1
108105,2023-11-14,730,0.197955,1
108105,2023-11-14,1825,0.217711,1
108105,2023-11-15,10,0.140115,1
108105,2023-11-15,14,0.144616,1
108105,2023-11-15,30,0.162975,1
108105,2023-11-15,60,0.146091,1
108105,2023-11-15,91,0.136551,1
108105,2023-11-15,122,0.127657,1
108105,2023-11-15,152,0.123096,1
108105,2023-11-15,182,0.122333,1
108105,2023-11-15,273,0.131636,1
108105,2023-11-15,365,0.143315,1
108105,2023-11-15,547,0.18955,1
108105,2023-11-15,730,0.197959,1
108105,2023-11-15,1825,0.21771,1
108105,2023-11-16,10,0.140486,1
108105,2023-11-16,14,0.127536,1
108105,2023-11-16,30,0.162899,1
108105,2023-11-16,60,0.144399,1
108105,2023-11-16,91,0.135581,1
108105,2023-11-16,122,0.127502,1
108105,2023-11-16,152,0.122518,1
108105,2023-11-16,182,0.121696,1
108105,2023-11-16,273,0.130585,1
108105,2023-11-16,365,0.143045,1
108105,2023-11-16,547,0.186475,1
108105,2023-11-16,730,0.197941,1
108105,2023-11-16,1825,0.217624,1
108105,2023-11-17,10,0.141222,1
108105,2023-11-17,14,0.125027,1
108105,2023-11-17,30,0.154152,1
108105,2023-11-17,60,0.144415,1
108105,2023-11-17,91,0.135584,1
108105,2023-11-17,122,0.126933,1
108105,2023-11-17,152,0.121949,1
108105,2023-11-17,182,0.121666,1
108105,2023-11-17,273,0.130532,1
108105,2023-11-17,365,0.143001,1
108105,2023-11-17,547,0.186406,1
108105,2023-11-17,730,0.197935,1
108105,2023-11-17,1825,0.217538,1
108105,2023-11-20,10,0.117218,1
108105,2023-11-20,14,0.125987,1
108105,2023-11-20,30,0.143548,1
108105,2023-11-20,60,0.140084,1
108105,2023-11-20,91,0.135683,1
108105,2023-11-20,122,0.128475,1
108105,2023-11-20,152,0.122465,1
108105,2023-11-20,182,0.122041,1
108105,2023-11-20,273,0.130423,1
108105,2023-11-20,365,0.143102,1
108105,2023-11-20,547,0.186493,1
108105,2023-11-20,730,0.198185,1
108105,2023-11-20,1825,0.217432,1
108105,2023-11-21,10,0.114817,1
108105,2023-11-21,14,0.129629,1
108105,2023-11-21,30,0.141335,1
108105,2023-11-21,60,0.140044,1
108105,2023-11-21,91,0.135617,1
108105,2023-11-21,122,0.127765,1
108105,2023-11-21,152,0.122411,1
108105,2023-11-21,182,0.120914,1
108105,2023-11-21,273,0.128215,1
108105,2023-11-21,365,0.143056,1
108105,2023-11-21,547,0.18592,1
108105,2023-11-21,730,0.197993,1
108105,2023-11-21,1825,0.217348,1
108105,2023-11-22,10,0.106302,1
108105,2023-11-22,14,0.128831,1
108105,2023-11-22,30,0.140255,1
108105,2023-11-22,60,0.138542,1
108105,2023-11-22,91,0.134169,1
108105,2023-11-22,122,0.127207,1
108105,2023-11-22,152,0.121902,1
108105,2023-11-22,182,0.120455,1
108105,2023-11-22,273,0.128248,1
108105,2023-11-22,365,0.142508,1
108105,2023-11-22,547,0.185814,1
108105,2023-11-22,730,0.198002,1
108105,2023-11-22,1825,0.217331,1
108105,2023-11-24,10,0.046943,1
108105,2023-11-24,14,0.100998,1
108105,2023-11-24,30,0.12824,1
108105,2023-11-24,60,0.138378,1
108105,2023-11-24,91,0.131661,1
108105,2023-11-24,122,0.12768,1
108105,2023-11-24,152,0.121326,1
108105,2023-11-24,182,0.119131,1
108105,2023-11-24,273,0.127809,1
108105,2023-11-24,365,0.142405,1
108105,2023-11-24,547,0.185236,1
108105,2023-11-24,730,0.198189,1
108105,2023-11-24,1825,0.217245,1
108105,2023-11-27,10,0.064486,1
108105,2023-11-27,14,0.102696,1
108105,2023-11-27,30,0.114599,1
108105,2023-11-27,60,0.135629,1
108105,2023-11-27,91,0.131239,1
108105,2023-11-27,122,0.127614,1
108105,2023-11-27,152,0.121097,1
108105,2023-11-27,182,0.118711,1
108105,2023-11-27,273,0.127818,1
108105,2023-11-27,365,0.142424,1
108105,2023-11-27,547,0.184183,1
108105,2023-11-27,730,0.197524,1
108105,2023-11-27,1825,0.217083,1
108105,2023-11-28,10,0.057821,1
108105,2023-11-28,14,0.045758,1
108105,2023-11-28,30,0.112562,1
108105,2023-11-28,60,0.135234,1
108105,2023-11-28,91,0.128132,1
108105,2023-11-28,122,0.126866,1
108105,2023-11-28,152,0.120932,1
108105,2023-11-28,182,0.118709,1
108105,2023-11-28,273,0.127744,1
108105,2023-11-28,365,0.141506,1
108105,2023-11-28,547,0.183939,1
108105,2023-11-28,730,0.197329,1
108105,2023-11-28,1825,0.21708,1
108105,2023-11-29,10,0.05479,1
108105,2023-11-29,14,0.047455,1
108105,2023-11-29,30,0.11112,1
108105,2023-11-29,60,0.133706,1
108105,2023-11-29,91,0.127939,1
108105,2023-11-29,122,0.126126,1
108105,2023-11-29,152,0.119516,1
108105,2023-11-29,182,0.118339,1
108105,2023-11-29,273,0.127602,1
108105,2023-11-29,365,0.141498,1
108105,2023-11-29,547,0.183863,1
108105,2023-11-29,730,0.19711,1
108105,2023-11-29,1825,0.217053,1
108105,2023-11-30,10,0.039926,1
108105,2023-11-30,14,0.049421,1
108105,2023-11-30,30,0.110821,1
108105,2023-11-30,60,0.132229,1
108105,2023-11-30,91,0.128096,1
108105,2023-11-30,122,0.126272,1
108105,2023-11-30,152,0.119072,1
108105,2023-11-30,182,0.117707,1
108105,2023-11-30,273,0.127406,1
108105,2023-11-30,365,0.138299,1
108105,2023-11-30,547,0.183775,1
108105,2023-11-30,730,0.196662,1
108105,2023-11-30,1825,0.216972,1
108105,2023-12-01,10,0.04546,1
108105,2023-12-01,14,0.054567,1
108105,2023-12-01,30,0.108607,1
108105,2023-12-01,60,0.132603,1
108105,2023-12-01,91,0.128557,1
108105,2023-12-01,122,0.126592,1
108105,2023-12-01,152,0.118821,1
108105,2023-12-01,182,0.116296,1
108105,2023-12-01,273,0.126307,1
108105,2023-12-01,365,0.138399,1
108105,2023-12-01,547,0.183241,1
108105,2023-12-01,730,0.196525,1
108105,2023-12-01,1825,0.216899,1
108105,2023-12-04,10,0.064594,1
108105,2023-12-04,14,0.056642,1
108105,2023-12-04,30,0.098262,1
108105,2023-12-04,60,0.130194,1
108105,2023-12-04,91,0.128033,1
108105,2023-12-04,122,0.125664,1
108105,2023-12-04,152,0.119653,1
108105,2023-12-04,182,0.116548,1
108105,2023-12-04,273,0.126503,1
108105,2023-12-04,365,0.138515,1
108105,2023-12-04,547,0.182787,1
108105,2023-12-04,730,0.196413,1
108105,2023-12-04,1825,0.216437,1
108105,2023-12-05,10,0.059241,1
108105,2023-12-05,14,0.055065,1
108105,2023-12-05,30,0.096313,1
108105,2023-12-05,60,0.127779,1
108105,2023-12-05,91,0.127737,1
108105,2023-12-05,122,0.124921,1
108105,2023-12-05,152,0.118977,1
108105,2023-12-05,182,0.116529,1
108105,2023-12-05,273,0.125126,1
108105,2023-12-05,365,0.137261,1
108105,2023-12-05,547,0.182773,1
108105,2023-12-05,730,0.196218,1
108105,2023-12-05,1825,0.216436,1
108105,2023-12-06,10,0.059608,1
108105,2023-12-06,14,0.055948,1
108105,2023-12-06,30,0.098638,1
108105,2023-12-06,60,0.126886,1
108105,2023-12-06,91,0.127184,1
108105,2023-12-06,122,0.124387,1
108105,2023-12-06,152,0.119055,1
108105,2023-12-06,182,0.116537,1
108105,2023-12-06,273,0.125237,1
108105,2023-12-06,365,0.1365,1
108105,2023-12-06,547,0.182649,1
108105,2023-12-06,730,0.196063,1
108105,2023-12-06,1825,0.216177,1
108105,2023-12-07,10,0.073743,1
108105,2023-12-07,14,0.066645,1
108105,2023-12-07,30,0.100769,1
108105,2023-12-07,60,0.126393,1
108105,2023-12-07,91,0.127877,1
108105,2023-12-07,122,0.12418,1
108105,2023-12-07,152,0.119068,1
108105,2023-12-07,182,0.116736,1
108105,2023-12-07,273,0.123488,1
108105,2023-12-07,365,0.136677,1
108105,2023-12-07,547,0.18253,1
108105,2023-12-07,730,0.195605,1
108105,2023-12-07,1825,0.216117,1
108105,2023-12-08,10,0.075804,1
108105,2023-12-08,14,0.068858,1
108105,2023-12-08,30,0.100873,1
108105,2023-12-08,60,0.126,1
108105,2023-12-08,91,0.128066,1
108105,2023-12-08,122,0.124122,1
108105,2023-12-08,152,0.118645,1
108105,2023-12-08,182,0.116842,1
108105,2023-12-08,273,0.122239,1
108105,2023-12-08,365,0.136547,1
108105,2023-12-08,547,0.181459,1
108105,2023-12-08,730,0.195614,1
108105,2023-12-08,1825,0.216037,1
108105,2023-12-11,10,0.082186,1
108105,2023-12-11,14,0.068147,1
108105,2023-12-11,30,0.083652,1
108105,2023-12-11,60,0.127258,1
108105,2023-12-11,91,0.127646,1
108105,2023-12-11,122,0.125076,1
108105,2023-12-11,152,0.118954,1
108105,2023-12-11,182,0.116279,1
108105,2023-12-11,273,0.122255,1
108105,2023-12-11,365,0.13635,1
108105,2023-12-11,547,0.179818,1
108105,2023-12-11,730,0.195646,1
108105,2023-12-11,1825,0.216202,1
108105,2023-12-12,10,0.078045,1
108105,2023-12-12,14,0.069663,1
108105,2023-12-12,30,0.081921,1
108105,2023-12-12,60,0.126387,1
108105,2023-12-12,91,0.127288,1
108105,2023-12-12,122,0.124536,1
108105,2023-12-12,152,0.11847,1
108105,2023-12-12,182,0.116067,1
108105,2023-12-12,273,0.121019,1
108105,2023-12-12,365,0.135728,1
108105,2023-12-12,547,0.176835,1
108105,2023-12-12,730,0.195479,1
108105,2023-12-12,1825,0.21621,1
108105,2023-12-13,10,0.098933,1
108105,2023-12-13,14,0.088416,1
108105,2023-12-13,30,0.08957,1
108105,2023-12-13,60,0.12816,1
108105,2023-12-13,91,0.129848,1
108105,2023-12-13,122,0.125814,1
108105,2023-12-13,152,0.120207,1
108105,2023-12-13,182,0.117531,1
108105,2023-12-13,273,0.121548,1
108105,2023-12-13,365,0.136185,1
108105,2023-12-13,547,0.177118,1
108105,2023-12-13,730,0.195607,1
108105,2023-12-13,1825,0.216109,1
108105,2023-12-14,10,0.083259,1
108105,2023-12-14,14,0.088457,1
108105,2023-12-14,30,0.06869,1
108105,2023-12-14,60,0.126635,1
108105,2023-12-14,91,0.129004,1
108105,2023-12-14,122,0.125553,1
108105,2023-12-14,152,0.119688,1
108105,2023-12-14,182,0.116417,1
108105,2023-12-14,273,0.120063,1
108105,2023-12-14,365,0.136033,1
108105,2023-12-14,547,0.17676,1
108105,2023-12-14,730,0.195543,1
108105,2023-12-14,1825,0.216025,1
108105,2023-12-15,10,0.082319,1
108105,2023-12-15,14,0.08861,1
108105,2023-12-15,30,0.069153,1
108105,2023-12-15,60,0.124944,1
108105,2023-12-15,91,0.126347,1
108105,2023-12-15,122,0.12377,1
108105,2023-12-15,152,0.11913,1
108105,2023-12-15,182,0.116267,1
108105,2023-12-15,273,0.119258,1
108105,2023-12-15,365,0.133517,1
108105,2023-12-15,547,0.174598,1
108105,2023-12-15,730,0.195206,1
108105,2023-12-15,1825,0.215939,1
108105,2023-12-18,10,0.073099,1
108105,2023-12-18,14,0.07638,1
108105,2023-12-18,30,0.071164,1
108105,2023-12-18,60,0.118928,1
108105,2023-12-18,91,0.126548,1
108105,2023-12-18,122,0.12364,1
108105,2023-12-18,152,0.119823,1
108105,2023-12-18,182,0.115941,1
108105,2023-12-18,273,0.118977,1
108105,2023-12-18,365,0.133025,1
108105,2023-12-18,547,0.174622,1
108105,2023-12-18,730,0.195188,1
108105,2023-12-18,1825,0.215785,1
108105,2023-12-19,10,0.066994,1
108105,2023-12-19,14,0.073135,1
108105,2023-12-19,30,0.070355,1
108105,2023-12-19,60,0.112748,1
108105,2023-12-19,91,0.126752,1
108105,2023-12-19,122,0.123189,1
108105,2023-12-19,152,0.1196,1
108105,2023-12-19,182,0.11593,1
108105,2023-12-19,273,0.118305,1
108105,2023-12-19,365,0.132747,1
108105,2023-12-19,547,0.174441,1
108105,2023-12-19,730,0.195037,1
108105,2023-12-19,1825,0.215673,1
108105,2023-12-20,10,0.12723,1
108105,2023-12-20,14,0.115508,1
108105,2023-12-20,30,0.090482,1
108105,2023-12-20,60,0.11955,1
108105,2023-12-20,91,0.128959,1
108105,2023-12-20,122,0.125421,1
108105,2023-12-20,152,0.121895,1
108105,2023-12-20,182,0.117667,1
108105,2023-12-20,273,0.117965,1
108105,2023-12-20,365,0.133674,1
108105,2023-12-20,547,0.173834,1
108105,2023-12-20,730,0.19515,1
108105,2023-12-20,1825,0.215571,1
108105,2023-12-21,10,0.134479,1
108105,2023-12-21,14,0.11869,1
108105,2023-12-21,30,0.094274,1
108105,2023-12-21,60,0.119586,1
108105,2023-12-21,91,0.125275,1
108105,2023-12-21,122,0.126036,1
108105,2023-12-21,152,0.122269,1
108105,2023-12-21,182,0.118374,1
108105,2023-12-21,273,0.118431,1
108105,2023-12-21,365,0.133276,1
108105,2023-12-21,547,0.174006,1
108105,2023-12-21,730,0.194887,1
108105,2023-12-21,1825,0.215529,1
108105,2023-12-22,10,0.134487,1
108105,2023-12-22,14,0.118953,1
108105,2023-12-22,30,0.094026,1
108105,2023-12-22,60,0.119121,1
108105,2023-12-22,91,0.12505,1
108105,2023-12-22,122,0.125882,1
108105,2023-12-22,152,0.121711,1
108105,2023-12-22,182,0.117791,1
108105,2023-12-22,273,0.118311,1
108105,2023-12-22,365,0.132379,1
108105,2023-12-22,547,0.173856,1
108105,2023-12-22,730,0.194759,1
108105,2023-12-22,1825,0.215444,1
108105,2023-12-26,10,0.137707,1
108105,2023-12-26,14,0.125981,1
108105,2023-12-26,30,0.094171,1
108105,2023-12-26,60,0.10613,1
108105,2023-12-26,91,0.121618,1
108105,2023-12-26,122,0.123355,1
108105,2023-12-26,152,0.122941,1
108105,2023-12-26,182,0.117157,1
108105,2023-12-26,273,0.118648,1
108105,2023-12-26,365,0.132327,1
108105,2023-12-26,547,0.172401,1
108105,2023-12-26,730,0.194732,1
108105,2023-12-26,1825,0.214155,1
108105,2023-12-27,10,0.125747,1
108105,2023-12-27,14,0.109513,1
108105,2023-12-27,30,0.093012,1
108105,2023-12-27,60,0.104947,1
108105,2023-12-27,91,0.12158,1
108105,2023-12-27,122,0.122622,1
108105,2023-12-27,152,0.12208,1
108105,2023-12-27,182,0.117153,1
108105,2023-12-27,273,0.117657,1
108105,2023-12-27,365,0.132236,1
108105,2023-12-27,547,0.17155,1
108105,2023-12-27,730,0.194491,1
108105,2023-12-27,1825,0.214154,1
108105,2023-12-28,10,0.124544,1
108105,2023-12-28,14,0.109585,1
108105,2023-12-28,30,0.09315,1
108105,2023-12-28,60,0.10397,1
108105,2023-12-28,91,0.121325,1
108105,2023-12-28,122,0.122279,1
108105,2023-12-28,152,0.121497,1
108105,2023-12-28,182,0.117031,1
108105,2023-12-28,273,0.117526,1
108105,2023-12-28,365,0.131591,1
108105,2023-12-28,547,0.171547,1
108105,2023-12-28,730,0.19449,1
108105,2023-12-28,1825,0.214069,1
108105,2023-12-29,10,0.122044,1
108105,2023-12-29,14,0.111774,1
108105,2023-12-29,30,0.094207,1
108105,2023-12-29,60,0.102952,1
108105,2023-12-29,91,0.121342,1
108105,2023-12-29,122,0.120149,1
108105,2023-12-29,152,0.121025,1
108105,2023-12-29,182,0.115972,1
108105,2023-12-29,273,0.116555,1
108105,2023-12-29,365,0.130608,1
108105,2023-12-29,547,0.171397,1
108105,2023-12-29,730,0.194498,1
108105,2023-12-29,1825,0.213989,1
108105,2024-01-02,10,0.060974,1
108105,2024-01-02,14,0.117464,1
108105,2024-01-02,30,0.099275,1
108105,2024-01-02,60,0.097074,1
108105,2024-01-02,91,0.119063,1
108105,2024-01-02,122,0.121901,1
108105,2024-01-02,152,0.120878,1
108105,2024-01-02,182,0.116302,1
108105,2024-01-02,273,0.116809,1
108105,2024-01-02,365,0.130728,1
108105,2024-01-02,547,0.171282,1
108105,2024-01-02,730,0.194713,1
108105,2024-01-02,1825,0.213841,1
108105,2024-01-03,10,0.073276,1
108105,2024-01-03,14,0.091504,1
108105,2024-01-03,30,0.102131,1
108105,2024-01-03,60,0.099194,1
108105,2024-01-03,91,0.120013,1
108105,2024-01-03,122,0.122085,1
108105,2024-01-03,152,0.121274,1
108105,2024-01-03,182,0.116878,1
108105,2024-01-03,273,0.117197,1
108105,2024-01-03,365,0.130941,1
108105,2024-01-03,547,0.171425,1
108105,2024-01-03,730,0.194744,1
108105,2024-01-03,1825,0.213356,1
108105,2024-01-04,10,0.067646,1
108105,2024-01-04,14,0.0659,1
108105,2024-01-04,30,0.103383,1
108105,2024-01-04,60,0.098839,1
108105,2024-01-04,91,0.120301,1
108105,2024-01-04,122,0.121544,1
108105,2024-01-04,152,0.120842,1
108105,2024-01-04,182,0.116397,1
108105,2024-01-04,273,0.11725,1
108105,2024-01-04,365,0.130837,1
108105,2024-01-04,547,0.171438,1
108105,2024-01-04,730,0.194758,1
108105,2024-01-04,1825,0.213278,1
108105,2024-01-05,10,0.059415,1
108105,2024-01-05,14,0.066195,1
108105,2024-01-05,30,0.101525,1
108105,2024-01-05,60,0.098839,1
108105,2024-01-05,91,0.118478,1
108105,2024-01-05,122,0.121296,1
108105,2024-01-05,152,0.120284,1
108105,2024-01-05,182,0.116313,1
108105,2024-01-05,273,0.116944,1
108105,2024-01-05,365,0.130236,1
108105,2024-01-05,547,0.171039,1
108105,2024-01-05,730,0.194268,1
108105,2024-01-05,1825,0.213194,1
108105,2024-01-08,10,0.139349,1
108105,2024-01-08,14,0.10291,1
108105,2024-01-08,30,0.111265,1
108105,2024-01-08,60,0.10263,1
108105,2024-01-08,91,0.120799,1
108105,2024-01-08,122,0.124065,1
108105,2024-01-08,152,0.121748,1
108105,2024-01-08,182,0.117842,1
108105,2024-01-08,273,0.117953,1
108105,2024-01-08,365,0.129071,1
108105,2024-01-08,547,0.171392,1
108105,2024-01-08,730,0.194693,1
108105,2024-01-08,1825,0.213385,1
108105,2024-01-09,10,0.124886,1
108105,2024-01-09,14,0.100293,1
108105,2024-01-09,30,0.108917,1
108105,2024-01-09,60,0.097128,1
108105,2024-01-09,91,0.120709,1
108105,2024-01-09,122,0.123379,1
108105,2024-01-09,152,0.12179,1
108105,2024-01-09,182,0.117555,1
108105,2024-01-09,273,0.117978,1
108105,2024-01-09,365,0.129082,1
108105,2024-01-09,547,0.171112,1
108105,2024-01-09,730,0.194502,1
108105,2024-01-09,1825,0.213379,1
108105,2024-01-10,10,0.119766,1
108105,2024-01-10,14,0.105122,1
108105,2024-01-10,30,0.109572,1
108105,2024-01-10,60,0.096333,1
108105,2024-01-10,91,0.120875,1
108105,2024-01-10,122,0.12293,1
108105,2024-01-10,152,0.122014,1
108105,2024-01-10,182,0.117377,1
108105,2024-01-10,273,0.117972,1
108105,2024-01-10,365,0.129026,1
108105,2024-01-10,547,0.170972,1
108105,2024-01-10,730,0.19454,1
108105,2024-01-10,1825,0.213391,1
108105,2024-01-11,10,0.111047,1
108105,2024-01-11,14,0.105165,1
108105,2024-01-11,30,0.109331,1
108105,2024-01-11,60,0.095352,1
108105,2024-01-11,91,0.119925,1
108105,2024-01-11,122,0.122528,1
108105,2024-01-11,152,0.121444,1
108105,2024-01-11,182,0.116847,1
108105,2024-01-11,273,0.117106,1
108105,2024-01-11,365,0.12847,1
108105,2024-01-11,547,0.170924,1
108105,2024-01-11,730,0.194434,1
108105,2024-01-11,1825,0.213307,1
108105,2024-01-12,10,0.104305,1
108105,2024-01-12,14,0.103906,1
108105,2024-01-12,30,0.09953,1
108105,2024-01-12,60,0.095142,1
108105,2024-01-12,91,0.119184,1
108105,2024-01-12,122,0.122011,1
108105,2024-01-12,152,0.120864,1
108105,2024-01-12,182,0.116828,1
108105,2024-01-12,273,0.117059,1
108105,2024-01-12,365,0.128442,1
108105,2024-01-12,547,0.170899,1
108105,2024-01-12,730,0.194424,1
108105,2024-01-12,1825,0.213222,1
108105,2024-01-16,10,0.102969,1
108105,2024-01-16,14,0.10084,1
108105,2024-01-16,30,0.103274,1
108105,2024-01-16,60,0.089291,1
108105,2024-01-16,91,0.119182,1
108105,2024-01-16,122,0.120884,1
108105,2024-01-16,152,0.119578,1
108105,2024-01-16,182,0.11696,1
108105,2024-01-16,273,0.117453,1
108105,2024-01-16,365,0.128478,1
108105,2024-01-16,547,0.170336,1
108105,2024-01-16,730,0.194368,1
108105,2024-01-16,1825,0.213396,1
108105,2024-01-17,10,0.105692,1
108105,2024-01-17,14,0.094998,1
108105,2024-01-17,30,0.104382,1
108105,2024-01-17,60,0.089918,1
108105,2024-01-17,91,0.116086,1
108105,2024-01-17,122,0.120673,1
108105,2024-01-17,152,0.119997,1
108105,2024-01-17,182,0.117233,1
108105,2024-01-17,273,0.117681,1
108105,2024-01-17,365,0.128606,1
108105,2024-01-17,547,0.168998,1
108105,2024-01-17,730,0.194216,1
108105,2024-01-17,1825,0.213338,1
108105,2024-01-18,10,0.080888,1
108105,2024-01-18,14,0.099654,1
108105,2024-01-18,30,0.10718,1
108105,2024-01-18,60,0.090742,1
108105,2024-01-18,91,0.115108,1
108105,2024-01-18,122,0.12147,1
108105,2024-01-18,152,0.120057,1
108105,2024-01-18,182,0.117404,1
108105,2024-01-18,273,0.117792,1
108105,2024-01-18,365,0.1278,1
108105,2024-01-18,547,0.169077,1
108105,2024-01-18,730,0.193865,1
108105,2024-01-18,1825,0.213286,1
108105,2024-01-19,10,0.10494,1
108105,2024-01-19,14,0.112889,1
108105,2024-01-19,30,0.099385,1
108105,2024-01-19,60,0.09358,1
108105,2024-01-19,91,0.113055,1
108105,2024-01-19,122,0.12294,1
108105,2024-01-19,152,0.120771,1
108105,2024-01-19,182,0.118596,1
108105,2024-01-19,273,0.118541,1
108105,2024-01-19,365,0.128029,1
108105,2024-01-19,547,0.169178,1
108105,2024-01-19,730,0.19393,1
108105,2024-01-19,1825,0.213266,1
108105,2024-01-22,10,0.122683,1
108105,2024-01-22,14,0.093234,1
108105,2024-01-22,30,0.096388,1
108105,2024-01-22,60,0.094146,1
108105,2024-01-22,91,0.112765,1
108105,2024-01-22,122,0.118823,1
108105,2024-01-22,152,0.120434,1
108105,2024-01-22,182,0.118514,1
108105,2024-01-22,273,0.118551,1
108105,2024-01-22,365,0.126767,1
108105,2024-01-22,547,0.168989,1
108105,2024-01-22,730,0.193482,1
108105,2024-01-22,1825,0.213249,1
108105,2024-01-23,10,0.109736,1
108105,2024-01-23,14,0.090928,1
108105,2024-01-23,30,0.093904,1
108105,2024-01-23,60,0.094167,1
108105,2024-01-23,91,0.11231,1
108105,2024-01-23,122,0.118125,1
108105,2024-01-23,152,0.1183,1
108105,2024-01-23,182,0.118519,1
108105,2024-01-23,273,0.116943,1
108105,2024-01-23,365,0.126301,1
108105,2024-01-23,547,0.168999,1
108105,2024-01-23,730,0.193298,1
108105,2024-01-23,1825,0.213251,1
108105,2024-01-24,10,0.100876,1
108105,2024-01-24,14,0.089231,1
108105,2024-01-24,30,0.09141,1
108105,2024-01-24,60,0.092976,1
108105,2024-01-24,91,0.106954,1
108105,2024-01-24,122,0.117417,1
108105,2024-01-24,152,0.117961,1
108105,2024-01-24,182,0.118516,1
108105,2024-01-24,273,0.116809,1
108105,2024-01-24,365,0.126292,1
108105,2024-01-24,547,0.168704,1
108105,2024-01-24,730,0.19329,1
108105,2024-01-24,1825,0.213221,1
108105,2024-01-25,10,0.094649,1
108105,2024-01-25,14,0.089231,1
108105,2024-01-25,30,0.091932,1
108105,2024-01-25,60,0.092241,1
108105,2024-01-25,91,0.102875,1
108105,2024-01-25,122,0.117518,1
108105,2024-01-25,152,0.117575,1
108105,2024-01-25,182,0.118283,1
108105,2024-01-25,273,0.11493,1
108105,2024-01-25,365,0.126368,1
108105,2024-01-25,547,0.167472,1
108105,2024-01-25,730,0.193121,1
108105,2024-01-25,1825,0.213147,1
108105,2024-01-26,10,0.088286,1
108105,2024-01-26,14,0.090455,1
108105,2024-01-26,30,0.09217,1
108105,2024-01-26,60,0.091969,1
108105,2024-01-26,91,0.101933,1
108105,2024-01-26,122,0.114069,1
108105,2024-01-26,152,0.117037,1
108105,2024-01-26,182,0.117556,1
108105,2024-01-26,273,0.114626,1
108105,2024-01-26,365,0.125962,1
108105,2024-01-26,547,0.167206,1
108105,2024-01-26,730,0.193118,1
108105,2024-01-26,1825,0.213063,1
108105,2024-01-29,10,0.047272,1
108105,2024-01-29,14,0.088995,1
108105,2024-01-29,30,0.096028,1
108105,2024-01-29,60,0.095056,1
108105,2024-01-29,91,0.100663,1
108105,2024-01-29,122,0.11541,1
108105,2024-01-29,152,0.116337,1
108105,2024-01-29,182,0.117969,1
108105,2024-01-29,273,0.114877,1
108105,2024-01-29,365,0.126133,1
108105,2024-01-29,547,0.166933,1
108105,2024-01-29,730,0.192598,1
108105,2024-01-29,1825,0.213116,1
108105,2024-01-30,10,0.048279,1
108105,2024-01-30,14,0.083605,1
108105,2024-01-30,30,0.093828,1
108105,2024-01-30,60,0.094711,1
108105,2024-01-30,91,0.100594,1
108105,2024-01-30,122,0.114774,1
108105,2024-01-30,152,0.116295,1
108105,2024-01-30,182,0.117891,1
108105,2024-01-30,273,0.113954,1
108105,2024-01-30,365,0.125373,1
108105,2024-01-30,547,0.166913,1
108105,2024-01-30,730,0.192406,1
108105,2024-01-30,1825,0.213086,1
108105,2024-01-31,10,0.114223,1
108105,2024-01-31,14,0.122952,1
108105,2024-01-31,30,0.11037,1
108105,2024-01-31,60,0.103852,1
108105,2024-01-31,91,0.106345,1
108105,2024-01-31,122,0.11822,1
108105,2024-01-31,152,0.119318,1
108105,2024-01-31,182,0.11851,1
108105,2024-01-31,273,0.115322,1
108105,2024-01-31,365,0.125769,1
108105,2024-01-31,547,0.167371,1
108105,2024-01-31,730,0.192309,1
108105,2024-01-31,1825,0.213217,1
108105,2024-02-01,10,0.133576,1
108105,2024-02-01,14,0.129578,1
108105,2024-02-01,30,0.1148,1
108105,2024-02-01,60,0.106165,1
108105,2024-02-01,91,0.102974,1
108105,2024-02-01,122,0.119706,1
108105,2024-02-01,152,0.120133,1
108105,2024-02-01,182,0.11961,1
108105,2024-02-01,273,0.115697,1
108105,2024-02-01,365,0.125942,1
108105,2024-02-01,547,0.167203,1
108105,2024-02-01,730,0.192448,1
108105,2024-02-01,1825,0.2132,1
108105,2024-02-02,10,0.143324,1
108105,2024-02-02,14,0.126433,1
108105,2024-02-02,30,0.113216,1
108105,2024-02-02,60,0.10693,1
108105,2024-02-02,91,0.103384,1
108105,2024-02-02,122,0.117607,1
108105,2024-02-02,152,0.120521,1
108105,2024-02-02,182,0.120125,1
108105,2024-02-02,273,0.114479,1
108105,2024-02-02,365,0.125563,1
108105,2024-02-02,547,0.167407,1
108105,2024-02-02,730,0.19248,1
108105,2024-02-02,1825,0.213163,1
108105,2024-02-05,10,0.170892,1
108105,2024-02-05,14,0.129561,1
108105,2024-02-05,30,0.115967,1
108105,2024-02-05,60,0.108184,1
108105,2024-02-05,91,0.103944,1
108105,2024-02-05,122,0.117424,1
108105,2024-02-05,152,0.120372,1
108105,2024-02-05,182,0.119685,1
108105,2024-02-05,273,0.11458,1
108105,2024-02-05,365,0.125128,1
108105,2024-02-05,547,0.167425,1
108105,2024-02-05,730,0.191844,1
108105,2024-02-05,1825,0.213309,1
108105,2024-02-06,10,0.156038,1
108105,2024-02-06,14,0.129461,1
108105,2024-02-06,30,0.113034,1
108105,2024-02-06,60,0.108042,1
108105,2024-02-06,91,0.103932,1
108105,2024-02-06,122,0.116711,1
108105,2024-02-06,152,0.120208,1
108105,2024-02-06,182,0.119496,1
108105,2024-02-06,273,0.114408,1
108105,2024-02-06,365,0.124947,1
108105,2024-02-06,547,0.167426,1
108105,2024-02-06,730,0.191659,1
108105,2024-02-06,1825,0.213265,1
108105,2024-02-07,10,0.148823,1
108105,2024-02-07,14,0.133111,1
108105,2024-02-07,30,0.107244,1
108105,2024-02-07,60,0.107825,1
108105,2024-02-07,91,0.104664,1
108105,2024-02-07,122,0.116555,1
108105,2024-02-07,152,0.120726,1
108105,2024-02-07,182,0.119429,1
108105,2024-02-07,273,0.114644,1
108105,2024-02-07,365,0.124585,1
108105,2024-02-07,547,0.1675,1
108105,2024-02-07,730,0.191723,1
108105,2024-02-07,1825,0.213293,1
108105,2024-02-08,10,0.145673,1
108105,2024-02-08,14,0.132543,1
108105,2024-02-08,30,0.106576,1
108105,2024-02-08,60,0.10653,1
108105,2024-02-08,91,0.102555,1
108105,2024-02-08,122,0.116301,1
108105,2024-02-08,152,0.120146,1
108105,2024-02-08,182,0.119426,1
108105,2024-02-08,273,0.114601,1
108105,2024-02-08,365,0.124012,1
108105,2024-02-08,547,0.166648,1
108105,2024-02-08,730,0.191635,1
108105,2024-02-08,1825,0.213208,1
108105,2024-02-09,10,0.146304,1
108105,2024-02-09,14,0.132705,1
108105,2024-02-09,30,0.106606,1
108105,2024-02-09,60,0.10683,1
108105,2024-02-09,91,0.099135,1
108105,2024-02-09,122,0.116353,1
108105,2024-02-09,152,0.119786,1
108105,2024-02-09,182,0.119589,1
108105,2024-02-09,273,0.11469,1
108105,2024-02-09,365,0.12373,1
108105,2024-02-09,547,0.166701,1
108105,2024-02-09,730,0.19141,1
108105,2024-02-09,1825,0.213136,1
108105,2024-02-12,10,0.067399,1
108105,2024-02-12,14,0.130944,1
108105,2024-02-12,30,0.10932,1
108105,2024-02-12,60,0.105334,1
108105,2024-02-12,91,0.09915,1
108105,2024-02-12,122,0.116326,1
108105,2024-02-12,152,0.120198,1
108105,2024-02-12,182,0.119422,1
108105,2024-02-12,273,0.114693,1
108105,2024-02-12,365,0.123736,1
108105,2024-02-12,547,0.16614,1
108105,2024-02-12,730,0.190657,1
108105,2024-02-12,1825,0.213232,1
108105,2024-02-13,10,0.113421,1
108105,2024-02-13,14,0.15281,1
108105,2024-02-13,30,0.120421,1
108105,2024-02-13,60,0.112292,1
108105,2024-02-13,91,0.098167,1
108105,2024-02-13,122,0.11876,1
108105,2024-02-13,152,0.121858,1
108105,2024-02-13,182,0.119918,1
108105,2024-02-13,273,0.115655,1
108105,2024-02-13,365,0.124137,1
108105,2024-02-13,547,0.16652,1
108105,2024-02-13,730,0.190726,1
108105,2024-02-13,1825,0.213323,1
108105,2024-02-14,10,0.118257,1
108105,2024-02-14,14,0.12582,1
108105,2024-02-14,30,0.120505,1
108105,2024-02-14,60,0.112781,1
108105,2024-02-14,91,0.099486,1
108105,2024-02-14,122,0.118835,1
108105,2024-02-14,152,0.120819,1
108105,2024-02-14,182,0.119926,1
108105,2024-02-14,273,0.115395,1
108105,2024-02-14,365,0.124446,1
108105,2024-02-14,547,0.166685,1
108105,2024-02-14,730,0.190818,1
108105,2024-02-14,1825,0.213311,1
108105,2024-02-15,10,0.117405,1
108105,2024-02-15,14,0.116192,1
108105,2024-02-15,30,0.119361,1
108105,2024-02-15,60,0.111885,1
108105,2024-02-15,91,0.099825,1
108105,2024-02-15,122,0.118048,1
108105,2024-02-15,152,0.120456,1
108105,2024-02-15,182,0.119457,1
108105,2024-02-15,273,0.115115,1
108105,2024-02-15,365,0.124533,1
108105,2024-02-15,547,0.166624,1
108105,2024-02-15,730,0.190546,1
108105,2024-02-15,1825,0.21324,1
108105,2024-02-16,10,0.123758,1
108105,2024-02-16,14,0.111669,1
108105,2024-02-16,30,0.118727,1
108105,2024-02-16,60,0.112717,1
108105,2024-02-16,91,0.100721,1
108105,2024-02-16,122,0.118544,1
108105,2024-02-16,152,0.120235,1
108105,2024-02-16,182,0.119741,1
108105,2024-02-16,273,0.115277,1
108105,2024-02-16,365,0.123786,1
108105,2024-02-16,547,0.166673,1
108105,2024-02-16,730,0.190579,1
108105,2024-02-16,1825,0.213168,1
108105,2024-02-20,10,0.134162,1
108105,2024-02-20,14,0.12206,1
108105,2024-02-20,30,0.11686,1
108105,2024-02-20,60,0.10792,1
108105,2024-02-20,91,0.101824,1
108105,2024-02-20,122,0.113491,1
108105,2024-02-20,152,0.11799,1
108105,2024-02-20,182,0.120241,1
108105,2024-02-20,273,0.114986,1
108105,2024-02-20,365,0.123924,1
108105,2024-02-20,547,0.165626,1
108105,2024-02-20,730,0.190128,1
108105,2024-02-20,1825,0.213349,1
108105,2024-02-21,10,0.123759,1
108105,2024-02-21,14,0.11343,1
108105,2024-02-21,30,0.116816,1
108105,2024-02-21,60,0.10649,1
108105,2024-02-21,91,0.10169,1
108105,2024-02-21,122,0.112804,1
108105,2024-02-21,152,0.11785,1
108105,2024-02-21,182,0.119385,1
108105,2024-02-21,273,0.114573,1
108105,2024-02-21,365,0.122104,1
108105,2024-02-21,547,0.165612,1
108105,2024-02-21,730,0.189939,1
108105,2024-02-21,1825,0.213332,1
108105,2024-02-22,10,0.181969,1
108105,2024-02-22,14,0.159847,1
108105,2024-02-22,30,0.135179,1
108105,2024-02-22,60,0.116172,1
108105,2024-02-22,91,0.108286,1
108105,2024-02-22,122,0.11732,1
108105,2024-02-22,152,0.121148,1
108105,2024-02-22,182,0.120914,1
108105,2024-02-22,273,0.116548,1
108105,2024-02-22,365,0.123716,1
108105,2024-02-22,547,0.166443,1
108105,2024-02-22,730,0.190355,1
108105,2024-02-22,1825,0.213444,1
108105,2024-02-23,10,0.147564,1
108105,2024-02-23,14,0.158386,1
108105,2024-02-23,30,0.135245,1
108105,2024-02-23,60,0.114759,1
108105,2024-02-23,91,0.108299,1
108105,2024-02-23,122,0.117035,1
108105,2024-02-23,152,0.120579,1
108105,2024-02-23,182,0.120662,1
108105,2024-02-23,273,0.115719,1
108105,2024-02-23,365,0.12364,1
108105,2024-02-23,547,0.166076,1
108105,2024-02-23,730,0.189881,1
108105,2024-02-23,1825,0.213359,1
108105,2024-02-26,10,0.169695,1
108105,2024-02-26,14,0.160398,1
108105,2024-02-26,30,0.139492,1
108105,2024-02-26,60,0.118311,1
108105,2024-02-26,91,0.108631,1
108105,2024-02-26,122,0.111644,1
108105,2024-02-26,152,0.119201,1
108105,2024-02-26,182,0.120645,1
108105,2024-02-26,273,0.115543,1
108105,2024-02-26,365,0.123187,1
108105,2024-02-26,547,0.163637,1
108105,2024-02-26,730,0.189182,1
108105,2024-02-26,1825,0.213536,1
108105,2024-02-27,10,0.151876,1
108105,2024-02-27,14,0.134111,1
108105,2024-02-27,30,0.13596,1
108105,2024-02-27,60,0.117774,1
108105,2024-02-27,91,0.108618,1
108105,2024-02-27,122,0.110963,1
108105,2024-02-27,152,0.119015,1
108105,2024-02-27,182,0.11912,1
108105,2024-02-27,273,0.115541,1
108105,2024-02-27,365,0.123171,1
108105,2024-02-27,547,0.16353,1
108105,2024-02-27,730,0.188995,1
108105,2024-02-27,1825,0.213531,1
108105,2024-02-28,10,0.140767,1
108105,2024-02-28,14,0.12932,1
108105,2024-02-28,30,0.134793,1
108105,2024-02-28,60,0.116542,1
108105,2024-02-28,91,0.108703,1
108105,2024-02-28,122,0.110529,1
108105,2024-02-28,152,0.118931,1
108105,2024-02-28,182,0.119108,1
108105,2024-02-28,273,0.115283,1
108105,2024-02-28,365,0.123134,1
108105,2024-02-28,547,0.163257,1
108105,2024-02-28,730,0.188991,1
108105,2024-02-28,1825,0.213514,1
108105,2024-02-29,10,0.13171,1
108105,2024-02-29,14,0.128743,1
108105,2024-02-29,30,0.135237,1
108105,2024-02-29,60,0.11544,1
108105,2024-02-29,91,0.108854,1
108105,2024-02-29,122,0.109381,1
108105,2024-02-29,152,0.118484,1
108105,2024-02-29,182,0.119208,1
108105,2024-02-29,273,0.114932,1
108105,2024-02-29,365,0.123072,1
108105,2024-02-29,547,0.163151,1
108105,2024-02-29,730,0.188685,1
108105,2024-02-29,1825,0.21344,1
108105,2024-03-01,10,0.123236,1
108105,2024-03-01,14,0.126881,1
108105,2024-03-01,30,0.120098,1
108105,2024-03-01,60,0.115083,1
108105,2024-03-01,91,0.109271,1
108105,2024-03-01,122,0.109585,1
108105,2024-03-01,152,0.118319,1
108105,2024-03-01,182,0.119618,1
108105,2024-03-01,273,0.114153,1
108105,2024-03-01,365,0.123096,1
108105,2024-03-01,547,0.16325,1
108105,2024-03-01,730,0.188324,1
108105,2024-03-01,1825,0.213381,1
108105,2024-03-04,10,0.071332,1
108105,2024-03-04,14,0.121362,1
108105,2024-03-04,30,0.114189,1
108105,2024-03-04,60,0.112975,1
108105,2024-03-04,91,0.108426,1
108105,2024-03-04,122,0.105456,1
108105,2024-03-04,152,0.11657,1
108105,2024-03-04,182,0.119177,1
108105,2024-03-04,273,0.114128,1
108105,2024-03-04,365,0.122186,1
108105,2024-03-04,547,0.162984,1
108105,2024-03-04,730,0.188382,1
108105,2024-03-04,1825,0.213519,1
108105,2024-03-05,10,0.095401,1
108105,2024-03-05,14,0.131099,1
108105,2024-03-05,30,0.118751,1
108105,2024-03-05,60,0.117252,1
108105,2024-03-05,91,0.111102,1
108105,2024-03-05,122,0.106984,1
108105,2024-03-05,152,0.117988,1
108105,2024-03-05,182,0.120021,1
108105,2024-03-05,273,0.114857,1
108105,2024-03-05,365,0.122699,1
108105,2024-03-05,547,0.163014,1
108105,2024-03-05,730,0.188343,1
108105,2024-03-05,1825,0.213538,1
108105,2024-03-06,10,0.093403,1
108105,2024-03-06,14,0.131881,1
108105,2024-03-06,30,0.118425,1
108105,2024-03-06,60,0.116045,1
108105,2024-03-06,91,0.110689,1
108105,2024-03-06,122,0.106481,1
108105,2024-03-06,152,0.117048,1
108105,2024-03-06,182,0.119619,1
108105,2024-03-06,273,0.114827,1
108105,2024-03-06,365,0.121663,1
108105,2024-03-06,547,0.163007,1
108105,2024-03-06,730,0.187142,1
108105,2024-03-06,1825,0.213545,1
108105,2024-03-07,10,0.103468,1
108105,2024-03-07,14,0.096113,1
108105,2024-03-07,30,0.122214,1
108105,2024-03-07,60,0.116377,1
108105,2024-03-07,91,0.111318,1
108105,2024-03-07,122,0.107469,1
108105,2024-03-07,152,0.117246,1
108105,2024-03-07,182,0.120165,1
108105,2024-03-07,273,0.115176,1
108105,2024-03-07,365,0.122016,1
108105,2024-03-07,547,0.162565,1
108105,2024-03-07,730,0.187194,1
108105,2024-03-07,1825,0.213505,1
108105,2024-03-08,10,0.11452,1
108105,2024-03-08,14,0.104081,1
108105,2024-03-08,30,0.123325,1
108105,2024-03-08,60,0.114457,1
108105,2024-03-08,91,0.112544,1
108105,2024-03-08,122,0.108486,1
108105,2024-03-08,152,0.117384,1
108105,2024-03-08,182,0.120664,1
108105,2024-03-08,273,0.115507,1
108105,2024-03-08,365,0.120648,1
108105,2024-03-08,547,0.1626,1
108105,2024-03-08,730,0.186418,1
108105,2024-03-08,1825,0.213443,1
108105,2024-03-11,10,0.118713,1
108105,2024-03-11,14,0.1017,1
108105,2024-03-11,30,0.12562,1
108105,2024-03-11,60,0.116712,1
108105,2024-03-11,91,0.112603,1
108105,2024-03-11,122,0.105783,1
108105,2024-03-11,152,0.118163,1
108105,2024-03-11,182,0.120439,1
108105,2024-03-11,273,0.11512,1
108105,2024-03-11,365,0.119637,1
108105,2024-03-11,547,0.16217,1
108105,2024-03-11,730,0.186335,1
108105,2024-03-11,1825,0.213499,1
108105,2024-03-12,10,0.129322,1
108105,2024-03-12,14,0.11395,1
108105,2024-03-12,30,0.127473,1
108105,2024-03-12,60,0.119051,1
108105,2024-03-12,91,0.114093,1
108105,2024-03-12,122,0.106389,1
108105,2024-03-12,152,0.118466,1
108105,2024-03-12,182,0.120892,1
108105,2024-03-12,273,0.115524,1
108105,2024-03-12,365,0.120027,1
108105,2024-03-12,547,0.162196,1
108105,2024-03-12,730,0.186304,1
108105,2024-03-12,1825,0.213551,1
108105,2024-03-13,10,0.120895,1
108105,2024-03-13,14,0.114191,1
108105,2024-03-13,30,0.127743,1
108105,2024-03-13,60,0.117949,1
108105,2024-03-13,91,0.111693,1
108105,2024-03-13,122,0.105952,1
108105,2024-03-13,152,0.11813,1
108105,2024-03-13,182,0.120973,1
108105,2024-03-13,273,0.11557,1
108105,2024-03-13,365,0.119092,1
108105,2024-03-13,547,0.157985,1
108105,2024-03-13,730,0.186228,1
108105,2024-03-13,1825,0.213545,1
108105,2024-03-14,10,0.122197,1
108105,2024-03-14,14,0.114769,1
108105,2024-03-14,30,0.116595,1
108105,2024-03-14,60,0.117081,1
108105,2024-03-14,91,0.112024,1
108105,2024-03-14,122,0.106172,1
108105,2024-03-14,152,0.117772,1
108105,2024-03-14,182,0.120661,1
108105,2024-03-14,273,0.114908,1
108105,2024-03-14,365,0.11888,1
108105,2024-03-14,547,0.157997,1
108105,2024-03-14,730,0.185658,1
108105,2024-03-14,1825,0.213465,1
108105,2024-03-15,10,0.111737,1
108105,2024-03-15,14,0.113341,1
108105,2024-03-15,30,0.116532,1
108105,2024-03-15,60,0.117395,1
108105,2024-03-15,91,0.113143,1
108105,2024-03-15,122,0.102824,1
108105,2024-03-15,152,0.117888,1
108105,2024-03-15,182,0.119647,1
108105,2024-03-15,273,0.115104,1
108105,2024-03-15,365,0.117988,1
108105,2024-03-15,547,0.157797,1
108105,2024-03-15,730,0.185078,1
108105,2024-03-15,1825,0.213403,1
108105,2024-03-18,10,0.104124,1
108105,2024-03-18,14,0.117997,1
108105,2024-03-18,30,0.117765,1
108105,2024-03-18,60,0.117328,1
108105,2024-03-18,91,0.113412,1
108105,2024-03-18,122,0.104432,1
108105,2024-03-18,152,0.115991,1
108105,2024-03-18,182,0.119871,1
108105,2024-03-18,273,0.114972,1
108105,2024-03-18,365,0.117475,1
108105,2024-03-18,547,0.157728,1
108105,2024-03-18,730,0.184943,1
108105,2024-03-18,1825,0.213578,1
108105,2024-03-19,10,0.099316,1
108105,2024-03-19,14,0.10415,1
108105,2024-03-19,30,0.115709,1
108105,2024-03-19,60,0.114744,1
108105,2024-03-19,91,0.113377,1
108105,2024-03-19,122,0.104023,1
108105,2024-03-19,152,0.115013,1
108105,2024-03-19,182,0.119944,1
108105,2024-03-19,273,0.114922,1
108105,2024-03-19,365,0.117303,1
108105,2024-03-19,547,0.1577,1
108105,2024-03-19,730,0.184798,1
108105,2024-03-19,1825,0.213541,1
108105,2024-03-20,10,0.100766,1
108105,2024-03-20,14,0.108925,1
108105,2024-03-20,30,0.115553,1
108105,2024-03-20,60,0.114706,1
108105,2024-03-20,91,0.109352,1
108105,2024-03-20,122,0.104143,1
108105,2024-03-20,152,0.113214,1
108105,2024-03-20,182,0.119451,1
108105,2024-03-20,273,0.115069,1
108105,2024-03-20,365,0.116963,1
108105,2024-03-20,547,0.157526,1
108105,2024-03-20,730,0.184897,1
108105,2024-03-20,1825,0.213392,1
108105,2024-03-21,10,0.098155,1
108105,2024-03-21,14,0.099945,1
108105,2024-03-21,30,0.112086,1
108105,2024-03-21,60,0.113383,1
108105,2024-03-21,91,0.10798,1
108105,2024-03-21,122,0.103708,1
108105,2024-03-21,152,0.112678,1
108105,2024-03-21,182,0.116695,1
108105,2024-03-21,273,0.115055,1
108105,2024-03-21,365,0.115624,1
108105,2024-03-21,547,0.156838,1
108105,2024-03-21,730,0.184745,1
108105,2024-03-21,1825,0.213311,1
108105,2024-03-22,10,0.084993,1
108105,2024-03-22,14,0.091116,1
108105,2024-03-22,30,0.112763,1
108105,2024-03-22,60,0.113653,1
108105,2024-03-22,91,0.108156,1
108105,2024-03-22,122,0.103645,1
108105,2024-03-22,152,0.112265,1
108105,2024-03-22,182,0.116642,1
108105,2024-03-22,273,0.114648,1
108105,2024-03-22,365,0.115637,1
108105,2024-03-22,547,0.156663,1
108105,2024-03-22,730,0.184531,1
108105,2024-03-22,1825,0.213228,1
108105,2024-03-25,10,0.073765,1
108105,2024-03-25,14,0.093541,1
108105,2024-03-25,30,0.094777,1
108105,2024-03-25,60,0.116656,1
108105,2024-03-25,91,0.107672,1
108105,2024-03-25,122,0.104516,1
108105,2024-03-25,152,0.110181,1
108105,2024-03-25,182,0.116769,1
108105,2024-03-25,273,0.114568,1
108105,2024-03-25,365,0.115624,1
108105,2024-03-25,547,0.155978,1
108105,2024-03-25,730,0.184435,1
108105,2024-03-25,1825,0.213369,1
108105,2024-03-26,10,0.07654,1
108105,2024-03-26,14,0.08041,1
108105,2024-03-26,30,0.093479,1
108105,2024-03-26,60,0.117034,1
108105,2024-03-26,91,0.107869,1
108105,2024-03-26,122,0.104166,1
108105,2024-03-26,152,0.108218,1
108105,2024-03-26,182,0.114579,1
108105,2024-03-26,273,0.114009,1
108105,2024-03-26,365,0.115688,1
108105,2024-03-26,547,0.155731,1
108105,2024-03-26,730,0.184263,1
108105,2024-03-26,1825,0.21337,1
108105,2024-03-27,10,0.078943,1
108105,2024-03-27,14,0.088309,1
108105,2024-03-27,30,0.095219,1
108105,2024-03-27,60,0.116893,1
108105,2024-03-27,91,0.108844,1
108105,2024-03-27,122,0.104244,1
108105,2024-03-27,152,0.108095,1
108105,2024-03-27,182,0.114994,1
108105,2024-03-27,273,0.114345,1
108105,2024-03-27,365,0.115902,1
108105,2024-03-27,547,0.155837,1
108105,2024-03-27,730,0.184294,1
108105,2024-03-27,1825,0.213383,1
108105,2024-03-28,10,0.07688,1
108105,2024-03-28,14,0.084854,1
108105,2024-03-28,30,0.09523,1
108105,2024-03-28,60,0.115501,1
108105,2024-03-28,91,0.108822,1
108105,2024-03-28,122,0.104055,1
108105,2024-03-28,152,0.107587,1
108105,2024-03-28,182,0.114836,1
108105,2024-03-28,273,0.114272,1
108105,2024-03-28,365,0.115159,1
108105,2024-03-28,547,0.155094,1
108105,2024-03-28,730,0.184101,1
108105,2024-03-28,1825,0.213298,1
108105,2024-04-01,10,0.077651,1
108105,2024-04-01,14,0.075816,1
108105,2024-04-01,30,0.096214,1
108105,2024-04-01,60,0.106683,1
108105,2024-04-01,91,0.1087,1
108105,2024-04-01,122,0.105755,1
108105,2024-04-01,152,0.106766,1
108105,2024-04-01,182,0.115232,1
108105,2024-04-01,273,0.113874,1
108105,2024-04-01,365,0.114554,1
108105,2024-04-01,547,0.153666,1
108105,2024-04-01,730,0.184051,1
108105,2024-04-01,1825,0.213412,1
108105,2024-04-02,10,0.085263,1
108105,2024-04-02,14,0.086419,1
108105,2024-04-02,30,0.09808,1
108105,2024-04-02,60,0.106421,1
108105,2024-04-02,91,0.109181,1
108105,2024-04-02,122,0.106251,1
108105,2024-04-02,152,0.104469,1
108105,2024-04-02,182,0.113797,1
108105,2024-04-02,273,0.113959,1
108105,2024-04-02,365,0.114819,1
108105,2024-04-02,547,0.152485,1
108105,2024-04-02,730,0.183945,1
108105,2024-04-02,1825,0.213439,1
108105,2024-04-03,10,0.078751,1
108105,2024-04-03,14,0.071449,1
108105,2024-04-03,30,0.097862,1
108105,2024-04-03,60,0.105083,1
108105,2024-04-03,91,0.107419,1
108105,2024-04-03,122,0.105604,1
108105,2024-04-03,152,0.103791,1
108105,2024-04-03,182,0.113427,1
108105,2024-04-03,273,0.113913,1
108105,2024-04-03,365,0.114617,1
108105,2024-04-03,547,0.150584,1
108105,2024-04-03,730,0.183863,1
108105,2024-04-03,1825,0.213431,1
108105,2024-04-04,10,0.10614,1
108105,2024-04-04,14,0.092175,1
108105,2024-04-04,30,0.101158,1
108105,2024-04-04,60,0.109027,1
108105,2024-04-04,91,0.11065,1
108105,2024-04-04,122,0.107697,1
108105,2024-04-04,152,0.10563,1
108105,2024-04-04,182,0.115106,1
108105,2024-04-04,273,0.114492,1
108105,2024-04-04,365,0.11535,1
108105,2024-04-04,547,0.150958,1
108105,2024-04-04,730,0.183855,1
108105,2024-04-04,1825,0.213424,1
108105,2024-04-05,10,0.131065,1
108105,2024-04-05,14,0.115377,1
108105,2024-04-05,30,0.106399,1
108105,2024-04-05,60,0.111301,1
108105,2024-04-05,91,0.112306,1
108105,2024-04-05,122,0.108925,1
108105,2024-04-05,152,0.106134,1
108105,2024-04-05,182,0.114982,1
108105,2024-04-05,273,0.11502,1
108105,2024-04-05,365,0.115766,1
108105,2024-04-05,547,0.150913,1
108105,2024-04-05,730,0.183875,1
108105,2024-04-05,1825,0.213392,1
108105,2024-04-08,10,0.126517,1
108105,2024-04-08,14,0.114471,1
108105,2024-04-08,30,0.100186,1
108105,2024-04-08,60,0.112701,1
108105,2024-04-08,91,0.109474,1
108105,2024-04-08,122,0.109224,1
108105,2024-04-08,152,0.107209,1
108105,2024-04-08,182,0.114809,1
108105,2024-04-08,273,0.115015,1
108105,2024-04-08,365,0.115542,1
108105,2024-04-08,547,0.148985,1
108105,2024-04-08,730,0.184027,1
108105,2024-04-08,1825,0.213537,1
108105,2024-04-09,10,0.116983,1
108105,2024-04-09,14,0.113792,1
108105,2024-04-09,30,0.097678,1
108105,2024-04-09,60,0.112052,1
108105,2024-04-09,91,0.109313,1
108105,2024-04-09,122,0.108548,1
108105,2024-04-09,152,0.106076,1
108105,2024-04-09,182,0.114684,1
108105,2024-04-09,273,0.114816,1
108105,2024-04-09,365,0.115543,1
108105,2024-04-09,547,0.148823,1
108105,2024-04-09,730,0.183845,1
108105,2024-04-09,1825,0.213538,1
108105,2024-04-10,10,0.117873,1
108105,2024-04-10,14,0.111689,1
108105,2024-04-10,30,0.103867,1
108105,2024-04-10,60,0.113606,1
108105,2024-04-10,91,0.111171,1
108105,2024-04-10,122,0.109576,1
108105,2024-04-10,152,0.105283,1
108105,2024-04-10,182,0.115663,1
108105,2024-04-10,273,0.115186,1
108105,2024-04-10,365,0.116013,1
108105,2024-04-10,547,0.148943,1
108105,2024-04-10,730,0.183565,1
108105,2024-04-10,1825,0.213567,1
108105,2024-04-11,10,0.129829,1
108105,2024-04-11,14,0.121547,1
108105,2024-04-11,30,0.099734,1
108105,2024-04-11,60,0.113432,1
108105,2024-04-11,91,0.111795,1
108105,2024-04-11,122,0.109995,1
108105,2024-04-11,152,0.105169,1
108105,2024-04-11,182,0.115467,1
108105,2024-04-11,273,0.1151,1
108105,2024-04-11,365,0.116084,1
108105,2024-04-11,547,0.148996,1
108105,2024-04-11,730,0.183614,1
108105,2024-04-11,1825,0.213505,1
108105,2024-04-12,10,0.147899,1
108105,2024-04-12,14,0.133089,1
108105,2024-04-12,30,0.11216,1
108105,2024-04-12,60,0.11954,1
108105,2024-04-12,91,0.116362,1
108105,2024-04-12,122,0.11335,1
108105,2024-04-12,152,0.107669,1
108105,2024-04-12,182,0.117372,1
108105,2024-04-12,273,0.116459,1
108105,2024-04-12,365,0.116479,1
108105,2024-04-12,547,0.148165,1
108105,2024-04-12,730,0.183762,1
108105,2024-04-12,1825,0.213527,1
108105,2024-04-15,10,0.138417,1
108105,2024-04-15,14,0.141371,1
108105,2024-04-15,30,0.120312,1
108105,2024-04-15,60,0.118291,1
108105,2024-04-15,91,0.1184,1
108105,2024-04-15,122,0.114912,1
108105,2024-04-15,152,0.107164,1
108105,2024-04-15,182,0.118178,1
108105,2024-04-15,273,0.117334,1
108105,2024-04-15,365,0.117163,1
108105,2024-04-15,547,0.147141,1
108105,2024-04-15,730,0.183757,1
108105,2024-04-15,1825,0.213767,1
108105,2024-04-16,10,0.127294,1
108105,2024-04-16,14,0.13993,1
108105,2024-04-16,30,0.117383,1
108105,2024-04-16,60,0.117743,1
108105,2024-04-16,91,0.11818,1
108105,2024-04-16,122,0.114316,1
108105,2024-04-16,152,0.107283,1
108105,2024-04-16,182,0.118254,1
108105,2024-04-16,273,0.11713,1
108105,2024-04-16,365,0.117171,1
108105,2024-04-16,547,0.145694,1
108105,2024-04-16,730,0.183581,1
108105,2024-04-16,1825,0.213769,1
108105,2024-04-17,10,0.118166,1
108105,2024-04-17,14,0.138542,1
108105,2024-04-17,30,0.115876,1
108105,2024-04-17,60,0.117218,1
108105,2024-04-17,91,0.118218,1
108105,2024-04-17,122,0.114202,1
108105,2024-04-17,152,0.107831,1
108105,2024-04-17,182,0.116801,1
108105,2024-04-17,273,0.117341,1
108105,2024-04-17,365,0.117356,1
108105,2024-04-17,547,0.145539,1
108105,2024-04-17,730,0.183632,1
108105,2024-04-17,1825,0.213702,1
108105,2024-04-18,10,0.11632,1
108105,2024-04-18,14,0.129768,1
108105,2024-04-18,30,0.11321,1
108105,2024-04-18,60,0.115916,1
108105,2024-04-18,91,0.117292,1
108105,2024-04-18,122,0.114121,1
108105,2024-04-18,152,0.107422,1
108105,2024-04-18,182,0.116067,1
108105,2024-04-18,273,0.117077,1
108105,2024-04-18,365,0.117391,1
108105,2024-04-18,547,0.145429,1
108105,2024-04-18,730,0.183303,1
108105,2024-04-18,1825,0.213621,1
108105,2024-04-19,10,0.11098,1
108105,2024-04-19,14,0.107318,1
108105,2024-04-19,30,0.109169,1
108105,2024-04-19,60,0.116502,1
108105,2024-04-19,91,0.116457,1
108105,2024-04-19,122,0.114929,1
108105,2024-04-19,152,0.107984,1
108105,2024-04-19,182,0.115243,1
108105,2024-04-19,273,0.117574,1
108105,2024-04-19,365,0.117588,1
108105,2024-04-19,547,0.145464,1
108105,2024-04-19,730,0.183413,1
108105,2024-04-19,1825,0.213576,1
108105,2024-04-22,10,0.114329,1
108105,2024-04-22,14,0.125567,1
108105,2024-04-22,30,0.11718,1
108105,2024-04-22,60,0.108211,1
108105,2024-04-22,91,0.117581,1
108105,2024-04-22,122,0.112714,1
108105,2024-04-22,152,0.109053,1
108105,2024-04-22,182,0.11564,1
108105,2024-04-22,273,0.117888,1
108105,2024-04-22,365,0.117858,1
108105,2024-04-22,547,0.144416,1
108105,2024-04-22,730,0.182268,1
108105,2024-04-22,1825,0.213741,1
108105,2024-04-23,10,0.140209,1
108105,2024-04-23,14,0.146839,1
108105,2024-04-23,30,0.124186,1
108105,2024-04-23,60,0.112398,1
108105,2024-04-23,91,0.119678,1
108105,2024-04-23,122,0.113738,1
108105,2024-04-23,152,0.109864,1
108105,2024-04-23,182,0.116311,1
108105,2024-04-23,273,0.118594,1
108105,2024-04-23,365,0.118384,1
108105,2024-04-23,547,0.14442,1
108105,2024-04-23,730,0.182271,1
108105,2024-04-23,1825,0.213803,1
108105,2024-04-24,10,0.130156,1
108105,2024-04-24,14,0.142287,1
108105,2024-04-24,30,0.12419,1
108105,2024-04-24,60,0.111021,1
108105,2024-04-24,91,0.119681,1
108105,2024-04-24,122,0.113046,1
108105,2024-04-24,152,0.109869,1
108105,2024-04-24,182,0.114068,1
108105,2024-04-24,273,0.118591,1
108105,2024-04-24,365,0.117181,1
108105,2024-04-24,547,0.143868,1
108105,2024-04-24,730,0.182231,1
108105,2024-04-24,1825,0.213794,1
108105,2024-04-25,10,0.113424,1
108105,2024-04-25,14,0.133121,1
108105,2024-04-25,30,0.124605,1
108105,2024-04-25,60,0.110233,1
108105,2024-04-25,91,0.119762,1
108105,2024-04-25,122,0.112747,1
108105,2024-04-25,152,0.109684,1
108105,2024-04-25,182,0.11277,1
108105,2024-04-25,273,0.118463,1
108105,2024-04-25,365,0.117213,1
108105,2024-04-25,547,0.143778,1
108105,2024-04-25,730,0.181109,1
108105,2024-04-25,1825,0.213721,1
108105,2024-04-26,10,0.126675,1
108105,2024-04-26,14,0.130216,1
108105,2024-04-26,30,0.126298,1
108105,2024-04-26,60,0.11264,1
108105,2024-04-26,91,0.121283,1
108105,2024-04-26,122,0.113771,1
108105,2024-04-26,152,0.110077,1
108105,2024-04-26,182,0.113044,1
108105,2024-04-26,273,0.118498,1
108105,2024-04-26,365,0.116105,1
108105,2024-04-26,547,0.143875,1
108105,2024-04-26,730,0.181237,1
108105,2024-04-26,1825,0.21368,1
108105,2024-04-29,10,0.101866,1
108105,2024-04-29,14,0.113499,1
108105,2024-04-29,30,0.127007,1
108105,2024-04-29,60,0.114811,1
108105,2024-04-29,91,0.120592,1
108105,2024-04-29,122,0.115055,1
108105,2024-04-29,152,0.111048,1
108105,2024-04-29,182,0.112108,1
108105,2024-04-29,273,0.118532,1
108105,2024-04-29,365,0.115891,1
108105,2024-04-29,547,0.142581,1
108105,2024-04-29,730,0.178666,1
108105,2024-04-29,1825,0.213824,1
108105,2024-04-30,10,0.155536,1
108105,2024-04-30,14,0.141756,1
108105,2024-04-30,30,0.133416,1
108105,2024-04-30,60,0.119607,1
108105,2024-04-30,91,0.124986,1
108105,2024-04-30,122,0.118,1
108105,2024-04-30,152,0.114099,1
108105,2024-04-30,182,0.114634,1
108105,2024-04-30,273,0.119993,1
108105,2024-04-30,365,0.117083,1
108105,2024-04-30,547,0.14307,1
108105,2024-04-30,730,0.17886,1
108105,2024-04-30,1825,0.213945,1
108105,2024-05-01,10,0.14715,1
108105,2024-05-01,14,0.139681,1
108105,2024-05-01,30,0.133514,1
108105,2024-05-01,60,0.118361,1
108105,2024-05-01,91,0.120627,1
108105,2024-05-01,122,0.117501,1
108105,2024-05-01,152,0.114038,1
108105,2024-05-01,182,0.114115,1
108105,2024-05-01,273,0.118901,1
108105,2024-05-01,365,0.116494,1
108105,2024-05-01,547,0.143056,1
108105,2024-05-01,730,0.178841,1
108105,2024-05-01,1825,0.213913,1
108105,2024-05-02,10,0.147879,1
108105,2024-05-02,14,0.146208,1
108105,2024-05-02,30,0.13719,1
108105,2024-05-02,60,0.119251,1
108105,2024-05-02,91,0.119475,1
108105,2024-05-02,122,0.117709,1
108105,2024-05-02,152,0.114204,1
108105,2024-05-02,182,0.111931,1
108105,2024-05-02,273,0.119253,1
108105,2024-05-02,365,0.116523,1
108105,2024-05-02,547,0.141612,1
108105,2024-05-02,730,0.17892,1
108105,2024-05-02,1825,0.213863,1
108105,2024-05-03,10,0.149412,1
108105,2024-05-03,14,0.145077,1
108105,2024-05-03,30,0.144732,1
108105,2024-05-03,60,0.123187,1
108105,2024-05-03,91,0.120168,1
108105,2024-05-03,122,0.118901,1
108105,2024-05-03,152,0.115052,1
108105,2024-05-03,182,0.11248,1
108105,2024-05-03,273,0.119836,1
108105,2024-05-03,365,0.116818,1
108105,2024-05-03,547,0.141623,1
108105,2024-05-03,730,0.177937,1
108105,2024-05-03,1825,0.213846,1
108105,2024-05-06,10,0.17038,1
108105,2024-05-06,14,0.146962,1
108105,2024-05-06,30,0.141373,1
108105,2024-05-06,60,0.122908,1
108105,2024-05-06,91,0.121482,1
108105,2024-05-06,122,0.120108,1
108105,2024-05-06,152,0.116294,1
108105,2024-05-06,182,0.113202,1
108105,2024-05-06,273,0.119965,1
108105,2024-05-06,365,0.115887,1
108105,2024-05-06,547,0.141452,1
108105,2024-05-06,730,0.176284,1
108105,2024-05-06,1825,0.213911,1
108105,2024-05-07,10,0.155723,1
108105,2024-05-07,14,0.1391,1
108105,2024-05-07,30,0.138067,1
108105,2024-05-07,60,0.121766,1
108105,2024-05-07,91,0.121447,1
108105,2024-05-07,122,0.119382,1
108105,2024-05-07,152,0.115815,1
108105,2024-05-07,182,0.113183,1
108105,2024-05-07,273,0.119829,1
108105,2024-05-07,365,0.115887,1
108105,2024-05-07,547,0.14127,1
108105,2024-05-07,730,0.176109,1
108105,2024-05-07,1825,0.213905,1
108105,2024-05-08,10,0.144822,1
108105,2024-05-08,14,0.139195,1
108105,2024-05-08,30,0.138065,1
108105,2024-05-08,60,0.120274,1
108105,2024-05-08,91,0.120499,1
108105,2024-05-08,122,0.118687,1
108105,2024-05-08,152,0.11574,1
108105,2024-05-08,182,0.113198,1
108105,2024-05-08,273,0.119486,1
108105,2024-05-08,365,0.115759,1
108105,2024-05-08,547,0.141218,1
108105,2024-05-08,730,0.174543,1
108105,2024-05-08,1825,0.2139,1
108105,2024-05-09,10,0.145707,1
108105,2024-05-09,14,0.134247,1
108105,2024-05-09,30,0.139105,1
108105,2024-05-09,60,0.119397,1
108105,2024-05-09,91,0.120831,1
108105,2024-05-09,122,0.116767,1
108105,2024-05-09,152,0.115338,1
108105,2024-05-09,182,0.112496,1
108105,2024-05-09,273,0.119587,1
108105,2024-05-09,365,0.115779,1
108105,2024-05-09,547,0.140118,1
108105,2024-05-09,730,0.174567,1
108105,2024-05-09,1825,0.213825,1
108105,2024-05-10,10,0.088955,1
108105,2024-05-10,14,0.128629,1
108105,2024-05-10,30,0.134989,1
108105,2024-05-10,60,0.119372,1
108105,2024-05-10,91,0.120412,1
108105,2024-05-10,122,0.116687,1
108105,2024-05-10,152,0.114785,1
108105,2024-05-10,182,0.110675,1
108105,2024-05-10,273,0.119571,1
108105,2024-05-10,365,0.115751,1
108105,2024-05-10,547,0.133157,1
108105,2024-05-10,730,0.174145,1
108105,2024-05-10,1825,0.213741,1
108105,2024-05-13,10,0.064025,1
108105,2024-05-13,14,0.129178,1
108105,2024-05-13,30,0.124899,1
108105,2024-05-13,60,0.118898,1
108105,2024-05-13,91,0.120383,1
108105,2024-05-13,122,0.11781,1
108105,2024-05-13,152,0.114042,1
108105,2024-05-13,182,0.110654,1
108105,2024-05-13,273,0.119441,1
108105,2024-05-13,365,0.11573,1
108105,2024-05-13,547,0.132978,1
108105,2024-05-13,730,0.173545,1
108105,2024-05-13,1825,0.21358,1
108105,2024-05-14,10,0.059447,1
108105,2024-05-14,14,0.082122,1
108105,2024-05-14,30,0.122611,1
108105,2024-05-14,60,0.118108,1
108105,2024-05-14,91,0.117049,1
108105,2024-05-14,122,0.117281,1
108105,2024-05-14,152,0.11417,1
108105,2024-05-14,182,0.107869,1
108105,2024-05-14,273,0.118651,1
108105,2024-05-14,365,0.115778,1
108105,2024-05-14,547,0.132781,1
108105,2024-05-14,730,0.173399,1
108105,2024-05-14,1825,0.213556,1
108105,2024-05-15,10,0.072372,1
108105,2024-05-15,14,0.078137,1
108105,2024-05-15,30,0.118249,1
108105,2024-05-15,60,0.119751,1
108105,2024-05-15,91,0.117756,1
108105,2024-05-15,122,0.117987,1
108105,2024-05-15,152,0.115357,1
108105,2024-05-15,182,0.108883,1
108105,2024-05-15,273,0.118889,1
108105,2024-05-15,365,0.116035,1
108105,2024-05-15,547,0.132923,1
108105,2024-05-15,730,0.173548,1
108105,2024-05-15,1825,0.213596,1
108105,2024-05-16,10,0.068935,1
108105,2024-05-16,14,0.084125,1
108105,2024-05-16,30,0.11826,1
108105,2024-05-16,60,0.118533,1
108105,2024-05-16,91,0.11749,1
108105,2024-05-16,122,0.117427,1
108105,2024-05-16,152,0.114905,1
108105,2024-05-16,182,0.108991,1
108105,2024-05-16,273,0.118508,1
108105,2024-05-16,365,0.115566,1
108105,2024-05-16,547,0.132735,1
108105,2024-05-16,730,0.17301,1
108105,2024-05-16,1825,0.213514,1
108105,2024-05-17,10,0.069075,1
108105,2024-05-17,14,0.072425,1
108105,2024-05-17,30,0.114941,1
108105,2024-05-17,60,0.117754,1
108105,2024-05-17,91,0.116931,1
108105,2024-05-17,122,0.117117,1
108105,2024-05-17,152,0.114351,1
108105,2024-05-17,182,0.108991,1
108105,2024-05-17,273,0.118501,1
108105,2024-05-17,365,0.115254,1
108105,2024-05-17,547,0.132698,1
108105,2024-05-17,730,0.170453,1
108105,2024-05-17,1825,0.213429,1
108105,2024-05-20,10,0.078306,1
108105,2024-05-20,14,0.061903,1
108105,2024-05-20,30,0.109089,1
108105,2024-05-20,60,0.117925,1
108105,2024-05-20,91,0.116,1
108105,2024-05-20,122,0.115584,1
108105,2024-05-20,152,0.112349,1
108105,2024-05-20,182,0.108643,1
108105,2024-05-20,273,0.118306,1
108105,2024-05-20,365,0.115229,1
108105,2024-05-20,547,0.132658,1
108105,2024-05-20,730,0.170562,1
108105,2024-05-20,1825,0.21354,1
108105,2024-05-21,10,0.071494,1
108105,2024-05-21,14,0.061606,1
108105,2024-05-21,30,0.106484,1
108105,2024-05-21,60,0.117966,1
108105,2024-05-21,91,0.11519,1
108105,2024-05-21,122,0.114919,1
108105,2024-05-21,152,0.111455,1
108105,2024-05-21,182,0.108556,1
108105,2024-05-21,273,0.118237,1
108105,2024-05-21,365,0.115237,1
108105,2024-05-21,547,0.13261,1
108105,2024-05-21,730,0.170397,1
108105,2024-05-21,1825,0.213468,1
108105,2024-05-22,10,0.072764,1
108105,2024-05-22,14,0.066074,1
108105,2024-05-22,30,0.106329,1
108105,2024-05-22,60,0.116767,1
108105,2024-05-22,91,0.11543,1
108105,2024-05-22,122,0.114429,1
108105,2024-05-22,152,0.111611,1
108105,2024-05-22,182,0.10863,1
108105,2024-05-22,273,0.117745,1
108105,2024-05-22,365,0.114638,1
108105,2024-05-22,547,0.132229,1
108105,2024-05-22,730,0.169945,1
108105,2024-05-22,1825,0.213473,1
108105,2024-05-23,10,0.089835,1
108105,2024-05-23,14,0.079587,1
108105,2024-05-23,30,0.106179,1
108105,2024-05-23,60,0.116879,1
108105,2024-05-23,91,0.109406,1
108105,2024-05-23,122,0.115326,1
108105,2024-05-23,152,0.111848,1
108105,2024-05-23,182,0.108884,1
108105,2024-05-23,273,0.116937,1
108105,2024-05-23,365,0.114643,1
108105,2024-05-23,547,0.13233,1
108105,2024-05-23,730,0.169927,1
108105,2024-05-23,1825,0.213417,1
108105,2024-05-24,10,0.093765,1
108105,2024-05-24,14,0.085061,1
108105,2024-05-24,30,0.107475,1
108105,2024-05-24,60,0.117748,1
108105,2024-05-24,91,0.110146,1
108105,2024-05-24,122,0.115739,1
108105,2024-05-24,152,0.111696,1
108105,2024-05-24,182,0.109194,1
108105,2024-05-24,273,0.116956,1
108105,2024-05-24,365,0.114538,1
108105,2024-05-24,547,0.132253,1
108105,2024-05-24,730,0.169872,1
108105,2024-05-24,1825,0.213352,1
108105,2024-05-28,10,0.077117,1
108105,2024-05-28,14,0.087912,1
108105,2024-05-28,30,0.103822,1
108105,2024-05-28,60,0.118577,1
108105,2024-05-28,91,0.110648,1
108105,2024-05-28,122,0.116862,1
108105,2024-05-28,152,0.112673,1
108105,2024-05-28,182,0.10955,1
108105,2024-05-28,273,0.116056,1
108105,2024-05-28,365,0.113903,1
108105,2024-05-28,547,0.131748,1
108105,2024-05-28,730,0.168645,1
108105,2024-05-28,1825,0.213457,1
108105,2024-05-29,10,0.083491,1
108105,2024-05-29,14,0.073536,1
108105,2024-05-29,30,0.108519,1
108105,2024-05-29,60,0.118605,1
108105,2024-05-29,91,0.111734,1
108105,2024-05-29,122,0.117054,1
108105,2024-05-29,152,0.113282,1
108105,2024-05-29,182,0.110197,1
108105,2024-05-29,273,0.116401,1
108105,2024-05-29,365,0.114204,1
108105,2024-05-29,547,0.131904,1
108105,2024-05-29,730,0.168569,1
108105,2024-05-29,1825,0.213397,1
108105,2024-05-30,10,0.087108,1
108105,2024-05-30,14,0.078329,1
108105,2024-05-30,30,0.093055,1
108105,2024-05-30,60,0.118096,1
108105,2024-05-30,91,0.112103,1
108105,2024-05-30,122,0.117062,1
108105,2024-05-30,152,0.113249,1
108105,2024-05-30,182,0.110604,1
108105,2024-05-30,273,0.116637,1
108105,2024-05-30,365,0.114196,1
108105,2024-05-30,547,0.129739,1
108105,2024-05-30,730,0.168563,1
108105,2024-05-30,1825,0.213332,1
108105,2024-05-31,10,0.103627,1
108105,2024-05-31,14,0.092211,1
108105,2024-05-31,30,0.09329,1
108105,2024-05-31,60,0.119591,1
108105,2024-05-31,91,0.112108,1
108105,2024-05-31,122,0.117707,1
108105,2024-05-31,152,0.113239,1
108105,2024-05-31,182,0.110835,1
108105,2024-05-31,273,0.11693,1
108105,2024-05-31,365,0.114068,1
108105,2024-05-31,547,0.129871,1
108105,2024-05-31,730,0.168552,1
108105,2024-05-31,1825,0.213274,1
108105,2024-06-03,10,0.098046,1
108105,2024-06-03,14,0.092316,1
108105,2024-06-03,30,0.083817,1
108105,2024-06-03,60,0.116687,1
108105,2024-06-03,91,0.112067,1
108105,2024-06-03,122,0.112202,1
108105,2024-06-03,152,0.112407,1
108105,2024-06-03,182,0.110435,1
108105,2024-06-03,273,0.116617,1
108105,2024-06-03,365,0.113252,1
108105,2024-06-03,547,0.129863,1
108105,2024-06-03,730,0.167816,1
108105,2024-06-03,1825,0.21321,1
108105,2024-06-04,10,0.08896,1
108105,2024-06-04,14,0.091436,1
108105,2024-06-04,30,0.081695,1
108105,2024-06-04,60,0.113688,1
108105,2024-06-04,91,0.109947,1
108105,2024-06-04,122,0.111531,1
108105,2024-06-04,152,0.11218,1
108105,2024-06-04,182,0.110408,1
108105,2024-06-04,273,0.116472,1
108105,2024-06-04,365,0.113218,1
108105,2024-06-04,547,0.128946,1
108105,2024-06-04,730,0.16765,1
108105,2024-06-04,1825,0.213195,1
108105,2024-06-05,10,0.109326,1
108105,2024-06-05,14,0.111081,1
108105,2024-06-05,30,0.08387,1
108105,2024-06-05,60,0.115697,1
108105,2024-06-05,91,0.111836,1
108105,2024-06-05,122,0.112473,1
108105,2024-06-05,152,0.113387,1
108105,2024-06-05,182,0.111186,1
108105,2024-06-05,273,0.116792,1
108105,2024-06-05,365,0.113737,1
108105,2024-06-05,547,0.128651,1
108105,2024-06-05,730,0.16783,1
108105,2024-06-05,1825,0.213209,1
108105,2024-06-06,10,0.101576,1
108105,2024-06-06,14,0.099923,1
108105,2024-06-06,30,0.084091,1
108105,2024-06-06,60,0.114331,1
108105,2024-06-06,91,0.11017,1
108105,2024-06-06,122,0.112264,1
108105,2024-06-06,152,0.112863,1
108105,2024-06-06,182,0.110797,1
108105,2024-06-06,273,0.116699,1
108105,2024-06-06,365,0.113643,1
108105,2024-06-06,547,0.128635,1
108105,2024-06-06,730,0.16771,1
108105,2024-06-06,1825,0.213124,1
108105,2024-06-07,10,0.102289,1
108105,2024-06-07,14,0.095757,1
108105,2024-06-07,30,0.084428,1
108105,2024-06-07,60,0.114385,1
108105,2024-06-07,91,0.109271,1
108105,2024-06-07,122,0.112294,1
108105,2024-06-07,152,0.112384,1
108105,2024-06-07,182,0.110773,1
108105,2024-06-07,273,0.116723,1
108105,2024-06-07,365,0.113537,1
108105,2024-06-07,547,0.128528,1
108105,2024-06-07,730,0.167521,1
108105,2024-06-07,1825,0.213041,1
108105,2024-06-10,10,0.074218,1
108105,2024-06-10,14,0.090681,1
108105,2024-06-10,30,0.085671,1
108105,2024-06-10,60,0.113214,1
108105,2024-06-10,91,0.109274,1
108105,2024-06-10,122,0.112632,1
108105,2024-06-10,152,0.111398,1
108105,2024-06-10,182,0.110722,1
108105,2024-06-10,273,0.116548,1
108105,2024-06-10,365,0.11355,1
108105,2024-06-10,547,0.12836,1
108105,2024-06-10,730,0.165401,1
108105,2024-06-10,1825,0.213201,1
108105,2024-06-11,10,0.067754,1
108105,2024-06-11,14,0.090911,1
108105,2024-06-11,30,0.083643,1
108105,2024-06-11,60,0.106303,1
108105,2024-06-11,91,0.107294,1
108105,2024-06-11,122,0.112002,1
108105,2024-06-11,152,0.111391,1
108105,2024-06-11,182,0.110636,1
108105,2024-06-11,273,0.116307,1
108105,2024-06-11,365,0.113251,1
108105,2024-06-11,547,0.1279,1
108105,2024-06-11,730,0.165242,1
108105,2024-06-11,1825,0.213197,1
108105,2024-06-12,10,0.070787,1
108105,2024-06-12,14,0.082975,1
108105,2024-06-12,30,0.086904,1
108105,2024-06-12,60,0.106509,1
108105,2024-06-12,91,0.108308,1
108105,2024-06-12,122,0.112114,1
108105,2024-06-12,152,0.111973,1
108105,2024-06-12,182,0.109703,1
108105,2024-06-12,273,0.116628,1
108105,2024-06-12,365,0.113345,1
108105,2024-06-12,547,0.127945,1
108105,2024-06-12,730,0.162854,1
108105,2024-06-12,1825,0.213225,1
108105,2024-06-13,10,0.069717,1
108105,2024-06-13,14,0.067025,1
108105,2024-06-13,30,0.086232,1
108105,2024-06-13,60,0.105261,1
108105,2024-06-13,91,0.108097,1
108105,2024-06-13,122,0.112095,1
108105,2024-06-13,152,0.111447,1
108105,2024-06-13,182,0.109696,1
108105,2024-06-13,273,0.116323,1
108105,2024-06-13,365,0.113355,1
108105,2024-06-13,547,0.127826,1
108105,2024-06-13,730,0.162827,1
108105,2024-06-13,1825,0.213142,1
108105,2024-06-14,10,0.072439,1
108105,2024-06-14,14,0.065236,1
108105,2024-06-14,30,0.078407,1
108105,2024-06-14,60,0.09996,1
108105,2024-06-14,91,0.107094,1
108105,2024-06-14,122,0.109162,1
108105,2024-06-14,152,0.110943,1
108105,2024-06-14,182,0.109704,1
108105,2024-06-14,273,0.115312,1
108105,2024-06-14,365,0.112796,1
108105,2024-06-14,547,0.126023,1
108105,2024-06-14,730,0.162536,1
108105,2024-06-14,1825,0.213057,1
108105,2024-06-17,10,0.054463,1
108105,2024-06-17,14,0.068436,1
108105,2024-06-17,30,0.082721,1
108105,2024-06-17,60,0.100611,1
108105,2024-06-17,91,0.107398,1
108105,2024-06-17,122,0.109288,1
108105,2024-06-17,152,0.111119,1
108105,2024-06-17,182,0.10999,1
108105,2024-06-17,273,0.115562,1
108105,2024-06-17,365,0.112912,1
108105,2024-06-17,547,0.125752,1
108105,2024-06-17,730,0.160989,1
108105,2024-06-17,1825,0.213208,1
108105,2024-06-18,10,0.050394,1
108105,2024-06-18,14,0.067779,1
108105,2024-06-18,30,0.080693,1
108105,2024-06-18,60,0.096687,1
108105,2024-06-18,91,0.107028,1
108105,2024-06-18,122,0.108657,1
108105,2024-06-18,152,0.110531,1
108105,2024-06-18,182,0.109802,1
108105,2024-06-18,273,0.115511,1
108105,2024-06-18,365,0.112699,1
108105,2024-06-18,547,0.12549,1
108105,2024-06-18,730,0.160833,1
108105,2024-06-18,1825,0.213173,1
108105,2024-06-20,10,0.062904,1
108105,2024-06-20,14,0.05854,1
108105,2024-06-20,30,0.083984,1
108105,2024-06-20,60,0.09627,1
108105,2024-06-20,91,0.106754,1
108105,2024-06-20,122,0.108188,1
108105,2024-06-20,152,0.109355,1
108105,2024-06-20,182,0.107179,1
108105,2024-06-20,273,0.113379,1
108105,2024-06-20,365,0.112666,1
108105,2024-06-20,547,0.125177,1
108105,2024-06-20,730,0.159991,1
108105,2024-06-20,1825,0.213175,1
108105,2024-06-21,10,0.068597,1
108105,2024-06-21,14,0.059443,1
108105,2024-06-21,30,0.083335,1
108105,2024-06-21,60,0.095363,1
108105,2024-06-21,91,0.106768,1
108105,2024-06-21,122,0.107584,1
108105,2024-06-21,152,0.108915,1
108105,2024-06-21,182,0.107247,1
108105,2024-06-21,273,0.113351,1
108105,2024-06-21,365,0.112657,1
108105,2024-06-21,547,0.124544,1
108105,2024-06-21,730,0.159993,1
108105,2024-06-21,1825,0.213093,1
108105,2024-06-24,10,0.071485,1
108105,2024-06-24,14,0.066104,1
108105,2024-06-24,30,0.078037,1
108105,2024-06-24,60,0.093765,1
108105,2024-06-24,91,0.106769,1
108105,2024-06-24,122,0.10336,1
108105,2024-06-24,152,0.110112,1
108105,2024-06-24,182,0.106978,1
108105,2024-06-24,273,0.113416,1
108105,2024-06-24,365,0.112398,1
108105,2024-06-24,547,0.124523,1
108105,2024-06-24,730,0.158687,1
108105,2024-06-24,1825,0.213217,1
108105,2024-06-25,10,0.067477,1
108105,2024-06-25,14,0.066946,1
108105,2024-06-25,30,0.076483,1
108105,2024-06-25,60,0.091498,1
108105,2024-06-25,91,0.10672,1
108105,2024-06-25,122,0.102876,1
108105,2024-06-25,152,0.110009,1
108105,2024-06-25,182,0.106961,1
108105,2024-06-25,273,0.111897,1
108105,2024-06-25,365,0.112307,1
108105,2024-06-25,547,0.12438,1
108105,2024-06-25,730,0.158545,1
108105,2024-06-25,1825,0.213217,1
108105,2024-06-26,10,0.061649,1
108105,2024-06-26,14,0.054508,1
108105,2024-06-26,30,0.074546,1
108105,2024-06-26,60,0.090348,1
108105,2024-06-26,91,0.105535,1
108105,2024-06-26,122,0.102269,1
108105,2024-06-26,152,0.109978,1
108105,2024-06-26,182,0.106962,1
108105,2024-06-26,273,0.11189,1
108105,2024-06-26,365,0.111815,1
108105,2024-06-26,547,0.124313,1
108105,2024-06-26,730,0.158525,1
108105,2024-06-26,1825,0.213205,1
108105,2024-06-27,10,0.042431,1
108105,2024-06-27,14,0.054055,1
108105,2024-06-27,30,0.074439,1
108105,2024-06-27,60,0.089263,1
108105,2024-06-27,91,0.105532,1
108105,2024-06-27,122,0.101946,1
108105,2024-06-27,152,0.109448,1
108105,2024-06-27,182,0.106957,1
108105,2024-06-27,273,0.111765,1
108105,2024-06-27,365,0.111808,1
108105,2024-06-27,547,0.12385,1
108105,2024-06-27,730,0.157821,1
108105,2024-06-27,1825,0.21312,1
108105,2024-06-28,10,0.045987,1
108105,2024-06-28,14,0.060246,1
108105,2024-06-28,30,0.070191,1
108105,2024-06-28,60,0.090306,1
108105,2024-06-28,91,0.105113,1
108105,2024-06-28,122,0.102301,1
108105,2024-06-28,152,0.109218,1
108105,2024-06-28,182,0.107067,1
108105,2024-06-28,273,0.111843,1
108105,2024-06-28,365,0.111862,1
108105,2024-06-28,547,0.12319,1
108105,2024-06-28,730,0.157855,1
108105,2024-06-28,1825,0.213045,1
108105,2024-07-01,10,0.050898,1
108105,2024-07-01,14,0.046002,1
108105,2024-07-01,30,0.062313,1
108105,2024-07-01,60,0.077811,1
108105,2024-07-01,91,0.105055,1
108105,2024-07-01,122,0.102446,1
108105,2024-07-01,152,0.106406,1
108105,2024-07-01,182,0.106658,1
108105,2024-07-01,273,0.111846,1
108105,2024-07-01,365,0.111295,1
108105,2024-07-01,547,0.123165,1
108105,2024-07-01,730,0.157721,1
108105,2024-07-01,1825,0.213166,1
108105,2024-07-02,10,0.058257,1
108105,2024-07-02,14,0.05534,1
108105,2024-07-02,30,0.062567,1
108105,2024-07-02,60,0.073805,1
108105,2024-07-02,91,0.104358,1
108105,2024-07-02,122,0.102257,1
108105,2024-07-02,152,0.10523,1
108105,2024-07-02,182,0.106454,1
108105,2024-07-02,273,0.11058,1
108105,2024-07-02,365,0.111423,1
108105,2024-07-02,547,0.123076,1
108105,2024-07-02,730,0.157611,1
108105,2024-07-02,1825,0.213097,1
108105,2024-07-03,10,0.058241,1
108105,2024-07-03,14,0.057112,1
108105,2024-07-03,30,0.063324,1
108105,2024-07-03,60,0.073329,1
108105,2024-07-03,91,0.104691,1
108105,2024-07-03,122,0.101908,1
108105,2024-07-03,152,0.104353,1
108105,2024-07-03,182,0.105766,1
108105,2024-07-03,273,0.110389,1
108105,2024-07-03,365,0.111282,1
108105,2024-07-03,547,0.123054,1
108105,2024-07-03,730,0.157484,1
108105,2024-07-03,1825,0.213104,1
108105,2024-07-05,10,0.056353,1
108105,2024-07-05,14,0.058051,1
108105,2024-07-05,30,0.055861,1
108105,2024-07-05,60,0.070773,1
108105,2024-07-05,91,0.100301,1
108105,2024-07-05,122,0.100861,1
108105,2024-07-05,152,0.104071,1
108105,2024-07-05,182,0.106135,1
108105,2024-07-05,273,0.110082,1
108105,2024-07-05,365,0.111206,1
108105,2024-07-05,547,0.122713,1
108105,2024-07-05,730,0.157663,1
108105,2024-07-05,1825,0.213031,1
108105,2024-07-08,10,0.034213,1
108105,2024-07-08,14,0.050153,1
108105,2024-07-08,30,0.055641,1
108105,2024-07-08,60,0.071976,1
108105,2024-07-08,91,0.100256,1
108105,2024-07-08,122,0.099647,1
108105,2024-07-08,152,0.104254,1
108105,2024-07-08,182,0.104568,1
108105,2024-07-08,273,0.109932,1
108105,2024-07-08,365,0.11114,1
108105,2024-07-08,547,0.121425,1
108105,2024-07-08,730,0.157497,1
108105,2024-07-08,1825,0.213179,1
108105,2024-07-09,10,0.037457,1
108105,2024-07-09,14,0.050173,1
108105,2024-07-09,30,0.054397,1
108105,2024-07-09,60,0.072018,1
108105,2024-07-09,91,0.100257,1
108105,2024-07-09,122,0.099039,1
108105,2024-07-09,152,0.104252,1
108105,2024-07-09,182,0.104497,1
108105,2024-07-09,273,0.109842,1
108105,2024-07-09,365,0.111131,1
108105,2024-07-09,547,0.121417,1
108105,2024-07-09,730,0.15734,1
108105,2024-07-09,1825,0.213178,1
108105,2024-07-10,10,0.052492,1
108105,2024-07-10,14,0.065262,1
108105,2024-07-10,30,0.061462,1
108105,2024-07-10,60,0.074202,1
108105,2024-07-10,91,0.099501,1
108105,2024-07-10,122,0.099704,1
108105,2024-07-10,152,0.104969,1
108105,2024-07-10,182,0.105079,1
108105,2024-07-10,273,0.11027,1
108105,2024-07-10,365,0.111364,1
108105,2024-07-10,547,0.121552,1
108105,2024-07-10,730,0.157239,1
108105,2024-07-10,1825,0.213214,1
108105,2024-07-11,10,0.096043,1
108105,2024-07-11,14,0.090841,1
108105,2024-07-11,30,0.073339,1
108105,2024-07-11,60,0.07792,1
108105,2024-07-11,91,0.100823,1
108105,2024-07-11,122,0.101108,1
108105,2024-07-11,152,0.105591,1
108105,2024-07-11,182,0.106029,1
108105,2024-07-11,273,0.110548,1
108105,2024-07-11,365,0.111602,1
108105,2024-07-11,547,0.121427,1
108105,2024-07-11,730,0.157224,1
108105,2024-07-11,1825,0.21317,1
108105,2024-07-12,10,0.095137,1
108105,2024-07-12,14,0.084392,1
108105,2024-07-12,30,0.070522,1
108105,2024-07-12,60,0.078349,1
108105,2024-07-12,91,0.095831,1
108105,2024-07-12,122,0.099862,1
108105,2024-07-12,152,0.105312,1
108105,2024-07-12,182,0.106199,1
108105,2024-07-12,273,0.1104,1
108105,2024-07-12,365,0.11144,1
108105,2024-07-12,547,0.121468,1
108105,2024-07-12,730,0.157216,1
108105,2024-07-12,1825,0.213097,1
108105,2024-07-15,10,0.100057,1
108105,2024-07-15,14,0.084372,1
108105,2024-07-15,30,0.072046,1
108105,2024-07-15,60,0.075173,1
108105,2024-07-15,91,0.091734,1
108105,2024-07-15,122,0.099867,1
108105,2024-07-15,152,0.102874,1
108105,2024-07-15,182,0.105792,1
108105,2024-07-15,273,0.109894,1
108105,2024-07-15,365,0.111441,1
108105,2024-07-15,547,0.121452,1
108105,2024-07-15,730,0.156823,1
108105,2024-07-15,1825,0.213238,1
108105,2024-07-16,10,0.095184,1
108105,2024-07-16,14,0.084597,1
108105,2024-07-16,30,0.071897,1
108105,2024-07-16,60,0.076145,1
108105,2024-07-16,91,0.091874,1
108105,2024-07-16,122,0.099669,1
108105,2024-07-16,152,0.102941,1
108105,2024-07-16,182,0.105786,1
108105,2024-07-16,273,0.110035,1
108105,2024-07-16,365,0.111537,1
108105,2024-07-16,547,0.121372,1
108105,2024-07-16,730,0.156717,1
108105,2024-07-16,1825,0.21325,1
108105,2024-07-17,10,0.128115,1
108105,2024-07-17,14,0.122682,1
108105,2024-07-17,30,0.088959,1
108105,2024-07-17,60,0.084898,1
108105,2024-07-17,91,0.096105,1
108105,2024-07-17,122,0.102531,1
108105,2024-07-17,152,0.105243,1
108105,2024-07-17,182,0.107574,1
108105,2024-07-17,273,0.110135,1
108105,2024-07-17,365,0.112359,1
108105,2024-07-17,547,0.121965,1
108105,2024-07-17,730,0.156933,1
108105,2024-07-17,1825,0.213328,1
108105,2024-07-18,10,0.136165,1
108105,2024-07-18,14,0.123942,1
108105,2024-07-18,30,0.094133,1
108105,2024-07-18,60,0.086849,1
108105,2024-07-18,91,0.097716,1
108105,2024-07-18,122,0.103256,1
108105,2024-07-18,152,0.105647,1
108105,2024-07-18,182,0.107822,1
108105,2024-07-18,273,0.110056,1
108105,2024-07-18,365,0.112683,1
108105,2024-07-18,547,0.121416,1
108105,2024-07-18,730,0.155918,1
108105,2024-07-18,1825,0.213276,1
108105,2024-07-19,10,0.140452,1
108105,2024-07-19,14,0.124998,1
108105,2024-07-19,30,0.095536,1
108105,2024-07-19,60,0.089227,1
108105,2024-07-19,91,0.09705,1
108105,2024-07-19,122,0.103846,1
108105,2024-07-19,152,0.105893,1
108105,2024-07-19,182,0.107299,1
108105,2024-07-19,273,0.109282,1
108105,2024-07-19,365,0.11271,1
108105,2024-07-19,547,0.121393,1
108105,2024-07-19,730,0.155974,1
108105,2024-07-19,1825,0.213219,1
108105,2024-07-22,10,0.152189,1
108105,2024-07-22,14,0.138452,1
108105,2024-07-22,30,0.103962,1
108105,2024-07-22,60,0.091624,1
108105,2024-07-22,91,0.097746,1
108105,2024-07-22,122,0.105461,1
108105,2024-07-22,152,0.106932,1
108105,2024-07-22,182,0.108169,1
108105,2024-07-22,273,0.109756,1
108105,2024-07-22,365,0.11315,1
108105,2024-07-22,547,0.120778,1
108105,2024-07-22,730,0.155995,1
108105,2024-07-22,1825,0.213408,1
108105,2024-07-23,10,0.138929,1
108105,2024-07-23,14,0.138518,1
108105,2024-07-23,30,0.101688,1
108105,2024-07-23,60,0.090746,1
108105,2024-07-23,91,0.095686,1
108105,2024-07-23,122,0.104893,1
108105,2024-07-23,152,0.102354,1
108105,2024-07-23,182,0.108202,1
108105,2024-07-23,273,0.109606,1
108105,2024-07-23,365,0.113128,1
108105,2024-07-23,547,0.120462,1
108105,2024-07-23,730,0.155847,1
108105,2024-07-23,1825,0.213395,1
108105,2024-07-24,10,0.177896,1
108105,2024-07-24,14,0.166686,1
108105,2024-07-24,30,0.131487,1
108105,2024-07-24,60,0.108804,1
108105,2024-07-24,91,0.108039,1
108105,2024-07-24,122,0.11233,1
108105,2024-07-24,152,0.109103,1
108105,2024-07-24,182,0.11365,1
108105,2024-07-24,273,0.111854,1
108105,2024-07-24,365,0.115681,1
108105,2024-07-24,547,0.122085,1
108105,2024-07-24,730,0.156779,1
108105,2024-07-24,1825,0.213641,1
108105,2024-07-25,10,0.171996,1
108105,2024-07-25,14,0.164577,1
108105,2024-07-25,30,0.131676,1
108105,2024-07-25,60,0.108369,1
108105,2024-07-25,91,0.108168,1
108105,2024-07-25,122,0.112586,1
108105,2024-07-25,152,0.108945,1
108105,2024-07-25,182,0.113796,1
108105,2024-07-25,273,0.111034,1
108105,2024-07-25,365,0.115826,1
108105,2024-07-25,547,0.12218,1
108105,2024-07-25,730,0.156592,1
108105,2024-07-25,1825,0.213571,1
108105,2024-07-26,10,0.184848,1
108105,2024-07-26,14,0.174938,1
108105,2024-07-26,30,0.137597,1
108105,2024-07-26,60,0.110143,1
108105,2024-07-26,91,0.108485,1
108105,2024-07-26,122,0.113931,1
108105,2024-07-26,152,0.109619,1
108105,2024-07-26,182,0.114701,1
108105,2024-07-26,273,0.111351,1
108105,2024-07-26,365,0.116068,1
108105,2024-07-26,547,0.122184,1
108105,2024-07-26,730,0.155744,1
108105,2024-07-26,1825,0.213538,1
108105,2024-07-29,10,0.201497,1
108105,2024-07-29,14,0.173407,1
108105,2024-07-29,30,0.140401,1
108105,2024-07-29,60,0.109568,1
108105,2024-07-29,91,0.108402,1
108105,2024-07-29,122,0.113743,1
108105,2024-07-29,152,0.110383,1
108105,2024-07-29,182,0.114305,1
108105,2024-07-29,273,0.110683,1
108105,2024-07-29,365,0.115707,1
108105,2024-07-29,547,0.122176,1
108105,2024-07-29,730,0.15539,1
108105,2024-07-29,1825,0.21364,1
108105,2024-07-30,10,0.185285,1
108105,2024-07-30,14,0.165367,1
108105,2024-07-30,30,0.137938,1
108105,2024-07-30,60,0.109102,1
108105,2024-07-30,91,0.103496,1
108105,2024-07-30,122,0.113448,1
108105,2024-07-30,152,0.110507,1
108105,2024-07-30,182,0.114584,1
108105,2024-07-30,273,0.11078,1
108105,2024-07-30,365,0.115843,1
108105,2024-07-30,547,0.12174,1
108105,2024-07-30,730,0.155285,1
108105,2024-07-30,1825,0.213612,1
108105,2024-07-31,10,0.197558,1
108105,2024-07-31,14,0.182092,1
108105,2024-07-31,30,0.148318,1
108105,2024-07-31,60,0.113909,1
108105,2024-07-31,91,0.10704,1
108105,2024-07-31,122,0.115793,1
108105,2024-07-31,152,0.112393,1
108105,2024-07-31,182,0.113902,1
108105,2024-07-31,273,0.111525,1
108105,2024-07-31,365,0.116764,1
108105,2024-07-31,547,0.121829,1
108105,2024-07-31,730,0.155635,1
108105,2024-07-31,1825,0.213691,1
108105,2024-08-01,10,0.199278,1
108105,2024-08-01,14,0.190428,1
108105,2024-08-01,30,0.154531,1
108105,2024-08-01,60,0.118279,1
108105,2024-08-01,91,0.110266,1
108105,2024-08-01,122,0.118332,1
108105,2024-08-01,152,0.11408,1
108105,2024-08-01,182,0.11466,1
108105,2024-08-01,273,0.111083,1
108105,2024-08-01,365,0.116745,1
108105,2024-08-01,547,0.122158,1
108105,2024-08-01,730,0.155883,1
108105,2024-08-01,1825,0.213702,1
108105,2024-08-02,10,0.21782,1
108105,2024-08-02,14,0.207277,1
108105,2024-08-02,30,0.165031,1
108105,2024-08-02,60,0.127369,1
108105,2024-08-02,91,0.114779,1
108105,2024-08-02,122,0.122076,1
108105,2024-08-02,152,0.117296,1
108105,2024-08-02,182,0.117057,1
108105,2024-08-02,273,0.113042,1
108105,2024-08-02,365,0.118292,1
108105,2024-08-02,547,0.122646,1
108105,2024-08-02,730,0.156109,1
108105,2024-08-02,1825,0.213787,1
108105,2024-08-05,10,0.255296,1
108105,2024-08-05,14,0.232776,1
108105,2024-08-05,30,0.190395,1
108105,2024-08-05,60,0.148277,1
108105,2024-08-05,91,0.129148,1
108105,2024-08-05,122,0.131472,1
108105,2024-08-05,152,0.126479,1
108105,2024-08-05,182,0.124971,1
108105,2024-08-05,273,0.118845,1
108105,2024-08-05,365,0.122188,1
108105,2024-08-05,547,0.124933,1
108105,2024-08-05,730,0.157788,1
108105,2024-08-05,1825,0.21389,1
108105,2024-08-06,10,0.25903,1
108105,2024-08-06,14,0.247724,1
108105,2024-08-06,30,0.191485,1
108105,2024-08-06,60,0.150861,1
108105,2024-08-06,91,0.13078,1
108105,2024-08-06,122,0.1319,1
108105,2024-08-06,152,0.126489,1
108105,2024-08-06,182,0.125734,1
108105,2024-08-06,273,0.119325,1
108105,2024-08-06,365,0.122286,1
108105,2024-08-06,547,0.125061,1
108105,2024-08-06,730,0.157785,1
108105,2024-08-06,1825,0.213781,1
108105,2024-08-07,10,0.240055,1
108105,2024-08-07,14,0.228339,1
108105,2024-08-07,30,0.191717,1
108105,2024-08-07,60,0.150047,1
108105,2024-08-07,91,0.131753,1
108105,2024-08-07,122,0.131807,1
108105,2024-08-07,152,0.12666,1
108105,2024-08-07,182,0.125776,1
108105,2024-08-07,273,0.119757,1
108105,2024-08-07,365,0.122478,1
108105,2024-08-07,547,0.124851,1
108105,2024-08-07,730,0.157888,1
108105,2024-08-07,1825,0.213789,1
108105,2024-08-08,10,0.289391,1
108105,2024-08-08,14,0.265413,1
108105,2024-08-08,30,0.210663,1
108105,2024-08-08,60,0.158959,1
108105,2024-08-08,91,0.139176,1
108105,2024-08-08,122,0.137521,1
108105,2024-08-08,152,0.130839,1
108105,2024-08-08,182,0.129756,1
108105,2024-08-08,273,0.121962,1
108105,2024-08-08,365,0.124239,1
108105,2024-08-08,547,0.125794,1
108105,2024-08-08,730,0.158642,1
108105,2024-08-08,1825,0.213938,1
108105,2024-08-09,10,0.292474,1
108105,2024-08-09,14,0.258845,1
108105,2024-08-09,30,0.207609,1
108105,2024-08-09,60,0.159259,1
108105,2024-08-09,91,0.139427,1
108105,2024-08-09,122,0.137716,1
108105,2024-08-09,152,0.130383,1
108105,2024-08-09,182,0.129678,1
108105,2024-08-09,273,0.120865,1
108105,2024-08-09,365,0.124302,1
108105,2024-08-09,547,0.125591,1
108105,2024-08-09,730,0.157998,1
108105,2024-08-09,1825,0.213861,1
108105,2024-08-12,10,0.286875,1
108105,2024-08-12,14,0.258629,1
108105,2024-08-12,30,0.209829,1
108105,2024-08-12,60,0.161477,1
108105,2024-08-12,91,0.139423,1
108105,2024-08-12,122,0.135199,1
108105,2024-08-12,152,0.13049,1
108105,2024-08-12,182,0.129663,1
108105,2024-08-12,273,0.120851,1
108105,2024-08-12,365,0.124291,1
108105,2024-08-12,547,0.125587,1
108105,2024-08-12,730,0.157708,1
108105,2024-08-12,1825,0.213434,1
108105,2024-08-13,10,0.280555,1
108105,2024-08-13,14,0.274542,1
108105,2024-08-13,30,0.214695,1
108105,2024-08-13,60,0.167099,1
108105,2024-08-13,91,0.143002,1
108105,2024-08-13,122,0.13728,1
108105,2024-08-13,152,0.132853,1
108105,2024-08-13,182,0.130068,1
108105,2024-08-13,273,0.120436,1
108105,2024-08-13,365,0.12522,1
108105,2024-08-13,547,0.125966,1
108105,2024-08-13,730,0.157971,1
108105,2024-08-13,1825,0.213556,1
108105,2024-08-14,10,0.259878,1
108105,2024-08-14,14,0.261701,1
108105,2024-08-14,30,0.214961,1
108105,2024-08-14,60,0.165266,1
108105,2024-08-14,91,0.141357,1
108105,2024-08-14,122,0.136566,1
108105,2024-08-14,152,0.13249,1
108105,2024-08-14,182,0.129535,1
108105,2024-08-14,273,0.120478,1
108105,2024-08-14,365,0.124636,1
108105,2024-08-14,547,0.125989,1
108105,2024-08-14,730,0.15797,1
108105,2024-08-14,1825,0.213472,1
108105,2024-08-15,10,0.159124,1
108105,2024-08-15,14,0.264368,1
108105,2024-08-15,30,0.221536,1
108105,2024-08-15,60,0.167819,1
108105,2024-08-15,91,0.144687,1
108105,2024-08-15,122,0.137213,1
108105,2024-08-15,152,0.13399,1
108105,2024-08-15,182,0.131152,1
108105,2024-08-15,273,0.121732,1
108105,2024-08-15,365,0.125271,1
108105,2024-08-15,547,0.126597,1
108105,2024-08-15,730,0.158349,1
108105,2024-08-15,1825,0.213499,1
108105,2024-08-16,10,0.162206,1
108105,2024-08-16,14,0.239083,1
108105,2024-08-16,30,0.216821,1
108105,2024-08-16,60,0.166908,1
108105,2024-08-16,91,0.144707,1
108105,2024-08-16,122,0.137113,1
108105,2024-08-16,152,0.133363,1
108105,2024-08-16,182,0.130918,1
108105,2024-08-16,273,0.121737,1
108105,2024-08-16,365,0.124972,1
108105,2024-08-16,547,0.126027,1
108105,2024-08-16,730,0.158257,1
108105,2024-08-16,1825,0.213415,1
108105,2024-08-19,10,0.114395,1
108105,2024-08-19,14,0.144215,1
108105,2024-08-19,30,0.221208,1
108105,2024-08-19,60,0.170309,1
108105,2024-08-19,91,0.145822,1
108105,2024-08-19,122,0.137733,1
108105,2024-08-19,152,0.134277,1
108105,2024-08-19,182,0.130991,1
108105,2024-08-19,273,0.121928,1
108105,2024-08-19,365,0.125272,1
108105,2024-08-19,547,0.126201,1
108105,2024-08-19,730,0.158252,1
108105,2024-08-19,1825,0.213501,1
108105,2024-08-20,10,0.120514,1
108105,2024-08-20,14,0.151316,1
108105,2024-08-20,30,0.216095,1
108105,2024-08-20,60,0.170346,1
108105,2024-08-20,91,0.145898,1
108105,2024-08-20,122,0.137031,1
108105,2024-08-20,152,0.13428,1
108105,2024-08-20,182,0.130685,1
108105,2024-08-20,273,0.121927,1
108105,2024-08-20,365,0.125168,1
108105,2024-08-20,547,0.126055,1
108105,2024-08-20,730,0.158104,1
108105,2024-08-20,1825,0.213503,1
108105,2024-08-21,10,0.112368,1
108105,2024-08-21,14,0.129916,1
108105,2024-08-21,30,0.213598,1
108105,2024-08-21,60,0.168493,1
108105,2024-08-21,91,0.145876,1
108105,2024-08-21,122,0.136298,1
108105,2024-08-21,152,0.134357,1
108105,2024-08-21,182,0.130768,1
108105,2024-08-21,273,0.121933,1
108105,2024-08-21,365,0.125154,1
108105,2024-08-21,547,0.124894,1
108105,2024-08-21,730,0.157338,1
108105,2024-08-21,1825,0.213171,1
108105,2024-08-22,10,0.138764,1
108105,2024-08-22,14,0.125036,1
108105,2024-08-22,30,0.2159,1
108105,2024-08-22,60,0.168104,1
108105,2024-08-22,91,0.146279,1
108105,2024-08-22,122,0.136877,1
108105,2024-08-22,152,0.134544,1
108105,2024-08-22,182,0.128385,1
108105,2024-08-22,273,0.122168,1
108105,2024-08-22,365,0.125145,1
108105,2024-08-22,547,0.125138,1
108105,2024-08-22,730,0.157472,1
108105,2024-08-22,1825,0.213129,1
108105,2024-08-23,10,0.12549,1
108105,2024-08-23,14,0.12962,1
108105,2024-08-23,30,0.202066,1
108105,2024-08-23,60,0.169934,1
108105,2024-08-23,91,0.147312,1
108105,2024-08-23,122,0.136768,1
108105,2024-08-23,152,0.134938,1
108105,2024-08-23,182,0.129272,1
108105,2024-08-23,273,0.122756,1
108105,2024-08-23,365,0.124738,1
108105,2024-08-23,547,0.125382,1
108105,2024-08-23,730,0.15765,1
108105,2024-08-23,1825,0.2131,1
108105,2024-08-26,10,0.126078,1
108105,2024-08-26,14,0.134167,1
108105,2024-08-26,30,0.203591,1
108105,2024-08-26,60,0.174194,1
108105,2024-08-26,91,0.146352,1
108105,2024-08-26,122,0.13736,1
108105,2024-08-26,152,0.135576,1
108105,2024-08-26,182,0.129229,1
108105,2024-08-26,273,0.122804,1
108105,2024-08-26,365,0.124675,1
108105,2024-08-26,547,0.125073,1
108105,2024-08-26,730,0.155585,1
108105,2024-08-26,1825,0.213202,1
108105,2024-08-27,10,0.115105,1
108105,2024-08-27,14,0.117579,1
108105,2024-08-27,30,0.198686,1
108105,2024-08-27,60,0.173801,1
108105,2024-08-27,91,0.146352,1
108105,2024-08-27,122,0.136532,1
108105,2024-08-27,152,0.135582,1
108105,2024-08-27,182,0.129228,1
108105,2024-08-27,273,0.122806,1
108105,2024-08-27,365,0.124564,1
108105,2024-08-27,547,0.125061,1
108105,2024-08-27,730,0.155431,1
108105,2024-08-27,1825,0.213134,1
108105,2024-08-28,10,0.115256,1
108105,2024-08-28,14,0.126707,1
108105,2024-08-28,30,0.200244,1
108105,2024-08-28,60,0.172456,1
108105,2024-08-28,91,0.146055,1
108105,2024-08-28,122,0.136276,1
108105,2024-08-28,152,0.135321,1
108105,2024-08-28,182,0.12954,1
108105,2024-08-28,273,0.123061,1
108105,2024-08-28,365,0.124019,1
108105,2024-08-28,547,0.125147,1
108105,2024-08-28,730,0.155415,1
108105,2024-08-28,1825,0.213154,1
108105,2024-08-29,10,0.10042,1
108105,2024-08-29,14,0.101932,1
108105,2024-08-29,30,0.199154,1
108105,2024-08-29,60,0.170397,1
108105,2024-08-29,91,0.145389,1
108105,2024-08-29,122,0.13624,1
108105,2024-08-29,152,0.134679,1
108105,2024-08-29,182,0.12939,1
108105,2024-08-29,273,0.123028,1
108105,2024-08-29,365,0.123986,1
108105,2024-08-29,547,0.125064,1
108105,2024-08-29,730,0.155192,1
108105,2024-08-29,1825,0.213069,1
108105,2024-08-30,10,0.115051,1
108105,2024-08-30,14,0.111923,1
108105,2024-08-30,30,0.195146,1
108105,2024-08-30,60,0.171875,1
108105,2024-08-30,91,0.145843,1
108105,2024-08-30,122,0.133879,1
108105,2024-08-30,152,0.134825,1
108105,2024-08-30,182,0.129656,1
108105,2024-08-30,273,0.123344,1
108105,2024-08-30,365,0.124302,1
108105,2024-08-30,547,0.125169,1
108105,2024-08-30,730,0.155216,1
108105,2024-08-30,1825,0.213027,1
108105,2024-09-03,10,0.165973,1
108105,2024-09-03,14,0.160561,1
108105,2024-09-03,30,0.196542,1
108105,2024-09-03,60,0.182876,1
108105,2024-09-03,91,0.153839,1
108105,2024-09-03,122,0.138792,1
108105,2024-09-03,152,0.138945,1
108105,2024-09-03,182,0.132991,1
108105,2024-09-03,273,0.126179,1
108105,2024-09-03,365,0.126287,1
108105,2024-09-03,547,0.126047,1
108105,2024-09-03,730,0.155937,1
108105,2024-09-03,1825,0.213274,1
108105,2024-09-04,10,0.151798,1
108105,2024-09-04,14,0.15709,1
108105,2024-09-04,30,0.159178,1
108105,2024-09-04,60,0.180667,1
108105,2024-09-04,91,0.152218,1
108105,2024-09-04,122,0.138022,1
108105,2024-09-04,152,0.138031,1
108105,2024-09-04,182,0.132877,1
108105,2024-09-04,273,0.126084,1
108105,2024-09-04,365,0.12621,1
108105,2024-09-04,547,0.125354,1
108105,2024-09-04,730,0.15579,1
108105,2024-09-04,1825,0.213276,1
108105,2024-09-05,10,0.151791,1
108105,2024-09-05,14,0.15185,1
108105,2024-09-05,30,0.158134,1
108105,2024-09-05,60,0.178633,1
108105,2024-09-05,91,0.152377,1
108105,2024-09-05,122,0.137192,1
108105,2024-09-05,152,0.137479,1
108105,2024-09-05,182,0.132258,1
108105,2024-09-05,273,0.125913,1
108105,2024-09-05,365,0.126024,1
108105,2024-09-05,547,0.125393,1
108105,2024-09-05,730,0.155775,1
108105,2024-09-05,1825,0.213197,1
108105,2024-09-06,10,0.169841,1
108105,2024-09-06,14,0.152123,1
108105,2024-09-06,30,0.16905,1
108105,2024-09-06,60,0.183346,1
108105,2024-09-06,91,0.156552,1
108105,2024-09-06,122,0.140733,1
108105,2024-09-06,152,0.139591,1
108105,2024-09-06,182,0.134321,1
108105,2024-09-06,273,0.127665,1
108105,2024-09-06,365,0.12728,1
108105,2024-09-06,547,0.12527,1
108105,2024-09-06,730,0.155806,1
108105,2024-09-06,1825,0.213262,1
108105,2024-09-09,10,0.210133,1
108105,2024-09-09,14,0.174521,1
108105,2024-09-09,30,0.159009,1
108105,2024-09-09,60,0.187235,1
108105,2024-09-09,91,0.158145,1
108105,2024-09-09,122,0.143531,1
108105,2024-09-09,152,0.141124,1
108105,2024-09-09,182,0.135219,1
108105,2024-09-09,273,0.128217,1
108105,2024-09-09,365,0.127733,1
108105,2024-09-09,547,0.12493,1
108105,2024-09-09,730,0.155753,1
108105,2024-09-09,1825,0.213468,1
108105,2024-09-10,10,0.200655,1
108105,2024-09-10,14,0.177494,1
108105,2024-09-10,30,0.155401,1
108105,2024-09-10,60,0.187043,1
108105,2024-09-10,91,0.158294,1
108105,2024-09-10,122,0.142814,1
108105,2024-09-10,152,0.140848,1
108105,2024-09-10,182,0.134485,1
108105,2024-09-10,273,0.128212,1
108105,2024-09-10,365,0.127649,1
108105,2024-09-10,547,0.124947,1
108105,2024-09-10,730,0.155622,1
108105,2024-09-10,1825,0.213473,1
108105,2024-09-11,10,0.204572,1
108105,2024-09-11,14,0.18888,1
108105,2024-09-11,30,0.158576,1
108105,2024-09-11,60,0.186751,1
108105,2024-09-11,91,0.158805,1
108105,2024-09-11,122,0.143003,1
108105,2024-09-11,152,0.139667,1
108105,2024-09-11,182,0.135205,1
108105,2024-09-11,273,0.127861,1
108105,2024-09-11,365,0.127856,1
108105,2024-09-11,547,0.12456,1
108105,2024-09-11,730,0.155625,1
108105,2024-09-11,1825,0.21352,1
108105,2024-09-12,10,0.197334,1
108105,2024-09-12,14,0.193891,1
108105,2024-09-12,30,0.15069,1
108105,2024-09-12,60,0.18546,1
108105,2024-09-12,91,0.1594,1
108105,2024-09-12,122,0.143466,1
108105,2024-09-12,152,0.13938,1
108105,2024-09-12,182,0.135465,1
108105,2024-09-12,273,0.128074,1
108105,2024-09-12,365,0.128026,1
108105,2024-09-12,547,0.124504,1
108105,2024-09-12,730,0.152416,1
108105,2024-09-12,1825,0.213458,1
108105,2024-09-13,10,0.15022,1
108105,2024-09-13,14,0.187828,1
108105,2024-09-13,30,0.151108,1
108105,2024-09-13,60,0.185806,1
108105,2024-09-13,91,0.159697,1
108105,2024-09-13,122,0.143518,1
108105,2024-09-13,152,0.138892,1
108105,2024-09-13,182,0.135239,1
108105,2024-09-13,273,0.128175,1
108105,2024-09-13,365,0.127884,1
108105,2024-09-13,547,0.123824,1
108105,2024-09-13,730,0.15244,1
108105,2024-09-13,1825,0.213384,1
108105,2024-09-16,10,0.061624,1
108105,2024-09-16,14,0.177291,1
108105,2024-09-16,30,0.145174,1
108105,2024-09-16,60,0.185307,1
108105,2024-09-16,91,0.159047,1
108105,2024-09-16,122,0.143921,1
108105,2024-09-16,152,0.138243,1
108105,2024-09-16,182,0.135008,1
108105,2024-09-16,273,0.128107,1
108105,2024-09-16,365,0.127202,1
108105,2024-09-16,547,0.123431,1
108105,2024-09-16,730,0.152247,1
108105,2024-09-16,1825,0.213546,1
108105,2024-09-17,10,0.068517,1
108105,2024-09-17,14,0.132872,1
108105,2024-09-17,30,0.141506,1
108105,2024-09-17,60,0.184312,1
108105,2024-09-17,91,0.158991,1
108105,2024-09-17,122,0.143043,1
108105,2024-09-17,152,0.138151,1
108105,2024-09-17,182,0.134826,1
108105,2024-09-17,273,0.12798,1
108105,2024-09-17,365,0.127203,1
108105,2024-09-17,547,0.123261,1
108105,2024-09-17,730,0.152095,1
108105,2024-09-17,1825,0.213546,1
108105,2024-09-18,10,0.080232,1
108105,2024-09-18,14,0.133982,1
108105,2024-09-18,30,0.138102,1
108105,2024-09-18,60,0.182249,1
108105,2024-09-18,91,0.157844,1
108105,2024-09-18,122,0.142318,1
108105,2024-09-18,152,0.137418,1
108105,2024-09-18,182,0.134408,1
108105,2024-09-18,273,0.126736,1
108105,2024-09-18,365,0.127224,1
108105,2024-09-18,547,0.12291,1
108105,2024-09-18,730,0.152055,1
108105,2024-09-18,1825,0.213538,1
108105,2024-09-19,10,0.099584,1
108105,2024-09-19,14,0.15022,1
108105,2024-09-19,30,0.149467,1
108105,2024-09-19,60,0.184364,1
108105,2024-09-19,91,0.161113,1
108105,2024-09-19,122,0.145041,1
108105,2024-09-19,152,0.138888,1
108105,2024-09-19,182,0.136327,1
108105,2024-09-19,273,0.127622,1
108105,2024-09-19,365,0.127787,1
108105,2024-09-19,547,0.122758,1
108105,2024-09-19,730,0.152241,1
108105,2024-09-19,1825,0.213578,1
108105,2024-09-20,10,0.107946,1
108105,2024-09-20,14,0.101324,1
108105,2024-09-20,30,0.149306,1
108105,2024-09-20,60,0.182841,1
108105,2024-09-20,91,0.161137,1
108105,2024-09-20,122,0.145094,1
108105,2024-09-20,152,0.138318,1
108105,2024-09-20,182,0.136346,1
108105,2024-09-20,273,0.127666,1
108105,2024-09-20,365,0.126595,1
108105,2024-09-20,547,0.12277,1
108105,2024-09-20,730,0.151714,1
108105,2024-09-20,1825,0.213496,1
108105,2024-09-23,10,0.114633,1
108105,2024-09-23,14,0.095631,1
108105,2024-09-23,30,0.144081,1
108105,2024-09-23,60,0.176335,1
108105,2024-09-23,91,0.16101,1
108105,2024-09-23,122,0.145652,1
108105,2024-09-23,152,0.138175,1
108105,2024-09-23,182,0.136273,1
108105,2024-09-23,273,0.12734,1
108105,2024-09-23,365,0.12656,1
108105,2024-09-23,547,0.12272,1
108105,2024-09-23,730,0.151175,1
108105,2024-09-23,1825,0.213616,1
108105,2024-09-24,10,0.104653,1
108105,2024-09-24,14,0.096111,1
108105,2024-09-24,30,0.140567,1
108105,2024-09-24,60,0.174661,1
108105,2024-09-24,91,0.160922,1
108105,2024-09-24,122,0.144788,1
108105,2024-09-24,152,0.137894,1
108105,2024-09-24,182,0.136202,1
108105,2024-09-24,273,0.127296,1
108105,2024-09-24,365,0.126534,1
108105,2024-09-24,547,0.122726,1
108105,2024-09-24,730,0.151029,1
108105,2024-09-24,1825,0.213614,1
108105,2024-09-25,10,0.100202,1
108105,2024-09-25,14,0.093283,1
108105,2024-09-25,30,0.140175,1
108105,2024-09-25,60,0.17268,1
108105,2024-09-25,91,0.160997,1
108105,2024-09-25,122,0.143995,1
108105,2024-09-25,152,0.137257,1
108105,2024-09-25,182,0.13579,1
108105,2024-09-25,273,0.127338,1
108105,2024-09-25,365,0.125549,1
108105,2024-09-25,547,0.12273,1
108105,2024-09-25,730,0.150829,1
108105,2024-09-25,1825,0.2136,1
108105,2024-09-26,10,0.10055,1
108105,2024-09-26,14,0.0902,1
108105,2024-09-26,30,0.140584,1
108105,2024-09-26,60,0.170757,1
108105,2024-09-26,91,0.161135,1
108105,2024-09-26,122,0.143236,1
108105,2024-09-26,152,0.13667,1
108105,2024-09-26,182,0.135872,1
108105,2024-09-26,273,0.127386,1
108105,2024-09-26,365,0.125578,1
108105,2024-09-26,547,0.122279,1
108105,2024-09-26,730,0.15083,1
108105,2024-09-26,1825,0.213521,1
108105,2024-09-27,10,0.102096,1
108105,2024-09-27,14,0.090687,1
108105,2024-09-27,30,0.138556,1
108105,2024-09-27,60,0.170858,1
108105,2024-09-27,91,0.160889,1
108105,2024-09-27,122,0.143281,1
108105,2024-09-27,152,0.136068,1
108105,2024-09-27,182,0.135356,1
108105,2024-09-27,273,0.127335,1
108105,2024-09-27,365,0.125512,1
108105,2024-09-27,547,0.12223,1
108105,2024-09-27,730,0.15026,1
108105,2024-09-27,1825,0.213437,1
108105,2024-09-30,10,0.042063,1
108105,2024-09-30,14,0.091254,1
108105,2024-09-30,30,0.138788,1
108105,2024-09-30,60,0.166519,1
108105,2024-09-30,91,0.160993,1
108105,2024-09-30,122,0.143338,1
108105,2024-09-30,152,0.134611,1
108105,2024-09-30,182,0.135391,1
108105,2024-09-30,273,0.127049,1
108105,2024-09-30,365,0.12549,1
108105,2024-09-30,547,0.121764,1
108105,2024-09-30,730,0.14916,1
108105,2024-09-30,1825,0.213364,1
108105,2024-10-01,10,0.07693,1
108105,2024-10-01,14,0.108387,1
108105,2024-10-01,30,0.13996,1
108105,2024-10-01,60,0.161062,1
108105,2024-10-01,91,0.161887,1
108105,2024-10-01,122,0.143612,1
108105,2024-10-01,152,0.135074,1
108105,2024-10-01,182,0.135675,1
108105,2024-10-01,273,0.127382,1
108105,2024-10-01,365,0.125929,1
108105,2024-10-01,547,0.122032,1
108105,2024-10-01,730,0.14919,1
108105,2024-10-01,1825,0.213384,1
108105,2024-10-02,10,0.071223,1
108105,2024-10-02,14,0.106133,1
108105,2024-10-02,30,0.136592,1
108105,2024-10-02,60,0.159125,1
108105,2024-10-02,91,0.161629,1
108105,2024-10-02,122,0.142761,1
108105,2024-10-02,152,0.133903,1
108105,2024-10-02,182,0.135676,1
108105,2024-10-02,273,0.126952,1
108105,2024-10-02,365,0.125029,1
108105,2024-10-02,547,0.121911,1
108105,2024-10-02,730,0.148163,1
108105,2024-10-02,1825,0.213297,1
108105,2024-10-03,10,0.069644,1
108105,2024-10-03,14,0.064184,1
108105,2024-10-03,30,0.11298,1
108105,2024-10-03,60,0.157416,1
108105,2024-10-03,91,0.160399,1
108105,2024-10-03,122,0.142831,1
108105,2024-10-03,152,0.133324,1
108105,2024-10-03,182,0.134425,1
108105,2024-10-03,273,0.126885,1
108105,2024-10-03,365,0.12487,1
108105,2024-10-03,547,0.121897,1
108105,2024-10-03,730,0.146711,1
108105,2024-10-03,1825,0.213215,1
108105,2024-10-04,10,0.08659,1
108105,2024-10-04,14,0.077859,1
108105,2024-10-04,30,0.115239,1
108105,2024-10-04,60,0.137056,1
108105,2024-10-04,91,0.160982,1
108105,2024-10-04,122,0.143498,1
108105,2024-10-04,152,0.133249,1
108105,2024-10-04,182,0.134134,1
108105,2024-10-04,273,0.127211,1
108105,2024-10-04,365,0.125087,1
108105,2024-10-04,547,0.122056,1
108105,2024-10-04,730,0.14681,1
108105,2024-10-04,1825,0.213163,1
108105,2024-10-07,10,0.117067,1
108105,2024-10-07,14,0.092717,1
108105,2024-10-07,30,0.102621,1
108105,2024-10-07,60,0.129755,1
108105,2024-10-07,91,0.16223,1
108105,2024-10-07,122,0.145092,1
108105,2024-10-07,152,0.134769,1
108105,2024-10-07,182,0.134933,1
108105,2024-10-07,273,0.126915,1
108105,2024-10-07,365,0.125104,1
108105,2024-10-07,547,0.122197,1
108105,2024-10-07,730,0.145456,1
108105,2024-10-07,1825,0.213212,1
108105,2024-10-08,10,0.125208,1
108105,2024-10-08,14,0.10507,1
108105,2024-10-08,30,0.103051,1
108105,2024-10-08,60,0.13106,1
108105,2024-10-08,91,0.163276,1
108105,2024-10-08,122,0.145033,1
108105,2024-10-08,152,0.135301,1
108105,2024-10-08,182,0.135519,1
108105,2024-10-08,273,0.127281,1
108105,2024-10-08,365,0.125289,1
108105,2024-10-08,547,0.122407,1
108105,2024-10-08,730,0.145443,1
108105,2024-10-08,1825,0.213234,1
108105,2024-10-09,10,0.121982,1
108105,2024-10-09,14,0.10939,1
108105,2024-10-09,30,0.099587,1
108105,2024-10-09,60,0.130101,1
108105,2024-10-09,91,0.162661,1
108105,2024-10-09,122,0.144565,1
108105,2024-10-09,152,0.135635,1
108105,2024-10-09,182,0.13501,1
108105,2024-10-09,273,0.127362,1
108105,2024-10-09,365,0.125366,1
108105,2024-10-09,547,0.122509,1
108105,2024-10-09,730,0.145385,1
108105,2024-10-09,1825,0.213204,1
108105,2024-10-10,10,0.121417,1
108105,2024-10-10,14,0.109277,1
108105,2024-10-10,30,0.100565,1
108105,2024-10-10,60,0.128905,1
108105,2024-10-10,91,0.161678,1
108105,2024-10-10,122,0.144628,1
108105,2024-10-10,152,0.135065,1
108105,2024-10-10,182,0.134756,1
108105,2024-10-10,273,0.127398,1
108105,2024-10-10,365,0.125367,1
108105,2024-10-10,547,0.122464,1
108105,2024-10-10,730,0.145304,1
108105,2024-10-10,1825,0.213123,1
108105,2024-10-11,10,0.106789,1
108105,2024-10-11,14,0.111904,1
108105,2024-10-11,30,0.097161,1
108105,2024-10-11,60,0.129224,1
108105,2024-10-11,91,0.161746,1
108105,2024-10-11,122,0.144867,1
108105,2024-10-11,152,0.134647,1
108105,2024-10-11,182,0.133126,1
108105,2024-10-11,273,0.12753,1
108105,2024-10-11,365,0.125243,1
108105,2024-10-11,547,0.122123,1
108105,2024-10-11,730,0.145317,1
108105,2024-10-11,1825,0.213052,1
108105,2024-10-14,10,0.118186,1
108105,2024-10-14,14,0.115682,1
108105,2024-10-14,30,0.098984,1
108105,2024-10-14,60,0.122518,1
108105,2024-10-14,91,0.162306,1
108105,2024-10-14,122,0.146466,1
108105,2024-10-14,152,0.135179,1
108105,2024-10-14,182,0.132136,1
108105,2024-10-14,273,0.127421,1
108105,2024-10-14,365,0.125257,1
108105,2024-10-14,547,0.122225,1
108105,2024-10-14,730,0.143396,1
108105,2024-10-14,1825,0.2132,1
108105,2024-10-15,10,0.125734,1
108105,2024-10-15,14,0.111302,1
108105,2024-10-15,30,0.101892,1
108105,2024-10-15,60,0.124513,1
108105,2024-10-15,91,0.162701,1
108105,2024-10-15,122,0.146332,1
108105,2024-10-15,152,0.13576,1
108105,2024-10-15,182,0.132645,1
108105,2024-10-15,273,0.127698,1
108105,2024-10-15,365,0.125217,1
108105,2024-10-15,547,0.122409,1
108105,2024-10-15,730,0.143383,1
108105,2024-10-15,1825,0.213229,1
108105,2024-10-16,10,0.117686,1
108105,2024-10-16,14,0.111676,1
108105,2024-10-16,30,0.102446,1
108105,2024-10-16,60,0.123291,1
108105,2024-10-16,91,0.160281,1
108105,2024-10-16,122,0.14561,1
108105,2024-10-16,152,0.135886,1
108105,2024-10-16,182,0.132371,1
108105,2024-10-16,273,0.127529,1
108105,2024-10-16,365,0.12526,1
108105,2024-10-16,547,0.122448,1
108105,2024-10-16,730,0.14229,1
108105,2024-10-16,1825,0.213227,1
108105,2024-10-17,10,0.093624,1
108105,2024-10-17,14,0.110417,1
108105,2024-10-17,30,0.102527,1
108105,2024-10-17,60,0.12186,1
108105,2024-10-17,91,0.159366,1
108105,2024-10-17,122,0.14514,1
108105,2024-10-17,152,0.135242,1
108105,2024-10-17,182,0.132296,1
108105,2024-10-17,273,0.127227,1
108105,2024-10-17,365,0.124399,1
108105,2024-10-17,547,0.122448,1
108105,2024-10-17,730,0.142099,1
108105,2024-10-17,1825,0.213143,1
108105,2024-10-18,10,0.084428,1
108105,2024-10-18,14,0.104937,1
108105,2024-10-18,30,0.101507,1
108105,2024-10-18,60,0.120243,1
108105,2024-10-18,91,0.158665,1
108105,2024-10-18,122,0.145213,1
108105,2024-10-18,152,0.134678,1
108105,2024-10-18,182,0.131578,1
108105,2024-10-18,273,0.126609,1
108105,2024-10-18,365,0.124043,1
108105,2024-10-18,547,0.122344,1
108105,2024-10-18,730,0.142013,1
108105,2024-10-18,1825,0.213063,1
108105,2024-10-21,10,0.087161,1
108105,2024-10-21,14,0.086494,1
108105,2024-10-21,30,0.088801,1
108105,2024-10-21,60,0.1203,1
108105,2024-10-21,91,0.157532,1
108105,2024-10-21,122,0.145984,1
108105,2024-10-21,152,0.135907,1
108105,2024-10-21,182,0.13123,1
108105,2024-10-21,273,0.126644,1
108105,2024-10-21,365,0.12329,1
108105,2024-10-21,547,0.122365,1
108105,2024-10-21,730,0.141123,1
108105,2024-10-21,1825,0.213207,1
108105,2024-10-22,10,0.080135,1
108105,2024-10-22,14,0.07841,1
108105,2024-10-22,30,0.086857,1
108105,2024-10-22,60,0.117523,1
108105,2024-10-22,91,0.157482,1
108105,2024-10-22,122,0.145129,1
108105,2024-10-22,152,0.135291,1
108105,2024-10-22,182,0.130367,1
108105,2024-10-22,273,0.126636,1
108105,2024-10-22,365,0.123267,1
108105,2024-10-22,547,0.12237,1
108105,2024-10-22,730,0.140986,1
108105,2024-10-22,1825,0.213206,1
108105,2024-10-23,10,0.093435,1
108105,2024-10-23,14,0.089216,1
108105,2024-10-23,30,0.093444,1
108105,2024-10-23,60,0.118716,1
108105,2024-10-23,91,0.151139,1
108105,2024-10-23,122,0.145293,1
108105,2024-10-23,152,0.135894,1
108105,2024-10-23,182,0.131184,1
108105,2024-10-23,273,0.127184,1
108105,2024-10-23,365,0.123572,1
108105,2024-10-23,547,0.121873,1
108105,2024-10-23,730,0.140954,1
108105,2024-10-23,1825,0.213245,1
108105,2024-10-24,10,0.080525,1
108105,2024-10-24,14,0.08886,1
108105,2024-10-24,30,0.093364,1
108105,2024-10-24,60,0.117348,1
108105,2024-10-24,91,0.150637,1
108105,2024-10-24,122,0.145167,1
108105,2024-10-24,152,0.135254,1
108105,2024-10-24,182,0.130945,1
108105,2024-10-24,273,0.127093,1
108105,2024-10-24,365,0.122563,1
108105,2024-10-24,547,0.121814,1
108105,2024-10-24,730,0.140538,1
108105,2024-10-24,1825,0.213161,1
108105,2024-10-25,10,0.068633,1
108105,2024-10-25,14,0.083364,1
108105,2024-10-25,30,0.093017,1
108105,2024-10-25,60,0.116985,1
108105,2024-10-25,91,0.149335,1
108105,2024-10-25,122,0.145073,1
108105,2024-10-25,152,0.13462,1
108105,2024-10-25,182,0.130323,1
108105,2024-10-25,273,0.127087,1
108105,2024-10-25,365,0.121852,1
108105,2024-10-25,547,0.120878,1
108105,2024-10-25,730,0.140419,1
108105,2024-10-25,1825,0.213077,1
108105,2024-10-28,10,0.068187,1
108105,2024-10-28,14,0.073422,1
108105,2024-10-28,30,0.094577,1
108105,2024-10-28,60,0.118672,1
108105,2024-10-28,91,0.149372,1
108105,2024-10-28,122,0.1466,1
108105,2024-10-28,152,0.134671,1
108105,2024-10-28,182,0.130307,1
108105,2024-10-28,273,0.126872,1
108105,2024-10-28,365,0.121701,1
108105,2024-10-28,547,0.120737,1
108105,2024-10-28,730,0.139484,1
108105,2024-10-28,1825,0.213232,1
108105,2024-10-29,10,0.064452,1
108105,2024-10-29,14,0.062549,1
108105,2024-10-29,30,0.092349,1
108105,2024-10-29,60,0.11644,1
108105,2024-10-29,91,0.14889,1
108105,2024-10-29,122,0.145732,1
108105,2024-10-29,152,0.134235,1
108105,2024-10-29,182,0.128067,1
108105,2024-10-29,273,0.126863,1
108105,2024-10-29,365,0.121237,1
108105,2024-10-29,547,0.120734,1
108105,2024-10-29,730,0.139346,1
108105,2024-10-29,1825,0.213227,1
108105,2024-10-30,10,0.061337,1
108105,2024-10-30,14,0.059712,1
108105,2024-10-30,30,0.092459,1
108105,2024-10-30,60,0.115446,1
108105,2024-10-30,91,0.1462,1
108105,2024-10-30,122,0.145041,1
108105,2024-10-30,152,0.133955,1
108105,2024-10-30,182,0.128057,1
108105,2024-10-30,273,0.125392,1
108105,2024-10-30,365,0.121217,1
108105,2024-10-30,547,0.120345,1
108105,2024-10-30,730,0.139253,1
108105,2024-10-30,1825,0.213195,1
108105,2024-10-31,10,0.11715,1
108105,2024-10-31,14,0.109383,1
108105,2024-10-31,30,0.108512,1
108105,2024-10-31,60,0.123425,1
108105,2024-10-31,91,0.148515,1
108105,2024-10-31,122,0.148793,1
108105,2024-10-31,152,0.136736,1
108105,2024-10-31,182,0.130625,1
108105,2024-10-31,273,0.126742,1
108105,2024-10-31,365,0.122526,1
108105,2024-10-31,547,0.121247,1
108105,2024-10-31,730,0.1399,1
108105,2024-10-31,1825,0.213285,1
108105,2024-11-01,10,0.123602,1
108105,2024-11-01,14,0.10958,1
108105,2024-11-01,30,0.109402,1
108105,2024-11-01,60,0.122329,1
108105,2024-11-01,91,0.143469,1
108105,2024-11-01,122,0.148598,1
108105,2024-11-01,152,0.136187,1
108105,2024-11-01,182,0.129667,1
108105,2024-11-01,273,0.126286,1
108105,2024-11-01,365,0.121291,1
108105,2024-11-01,547,0.121091,1
108105,2024-11-01,730,0.138687,1
108105,2024-11-01,1825,0.213206,1
108105,2024-11-04,10,0.133285,1
108105,2024-11-04,14,0.109561,1
108105,2024-11-04,30,0.107732,1
108105,2024-11-04,60,0.112633,1
108105,2024-11-04,91,0.128941,1
108105,2024-11-04,122,0.149105,1
108105,2024-11-04,152,0.136505,1
108105,2024-11-04,182,0.129075,1
108105,2024-11-04,273,0.126271,1
108105,2024-11-04,365,0.121072,1
108105,2024-11-04,547,0.120287,1
108105,2024-11-04,730,0.138317,1
108105,2024-11-04,1825,0.213375,1
108105,2024-11-05,10,0.15117,1
108105,2024-11-05,14,0.13207,1
108105,2024-11-05,30,0.113341,1
108105,2024-11-05,60,0.10623,1
108105,2024-11-05,91,0.12951,1
108105,2024-11-05,122,0.149615,1
108105,2024-11-05,152,0.13767,1
108105,2024-11-05,182,0.130079,1
108105,2024-11-05,273,0.126947,1
108105,2024-11-05,365,0.121581,1
108105,2024-11-05,547,0.120642,1
108105,2024-11-05,730,0.138414,1
108105,2024-11-05,1825,0.213437,1
108105,2024-11-06,10,0.200604,1
108105,2024-11-06,14,0.177498,1
108105,2024-11-06,30,0.135501,1
108105,2024-11-06,60,0.119255,1
108105,2024-11-06,91,0.136226,1
108105,2024-11-06,122,0.154495,1
108105,2024-11-06,152,0.142665,1
108105,2024-11-06,182,0.134469,1
108105,2024-11-06,273,0.129703,1
108105,2024-11-06,365,0.123899,1
108105,2024-11-06,547,0.122156,1
108105,2024-11-06,730,0.13933,1
108105,2024-11-06,1825,0.213717,1
108105,2024-11-07,10,0.202434,1
108105,2024-11-07,14,0.179368,1
108105,2024-11-07,30,0.134156,1
108105,2024-11-07,60,0.118532,1
108105,2024-11-07,91,0.130148,1
108105,2024-11-07,122,0.154913,1
108105,2024-11-07,152,0.142329,1
108105,2024-11-07,182,0.134649,1
108105,2024-11-07,273,0.129919,1
108105,2024-11-07,365,0.124054,1
108105,2024-11-07,547,0.122235,1
108105,2024-11-07,730,0.139366,1
108105,2024-11-07,1825,0.213654,1
108105,2024-11-08,10,0.202197,1
108105,2024-11-08,14,0.178577,1
108105,2024-11-08,30,0.133024,1
108105,2024-11-08,60,0.116416,1
108105,2024-11-08,91,0.13008,1
108105,2024-11-08,122,0.154994,1
108105,2024-11-08,152,0.141717,1
108105,2024-11-08,182,0.1347,1
108105,2024-11-08,273,0.129842,1
108105,2024-11-08,365,0.123722,1
108105,2024-11-08,547,0.122237,1
108105,2024-11-08,730,0.138512,1
108105,2024-11-08,1825,0.213574,1
108105,2024-11-11,10,0.157212,1
108105,2024-11-11,14,0.178915,1
108105,2024-11-11,30,0.134779,1
108105,2024-11-11,60,0.116262,1
108105,2024-11-11,91,0.130043,1
108105,2024-11-11,122,0.154887,1
108105,2024-11-11,152,0.142557,1
108105,2024-11-11,182,0.134686,1
108105,2024-11-11,273,0.129823,1
108105,2024-11-11,365,0.122893,1
108105,2024-11-11,547,0.122219,1
108105,2024-11-11,730,0.133301,1
108105,2024-11-11,1825,0.21374,1
108105,2024-11-12,10,0.157081,1
108105,2024-11-12,14,0.181316,1
108105,2024-11-12,30,0.132371,1
108105,2024-11-12,60,0.116402,1
108105,2024-11-12,91,0.12684,1
108105,2024-11-12,122,0.154102,1
108105,2024-11-12,152,0.142666,1
108105,2024-11-12,182,0.134699,1
108105,2024-11-12,273,0.128775,1
108105,2024-11-12,365,0.122945,1
108105,2024-11-12,547,0.122249,1
108105,2024-11-12,730,0.133194,1
108105,2024-11-12,1825,0.213746,1
108105,2024-11-13,10,0.149269,1
108105,2024-11-13,14,0.178967,1
108105,2024-11-13,30,0.130451,1
108105,2024-11-13,60,0.115047,1
108105,2024-11-13,91,0.126778,1
108105,2024-11-13,122,0.153205,1
108105,2024-11-13,152,0.142655,1
108105,2024-11-13,182,0.133852,1
108105,2024-11-13,273,0.128396,1
108105,2024-11-13,365,0.121655,1
108105,2024-11-13,547,0.122101,1
108105,2024-11-13,730,0.133014,1
108105,2024-11-13,1825,0.213722,1
108105,2024-11-14,10,0.156704,1
108105,2024-11-14,14,0.143692,1
108105,2024-11-14,30,0.129312,1
108105,2024-11-14,60,0.115112,1
108105,2024-11-14,91,0.124181,1
108105,2024-11-14,122,0.153597,1
108105,2024-11-14,152,0.142383,1
108105,2024-11-14,182,0.134152,1
108105,2024-11-14,273,0.128526,1
108105,2024-11-14,365,0.121869,1
108105,2024-11-14,547,0.121914,1
108105,2024-11-14,730,0.132986,1
108105,2024-11-14,1825,0.213657,1
108105,2024-11-15,10,0.178734,1
108105,2024-11-15,14,0.16838,1
108105,2024-11-15,30,0.137296,1
108105,2024-11-15,60,0.120271,1
108105,2024-11-15,91,0.127405,1
108105,2024-11-15,122,0.155082,1
108105,2024-11-15,152,0.143364,1
108105,2024-11-15,182,0.135649,1
108105,2024-11-15,273,0.1294,1
108105,2024-11-15,365,0.12272,1
108105,2024-11-15,547,0.122271,1
108105,2024-11-15,730,0.133205,1
108105,2024-11-15,1825,0.213662,1
108105,2024-11-18,10,0.097641,1
108105,2024-11-18,14,0.165862,1
108105,2024-11-18,30,0.140662,1
108105,2024-11-18,60,0.116483,1
108105,2024-11-18,91,0.12632,1
108105,2024-11-18,122,0.153684,1
108105,2024-11-18,152,0.143703,1
108105,2024-11-18,182,0.13572,1
108105,2024-11-18,273,0.129105,1
108105,2024-11-18,365,0.122753,1
108105,2024-11-18,547,0.122281,1
108105,2024-11-18,730,0.133298,1
108105,2024-11-18,1825,0.213828,1
108105,2024-11-19,10,0.098061,1
108105,2024-11-19,14,0.158224,1
108105,2024-11-19,30,0.137848,1
108105,2024-11-19,60,0.116545,1
108105,2024-11-19,91,0.12635,1
108105,2024-11-19,122,0.152873,1
108105,2024-11-19,152,0.143703,1
108105,2024-11-19,182,0.135772,1
108105,2024-11-19,273,0.128907,1
108105,2024-11-19,365,0.122624,1
108105,2024-11-19,547,0.122305,1
108105,2024-11-19,730,0.133184,1
108105,2024-11-19,1825,0.213832,1
108105,2024-11-20,10,0.091415,1
108105,2024-11-20,14,0.094994,1
108105,2024-11-20,30,0.137632,1
108105,2024-11-20,60,0.115167,1
108105,2024-11-20,91,0.126178,1
108105,2024-11-20,122,0.151988,1
108105,2024-11-20,152,0.143663,1
108105,2024-11-20,182,0.135682,1
108105,2024-11-20,273,0.128911,1
108105,2024-11-20,365,0.12259,1
108105,2024-11-20,547,0.121898,1
108105,2024-11-20,730,0.133144,1
108105,2024-11-20,1825,0.21383,1
108105,2024-11-21,10,0.09887,1
108105,2024-11-21,14,0.090817,1
108105,2024-11-21,30,0.138542,1
108105,2024-11-21,60,0.114321,1
108105,2024-11-21,91,0.124931,1
108105,2024-11-21,122,0.151232,1
108105,2024-11-21,152,0.143156,1
108105,2024-11-21,182,0.135312,1
108105,2024-11-21,273,0.126922,1
108105,2024-11-21,365,0.122628,1
108105,2024-11-21,547,0.12176,1
108105,2024-11-21,730,0.132878,1
108105,2024-11-21,1825,0.213756,1
108105,2024-11-22,10,0.101128,1
108105,2024-11-22,14,0.090459,1
108105,2024-11-22,30,0.134156,1
108105,2024-11-22,60,0.114394,1
108105,2024-11-22,91,0.12327,1
108105,2024-11-22,122,0.151247,1
108105,2024-11-22,152,0.142544,1
108105,2024-11-22,182,0.135088,1
108105,2024-11-22,273,0.126957,1
108105,2024-11-22,365,0.122407,1
108105,2024-11-22,547,0.121612,1
108105,2024-11-22,730,0.132842,1
108105,2024-11-22,1825,0.213675,1
108105,2024-11-25,10,0.028182,1
108105,2024-11-25,14,0.091922,1
108105,2024-11-25,30,0.137434,1
108105,2024-11-25,60,0.116742,1
108105,2024-11-25,91,0.123066,1
108105,2024-11-25,122,0.145718,1
108105,2024-11-25,152,0.143724,1
108105,2024-11-25,182,0.134583,1
108105,2024-11-25,273,0.126868,1
108105,2024-11-25,365,0.122421,1
108105,2024-11-25,547,0.121225,1
108105,2024-11-25,730,0.132849,1
108105,2024-11-25,1825,0.213818,1
108105,2024-11-26,10,0.029552,1
108105,2024-11-26,14,0.095034,1
108105,2024-11-26,30,0.134894,1
108105,2024-11-26,60,0.117166,1
108105,2024-11-26,91,0.123415,1
108105,2024-11-26,122,0.145074,1
108105,2024-11-26,152,0.14392,1
108105,2024-11-26,182,0.134745,1
108105,2024-11-26,273,0.126986,1
108105,2024-11-26,365,0.12247,1
108105,2024-11-26,547,0.121127,1
108105,2024-11-26,730,0.132763,1
108105,2024-11-26,1825,0.213745,1
108105,2024-11-27,10,0.049907,1
108105,2024-11-27,14,0.097633,1
108105,2024-11-27,30,0.13608,1
108105,2024-11-27,60,0.116383,1
108105,2024-11-27,91,0.122991,1
108105,2024-11-27,122,0.144474,1
108105,2024-11-27,152,0.143897,1
108105,2024-11-27,182,0.134393,1
108105,2024-11-27,273,0.127068,1
108105,2024-11-27,365,0.122569,1
108105,2024-11-27,547,0.121187,1
108105,2024-11-27,730,0.132295,1
108105,2024-11-27,1825,0.213745,1
108105,2024-11-29,10,0.055932,1
108105,2024-11-29,14,0.04913,1
108105,2024-11-29,30,0.139112,1
108105,2024-11-29,60,0.116655,1
108105,2024-11-29,91,0.12297,1
108105,2024-11-29,122,0.14514,1
108105,2024-11-29,152,0.143398,1
108105,2024-11-29,182,0.134352,1
108105,2024-11-29,273,0.127157,1
108105,2024-11-29,365,0.12285,1
108105,2024-11-29,547,0.121053,1
108105,2024-11-29,730,0.130777,1
108105,2024-11-29,1825,0.213672,1
108105,2024-12-02,10,0.061412,1
108105,2024-12-02,14,0.048905,1
108105,2024-12-02,30,0.120282,1
108105,2024-12-02,60,0.116298,1
108105,2024-12-02,91,0.122022,1
108105,2024-12-02,122,0.138049,1
108105,2024-12-02,152,0.144383,1
108105,2024-12-02,182,0.134366,1
108105,2024-12-02,273,0.127148,1
108105,2024-12-02,365,0.122765,1
108105,2024-12-02,547,0.120553,1
108105,2024-12-02,730,0.1309,1
108105,2024-12-02,1825,0.213764,1
108105,2024-12-03,10,0.05665,1
108105,2024-12-03,14,0.049931,1
108105,2024-12-03,30,0.117496,1
108105,2024-12-03,60,0.114748,1
108105,2024-12-03,91,0.113341,1
108105,2024-12-03,122,0.137236,1
108105,2024-12-03,152,0.143695,1
108105,2024-12-03,182,0.134368,1
108105,2024-12-03,273,0.126493,1
108105,2024-12-03,365,0.122591,1
108105,2024-12-03,547,0.12053,1
108105,2024-12-03,730,0.13077,1
108105,2024-12-03,1825,0.213764,1
108105,2024-12-04,10,0.056516,1
108105,2024-12-04,14,0.050779,1
108105,2024-12-04,30,0.116353,1
108105,2024-12-04,60,0.113948,1
108105,2024-12-04,91,0.113542,1
108105,2024-12-04,122,0.136651,1
108105,2024-12-04,152,0.143744,1
108105,2024-12-04,182,0.133688,1
108105,2024-12-04,273,0.126538,1
108105,2024-12-04,365,0.122678,1
108105,2024-12-04,547,0.120597,1
108105,2024-12-04,730,0.130136,1
108105,2024-12-04,1825,0.213743,1
108105,2024-12-05,10,0.062895,1
108105,2024-12-05,14,0.055099,1
108105,2024-12-05,30,0.112518,1
108105,2024-12-05,60,0.112853,1
108105,2024-12-05,91,0.113381,1
108105,2024-12-05,122,0.125124,1
108105,2024-12-05,152,0.143125,1
108105,2024-12-05,182,0.13374,1
108105,2024-12-05,273,0.126115,1
108105,2024-12-05,365,0.12261,1
108105,2024-12-05,547,0.120556,1
108105,2024-12-05,730,0.129694,1
108105,2024-12-05,1825,0.213661,1
108105,2024-12-06,10,0.057865,1
108105,2024-12-06,14,0.054713,1
108105,2024-12-06,30,0.07683,1
108105,2024-12-06,60,0.109592,1
108105,2024-12-06,91,0.106756,1
108105,2024-12-06,122,0.124269,1
108105,2024-12-06,152,0.142477,1
108105,2024-12-06,182,0.133722,1
108105,2024-12-06,273,0.125834,1
108105,2024-12-06,365,0.122428,1
108105,2024-12-06,547,0.120487,1
108105,2024-12-06,730,0.129684,1
108105,2024-12-06,1825,0.213578,1
108105,2024-12-09,10,0.066737,1
108105,2024-12-09,14,0.069981,1
108105,2024-12-09,30,0.07873,1
108105,2024-12-09,60,0.110682,1
108105,2024-12-09,91,0.10612,1
108105,2024-12-09,122,0.119763,1
108105,2024-12-09,152,0.143489,1
108105,2024-12-09,182,0.134089,1
108105,2024-12-09,273,0.126077,1
108105,2024-12-09,365,0.122609,1
108105,2024-12-09,547,0.120626,1
108105,2024-12-09,730,0.129693,1
108105,2024-12-09,1825,0.213758,1
108105,2024-12-10,10,0.064505,1
108105,2024-12-10,14,0.067427,1
108105,2024-12-10,30,0.077659,1
108105,2024-12-10,60,0.110417,1
108105,2024-12-10,91,0.106336,1
108105,2024-12-10,122,0.119295,1
108105,2024-12-10,152,0.142844,1
108105,2024-12-10,182,0.13418,1
108105,2024-12-10,273,0.125591,1
108105,2024-12-10,365,0.122643,1
108105,2024-12-10,547,0.120472,1
108105,2024-12-10,730,0.129592,1
108105,2024-12-10,1825,0.213734,1
108105,2024-12-11,10,0.074962,1
108105,2024-12-11,14,0.074093,1
108105,2024-12-11,30,0.082252,1
108105,2024-12-11,60,0.110489,1
108105,2024-12-11,91,0.105595,1
108105,2024-12-11,122,0.119145,1
108105,2024-12-11,152,0.143113,1
108105,2024-12-11,182,0.134143,1
108105,2024-12-11,273,0.125834,1
108105,2024-12-11,365,0.122797,1
108105,2024-12-11,547,0.120517,1
108105,2024-12-11,730,0.129349,1
108105,2024-12-11,1825,0.213761,1
108105,2024-12-12,10,0.082414,1
108105,2024-12-12,14,0.078196,1
108105,2024-12-12,30,0.084076,1
108105,2024-12-12,60,0.110296,1
108105,2024-12-12,91,0.105744,1
108105,2024-12-12,122,0.119711,1
108105,2024-12-12,152,0.142752,1
108105,2024-12-12,182,0.134426,1
108105,2024-12-12,273,0.12597,1
108105,2024-12-12,365,0.122325,1
108105,2024-12-12,547,0.120627,1
108105,2024-12-12,730,0.129345,1
108105,2024-12-12,1825,0.213693,1
108105,2024-12-13,10,0.082381,1
108105,2024-12-13,14,0.073654,1
108105,2024-12-13,30,0.084092,1
108105,2024-12-13,60,0.109036,1
108105,2024-12-13,91,0.105435,1
108105,2024-12-13,122,0.116777,1
108105,2024-12-13,152,0.142088,1
108105,2024-12-13,182,0.134421,1
108105,2024-12-13,273,0.125685,1
108105,2024-12-13,365,0.122318,1
108105,2024-12-13,547,0.120277,1
108105,2024-12-13,730,0.129254,1
108105,2024-12-13,1825,0.213608,1
108105,2024-12-16,10,0.088558,1
108105,2024-12-16,14,0.075044,1
108105,2024-12-16,30,0.064097,1
108105,2024-12-16,60,0.109479,1
108105,2024-12-16,91,0.105566,1
108105,2024-12-16,122,0.115298,1
108105,2024-12-16,152,0.141372,1
108105,2024-12-16,182,0.134139,1
108105,2024-12-16,273,0.125574,1
108105,2024-12-16,365,0.122345,1
108105,2024-12-16,547,0.120244,1
108105,2024-12-16,730,0.127779,1
108105,2024-12-16,1825,0.213762,1
108105,2024-12-17,10,0.083418,1
108105,2024-12-17,14,0.078108,1
108105,2024-12-17,30,0.065391,1
108105,2024-12-17,60,0.109844,1
108105,2024-12-17,91,0.106028,1
108105,2024-12-17,122,0.114925,1
108105,2024-12-17,152,0.140922,1
108105,2024-12-17,182,0.134281,1
108105,2024-12-17,273,0.12557,1
108105,2024-12-17,365,0.122391,1
108105,2024-12-17,547,0.120146,1
108105,2024-12-17,730,0.127696,1
108105,2024-12-17,1825,0.213764,1
108105,2024-12-18,10,0.180171,1
108105,2024-12-18,14,0.163024,1
108105,2024-12-18,30,0.126153,1
108105,2024-12-18,60,0.132006,1
108105,2024-12-18,91,0.122426,1
108105,2024-12-18,122,0.125929,1
108105,2024-12-18,152,0.148206,1
108105,2024-12-18,182,0.14057,1
108105,2024-12-18,273,0.130149,1
108105,2024-12-18,365,0.126148,1
108105,2024-12-18,547,0.122663,1
108105,2024-12-18,730,0.129361,1
108105,2024-12-18,1825,0.214189,1
108105,2024-12-19,10,0.180925,1
108105,2024-12-19,14,0.163398,1
108105,2024-12-19,30,0.125267,1
108105,2024-12-19,60,0.130443,1
108105,2024-12-19,91,0.118049,1
108105,2024-12-19,122,0.124977,1
108105,2024-12-19,152,0.147522,1
108105,2024-12-19,182,0.140517,1
108105,2024-12-19,273,0.130125,1
108105,2024-12-19,365,0.125178,1
108105,2024-12-19,547,0.122571,1
108105,2024-12-19,730,0.129367,1
108105,2024-12-19,1825,0.214104,1
108105,2024-12-20,10,0.199086,1
108105,2024-12-20,14,0.17671,1
108105,2024-12-20,30,0.131165,1
108105,2024-12-20,60,0.132939,1
108105,2024-12-20,91,0.119731,1
108105,2024-12-20,122,0.12613,1
108105,2024-12-20,152,0.147658,1
108105,2024-12-20,182,0.141225,1
108105,2024-12-20,273,0.130637,1
108105,2024-12-20,365,0.125222,1
108105,2024-12-20,547,0.122821,1
108105,2024-12-20,730,0.129184,1
108105,2024-12-20,1825,0.214069,1
108105,2024-12-23,10,0.232067,1
108105,2024-12-23,14,0.182012,1
108105,2024-12-23,30,0.135191,1
108105,2024-12-23,60,0.135006,1
108105,2024-12-23,91,0.120382,1
108105,2024-12-23,122,0.125508,1
108105,2024-12-23,152,0.143737,1
108105,2024-12-23,182,0.141431,1
108105,2024-12-23,273,0.130786,1
108105,2024-12-23,365,0.125382,1
108105,2024-12-23,547,0.122737,1
108105,2024-12-23,730,0.12888,1
108105,2024-12-23,1825,0.214176,1
108105,2024-12-24,10,0.225994,1
108105,2024-12-24,14,0.19167,1
108105,2024-12-24,30,0.137112,1
108105,2024-12-24,60,0.137367,1
108105,2024-12-24,91,0.122059,1
108105,2024-12-24,122,0.126009,1
108105,2024-12-24,152,0.144257,1
108105,2024-12-24,182,0.142098,1
108105,2024-12-24,273,0.131257,1
108105,2024-12-24,365,0.125537,1
108105,2024-12-24,547,0.122938,1
108105,2024-12-24,730,0.12895,1
108105,2024-12-24,1825,0.214217,1
108105,2024-12-26,10,0.224228,1
108105,2024-12-26,14,0.195723,1
108105,2024-12-26,30,0.139003,1
108105,2024-12-26,60,0.135723,1
108105,2024-12-26,91,0.122774,1
108105,2024-12-26,122,0.125838,1
108105,2024-12-26,152,0.143435,1
108105,2024-12-26,182,0.142671,1
108105,2024-12-26,273,0.131299,1
108105,2024-12-26,365,0.125751,1
108105,2024-12-26,547,0.1228,1
108105,2024-12-26,730,0.128906,1
108105,2024-12-26,1825,0.214217,1
108105,2024-12-27,10,0.232381,1
108105,2024-12-27,14,0.203947,1
108105,2024-12-27,30,0.14408,1
108105,2024-12-27,60,0.1388,1
108105,2024-12-27,91,0.125005,1
108105,2024-12-27,122,0.127504,1
108105,2024-12-27,152,0.143953,1
108105,2024-12-27,182,0.143496,1
108105,2024-12-27,273,0.131663,1
108105,2024-12-27,365,0.126328,1
108105,2024-12-27,547,0.123153,1
108105,2024-12-27,730,0.128858,1
108105,2024-12-27,1825,0.214195,1
108105,2024-12-30,10,0.160638,1
108105,2024-12-30,14,0.206609,1
108105,2024-12-30,30,0.146974,1
108105,2024-12-30,60,0.136141,1
108105,2024-12-30,91,0.126833,1
108105,2024-12-30,122,0.129009,1
108105,2024-12-30,152,0.144299,1
108105,2024-12-30,182,0.14438,1
108105,2024-12-30,273,0.132289,1
108105,2024-12-30,365,0.126812,1
108105,2024-12-30,547,0.123161,1
108105,2024-12-30,730,0.128701,1
108105,2024-12-30,1825,0.214318,1
108105,2024-12-31,10,0.145444,1
108105,2024-12-31,14,0.206671,1
108105,2024-12-31,30,0.143692,1
108105,2024-12-31,60,0.136485,1
108105,2024-12-31,91,0.125646,1
108105,2024-12-31,122,0.128502,1
108105,2024-12-31,152,0.14274,1
108105,2024-12-31,182,0.144325,1
108105,2024-12-31,273,0.132095,1
108105,2024-12-31,365,0.126663,1
108105,2024-12-31,547,0.123229,1
108105,2024-12-31,730,0.128624,1
108105,2024-12-31,1825,0.2143,1
108105,2025-01-02,10,0.129083,1
108105,2025-01-02,14,0.14111,1
108105,2025-01-02,30,0.146657,1
108105,2025-01-02,60,0.134958,1
108105,2025-01-02,91,0.126713,1
108105,2025-01-02,122,0.12782,1
108105,2025-01-02,152,0.139601,1
108105,2025-01-02,182,0.14423,1
108105,2025-01-02,273,0.131617,1
108105,2025-01-02,365,0.126469,1
108105,2025-01-02,547,0.123233,1
108105,2025-01-02,730,0.128597,1
108105,2025-01-02,1825,0.214277,1
108105,2025-01-03,10,0.137551,1
108105,2025-01-03,14,0.146043,1
108105,2025-01-03,30,0.152766,1
108105,2025-01-03,60,0.137844,1
108105,2025-01-03,91,0.127903,1
108105,2025-01-03,122,0.123713,1
108105,2025-01-03,152,0.140087,1
108105,2025-01-03,182,0.145068,1
108105,2025-01-03,273,0.131784,1
108105,2025-01-03,365,0.12693,1
108105,2025-01-03,547,0.123402,1
108105,2025-01-03,730,0.128776,1
108105,2025-01-03,1825,0.214259,1
108105,2025-01-06,10,0.143362,1
108105,2025-01-06,14,0.143337,1
108105,2025-01-06,30,0.158301,1
108105,2025-01-06,60,0.122341,1
108105,2025-01-06,91,0.126572,1
108105,2025-01-06,122,0.120932,1
108105,2025-01-06,152,0.131189,1
108105,2025-01-06,182,0.145239,1
108105,2025-01-06,273,0.131896,1
108105,2025-01-06,365,0.127009,1
108105,2025-01-06,547,0.123426,1
108105,2025-01-06,730,0.12771,1
108105,2025-01-06,1825,0.214423,1
108105,2025-01-07,10,0.147724,1
108105,2025-01-07,14,0.136119,1
108105,2025-01-07,30,0.158246,1
108105,2025-01-07,60,0.12516,1
108105,2025-01-07,91,0.127496,1
108105,2025-01-07,122,0.122095,1
108105,2025-01-07,152,0.128222,1
108105,2025-01-07,182,0.146181,1
108105,2025-01-07,273,0.132611,1
108105,2025-01-07,365,0.126906,1
108105,2025-01-07,547,0.123807,1
108105,2025-01-07,730,0.127866,1
108105,2025-01-07,1825,0.214469,1
108105,2025-01-08,10,0.136293,1
108105,2025-01-08,14,0.129345,1
108105,2025-01-08,30,0.157607,1
108105,2025-01-08,60,0.12364,1
108105,2025-01-08,91,0.12679,1
108105,2025-01-08,122,0.121369,1
108105,2025-01-08,152,0.128097,1
108105,2025-01-08,182,0.145535,1
108105,2025-01-08,273,0.132085,1
108105,2025-01-08,365,0.126886,1
108105,2025-01-08,547,0.123713,1
108105,2025-01-08,730,0.127862,1
108105,2025-01-08,1825,0.214464,1
108105,2025-01-10,10,0.165885,1
108105,2025-01-10,14,0.149447,1
108105,2025-01-10,30,0.165915,1
108105,2025-01-10,60,0.12933,1
108105,2025-01-10,91,0.131214,1
108105,2025-01-10,122,0.123868,1
108105,2025-01-10,152,0.130021,1
108105,2025-01-10,182,0.147103,1
108105,2025-01-10,273,0.13235,1
108105,2025-01-10,365,0.128101,1
108105,2025-01-10,547,0.124312,1
108105,2025-01-10,730,0.128159,1
108105,2025-01-10,1825,0.214499,1
108105,2025-01-13,10,0.14554,1
108105,2025-01-13,14,0.142399,1
108105,2025-01-13,30,0.170662,1
108105,2025-01-13,60,0.131989,1
108105,2025-01-13,91,0.130304,1
108105,2025-01-13,122,0.123255,1
108105,2025-01-13,152,0.12878,1
108105,2025-01-13,182,0.147071,1
108105,2025-01-13,273,0.13151,1
108105,2025-01-13,365,0.128104,1
108105,2025-01-13,547,0.124306,1
108105,2025-01-13,730,0.128254,1
108105,2025-01-13,1825,0.214648,1
108105,2025-01-14,10,0.133771,1
108105,2025-01-14,14,0.141836,1
108105,2025-01-14,30,0.166251,1
108105,2025-01-14,60,0.127627,1
108105,2025-01-14,91,0.12938,1
108105,2025-01-14,122,0.122507,1
108105,2025-01-14,152,0.126481,1
108105,2025-01-14,182,0.146818,1
108105,2025-01-14,273,0.13147,1
108105,2025-01-14,365,0.127848,1
108105,2025-01-14,547,0.12428,1
108105,2025-01-14,730,0.128126,1
108105,2025-01-14,1825,0.214619,1
108105,2025-01-15,10,0.175307,1
108105,2025-01-15,14,0.166379,1
108105,2025-01-15,30,0.180658,1
108105,2025-01-15,60,0.134228,1
108105,2025-01-15,91,0.134199,1
108105,2025-01-15,122,0.125563,1
108105,2025-01-15,152,0.129438,1
108105,2025-01-15,182,0.147568,1
108105,2025-01-15,273,0.132779,1
108105,2025-01-15,365,0.128941,1
108105,2025-01-15,547,0.12499,1
108105,2025-01-15,730,0.12859,1
108105,2025-01-15,1825,0.21476,1
108105,2025-01-16,10,0.171476,1
108105,2025-01-16,14,0.166306,1
108105,2025-01-16,30,0.180392,1
108105,2025-01-16,60,0.13264,1
108105,2025-01-16,91,0.134286,1
108105,2025-01-16,122,0.125651,1
108105,2025-01-16,152,0.128881,1
108105,2025-01-16,182,0.147133,1
108105,2025-01-16,273,0.132776,1
108105,2025-01-16,365,0.12881,1
108105,2025-01-16,547,0.125004,1
108105,2025-01-16,730,0.128591,1
108105,2025-01-16,1825,0.214678,1
108105,2025-01-17,10,0.165115,1
108105,2025-01-17,14,0.161314,1
108105,2025-01-17,30,0.146003,1
108105,2025-01-17,60,0.134556,1
108105,2025-01-17,91,0.135521,1
108105,2025-01-17,122,0.12668,1
108105,2025-01-17,152,0.129067,1
108105,2025-01-17,182,0.147315,1
108105,2025-01-17,273,0.132703,1
108105,2025-01-17,365,0.128888,1
108105,2025-01-17,547,0.125082,1
108105,2025-01-17,730,0.12822,1
108105,2025-01-17,1825,0.214634,1
108105,2025-01-21,10,0.118626,1
108105,2025-01-21,14,0.157327,1
108105,2025-01-21,30,0.148253,1
108105,2025-01-21,60,0.140622,1
108105,2025-01-21,91,0.137635,1
108105,2025-01-21,122,0.125591,1
108105,2025-01-21,152,0.129721,1
108105,2025-01-21,182,0.147626,1
108105,2025-01-21,273,0.132452,1
108105,2025-01-21,365,0.128876,1
108105,2025-01-21,547,0.125391,1
108105,2025-01-21,730,0.127698,1
108105,2025-01-21,1825,0.214832,1
108105,2025-01-22,10,0.108292,1
108105,2025-01-22,14,0.157975,1
108105,2025-01-22,30,0.14761,1
108105,2025-01-22,60,0.1395,1
108105,2025-01-22,91,0.136563,1
108105,2025-01-22,122,0.125177,1
108105,2025-01-22,152,0.128905,1
108105,2025-01-22,182,0.143697,1
108105,2025-01-22,273,0.132586,1
108105,2025-01-22,365,0.128967,1
108105,2025-01-22,547,0.125456,1
108105,2025-01-22,730,0.127515,1
108105,2025-01-22,1825,0.214804,1
108105,2025-01-23,10,0.103793,1
108105,2025-01-23,14,0.148078,1
108105,2025-01-23,30,0.143404,1
108105,2025-01-23,60,0.138189,1
108105,2025-01-23,91,0.136848,1
108105,2025-01-23,122,0.125376,1
108105,2025-01-23,152,0.128468,1
108105,2025-01-23,182,0.143564,1
108105,2025-01-23,273,0.13252,1
108105,2025-01-23,365,0.129043,1
108105,2025-01-23,547,0.125509,1
108105,2025-01-23,730,0.12755,1
108105,2025-01-23,1825,0.21473,1
108105,2025-01-24,10,0.11505,1
108105,2025-01-24,14,0.105209,1
108105,2025-01-24,30,0.139972,1
108105,2025-01-24,60,0.138324,1
108105,2025-01-24,91,0.137041,1
108105,2025-01-24,122,0.125502,1
108105,2025-01-24,152,0.12797,1
108105,2025-01-24,182,0.142942,1
108105,2025-01-24,273,0.132165,1
108105,2025-01-24,365,0.129024,1
108105,2025-01-24,547,0.125404,1
108105,2025-01-24,730,0.127575,1
108105,2025-01-24,1825,0.214649,1
108105,2025-01-27,10,0.151496,1
108105,2025-01-27,14,0.148646,1
108105,2025-01-27,30,0.148822,1
108105,2025-01-27,60,0.144432,1
108105,2025-01-27,91,0.140613,1
108105,2025-01-27,122,0.12969,1
108105,2025-01-27,152,0.130926,1
108105,2025-01-27,182,0.144658,1
108105,2025-01-27,273,0.133388,1
108105,2025-01-27,365,0.129959,1
108105,2025-01-27,547,0.125824,1
108105,2025-01-27,730,0.127968,1
108105,2025-01-27,1825,0.21476,1
108105,2025-01-28,10,0.146654,1
108105,2025-01-28,14,0.15103,1
108105,2025-01-28,30,0.14813,1
108105,2025-01-28,60,0.145657,1
108105,2025-01-28,91,0.141711,1
108105,2025-01-28,122,0.129765,1
108105,2025-01-28,152,0.131593,1
108105,2025-01-28,182,0.144913,1
108105,2025-01-28,273,0.13229,1
108105,2025-01-28,365,0.130056,1
108105,2025-01-28,547,0.126013,1
108105,2025-01-28,730,0.127979,1
108105,2025-01-28,1825,0.214792,1
108105,2025-01-29,10,0.1397,1
108105,2025-01-29,14,0.131677,1
108105,2025-01-29,30,0.143034,1
108105,2025-01-29,60,0.144254,1
108105,2025-01-29,91,0.141905,1
108105,2025-01-29,122,0.129311,1
108105,2025-01-29,152,0.131048,1
108105,2025-01-29,182,0.143558,1
108105,2025-01-29,273,0.132355,1
108105,2025-01-29,365,0.130166,1
108105,2025-01-29,547,0.12606,1
108105,2025-01-29,730,0.127659,1
108105,2025-01-29,1825,0.214647,1
108105,2025-01-30,10,0.131517,1
108105,2025-01-30,14,0.130803,1
108105,2025-01-30,30,0.142157,1
108105,2025-01-30,60,0.142997,1
108105,2025-01-30,91,0.136292,1
108105,2025-01-30,122,0.129412,1
108105,2025-01-30,152,0.130603,1
108105,2025-01-30,182,0.142175,1
108105,2025-01-30,273,0.132112,1
108105,2025-01-30,365,0.129101,1
108105,2025-01-30,547,0.125536,1
108105,2025-01-30,730,0.127326,1
108105,2025-01-30,1825,0.214572,1
108105,2025-01-31,10,0.127089,1
108105,2025-01-31,14,0.127889,1
108105,2025-01-31,30,0.140412,1
108105,2025-01-31,60,0.143462,1
108105,2025-01-31,91,0.136706,1
108105,2025-01-31,122,0.128604,1
108105,2025-01-31,152,0.130276,1
108105,2025-01-31,182,0.139676,1
108105,2025-01-31,273,0.131608,1
108105,2025-01-31,365,0.128715,1
108105,2025-01-31,547,0.125598,1
108105,2025-01-31,730,0.12721,1
108105,2025-01-31,1825,0.214501,1
108105,2025-02-03,10,0.138699,1
108105,2025-02-03,14,0.127815,1
108105,2025-02-03,30,0.140733,1
108105,2025-02-03,60,0.147601,1
108105,2025-02-03,91,0.137618,1
108105,2025-02-03,122,0.130117,1
108105,2025-02-03,152,0.12685,1
108105,2025-02-03,182,0.132785,1
108105,2025-02-03,273,0.131518,1
108105,2025-02-03,365,0.128614,1
108105,2025-02-03,547,0.125688,1
108105,2025-02-03,730,0.12685,1
108105,2025-02-03,1825,0.214531,1
108105,2025-02-04,10,0.140469,1
108105,2025-02-04,14,0.125077,1
108105,2025-02-04,30,0.139053,1
108105,2025-02-04,60,0.148712,1
108105,2025-02-04,91,0.136226,1
108105,2025-02-04,122,0.129841,1
108105,2025-02-04,152,0.127096,1
108105,2025-02-04,182,0.132421,1
108105,2025-02-04,273,0.131728,1
108105,2025-02-04,365,0.128714,1
108105,2025-02-04,547,0.125618,1
108105,2025-02-04,730,0.126805,1
108105,2025-02-04,1825,0.214548,1
108105,2025-02-05,10,0.133524,1
108105,2025-02-05,14,0.122412,1
108105,2025-02-05,30,0.13844,1
108105,2025-02-05,60,0.147117,1
108105,2025-02-05,91,0.126708,1
108105,2025-02-05,122,0.129176,1
108105,2025-02-05,152,0.12384,1
108105,2025-02-05,182,0.131856,1
108105,2025-02-05,273,0.131773,1
108105,2025-02-05,365,0.128743,1
108105,2025-02-05,547,0.125577,1
108105,2025-02-05,730,0.12673,1
108105,2025-02-05,1825,0.214538,1
108105,2025-02-06,10,0.100527,1
108105,2025-02-06,14,0.120511,1
108105,2025-02-06,30,0.131382,1
108105,2025-02-06,60,0.145525,1
108105,2025-02-06,91,0.126049,1
108105,2025-02-06,122,0.127999,1
108105,2025-02-06,152,0.123301,1
108105,2025-02-06,182,0.128222,1
108105,2025-02-06,273,0.131721,1
108105,2025-02-06,365,0.128559,1
108105,2025-02-06,547,0.125432,1
108105,2025-02-06,730,0.126458,1
108105,2025-02-06,1825,0.214457,1
108105,2025-02-07,10,0.103642,1
108105,2025-02-07,14,0.128405,1
108105,2025-02-07,30,0.13702,1
108105,2025-02-07,60,0.146675,1
108105,2025-02-07,91,0.127423,1
108105,2025-02-07,122,0.12828,1
108105,2025-02-07,152,0.123809,1
108105,2025-02-07,182,0.129001,1
108105,2025-02-07,273,0.132265,1
108105,2025-02-07,365,0.128974,1
108105,2025-02-07,547,0.125717,1
108105,2025-02-07,730,0.126386,1
108105,2025-02-07,1825,0.214418,1
108105,2025-02-10,10,0.116815,1
108105,2025-02-10,14,0.109117,1
108105,2025-02-10,30,0.123732,1
108105,2025-02-10,60,0.149239,1
108105,2025-02-10,91,0.12813,1
108105,2025-02-10,122,0.129363,1
108105,2025-02-10,152,0.12318,1
108105,2025-02-10,182,0.129251,1
108105,2025-02-10,273,0.132439,1
108105,2025-02-10,365,0.129015,1
108105,2025-02-10,547,0.1258,1
108105,2025-02-10,730,0.126393,1
108105,2025-02-10,1825,0.214568,1
108105,2025-02-11,10,0.106661,1
108105,2025-02-11,14,0.098881,1
108105,2025-02-11,30,0.120738,1
108105,2025-02-11,60,0.149241,1
108105,2025-02-11,91,0.127969,1
108105,2025-02-11,122,0.128562,1
108105,2025-02-11,152,0.122739,1
108105,2025-02-11,182,0.127272,1
108105,2025-02-11,273,0.132357,1
108105,2025-02-11,365,0.129005,1
108105,2025-02-11,547,0.125736,1
108105,2025-02-11,730,0.126267,1
108105,2025-02-11,1825,0.214566,1
108105,2025-02-12,10,0.100563,1
108105,2025-02-12,14,0.096735,1
108105,2025-02-12,30,0.121814,1
108105,2025-02-12,60,0.147436,1
108105,2025-02-12,91,0.128113,1
108105,2025-02-12,122,0.127901,1
108105,2025-02-12,152,0.122643,1
108105,2025-02-12,182,0.127306,1
108105,2025-02-12,273,0.131806,1
108105,2025-02-12,365,0.12822,1
108105,2025-02-12,547,0.125355,1
108105,2025-02-12,730,0.126066,1
108105,2025-02-12,1825,0.21457,1
108105,2025-02-13,10,0.100596,1
108105,2025-02-13,14,0.10706,1
108105,2025-02-13,30,0.125398,1
108105,2025-02-13,60,0.147842,1
108105,2025-02-13,91,0.129113,1
108105,2025-02-13,122,0.128452,1
108105,2025-02-13,152,0.12297,1
108105,2025-02-13,182,0.126179,1
108105,2025-02-13,273,0.132243,1
108105,2025-02-13,365,0.128281,1
108105,2025-02-13,547,0.125407,1
108105,2025-02-13,730,0.126248,1
108105,2025-02-13,1825,0.21453,1
108105,2025-02-14,10,0.096532,1
108105,2025-02-14,14,0.102344,1
108105,2025-02-14,30,0.111228,1
108105,2025-02-14,60,0.147564,1
108105,2025-02-14,91,0.125902,1
108105,2025-02-14,122,0.12765,1
108105,2025-02-14,152,0.122385,1
108105,2025-02-14,182,0.126173,1
108105,2025-02-14,273,0.132246,1
108105,2025-02-14,365,0.128185,1
108105,2025-02-14,547,0.125209,1
108105,2025-02-14,730,0.126242,1
108105,2025-02-14,1825,0.214445,1
108105,2025-02-18,10,0.076937,1
108105,2025-02-18,14,0.090413,1
108105,2025-02-18,30,0.109013,1
108105,2025-02-18,60,0.127405,1
108105,2025-02-18,91,0.126667,1
108105,2025-02-18,122,0.128927,1
108105,2025-02-18,152,0.121448,1
108105,2025-02-18,182,0.126001,1
108105,2025-02-18,273,0.132604,1
108105,2025-02-18,365,0.128071,1
108105,2025-02-18,547,0.125285,1
108105,2025-02-18,730,0.125917,1
108105,2025-02-18,1825,0.214595,1
108105,2025-02-19,10,0.07029,1
108105,2025-02-19,14,0.089586,1
108105,2025-02-19,30,0.106345,1
108105,2025-02-19,60,0.12573,1
108105,2025-02-19,91,0.126714,1
108105,2025-02-19,122,0.128169,1
108105,2025-02-19,152,0.121404,1
108105,2025-02-19,182,0.125923,1
108105,2025-02-19,273,0.132554,1
108105,2025-02-19,365,0.127895,1
108105,2025-02-19,547,0.125254,1
108105,2025-02-19,730,0.125796,1
108105,2025-02-19,1825,0.21454,1
108105,2025-02-20,10,0.075458,1
108105,2025-02-20,14,0.093472,1
108105,2025-02-20,30,0.104237,1
108105,2025-02-20,60,0.124787,1
108105,2025-02-20,91,0.126735,1
108105,2025-02-20,122,0.128391,1
108105,2025-02-20,152,0.121068,1
108105,2025-02-20,182,0.125359,1
108105,2025-02-20,273,0.132343,1
108105,2025-02-20,365,0.128,1
108105,2025-02-20,547,0.125052,1
108105,2025-02-20,730,0.124957,1
108105,2025-02-20,1825,0.214465,1
108105,2025-02-21,10,0.134345,1
108105,2025-02-21,14,0.123742,1
108105,2025-02-21,30,0.118801,1
108105,2025-02-21,60,0.131691,1
108105,2025-02-21,91,0.131721,1
108105,2025-02-21,122,0.1321,1
108105,2025-02-21,152,0.123657,1
108105,2025-02-21,182,0.127019,1
108105,2025-02-21,273,0.133802,1
108105,2025-02-21,365,0.127668,1
108105,2025-02-21,547,0.125373,1
108105,2025-02-21,730,0.1256,1
108105,2025-02-21,1825,0.214526,1
108105,2025-02-24,10,0.127283,1
108105,2025-02-24,14,0.118459,1
108105,2025-02-24,30,0.1206,1
108105,2025-02-24,60,0.13096,1
108105,2025-02-24,91,0.131995,1
108105,2025-02-24,122,0.13296,1
108105,2025-02-24,152,0.125022,1
108105,2025-02-24,182,0.127155,1
108105,2025-02-24,273,0.133602,1
108105,2025-02-24,365,0.127794,1
108105,2025-02-24,547,0.125372,1
108105,2025-02-24,730,0.125491,1
108105,2025-02-24,1825,0.213684,1
108105,2025-02-25,10,0.113868,1
108105,2025-02-25,14,0.118942,1
108105,2025-02-25,30,0.118249,1
108105,2025-02-25,60,0.128344,1
108105,2025-02-25,91,0.131787,1
108105,2025-02-25,122,0.132428,1
108105,2025-02-25,152,0.125148,1
108105,2025-02-25,182,0.127363,1
108105,2025-02-25,273,0.133746,1
108105,2025-02-25,365,0.127828,1
108105,2025-02-25,547,0.125373,1
108105,2025-02-25,730,0.125426,1
108105,2025-02-25,1825,0.212712,1
108105,2025-02-26,10,0.107453,1
108105,2025-02-26,14,0.119425,1
108105,2025-02-26,30,0.107535,1
108105,2025-02-26,60,0.126645,1
108105,2025-02-26,91,0.131568,1
108105,2025-02-26,122,0.131608,1
108105,2025-02-26,152,0.125123,1
108105,2025-02-26,182,0.127023,1
108105,2025-02-26,273,0.133418,1
108105,2025-02-26,365,0.127825,1
108105,2025-02-26,547,0.124872,1
108105,2025-02-26,730,0.125417,1
108105,2025-02-26,1825,0.212675,1
108105,2025-02-27,10,0.120891,1
108105,2025-02-27,14,0.116397,1
108105,2025-02-27,30,0.114286,1
108105,2025-02-27,60,0.131248,1
108105,2025-02-27,91,0.134442,1
108105,2025-02-27,122,0.134599,1
108105,2025-02-27,152,0.12711,1
108105,2025-02-27,182,0.1292,1
108105,2025-02-27,273,0.134599,1
108105,2025-02-27,365,0.128891,1
108105,2025-02-27,547,0.1256,1
108105,2025-02-27,730,0.125952,1
108105,2025-02-27,1825,0.21272,1
108105,2025-02-28,10,0.166034,1
108105,2025-02-28,14,0.158591,1
108105,2025-02-28,30,0.128447,1
108105,2025-02-28,60,0.134616,1
108105,2025-02-28,91,0.137928,1
108105,2025-02-28,122,0.137346,1
108105,2025-02-28,152,0.128778,1
108105,2025-02-28,182,0.130329,1
108105,2025-02-28,273,0.135476,1
108105,2025-02-28,365,0.129704,1
108105,2025-02-28,547,0.12619,1
108105,2025-02-28,730,0.126336,1
108105,2025-02-28,1825,0.212744,1
108105,2025-03-03,10,0.192947,1
108105,2025-03-03,14,0.166973,1
108105,2025-03-03,30,0.14242,1
108105,2025-03-03,60,0.143325,1
108105,2025-03-03,91,0.142402,1
108105,2025-03-03,122,0.138318,1
108105,2025-03-03,152,0.132112,1
108105,2025-03-03,182,0.132361,1
108105,2025-03-03,273,0.137157,1
108105,2025-03-03,365,0.130795,1
108105,2025-03-03,547,0.127097,1
108105,2025-03-03,730,0.126593,1
108105,2025-03-03,1825,0.210944,1
108105,2025-03-04,10,0.182122,1
108105,2025-03-04,14,0.166397,1
108105,2025-03-04,30,0.143682,1
108105,2025-03-04,60,0.142745,1
108105,2025-03-04,91,0.144405,1
108105,2025-03-04,122,0.139228,1
108105,2025-03-04,152,0.133546,1
108105,2025-03-04,182,0.12993,1
108105,2025-03-04,273,0.137966,1
108105,2025-03-04,365,0.131417,1
108105,2025-03-04,547,0.127374,1
108105,2025-03-04,730,0.126805,1
108105,2025-03-04,1825,0.210438,1
108105,2025-03-05,10,0.193164,1
108105,2025-03-05,14,0.183438,1
108105,2025-03-05,30,0.149162,1
108105,2025-03-05,60,0.143991,1
108105,2025-03-05,91,0.14579,1
108105,2025-03-05,122,0.139701,1
108105,2025-03-05,152,0.133945,1
108105,2025-03-05,182,0.130796,1
108105,2025-03-05,273,0.137893,1
108105,2025-03-05,365,0.131402,1
108105,2025-03-05,547,0.127598,1
108105,2025-03-05,730,0.127018,1
108105,2025-03-05,1825,0.210341,1
108105,2025-03-06,10,0.209598,1
108105,2025-03-06,14,0.194447,1
108105,2025-03-06,30,0.156567,1
108105,2025-03-06,60,0.148692,1
108105,2025-03-06,91,0.150027,1
108105,2025-03-06,122,0.143218,1
108105,2025-03-06,152,0.136271,1
108105,2025-03-06,182,0.133325,1
108105,2025-03-06,273,0.139553,1
108105,2025-03-06,365,0.132631,1
108105,2025-03-06,547,0.128359,1
108105,2025-03-06,730,0.127194,1
108105,2025-03-06,1825,0.210421,1
108105,2025-03-07,10,0.218163,1
108105,2025-03-07,14,0.192497,1
108105,2025-03-07,30,0.157479,1
108105,2025-03-07,60,0.148688,1
108105,2025-03-07,91,0.150449,1
108105,2025-03-07,122,0.141929,1
108105,2025-03-07,152,0.135881,1
108105,2025-03-07,182,0.131059,1
108105,2025-03-07,273,0.13967,1
108105,2025-03-07,365,0.132362,1
108105,2025-03-07,547,0.128381,1
108105,2025-03-07,730,0.127238,1
108105,2025-03-07,1825,0.210349,1
108105,2025-03-10,10,0.237078,1
108105,2025-03-10,14,0.225234,1
108105,2025-03-10,30,0.181278,1
108105,2025-03-10,60,0.162569,1
108105,2025-03-10,91,0.159597,1
108105,2025-03-10,122,0.143724,1
108105,2025-03-10,152,0.141712,1
108105,2025-03-10,182,0.135995,1
108105,2025-03-10,273,0.143331,1
108105,2025-03-10,365,0.135093,1
108105,2025-03-10,547,0.13042,1
108105,2025-03-10,730,0.127719,1
108105,2025-03-10,1825,0.205498,1
108105,2025-03-11,10,0.216824,1
108105,2025-03-11,14,0.225104,1
108105,2025-03-11,30,0.177247,1
108105,2025-03-11,60,0.159273,1
108105,2025-03-11,91,0.160091,1
108105,2025-03-11,122,0.143322,1
108105,2025-03-11,152,0.14215,1
108105,2025-03-11,182,0.136309,1
108105,2025-03-11,273,0.143592,1
108105,2025-03-11,365,0.135322,1
108105,2025-03-11,547,0.130497,1
108105,2025-03-11,730,0.127728,1
108105,2025-03-11,1825,0.200527,1
108105,2025-03-12,10,0.216311,1
108105,2025-03-12,14,0.230301,1
108105,2025-03-12,30,0.17601,1
108105,2025-03-12,60,0.15797,1
108105,2025-03-12,91,0.159406,1
108105,2025-03-12,122,0.142795,1
108105,2025-03-12,152,0.142031,1
108105,2025-03-12,182,0.135648,1
108105,2025-03-12,273,0.143371,1
108105,2025-03-12,365,0.134962,1
108105,2025-03-12,547,0.130442,1
108105,2025-03-12,730,0.127752,1
108105,2025-03-12,1825,0.1966,1
108105,2025-03-13,10,0.21097,1
108105,2025-03-13,14,0.22812,1
108105,2025-03-13,30,0.178725,1
108105,2025-03-13,60,0.159255,1
108105,2025-03-13,91,0.161288,1
108105,2025-03-13,122,0.144603,1
108105,2025-03-13,152,0.142929,1
108105,2025-03-13,182,0.136693,1
108105,2025-03-13,273,0.144291,1
108105,2025-03-13,365,0.135706,1
108105,2025-03-13,547,0.130988,1
108105,2025-03-13,730,0.127697,1
108105,2025-03-13,1825,0.19663,1
108105,2025-03-14,10,0.259462,1
108105,2025-03-14,14,0.243328,1
108105,2025-03-14,30,0.199458,1
108105,2025-03-14,60,0.168286,1
108105,2025-03-14,91,0.167775,1
108105,2025-03-14,122,0.149637,1
108105,2025-03-14,152,0.146134,1
108105,2025-03-14,182,0.13977,1
108105,2025-03-14,273,0.146337,1
108105,2025-03-14,365,0.137261,1
108105,2025-03-14,547,0.131905,1
108105,2025-03-14,730,0.128393,1
108105,2025-03-14,1825,0.196765,1
108105,2025-03-17,10,0.271497,1
108105,2025-03-17,14,0.239289,1
108105,2025-03-17,30,0.201144,1
108105,2025-03-17,60,0.166505,1
108105,2025-03-17,91,0.168188,1
108105,2025-03-17,122,0.149996,1
108105,2025-03-17,152,0.146749,1
108105,2025-03-17,182,0.140055,1
108105,2025-03-17,273,0.146258,1
108105,2025-03-17,365,0.137219,1
108105,2025-03-17,547,0.131567,1
108105,2025-03-17,730,0.127762,1
108105,2025-03-17,1825,0.185009,1
108105,2025-03-18,10,0.252381,1
108105,2025-03-18,14,0.237682,1
108105,2025-03-18,30,0.197537,1
108105,2025-03-18,60,0.165699,1
108105,2025-03-18,91,0.169245,1
108105,2025-03-18,122,0.150156,1
108105,2025-03-18,152,0.147661,1
108105,2025-03-18,182,0.140893,1
108105,2025-03-18,273,0.146782,1
108105,2025-03-18,365,0.137543,1
108105,2025-03-18,547,0.131896,1
108105,2025-03-18,730,0.127892,1
108105,2025-03-18,1825,0.185071,1
108105,2025-03-19,10,0.247693,1
108105,2025-03-19,14,0.2371,1
108105,2025-03-19,30,0.19918,1
108105,2025-03-19,60,0.166471,1
108105,2025-03-19,91,0.160075,1
108105,2025-03-19,122,0.150533,1
108105,2025-03-19,152,0.148541,1
108105,2025-03-19,182,0.141663,1
108105,2025-03-19,273,0.146905,1
108105,2025-03-19,365,0.137837,1
108105,2025-03-19,547,0.132137,1
108105,2025-03-19,730,0.127959,1
108105,2025-03-19,1825,0.184022,1
108105,2025-03-20,10,0.188455,1
108105,2025-03-20,14,0.221745,1
108105,2025-03-20,30,0.198167,1
108105,2025-03-20,60,0.164442,1
108105,2025-03-20,91,0.160108,1
108105,2025-03-20,122,0.150368,1
108105,2025-03-20,152,0.147839,1
108105,2025-03-20,182,0.139636,1
108105,2025-03-20,273,0.146897,1
108105,2025-03-20,365,0.137594,1
108105,2025-03-20,547,0.131897,1
108105,2025-03-20,730,0.127682,1
108105,2025-03-20,1825,0.183953,1
108105,2025-03-21,10,0.18026,1
108105,2025-03-21,14,0.218933,1
108105,2025-03-21,30,0.197675,1
108105,2025-03-21,60,0.162558,1
108105,2025-03-21,91,0.15837,1
108105,2025-03-21,122,0.15018,1
108105,2025-03-21,152,0.147131,1
108105,2025-03-21,182,0.139615,1
108105,2025-03-21,273,0.146884,1
108105,2025-03-21,365,0.137563,1
108105,2025-03-21,547,0.131137,1
108105,2025-03-21,730,0.127089,1
108105,2025-03-21,1825,0.18388,1
108105,2025-03-24,10,0.158369,1
108105,2025-03-24,14,0.185586,1
108105,2025-03-24,30,0.208818,1
108105,2025-03-24,60,0.169444,1
108105,2025-03-24,91,0.16193,1
108105,2025-03-24,122,0.154911,1
108105,2025-03-24,152,0.150484,1
108105,2025-03-24,182,0.141784,1
108105,2025-03-24,273,0.148199,1
108105,2025-03-24,365,0.138629,1
108105,2025-03-24,547,0.131832,1
108105,2025-03-24,730,0.127716,1
108105,2025-03-24,1825,0.179225,1
108105,2025-03-25,10,0.145164,1
108105,2025-03-25,14,0.17686,1
108105,2025-03-25,30,0.204141,1
108105,2025-03-25,60,0.169566,1
108105,2025-03-25,91,0.160198,1
108105,2025-03-25,122,0.15398,1
108105,2025-03-25,152,0.150466,1
108105,2025-03-25,182,0.141757,1
108105,2025-03-25,273,0.148146,1
108105,2025-03-25,365,0.13859,1
108105,2025-03-25,547,0.131806,1
108105,2025-03-25,730,0.127589,1
108105,2025-03-25,1825,0.177203,1
108105,2025-03-26,10,0.157601,1
108105,2025-03-26,14,0.191476,1
108105,2025-03-26,30,0.206378,1
108105,2025-03-26,60,0.169227,1
108105,2025-03-26,91,0.160278,1
108105,2025-03-26,122,0.154197,1
108105,2025-03-26,152,0.151486,1
108105,2025-03-26,182,0.142642,1
108105,2025-03-26,273,0.148739,1
108105,2025-03-26,365,0.139044,1
108105,2025-03-26,547,0.13155,1
108105,2025-03-26,730,0.127869,1
108105,2025-03-26,1825,0.176591,1
108105,2025-03-27,10,0.15641,1
108105,2025-03-27,14,0.173144,1
108105,2025-03-27,30,0.206224,1
108105,2025-03-27,60,0.167254,1
108105,2025-03-27,91,0.160348,1
108105,2025-03-27,122,0.154142,1
108105,2025-03-27,152,0.150822,1
108105,2025-03-27,182,0.142599,1
108105,2025-03-27,273,0.148794,1
108105,2025-03-27,365,0.138846,1
108105,2025-03-27,547,0.131592,1
108105,2025-03-27,730,0.127891,1
108105,2025-03-27,1825,0.17653,1
108105,2025-03-28,10,0.185804,1
108105,2025-03-28,14,0.176172,1
108105,2025-03-28,30,0.214691,1
108105,2025-03-28,60,0.170172,1
108105,2025-03-28,91,0.163661,1
108105,2025-03-28,122,0.157391,1
108105,2025-03-28,152,0.153201,1
108105,2025-03-28,182,0.145376,1
108105,2025-03-28,273,0.150539,1
108105,2025-03-28,365,0.140325,1
108105,2025-03-28,547,0.132614,1
108105,2025-03-28,730,0.128371,1
108105,2025-03-28,1825,0.1767,1
108105,2025-03-31,10,0.20782,1
108105,2025-03-31,14,0.175193,1
108105,2025-03-31,30,0.206779,1
108105,2025-03-31,60,0.172094,1
108105,2025-03-31,91,0.162972,1
108105,2025-03-31,122,0.158279,1
108105,2025-03-31,152,0.154816,1
108105,2025-03-31,182,0.145469,1
108105,2025-03-31,273,0.150641,1
108105,2025-03-31,365,0.140144,1
108105,2025-03-31,547,0.132643,1
108105,2025-03-31,730,0.128127,1
108105,2025-03-31,1825,0.174899,1
108105,2025-04-01,10,0.192481,1
108105,2025-04-01,14,0.167932,1
108105,2025-04-01,30,0.203027,1
108105,2025-04-01,60,0.172471,1
108105,2025-04-01,91,0.163079,1
108105,2025-04-01,122,0.157512,1
108105,2025-04-01,152,0.152148,1
108105,2025-04-01,182,0.14498,1
108105,2025-04-01,273,0.150536,1
108105,2025-04-01,365,0.140169,1
108105,2025-04-01,547,0.132666,1
108105,2025-04-01,730,0.128019,1
108105,2025-04-01,1825,0.174628,1
108105,2025-04-02,10,0.183207,1
108105,2025-04-02,14,0.162045,1
108105,2025-04-02,30,0.197817,1
108105,2025-04-02,60,0.171596,1
108105,2025-04-02,91,0.162426,1
108105,2025-04-02,122,0.157099,1
108105,2025-04-02,152,0.152385,1
108105,2025-04-02,182,0.145305,1
108105,2025-04-02,273,0.150621,1
108105,2025-04-02,365,0.14011,1
108105,2025-04-02,547,0.132214,1
108105,2025-04-02,730,0.128073,1
108105,2025-04-02,1825,0.174503,1
108105,2025-04-03,10,0.30206,1
108105,2025-04-03,14,0.297536,1
108105,2025-04-03,30,0.254599,1
108105,2025-04-03,60,0.20568,1
108105,2025-04-03,91,0.190125,1
108105,2025-04-03,122,0.178565,1
108105,2025-04-03,152,0.170264,1
108105,2025-04-03,182,0.161557,1
108105,2025-04-03,273,0.160875,1
108105,2025-04-03,365,0.148776,1
108105,2025-04-03,547,0.138381,1
108105,2025-04-03,730,0.132861,1
108105,2025-04-03,1825,0.175881,1
108105,2025-04-04,10,0.414752,1
108105,2025-04-04,14,0.408691,1
108105,2025-04-04,30,0.317156,1
108105,2025-04-04,60,0.250248,1
108105,2025-04-04,91,0.223576,1
108105,2025-04-04,122,0.207084,1
108105,2025-04-04,152,0.19425,1
108105,2025-04-04,182,0.183041,1
108105,2025-04-04,273,0.175782,1
108105,2025-04-04,365,0.160653,1
108105,2025-04-04,547,0.14748,1
108105,2025-04-04,730,0.139968,1
108105,2025-04-04,1825,0.178005,1
108105,2025-04-07,10,0.490093,1
108105,2025-04-07,14,0.381093,1
108105,2025-04-07,30,0.319911,1
108105,2025-04-07,60,0.25331,1
108105,2025-04-07,91,0.222965,1
108105,2025-04-07,122,0.20898,1
108105,2025-04-07,152,0.190495,1
108105,2025-04-07,182,0.182632,1
108105,2025-04-07,273,0.175786,1
108105,2025-04-07,365,0.16028,1
108105,2025-04-07,547,0.147206,1
108105,2025-04-07,730,0.139964,1
108105,2025-04-07,1825,0.174942,1
108105,2025-04-08,10,0.4474,1
108105,2025-04-08,14,0.372315,1
108105,2025-04-08,30,0.313884,1
108105,2025-04-08,60,0.25458,1
108105,2025-04-08,91,0.223893,1
108105,2025-04-08,122,0.209039,1
108105,2025-04-08,152,0.191269,1
108105,2025-04-08,182,0.183213,1
108105,2025-04-08,273,0.176671,1
108105,2025-04-08,365,0.161052,1
108105,2025-04-08,547,0.147728,1
108105,2025-04-08,730,0.140297,1
108105,2025-04-08,1825,0.174983,1
108105,2025-04-09,10,0.72995,1
108105,2025-04-09,14,0.649438,1
108105,2025-04-09,30,0.447206,1
108105,2025-04-09,60,0.343493,1
108105,2025-04-09,91,0.292826,1
108105,2025-04-09,122,0.263852,1
108105,2025-04-09,152,0.240312,1
108105,2025-04-09,182,0.225104,1
108105,2025-04-09,273,0.205648,1
108105,2025-04-09,365,0.185101,1
108105,2025-04-09,547,0.165276,1
108105,2025-04-09,730,0.154257,1
108105,2025-04-09,1825,0.179542,1
108105,2025-04-10,10,0.748782,1
108105,2025-04-10,14,0.667215,1
108105,2025-04-10,30,0.461424,1
108105,2025-04-10,60,0.348577,1
108105,2025-04-10,91,0.298269,1
108105,2025-04-10,122,0.27027,1
108105,2025-04-10,152,0.245074,1
108105,2025-04-10,182,0.23048,1
108105,2025-04-10,273,0.209383,1
108105,2025-04-10,365,0.188225,1
108105,2025-04-10,547,0.167836,1
108105,2025-04-10,730,0.156327,1
108105,2025-04-10,1825,0.180184,1
108105,2025-04-11,10,0.760847,1
108105,2025-04-11,14,0.674905,1
108105,2025-04-11,30,0.466038,1
108105,2025-04-11,60,0.351526,1
108105,2025-04-11,91,0.299534,1
108105,2025-04-11,122,0.272407,1
108105,2025-04-11,152,0.245704,1
108105,2025-04-11,182,0.231818,1
108105,2025-04-11,273,0.21034,1
108105,2025-04-11,365,0.188931,1
108105,2025-04-11,547,0.16835,1
108105,2025-04-11,730,0.156779,1
108105,2025-04-11,1825,0.180281,1
108105,2025-04-14,10,0.690982,1
108105,2025-04-14,14,0.675953,1
108105,2025-04-14,30,0.469881,1
108105,2025-04-14,60,0.359593,1
108105,2025-04-14,91,0.300051,1
108105,2025-04-14,122,0.275664,1
108105,2025-04-14,152,0.248481,1
108105,2025-04-14,182,0.231835,1
108105,2025-04-14,273,0.210522,1
108105,2025-04-14,365,0.188505,1
108105,2025-04-14,547,0.168395,1
108105,2025-04-14,730,0.156756,1
108105,2025-04-14,1825,0.179613,1
108105,2025-04-15,10,0.635072,1
108105,2025-04-15,14,0.674804,1
108105,2025-04-15,30,0.458558,1
108105,2025-04-15,60,0.359531,1
108105,2025-04-15,91,0.300014,1
108105,2025-04-15,122,0.273958,1
108105,2025-04-15,152,0.248354,1
108105,2025-04-15,182,0.231623,1
108105,2025-04-15,273,0.21039,1
108105,2025-04-15,365,0.188108,1
108105,2025-04-15,547,0.168207,1
108105,2025-04-15,730,0.156607,1
108105,2025-04-15,1825,0.1796,1
108105,2025-04-16,10,0.613915,1
108105,2025-04-16,14,0.677507,1
108105,2025-04-16,30,0.462704,1
108105,2025-04-16,60,0.358356,1
108105,2025-04-16,91,0.300386,1
108105,2025-04-16,122,0.274792,1
108105,2025-04-16,152,0.249947,1
108105,2025-04-16,182,0.233618,1
108105,2025-04-16,273,0.211387,1
108105,2025-04-16,365,0.189491,1
108105,2025-04-16,547,0.16928,1
108105,2025-04-16,730,0.157454,1
108105,2025-04-16,1825,0.179524,1
108105,2025-04-17,10,0.612711,1
108105,2025-04-17,14,0.635223,1
108105,2025-04-17,30,0.462189,1
108105,2025-04-17,60,0.354258,1
108105,2025-04-17,91,0.300455,1
108105,2025-04-17,122,0.274676,1
108105,2025-04-17,152,0.248746,1
108105,2025-04-17,182,0.233636,1
108105,2025-04-17,273,0.211212,1
108105,2025-04-17,365,0.1894,1
108105,2025-04-17,547,0.16889,1
108105,2025-04-17,730,0.157455,1
108105,2025-04-17,1825,0.179453,1
108105,2025-04-21,10,0.230802,1
108105,2025-04-21,14,0.59357,1
108105,2025-04-21,30,0.488267,1
108105,2025-04-21,60,0.365825,1
108105,2025-04-21,91,0.302656,1
108105,2025-04-21,122,0.277158,1
108105,2025-04-21,152,0.253515,1
108105,2025-04-21,182,0.236787,1
108105,2025-04-21,273,0.213004,1
108105,2025-04-21,365,0.191084,1
108105,2025-04-21,547,0.169791,1
108105,2025-04-21,730,0.158647,1
108105,2025-04-21,1825,0.178898,1
108105,2025-04-22,10,0.295419,1
108105,2025-04-22,14,0.593888,1
108105,2025-04-22,30,0.486763,1
108105,2025-04-22,60,0.371174,1
108105,2025-04-22,91,0.306737,1
108105,2025-04-22,122,0.279373,1
108105,2025-04-22,152,0.256658,1
108105,2025-04-22,182,0.239657,1
108105,2025-04-22,273,0.215,1
108105,2025-04-22,365,0.192493,1
108105,2025-04-22,547,0.170946,1
108105,2025-04-22,730,0.159427,1
108105,2025-04-22,1825,0.179229,1
108105,2025-04-23,10,0.292528,1
108105,2025-04-23,14,0.335594,1
108105,2025-04-23,30,0.486254,1
108105,2025-04-23,60,0.369768,1
108105,2025-04-23,91,0.308575,1
108105,2025-04-23,122,0.279419,1
108105,2025-04-23,152,0.258077,1
108105,2025-04-23,182,0.240624,1
108105,2025-04-23,273,0.21417,1
108105,2025-04-23,365,0.192833,1
108105,2025-04-23,547,0.171359,1
108105,2025-04-23,730,0.159832,1
108105,2025-04-23,1825,0.179274,1
108105,2025-04-24,10,0.314029,1
108105,2025-04-24,14,0.285156,1
108105,2025-04-24,30,0.492783,1
108105,2025-04-24,60,0.369458,1
108105,2025-04-24,91,0.311387,1
108105,2025-04-24,122,0.281517,1
108105,2025-04-24,152,0.258928,1
108105,2025-04-24,182,0.242407,1
108105,2025-04-24,273,0.215353,1
108105,2025-04-24,365,0.193857,1
108105,2025-04-24,547,0.171648,1
108105,2025-04-24,730,0.160002,1
108105,2025-04-24,1825,0.179416,1
108105,2025-04-25,10,0.314141,1
108105,2025-04-25,14,0.274739,1
108105,2025-04-25,30,0.492826,1
108105,2025-04-25,60,0.370094,1
108105,2025-04-25,91,0.311906,1
108105,2025-04-25,122,0.281106,1
108105,2025-04-25,152,0.257972,1
108105,2025-04-25,182,0.242665,1
108105,2025-04-25,273,0.215141,1
108105,2025-04-25,365,0.193922,1
108105,2025-04-25,547,0.171419,1
108105,2025-04-25,730,0.160043,1
108105,2025-04-25,1825,0.179371,1
108105,2025-04-28,10,0.281159,1
108105,2025-04-28,14,0.273588,1
108105,2025-04-28,30,0.50089,1
108105,2025-04-28,60,0.377458,1
108105,2025-04-28,91,0.310791,1
108105,2025-04-28,122,0.282302,1
108105,2025-04-28,152,0.260232,1
108105,2025-04-28,182,0.24263,1
108105,2025-04-28,273,0.215141,1
108105,2025-04-28,365,0.193671,1
108105,2025-04-28,547,0.171357,1
108105,2025-04-28,730,0.159554,1
108105,2025-04-28,1825,0.179013,1
108105,2025-04-29,10,0.256889,1
108105,2025-04-29,14,0.272822,1
108105,2025-04-29,30,0.488688,1
108105,2025-04-29,60,0.375411,1
108105,2025-04-29,91,0.310399,1
108105,2025-04-29,122,0.280802,1
108105,2025-04-29,152,0.259147,1
108105,2025-04-29,182,0.242776,1
108105,2025-04-29,273,0.215162,1
108105,2025-04-29,365,0.193728,1
108105,2025-04-29,547,0.171161,1
108105,2025-04-29,730,0.159437,1
108105,2025-04-29,1825,0.178975,1
108105,2025-04-30,10,0.24009,1
108105,2025-04-30,14,0.22631,1
108105,2025-04-30,30,0.488294,1
108105,2025-04-30,60,0.370884,1
108105,2025-04-30,91,0.310377,1
108105,2025-04-30,122,0.279115,1
108105,2025-04-30,152,0.258977,1
108105,2025-04-30,182,0.242754,1
108105,2025-04-30,273,0.214402,1
108105,2025-04-30,365,0.193042,1
108105,2025-04-30,547,0.171098,1
108105,2025-04-30,730,0.159437,1
108105,2025-04-30,1825,0.178503,1
108105,2025-05-01,10,0.142079,1
108105,2025-05-01,14,0.22459,1
108105,2025-05-01,30,0.488639,1
108105,2025-05-01,60,0.366938,1
108105,2025-05-01,91,0.310471,1
108105,2025-05-01,122,0.278833,1
108105,2025-05-01,152,0.257941,1
108105,2025-05-01,182,0.241469,1
108105,2025-05-01,273,0.213913,1
108105,2025-05-01,365,0.193093,1
108105,2025-05-01,547,0.170973,1
108105,2025-05-01,730,0.159251,1
108105,2025-05-01,1825,0.178451,1
108105,2025-05-02,10,0.113412,1
108105,2025-05-02,14,0.215573,1
108105,2025-05-02,30,0.490821,1
108105,2025-05-02,60,0.366655,1
108105,2025-05-02,91,0.311986,1
108105,2025-05-02,122,0.280015,1
108105,2025-05-02,152,0.257793,1
108105,2025-05-02,182,0.242319,1
108105,2025-05-02,273,0.213448,1
108105,2025-05-02,365,0.193423,1
108105,2025-05-02,547,0.170717,1
108105,2025-05-02,730,0.159467,1
108105,2025-05-02,1825,0.178491,1
108105,2025-05-05,10,0.111477,1
108105,2025-05-05,14,0.153755,1
108105,2025-05-05,30,0.404325,1
108105,2025-05-05,60,0.371119,1
108105,2025-05-05,91,0.311888,1
108105,2025-05-05,122,0.280975,1
108105,2025-05-05,152,0.260226,1
108105,2025-05-05,182,0.242458,1
108105,2025-05-05,273,0.21056,1
108105,2025-05-05,365,0.193165,1
108105,2025-05-05,547,0.17067,1
108105,2025-05-05,730,0.159112,1
108105,2025-05-05,1825,0.17858,1
108105,2025-05-06,10,0.122805,1
108105,2025-05-06,14,0.147373,1
108105,2025-05-06,30,0.396692,1
108105,2025-05-06,60,0.371247,1
108105,2025-05-06,91,0.311734,1
108105,2025-05-06,122,0.279531,1
108105,2025-05-06,152,0.260453,1
108105,2025-05-06,182,0.24205,1
108105,2025-05-06,273,0.210458,1
108105,2025-05-06,365,0.193078,1
108105,2025-05-06,547,0.170807,1
108105,2025-05-06,730,0.159063,1
108105,2025-05-06,1825,0.178552,1
108105,2025-05-07,10,0.114388,1
108105,2025-05-07,14,0.134848,1
108105,2025-05-07,30,0.395862,1
108105,2025-05-07,60,0.366899,1
108105,2025-05-07,91,0.311764,1
108105,2025-05-07,122,0.277979,1
108105,2025-05-07,152,0.260527,1
108105,2025-05-07,182,0.239394,1
108105,2025-05-07,273,0.210294,1
108105,2025-05-07,365,0.193117,1
108105,2025-05-07,547,0.170825,1
108105,2025-05-07,730,0.159085,1
108105,2025-05-07,1825,0.178412,1
108105,2025-05-08,10,0.115216,1
108105,2025-05-08,14,0.104865,1
108105,2025-05-08,30,0.388498,1
108105,2025-05-08,60,0.362832,1
108105,2025-05-08,91,0.311928,1
108105,2025-05-08,122,0.277997,1
108105,2025-05-08,152,0.259449,1
108105,2025-05-08,182,0.239295,1
108105,2025-05-08,273,0.208766,1
108105,2025-05-08,365,0.193195,1
108105,2025-05-08,547,0.170876,1
108105,2025-05-08,730,0.159084,1
108105,2025-05-08,1825,0.178357,1
108105,2025-05-09,10,0.115372,1
108105,2025-05-09,14,0.103772,1
108105,2025-05-09,30,0.236405,1
108105,2025-05-09,60,0.356656,1
108105,2025-05-09,91,0.311464,1
108105,2025-05-09,122,0.277384,1
108105,2025-05-09,152,0.258187,1
108105,2025-05-09,182,0.239219,1
108105,2025-05-09,273,0.208709,1
108105,2025-05-09,365,0.193139,1
108105,2025-05-09,547,0.170726,1
108105,2025-05-09,730,0.159064,1
108105,2025-05-09,1825,0.178287,1
108105,2025-05-12,10,0.230648,1
108105,2025-05-12,14,0.180291,1
108105,2025-05-12,30,0.218361,1
108105,2025-05-12,60,0.371212,1
108105,2025-05-12,91,0.318062,1
108105,2025-05-12,122,0.283467,1
108105,2025-05-12,152,0.265234,1
108105,2025-05-12,182,0.243697,1
108105,2025-05-12,273,0.211934,1
108105,2025-05-12,365,0.195742,1
108105,2025-05-12,547,0.172228,1
108105,2025-05-12,730,0.16076,1
108105,2025-05-12,1825,0.178545,1
108105,2025-05-13,10,0.211159,1
108105,2025-05-13,14,0.180488,1
108105,2025-05-13,30,0.213074,1
108105,2025-05-13,60,0.36817,1
108105,2025-05-13,91,0.318442,1
108105,2025-05-13,122,0.282029,1
108105,2025-05-13,152,0.26538,1
108105,2025-05-13,182,0.243898,1
108105,2025-05-13,273,0.211235,1
108105,2025-05-13,365,0.195859,1
108105,2025-05-13,547,0.172305,1
108105,2025-05-13,730,0.160666,1
108105,2025-05-13,1825,0.178504,1
108105,2025-05-14,10,0.196724,1
108105,2025-05-14,14,0.1808,1
108105,2025-05-14,30,0.212993,1
108105,2025-05-14,60,0.363653,1
108105,2025-05-14,91,0.318423,1
108105,2025-05-14,122,0.28035,1
108105,2025-05-14,152,0.265388,1
108105,2025-05-14,182,0.243903,1
108105,2025-05-14,273,0.211199,1
108105,2025-05-14,365,0.19581,1
108105,2025-05-14,547,0.171658,1
108105,2025-05-14,730,0.160658,1
108105,2025-05-14,1825,0.178497,1
108105,2025-05-15,10,0.184307,1
108105,2025-05-15,14,0.180912,1
108105,2025-05-15,30,0.211935,1
108105,2025-05-15,60,0.359375,1
108105,2025-05-15,91,0.317806,1
108105,2025-05-15,122,0.280423,1
108105,2025-05-15,152,0.264173,1
108105,2025-05-15,182,0.243826,1
108105,2025-05-15,273,0.21046,1
108105,2025-05-15,365,0.195521,1
108105,2025-05-15,547,0.171679,1
108105,2025-05-15,730,0.160597,1
108105,2025-05-15,1825,0.178433,1
108105,2025-05-16,10,0.162798,1
108105,2025-05-16,14,0.173981,1
108105,2025-05-16,30,0.187769,1
108105,2025-05-16,60,0.359429,1
108105,2025-05-16,91,0.31816,1
108105,2025-05-16,122,0.280665,1
108105,2025-05-16,152,0.263126,1
108105,2025-05-16,182,0.243277,1
108105,2025-05-16,273,0.210592,1
108105,2025-05-16,365,0.195615,1
108105,2025-05-16,547,0.171756,1
108105,2025-05-16,730,0.160465,1
108105,2025-05-16,1825,0.178385,1
108105,2025-05-19,10,0.186615,1
108105,2025-05-19,14,0.164599,1
108105,2025-05-19,30,0.187911,1
108105,2025-05-19,60,0.36621,1
108105,2025-05-19,91,0.315635,1
108105,2025-05-19,122,0.281744,1
108105,2025-05-19,152,0.26134,1
108105,2025-05-19,182,0.243218,1
108105,2025-05-19,273,0.210313,1
108105,2025-05-19,365,0.195614,1
108105,2025-05-19,547,0.171755,1
108105,2025-05-19,730,0.1605,1
108105,2025-05-19,1825,0.177792,1
108105,2025-05-20,10,0.186374,1
108105,2025-05-20,14,0.156991,1
108105,2025-05-20,30,0.186274,1
108105,2025-05-20,60,0.366432,1
108105,2025-05-20,91,0.315658,1
108105,2025-05-20,122,0.28012,1
108105,2025-05-20,152,0.261413,1
108105,2025-05-20,182,0.24322,1
108105,2025-05-20,273,0.210353,1
108105,2025-05-20,365,0.195662,1
108105,2025-05-20,547,0.171711,1
108105,2025-05-20,730,0.160373,1
108105,2025-05-20,1825,0.177763,1
108105,2025-05-21,10,0.216091,1
108105,2025-05-21,14,0.192373,1
108105,2025-05-21,30,0.173337,1
108105,2025-05-21,60,0.364441,1
108105,2025-05-21,91,0.317145,1
108105,2025-05-21,122,0.279833,1
108105,2025-05-21,152,0.262114,1
108105,2025-05-21,182,0.244337,1
108105,2025-05-21,273,0.211181,1
108105,2025-05-21,365,0.196369,1
108105,2025-05-21,547,0.172261,1
108105,2025-05-21,730,0.160823,1
108105,2025-05-21,1825,0.177921,1
108105,2025-05-22,10,0.119942,1
108105,2025-05-22,14,0.19304,1
108105,2025-05-22,30,0.16049,1
108105,2025-05-22,60,0.360087,1
108105,2025-05-22,91,0.317064,1
108105,2025-05-22,122,0.278182,1
108105,2025-05-22,152,0.260826,1
108105,2025-05-22,182,0.244211,1
108105,2025-05-22,273,0.21091,1
108105,2025-05-22,365,0.196346,1
108105,2025-05-22,547,0.172241,1
108105,2025-05-22,730,0.1606,1
108105,2025-05-22,1825,0.177851,1
108105,2025-05-23,10,0.114963,1
108105,2025-05-23,14,0.198648,1
108105,2025-05-23,30,0.158928,1
108105,2025-05-23,60,0.358081,1
108105,2025-05-23,91,0.315562,1
108105,2025-05-23,122,0.277953,1
108105,2025-05-23,152,0.259759,1
108105,2025-05-23,182,0.244336,1
108105,2025-05-23,273,0.210661,1
108105,2025-05-23,365,0.19632,1
108105,2025-05-23,547,0.172118,1
108105,2025-05-23,730,0.160586,1
108105,2025-05-23,1825,0.17781,1
108105,2025-05-27,10,0.191779,1
108105,2025-05-27,14,0.15865,1
108105,2025-05-27,30,0.162501,1
108105,2025-05-27,60,0.369738,1
108105,2025-05-27,91,0.320532,1
108105,2025-05-27,122,0.283142,1
108105,2025-05-27,152,0.263446,1
108105,2025-05-27,182,0.246921,1
108105,2025-05-27,273,0.212478,1
108105,2025-05-27,365,0.197222,1
108105,2025-05-27,547,0.173084,1
108105,2025-05-27,730,0.161009,1
108105,2025-05-27,1825,0.177977,1
108105,2025-05-28,10,0.177188,1
108105,2025-05-28,14,0.161992,1
108105,2025-05-28,30,0.165194,1
108105,2025-05-28,60,0.365507,1
108105,2025-05-28,91,0.32072,1
108105,2025-05-28,122,0.281596,1
108105,2025-05-28,152,0.263017,1
108105,2025-05-28,182,0.246989,1
108105,2025-05-28,273,0.212462,1
108105,2025-05-28,365,0.197314,1
108105,2025-05-28,547,0.173161,1
108105,2025-05-28,730,0.16091,1
108105,2025-05-28,1825,0.177988,1
108105,2025-05-29,10,0.180056,1
108105,2025-05-29,14,0.161894,1
108105,2025-05-29,30,0.16493,1
108105,2025-05-29,60,0.361083,1
108105,2025-05-29,91,0.319203,1
108105,2025-05-29,122,0.280592,1
108105,2025-05-29,152,0.261804,1
108105,2025-05-29,182,0.246046,1
108105,2025-05-29,273,0.212506,1
108105,2025-05-29,365,0.197189,1
108105,2025-05-29,547,0.173177,1
108105,2025-05-29,730,0.160926,1
108105,2025-05-29,1825,0.177923,1
108105,2025-05-30,10,0.179149,1
108105,2025-05-30,14,0.156399,1
108105,2025-05-30,30,0.16519,1
108105,2025-05-30,60,0.360948,1
108105,2025-05-30,91,0.317626,1
108105,2025-05-30,122,0.280116,1
108105,2025-05-30,152,0.26053,1
108105,2025-05-30,182,0.245908,1
108105,2025-05-30,273,0.2122,1
108105,2025-05-30,365,0.197083,1
108105,2025-05-30,547,0.17316,1
108105,2025-05-30,730,0.160855,1
108105,2025-05-30,1825,0.177853,1
108105,2025-06-02,10,0.15294,1
108105,2025-06-02,14,0.158446,1
108105,2025-06-02,30,0.163155,1
108105,2025-06-02,60,0.346035,1
108105,2025-06-02,91,0.315694,1
108105,2025-06-02,122,0.283218,1
108105,2025-06-02,152,0.26125,1
108105,2025-06-02,182,0.245956,1
108105,2025-06-02,273,0.211676,1
108105,2025-06-02,365,0.196971,1
108105,2025-06-02,547,0.17313,1
108105,2025-06-02,730,0.160606,1
108105,2025-06-02,1825,0.177867,1
108105,2025-06-03,10,0.137032,1
108105,2025-06-03,14,0.160219,1
108105,2025-06-03,30,0.159523,1
108105,2025-06-03,60,0.30434,1
108105,2025-06-03,91,0.314846,1
108105,2025-06-03,122,0.281698,1
108105,2025-06-03,152,0.261375,1
108105,2025-06-03,182,0.246101,1
108105,2025-06-03,273,0.210257,1
108105,2025-06-03,365,0.197043,1
108105,2025-06-03,547,0.173108,1
108105,2025-06-03,730,0.160486,1
108105,2025-06-03,1825,0.177874,1
108105,2025-06-04,10,0.128193,1
108105,2025-06-04,14,0.125802,1
108105,2025-06-04,30,0.156613,1
108105,2025-06-04,60,0.300674,1
108105,2025-06-04,91,0.314111,1
108105,2025-06-04,122,0.280016,1
108105,2025-06-04,152,0.260646,1
108105,2025-06-04,182,0.245942,1
108105,2025-06-04,273,0.210244,1
108105,2025-06-04,365,0.19704,1
108105,2025-06-04,547,0.173105,1
108105,2025-06-04,730,0.160476,1
108105,2025-06-04,1825,0.17751,1
108105,2025-06-05,10,0.129809,1
108105,2025-06-05,14,0.131698,1
108105,2025-06-05,30,0.154804,1
108105,2025-06-05,60,0.29785,1
108105,2025-06-05,91,0.312122,1
108105,2025-06-05,122,0.279857,1
108105,2025-06-05,152,0.259511,1
108105,2025-06-05,182,0.24604,1
108105,2025-06-05,273,0.210311,1
108105,2025-06-05,365,0.196795,1
108105,2025-06-05,547,0.173134,1
108105,2025-06-05,730,0.160527,1
108105,2025-06-05,1825,0.177458,1
108105,2025-06-06,10,0.086578,1
108105,2025-06-06,14,0.127458,1
108105,2025-06-06,30,0.1569,1
108105,2025-06-06,60,0.297863,1
108105,2025-06-06,91,0.312569,1
108105,2025-06-06,122,0.280142,1
108105,2025-06-06,152,0.258746,1
108105,2025-06-06,182,0.246462,1
108105,2025-06-06,273,0.209584,1
108105,2025-06-06,365,0.197041,1
108105,2025-06-06,547,0.173209,1
108105,2025-06-06,730,0.160639,1
108105,2025-06-06,1825,0.177441,1
108105,2025-06-09,10,0.084606,1
108105,2025-06-09,14,0.120987,1
108105,2025-06-09,30,0.160266,1
108105,2025-06-09,60,0.178691,1
108105,2025-06-09,91,0.307359,1
108105,2025-06-09,122,0.2829,1
108105,2025-06-09,152,0.260523,1
108105,2025-06-09,182,0.246312,1
108105,2025-06-09,273,0.209194,1
108105,2025-06-09,365,0.197035,1
108105,2025-06-09,547,0.173187,1
108105,2025-06-09,730,0.160752,1
108105,2025-06-09,1825,0.17745,1
108105,2025-06-10,10,0.079084,1
108105,2025-06-10,14,0.078906,1
108105,2025-06-10,30,0.156448,1
108105,2025-06-10,60,0.174782,1
108105,2025-06-10,91,0.306973,1
108105,2025-06-10,122,0.281352,1
108105,2025-06-10,152,0.259388,1
108105,2025-06-10,182,0.246403,1
108105,2025-06-10,273,0.209223,1
108105,2025-06-10,365,0.197087,1
108105,2025-06-10,547,0.173211,1
108105,2025-06-10,730,0.160627,1
108105,2025-06-10,1825,0.175324,1
108105,2025-06-11,10,0.080098,1
108105,2025-06-11,14,0.072313,1
108105,2025-06-11,30,0.116685,1
108105,2025-06-11,60,0.173164,1
108105,2025-06-11,91,0.306988,1
108105,2025-06-11,122,0.279713,1
108105,2025-06-11,152,0.258252,1
108105,2025-06-11,182,0.246153,1
108105,2025-06-11,273,0.208924,1
108105,2025-06-11,365,0.197101,1
108105,2025-06-11,547,0.173204,1
108105,2025-06-11,730,0.160529,1
108105,2025-06-11,1825,0.175242,1
108105,2025-06-12,10,0.07989,1
108105,2025-06-12,14,0.072191,1
108105,2025-06-12,30,0.11514,1
108105,2025-06-12,60,0.171056,1
108105,2025-06-12,91,0.30548,1
108105,2025-06-12,122,0.27955,1
108105,2025-06-12,152,0.257065,1
108105,2025-06-12,182,0.246094,1
108105,2025-06-12,273,0.2088,1
108105,2025-06-12,365,0.196965,1
108105,2025-06-12,547,0.1729,1
108105,2025-06-12,730,0.160483,1
108105,2025-06-12,1825,0.175178,1
108105,2025-06-13,10,0.106385,1
108105,2025-06-13,14,0.099374,1
108105,2025-06-13,30,0.123181,1
108105,2025-06-13,60,0.174039,1
108105,2025-06-13,91,0.303898,1
108105,2025-06-13,122,0.280228,1
108105,2025-06-13,152,0.256474,1
108105,2025-06-13,182,0.24663,1
108105,2025-06-13,273,0.209164,1
108105,2025-06-13,365,0.197311,1
108105,2025-06-13,547,0.173174,1
108105,2025-06-13,730,0.160709,1
108105,2025-06-13,1825,0.17519,1
108105,2025-06-16,10,0.115432,1
108105,2025-06-16,14,0.107017,1
108105,2025-06-16,30,0.12761,1
108105,2025-06-16,60,0.166611,1
108105,2025-06-16,91,0.304171,1
108105,2025-06-16,122,0.283478,1
108105,2025-06-16,152,0.257809,1
108105,2025-06-16,182,0.246939,1
108105,2025-06-16,273,0.209424,1
108105,2025-06-16,365,0.197515,1
108105,2025-06-16,547,0.173321,1
108105,2025-06-16,730,0.160754,1
108105,2025-06-16,1825,0.175139,1
108105,2025-06-17,10,0.119221,1
108105,2025-06-17,14,0.114943,1
108105,2025-06-17,30,0.128235,1
108105,2025-06-17,60,0.167056,1
108105,2025-06-17,91,0.303844,1
108105,2025-06-17,122,0.282125,1
108105,2025-06-17,152,0.258128,1
108105,2025-06-17,182,0.247168,1
108105,2025-06-17,273,0.20967,1
108105,2025-06-17,365,0.197577,1
108105,2025-06-17,547,0.17345,1
108105,2025-06-17,730,0.16072,1
108105,2025-06-17,1825,0.175184,1
108105,2025-06-18,10,0.110379,1
108105,2025-06-18,14,0.114972,1
108105,2025-06-18,30,0.128222,1
108105,2025-06-18,60,0.165209,1
108105,2025-06-18,91,0.303208,1
108105,2025-06-18,122,0.28044,1
108105,2025-06-18,152,0.257662,1
108105,2025-06-18,182,0.243388,1
108105,2025-06-18,273,0.209638,1
108105,2025-06-18,365,0.197566,1
108105,2025-06-18,547,0.173398,1
108105,2025-06-18,730,0.160561,1
108105,2025-06-18,1825,0.175163,1
108105,2025-06-20,10,0.111084,1
108105,2025-06-20,14,0.103676,1
108105,2025-06-20,30,0.115654,1
108105,2025-06-20,60,0.151563,1
108105,2025-06-20,91,0.305683,1
108105,2025-06-20,122,0.28042,1
108105,2025-06-20,152,0.256442,1
108105,2025-06-20,182,0.24392,1
108105,2025-06-20,273,0.209319,1
108105,2025-06-20,365,0.197562,1
108105,2025-06-20,547,0.173001,1
108105,2025-06-20,730,0.160634,1
108105,2025-06-20,1825,0.175097,1
108105,2025-06-23,10,0.123245,1
108105,2025-06-23,14,0.116914,1
108105,2025-06-23,30,0.118425,1
108105,2025-06-23,60,0.13507,1
108105,2025-06-23,91,0.304312,1
108105,2025-06-23,122,0.28262,1
108105,2025-06-23,152,0.257574,1
108105,2025-06-23,182,0.244084,1
108105,2025-06-23,273,0.209579,1
108105,2025-06-23,365,0.197768,1
108105,2025-06-23,547,0.173155,1
108105,2025-06-23,730,0.160797,1
108105,2025-06-23,1825,0.174845,1
108105,2025-06-24,10,0.126117,1
108105,2025-06-24,14,0.127849,1
108105,2025-06-24,30,0.119689,1
108105,2025-06-24,60,0.136274,1
108105,2025-06-24,91,0.305024,1
108105,2025-06-24,122,0.281562,1
108105,2025-06-24,152,0.258025,1
108105,2025-06-24,182,0.244092,1
108105,2025-06-24,273,0.209939,1
108105,2025-06-24,365,0.198027,1
108105,2025-06-24,547,0.173135,1
108105,2025-06-24,730,0.160805,1
108105,2025-06-24,1825,0.174847,1
108105,2025-06-25,10,0.116704,1
108105,2025-06-25,14,0.126144,1
108105,2025-06-25,30,0.116963,1
108105,2025-06-25,60,0.134697,1
108105,2025-06-25,91,0.304026,1
108105,2025-06-25,122,0.279881,1
108105,2025-06-25,152,0.257987,1
108105,2025-06-25,182,0.243089,1
108105,2025-06-25,273,0.209923,1
108105,2025-06-25,365,0.197996,1
108105,2025-06-25,547,0.173111,1
108105,2025-06-25,730,0.160764,1
108105,2025-06-25,1825,0.174485,1
108105,2025-06-26,10,0.113708,1
108105,2025-06-26,14,0.130635,1
108105,2025-06-26,30,0.09971,1
108105,2025-06-26,60,0.133751,1
108105,2025-06-26,91,0.304212,1
108105,2025-06-26,122,0.280058,1
108105,2025-06-26,152,0.257043,1
108105,2025-06-26,182,0.243352,1
108105,2025-06-26,273,0.210069,1
108105,2025-06-26,365,0.198138,1
108105,2025-06-26,547,0.173214,1
108105,2025-06-26,730,0.160668,1
108105,2025-06-26,1825,0.174447,1
108105,2025-06-27,10,0.084338,1
108105,2025-06-27,14,0.105217,1
108105,2025-06-27,30,0.096691,1
108105,2025-06-27,60,0.133825,1
108105,2025-06-27,91,0.301197,1
108105,2025-06-27,122,0.280047,1
108105,2025-06-27,152,0.255939,1
108105,2025-06-27,182,0.242914,1
108105,2025-06-27,273,0.210136,1
108105,2025-06-27,365,0.198195,1
108105,2025-06-27,547,0.173254,1
108105,2025-06-27,730,0.160698,1
108105,2025-06-27,1825,0.17439,1
108105,2025-06-30,10,0.062766,1
108105,2025-06-30,14,0.100201,1
108105,2025-06-30,30,0.099157,1
108105,2025-06-30,60,0.136776,1
108105,2025-06-30,91,0.301178,1
108105,2025-06-30,122,0.280817,1
108105,2025-06-30,152,0.256982,1
108105,2025-06-30,182,0.242489,1
108105,2025-06-30,273,0.210161,1
108105,2025-06-30,365,0.198197,1
108105,2025-06-30,547,0.173269,1
108105,2025-06-30,730,0.16066,1
108105,2025-06-30,1825,0.174291,1
108105,2025-07-01,10,0.073276,1
108105,2025-07-01,14,0.079057,1
108105,2025-07-01,30,0.097421,1
108105,2025-07-01,60,0.133464,1
108105,2025-07-01,91,0.301195,1
108105,2025-07-01,122,0.279134,1
108105,2025-07-01,152,0.25687,1
108105,2025-07-01,182,0.242404,1
108105,2025-07-01,273,0.209858,1
108105,2025-07-01,365,0.198192,1
108105,2025-07-01,547,0.173043,1
108105,2025-07-01,730,0.160504,1
108105,2025-07-01,1825,0.174284,1
108105,2025-07-02,10,0.067946,1
108105,2025-07-02,14,0.074939,1
108105,2025-07-02,30,0.097599,1
108105,2025-07-02,60,0.131941,1
108105,2025-07-02,91,0.301081,1
108105,2025-07-02,122,0.277564,1
108105,2025-07-02,152,0.256832,1
108105,2025-07-02,182,0.241495,1
108105,2025-07-02,273,0.209918,1
108105,2025-07-02,365,0.198155,1
108105,2025-07-02,547,0.172995,1
108105,2025-07-02,730,0.16053,1
108105,2025-07-02,1825,0.174224,1
108105,2025-07-03,10,0.065444,1
108105,2025-07-03,14,0.073204,1
108105,2025-07-03,30,0.099117,1
108105,2025-07-03,60,0.131172,1
108105,2025-07-03,91,0.28253,1
108105,2025-07-03,122,0.276038,1
108105,2025-07-03,152,0.255896,1
108105,2025-07-03,182,0.241721,1
108105,2025-07-03,273,0.2101,1
108105,2025-07-03,365,0.198257,1
108105,2025-07-03,547,0.172956,1
108105,2025-07-03,730,0.160461,1
108105,2025-07-03,1825,0.17419,1
108105,2025-07-07,10,0.101839,1
108105,2025-07-07,14,0.092316,1
108105,2025-07-07,30,0.102905,1
108105,2025-07-07,60,0.134064,1
108105,2025-07-07,91,0.25306,1
108105,2025-07-07,122,0.277883,1
108105,2025-07-07,152,0.258124,1
108105,2025-07-07,182,0.242275,1
108105,2025-07-07,273,0.210334,1
108105,2025-07-07,365,0.198373,1
108105,2025-07-07,547,0.173297,1
108105,2025-07-07,730,0.160749,1
108105,2025-07-07,1825,0.174131,1
108105,2025-07-08,10,0.092576,1
108105,2025-07-08,14,0.083398,1
108105,2025-07-08,30,0.100616,1
108105,2025-07-08,60,0.134064,1
108105,2025-07-08,91,0.250084,1
108105,2025-07-08,122,0.276198,1
108105,2025-07-08,152,0.258073,1
108105,2025-07-08,182,0.241711,1
108105,2025-07-08,273,0.210064,1
108105,2025-07-08,365,0.198376,1
108105,2025-07-08,547,0.172957,1
108105,2025-07-08,730,0.160591,1
108105,2025-07-08,1825,0.174109,1
108105,2025-07-09,10,0.088966,1
108105,2025-07-09,14,0.084032,1
108105,2025-07-09,30,0.101632,1
108105,2025-07-09,60,0.132643,1
108105,2025-07-09,91,0.173498,1
108105,2025-07-09,122,0.274673,1
108105,2025-07-09,152,0.257771,1
108105,2025-07-09,182,0.24184,1
108105,2025-07-09,273,0.210022,1
108105,2025-07-09,365,0.198455,1
108105,2025-07-09,547,0.173003,1
108105,2025-07-09,730,0.160632,1
108105,2025-07-09,1825,0.17407,1
108105,2025-07-10,10,0.086607,1
108105,2025-07-10,14,0.078797,1
108105,2025-07-10,30,0.100891,1
108105,2025-07-10,60,0.130975,1
108105,2025-07-10,91,0.155253,1
108105,2025-07-10,122,0.270161,1
108105,2025-07-10,152,0.256543,1
108105,2025-07-10,182,0.240877,1
108105,2025-07-10,273,0.210019,1
108105,2025-07-10,365,0.198228,1
108105,2025-07-10,547,0.172963,1
108105,2025-07-10,730,0.160581,1
108105,2025-07-10,1825,0.174004,1
108105,2025-07-11,10,0.090525,1
108105,2025-07-11,14,0.082358,1
108105,2025-07-11,30,0.101253,1
108105,2025-07-11,60,0.108138,1
108105,2025-07-11,91,0.152584,1
108105,2025-07-11,122,0.269833,1
108105,2025-07-11,152,0.255371,1
108105,2025-07-11,182,0.23984,1
108105,2025-07-11,273,0.209962,1
108105,2025-07-11,365,0.198046,1
108105,2025-07-11,547,0.172991,1
108105,2025-07-11,730,0.160536,1
108105,2025-07-11,1825,0.173943,1
108105,2025-07-14,10,0.077529,1
108105,2025-07-14,14,0.079535,1
108105,2025-07-14,30,0.090633,1
108105,2025-07-14,60,0.109788,1
108105,2025-07-14,91,0.152193,1
108105,2025-07-14,122,0.269499,1
108105,2025-07-14,152,0.25763,1
108105,2025-07-14,182,0.239839,1
108105,2025-07-14,273,0.209791,1
108105,2025-07-14,365,0.197983,1
108105,2025-07-14,547,0.172992,1
108105,2025-07-14,730,0.160598,1
108105,2025-07-14,1825,0.173889,1
108105,2025-07-15,10,0.074134,1
108105,2025-07-15,14,0.083404,1
108105,2025-07-15,30,0.091157,1
108105,2025-07-15,60,0.109677,1
108105,2025-07-15,91,0.152517,1
108105,2025-07-15,122,0.268007,1
108105,2025-07-15,152,0.257226,1
108105,2025-07-15,182,0.239924,1
108105,2025-07-15,273,0.209643,1
108105,2025-07-15,365,0.198018,1
108105,2025-07-15,547,0.172804,1
108105,2025-07-15,730,0.160471,1
108105,2025-07-15,1825,0.173892,1
108105,2025-07-16,10,0.072214,1
108105,2025-07-16,14,0.081497,1
108105,2025-07-16,30,0.087275,1
108105,2025-07-16,60,0.108377,1
108105,2025-07-16,91,0.143464,1
108105,2025-07-16,122,0.266409,1
108105,2025-07-16,152,0.257268,1
108105,2025-07-16,182,0.238619,1
108105,2025-07-16,273,0.209609,1
108105,2025-07-16,365,0.197947,1
108105,2025-07-16,547,0.172777,1
108105,2025-07-16,730,0.160465,1
108105,2025-07-16,1825,0.173893,1
108105,2025-07-17,10,0.059272,1
108105,2025-07-17,14,0.073916,1
108105,2025-07-17,30,0.079093,1
108105,2025-07-17,60,0.107497,1
108105,2025-07-17,91,0.143522,1
108105,2025-07-17,122,0.266355,1
108105,2025-07-17,152,0.25614,1
108105,2025-07-17,182,0.238694,1
108105,2025-07-17,273,0.209688,1
108105,2025-07-17,365,0.197473,1
108105,2025-07-17,547,0.172739,1
108105,2025-07-17,730,0.160435,1
108105,2025-07-17,1825,0.173837,1
108105,2025-07-18,10,0.058589,1
108105,2025-07-18,14,0.069719,1
108105,2025-07-18,30,0.078991,1
108105,2025-07-18,60,0.107551,1
108105,2025-07-18,91,0.142467,1
108105,2025-07-18,122,0.265542,1
108105,2025-07-18,152,0.254907,1
108105,2025-07-18,182,0.238307,1
108105,2025-07-18,273,0.209648,1
108105,2025-07-18,365,0.197296,1
108105,2025-07-18,547,0.172615,1
108105,2025-07-18,730,0.160431,1
108105,2025-07-18,1825,0.173768,1
108105,2025-07-21,10,0.050033,1
108105,2025-07-21,14,0.052772,1
108105,2025-07-21,30,0.077134,1
108105,2025-07-21,60,0.099091,1
108105,2025-07-21,91,0.131612,1
108105,2025-07-21,122,0.268214,1
108105,2025-07-21,152,0.256103,1
108105,2025-07-21,182,0.237349,1
108105,2025-07-21,273,0.209635,1
108105,2025-07-21,365,0.197146,1
108105,2025-07-21,547,0.172357,1
108105,2025-07-21,730,0.160505,1
108105,2025-07-21,1825,0.173855,1
108105,2025-07-22,10,0.045806,1
108105,2025-07-22,14,0.05182,1
108105,2025-07-22,30,0.075537,1
108105,2025-07-22,60,0.096544,1
108105,2025-07-22,91,0.124053,1
108105,2025-07-22,122,0.266576,1
108105,2025-07-22,152,0.256002,1
108105,2025-07-22,182,0.23705,1
108105,2025-07-22,273,0.209632,1
108105,2025-07-22,365,0.196878,1
108105,2025-07-22,547,0.172352,1
108105,2025-07-22,730,0.160345,1
108105,2025-07-22,1825,0.173758,1
108105,2025-07-23,10,0.056485,1
108105,2025-07-23,14,0.056736,1
108105,2025-07-23,30,0.073716,1
108105,2025-07-23,60,0.096342,1
108105,2025-07-23,91,0.121294,1
108105,2025-07-23,122,0.265204,1
108105,2025-07-23,152,0.254773,1
108105,2025-07-23,182,0.237144,1
108105,2025-07-23,273,0.209501,1
108105,2025-07-23,365,0.197002,1
108105,2025-07-23,547,0.172441,1
108105,2025-07-23,730,0.160407,1
108105,2025-07-23,1825,0.173762,1
108105,2025-07-24,10,0.056876,1
108105,2025-07-24,14,0.056426,1
108105,2025-07-24,30,0.067118,1
108105,2025-07-24,60,0.095212,1
108105,2025-07-24,91,0.11602,1
108105,2025-07-24,122,0.263695,1
108105,2025-07-24,152,0.253546,1
108105,2025-07-24,182,0.237039,1
108105,2025-07-24,273,0.209492,1
108105,2025-07-24,365,0.195516,1
108105,2025-07-24,547,0.172441,1
108105,2025-07-24,730,0.160399,1
108105,2025-07-24,1825,0.173693,1
108105,2025-07-25,10,0.043373,1
108105,2025-07-25,14,0.051353,1
108105,2025-07-25,30,0.066978,1
108105,2025-07-25,60,0.094138,1
108105,2025-07-25,91,0.115624,1
108105,2025-07-25,122,0.263739,1
108105,2025-07-25,152,0.252391,1
108105,2025-07-25,182,0.237051,1
108105,2025-07-25,273,0.20953,1
108105,2025-07-25,365,0.195457,1
108105,2025-07-25,547,0.172421,1
108105,2025-07-25,730,0.160416,1
108105,2025-07-25,1825,0.17363,1
108105,2025-07-28,10,0.046744,1
108105,2025-07-28,14,0.052142,1
108105,2025-07-28,30,0.064449,1
108105,2025-07-28,60,0.082518,1
108105,2025-07-28,91,0.115656,1
108105,2025-07-28,122,0.263238,1
108105,2025-07-28,152,0.254543,1
108105,2025-07-28,182,0.23607,1
108105,2025-07-28,273,0.209515,1
108105,2025-07-28,365,0.195179,1
108105,2025-07-28,547,0.172418,1
108105,2025-07-28,730,0.160365,1
108105,2025-07-28,1825,0.173633,1
108105,2025-07-29,10,0.053603,1
108105,2025-07-29,14,0.049139,1
108105,2025-07-29,30,0.064883,1
108105,2025-07-29,60,0.083288,1
108105,2025-07-29,91,0.115922,1
108105,2025-07-29,122,0.261752,1
108105,2025-07-29,152,0.25326,1
108105,2025-07-29,182,0.235791,1
108105,2025-07-29,273,0.20955,1
108105,2025-07-29,365,0.195212,1
108105,2025-07-29,547,0.172353,1
108105,2025-07-29,730,0.160225,1
108105,2025-07-29,1825,0.173629,1
108105,2025-07-30,10,0.052264,1
108105,2025-07-30,14,0.051181,1
108105,2025-07-30,30,0.064131,1
108105,2025-07-30,60,0.082604,1
108105,2025-07-30,91,0.116122,1
108105,2025-07-30,122,0.260217,1
108105,2025-07-30,152,0.252188,1
108105,2025-07-30,182,0.235691,1
108105,2025-07-30,273,0.209513,1
108105,2025-07-30,365,0.19514,1
108105,2025-07-30,547,0.172357,1
108105,2025-07-30,730,0.16023,1
108105,2025-07-30,1825,0.173602,1
108105,2025-07-31,10,0.059303,1
108105,2025-07-31,14,0.052596,1
108105,2025-07-31,30,0.065906,1
108105,2025-07-31,60,0.082693,1
108105,2025-07-31,91,0.116399,1
108105,2025-07-31,122,0.260281,1
108105,2025-07-31,152,0.251063,1
108105,2025-07-31,182,0.23566,1
108105,2025-07-31,273,0.208348,1
108105,2025-07-31,365,0.194597,1
108105,2025-07-31,547,0.171833,1
108105,2025-07-31,730,0.160242,1
108105,2025-07-31,1825,0.173543,1
108105,2025-08-01,10,0.111359,1
108105,2025-08-01,14,0.099604,1
108105,2025-08-01,30,0.087404,1
108105,2025-08-01,60,0.093199,1
108105,2025-08-01,91,0.119086,1
108105,2025-08-01,122,0.262017,1
108105,2025-08-01,152,0.251191,1
108105,2025-08-01,182,0.236697,1
108105,2025-08-01,273,0.209214,1
108105,2025-08-01,365,0.194785,1
108105,2025-08-01,547,0.172116,1
108105,2025-08-01,730,0.16035,1
108105,2025-08-01,1825,0.173634,1
108105,2025-08-04,10,0.156153,1
108105,2025-08-04,14,0.126742,1
108105,2025-08-04,30,0.09711,1
108105,2025-08-04,60,0.099201,1
108105,2025-08-04,91,0.120861,1
108105,2025-08-04,122,0.223471,1
108105,2025-08-04,152,0.251597,1
108105,2025-08-04,182,0.237298,1
108105,2025-08-04,273,0.20983,1
108105,2025-08-04,365,0.194341,1
108105,2025-08-04,547,0.172304,1
108105,2025-08-04,730,0.160744,1
108105,2025-08-04,1825,0.173836,1
108105,2025-08-05,10,0.143942,1
108105,2025-08-05,14,0.129422,1
108105,2025-08-05,30,0.096422,1
108105,2025-08-05,60,0.097939,1
108105,2025-08-05,91,0.120064,1
108105,2025-08-05,122,0.222496,1
108105,2025-08-05,152,0.25003,1
108105,2025-08-05,182,0.237218,1
108105,2025-08-05,273,0.209479,1
108105,2025-08-05,365,0.19188,1
108105,2025-08-05,547,0.172335,1
108105,2025-08-05,730,0.160632,1
108105,2025-08-05,1825,0.173833,1
108105,2025-08-06,10,0.14306,1
108105,2025-08-06,14,0.128542,1
108105,2025-08-06,30,0.094889,1
108105,2025-08-06,60,0.09786,1
108105,2025-08-06,91,0.120454,1
108105,2025-08-06,122,0.221298,1
108105,2025-08-06,152,0.250124,1
108105,2025-08-06,182,0.237368,1
108105,2025-08-06,273,0.207651,1
108105,2025-08-06,365,0.191752,1
108105,2025-08-06,547,0.172415,1
108105,2025-08-06,730,0.160592,1
108105,2025-08-06,1825,0.173859,1
108105,2025-08-07,10,0.142911,1
108105,2025-08-07,14,0.128462,1
108105,2025-08-07,30,0.094905,1
108105,2025-08-07,60,0.096803,1
108105,2025-08-07,91,0.120314,1
108105,2025-08-07,122,0.221208,1
108105,2025-08-07,152,0.248932,1
108105,2025-08-07,182,0.237327,1
108105,2025-08-07,273,0.20749,1
108105,2025-08-07,365,0.191565,1
108105,2025-08-07,547,0.172307,1
108105,2025-08-07,730,0.160557,1
108105,2025-08-07,1825,0.173791,1
108105,2025-08-08,10,0.150058,1
108105,2025-08-08,14,0.133379,1
108105,2025-08-08,30,0.096214,1
108105,2025-08-08,60,0.098079,1
108105,2025-08-08,91,0.120791,1
108105,2025-08-08,122,0.21898,1
108105,2025-08-08,152,0.247971,1
108105,2025-08-08,182,0.237139,1
108105,2025-08-08,273,0.207634,1
108105,2025-08-08,365,0.190411,1
108105,2025-08-08,547,0.172406,1
108105,2025-08-08,730,0.160541,1
108105,2025-08-08,1825,0.173752,1
108105,2025-08-11,10,0.118957,1
108105,2025-08-11,14,0.133966,1
108105,2025-08-11,30,0.097982,1
108105,2025-08-11,60,0.099778,1
108105,2025-08-11,91,0.104184,1
108105,2025-08-11,122,0.140545,1
108105,2025-08-11,152,0.245999,1
108105,2025-08-11,182,0.237009,1
108105,2025-08-11,273,0.20766,1
108105,2025-08-11,365,0.190397,1
108105,2025-08-11,547,0.172375,1
108105,2025-08-11,730,0.160713,1
108105,2025-08-11,1825,0.173748,1
108105,2025-08-12,10,0.118016,1
108105,2025-08-12,14,0.14457,1
108105,2025-08-12,30,0.101922,1
108105,2025-08-12,60,0.097337,1
108105,2025-08-12,91,0.105435,1
108105,2025-08-12,122,0.140598,1
108105,2025-08-12,152,0.245314,1
108105,2025-08-12,182,0.237512,1
108105,2025-08-12,273,0.208017,1
108105,2025-08-12,365,0.190692,1
108105,2025-08-12,547,0.172591,1
108105,2025-08-12,730,0.160727,1
108105,2025-08-12,1825,0.173811,1
108105,2025-08-13,10,0.109566,1
108105,2025-08-13,14,0.144218,1
108105,2025-08-13,30,0.102123,1
108105,2025-08-13,60,0.096169,1
108105,2025-08-13,91,0.105491,1
108105,2025-08-13,122,0.139759,1
108105,2025-08-13,152,0.2434,1
108105,2025-08-13,182,0.237499,1
108105,2025-08-13,273,0.208043,1
108105,2025-08-13,365,0.190029,1
108105,2025-08-13,547,0.172195,1
108105,2025-08-13,730,0.160697,1
108105,2025-08-13,1825,0.173815,1
108105,2025-08-14,10,0.089552,1
108105,2025-08-14,14,0.141458,1
108105,2025-08-14,30,0.100434,1
108105,2025-08-14,60,0.095072,1
108105,2025-08-14,91,0.105379,1
108105,2025-08-14,122,0.139441,1
108105,2025-08-14,152,0.242232,1
108105,2025-08-14,182,0.237081,1
108105,2025-08-14,273,0.207904,1
108105,2025-08-14,365,0.190004,1
108105,2025-08-14,547,0.172043,1
108105,2025-08-14,730,0.160458,1
108105,2025-08-14,1825,0.173746,1
108105,2025-08-15,10,0.08407,1
108105,2025-08-15,14,0.104816,1
108105,2025-08-15,30,0.101394,1
108105,2025-08-15,60,0.093886,1
108105,2025-08-15,91,0.105115,1
108105,2025-08-15,122,0.139554,1
108105,2025-08-15,152,0.241163,1
108105,2025-08-15,182,0.237128,1
108105,2025-08-15,273,0.207316,1
108105,2025-08-15,365,0.189408,1
108105,2025-08-15,547,0.172016,1
108105,2025-08-15,730,0.16037,1
108105,2025-08-15,1825,0.173683,1
108105,2025-08-18,10,0.083417,1
108105,2025-08-18,14,0.084503,1
108105,2025-08-18,30,0.102863,1
108105,2025-08-18,60,0.091582,1
108105,2025-08-18,91,0.105148,1
108105,2025-08-18,122,0.133484,1
108105,2025-08-18,152,0.242195,1
108105,2025-08-18,182,0.236178,1
108105,2025-08-18,273,0.207279,1
108105,2025-08-18,365,0.189404,1
108105,2025-08-18,547,0.171958,1
108105,2025-08-18,730,0.160416,1
108105,2025-08-18,1825,0.173803,1
108105,2025-08-19,10,0.088224,1
108105,2025-08-19,14,0.086865,1
108105,2025-08-19,30,0.103153,1
108105,2025-08-19,60,0.093049,1
108105,2025-08-19,91,0.105626,1
108105,2025-08-19,122,0.13345,1
108105,2025-08-19,152,0.24239,1
108105,2025-08-19,182,0.236328,1
108105,2025-08-19,273,0.207371,1
108105,2025-08-19,365,0.189293,1
108105,2025-08-19,547,0.171813,1
108105,2025-08-19,730,0.160325,1
108105,2025-08-19,1825,0.173823,1
108105,2025-08-20,10,0.083312,1
108105,2025-08-20,14,0.083261,1
108105,2025-08-20,30,0.103709,1
108105,2025-08-20,60,0.092477,1
108105,2025-08-20,91,0.099674,1
108105,2025-08-20,122,0.132904,1
108105,2025-08-20,152,0.242455,1
108105,2025-08-20,182,0.236343,1
108105,2025-08-20,273,0.207398,1
108105,2025-08-20,365,0.1893,1
108105,2025-08-20,547,0.171744,1
108105,2025-08-20,730,0.160283,1
108105,2025-08-20,1825,0.173823,1
108105,2025-08-21,10,0.085425,1
108105,2025-08-21,14,0.086486,1
108105,2025-08-21,30,0.104901,1
108105,2025-08-21,60,0.092392,1
108105,2025-08-21,91,0.100212,1
108105,2025-08-21,122,0.125394,1
108105,2025-08-21,152,0.24142,1
108105,2025-08-21,182,0.23633,1
108105,2025-08-21,273,0.207382,1
108105,2025-08-21,365,0.189318,1
108105,2025-08-21,547,0.171786,1
108105,2025-08-21,730,0.160299,1
108105,2025-08-21,1825,0.173765,1
108105,2025-08-22,10,0.104147,1
108105,2025-08-22,14,0.10866,1
108105,2025-08-22,30,0.113572,1
108105,2025-08-22,60,0.096157,1
108105,2025-08-22,91,0.102522,1
108105,2025-08-22,122,0.121247,1
108105,2025-08-22,152,0.24123,1
108105,2025-08-22,182,0.235912,1
108105,2025-08-22,273,0.20806,1
108105,2025-08-22,365,0.189639,1
108105,2025-08-22,547,0.17139,1
108105,2025-08-22,730,0.160457,1
108105,2025-08-22,1825,0.173819,1
108105,2025-08-25,10,0.123284,1
108105,2025-08-25,14,0.110695,1
108105,2025-08-25,30,0.117024,1
108105,2025-08-25,60,0.095072,1
108105,2025-08-25,91,0.102402,1
108105,2025-08-25,122,0.116067,1
108105,2025-08-25,152,0.241594,1
108105,2025-08-25,182,0.23588,1
108105,2025-08-25,273,0.20811,1
108105,2025-08-25,365,0.189387,1
108105,2025-08-25,547,0.171437,1
108105,2025-08-25,730,0.160279,1
108105,2025-08-25,1825,0.173859,1
108105,2025-08-26,10,0.115593,1
108105,2025-08-26,14,0.097133,1
108105,2025-08-26,30,0.114906,1
108105,2025-08-26,60,0.09482,1
108105,2025-08-26,91,0.095331,1
108105,2025-08-26,122,0.115433,1
108105,2025-08-26,152,0.241535,1
108105,2025-08-26,182,0.235812,1
108105,2025-08-26,273,0.208063,1
108105,2025-08-26,365,0.189385,1
108105,2025-08-26,547,0.171422,1
108105,2025-08-26,730,0.160137,1
108105,2025-08-26,1825,0.173866,1
108105,2025-08-27,10,0.107624,1
108105,2025-08-27,14,0.09652,1
108105,2025-08-27,30,0.115064,1
108105,2025-08-27,60,0.093707,1
108105,2025-08-27,91,0.094286,1
108105,2025-08-27,122,0.114747,1
108105,2025-08-27,152,0.23924,1
108105,2025-08-27,182,0.235824,1
108105,2025-08-27,273,0.208018,1
108105,2025-08-27,365,0.189391,1
108105,2025-08-27,547,0.171426,1
108105,2025-08-27,730,0.160094,1
108105,2025-08-27,1825,0.173846,1
108105,2025-08-28,10,0.108395,1
108105,2025-08-28,14,0.097634,1
108105,2025-08-28,30,0.114622,1
108105,2025-08-28,60,0.09271,1
108105,2025-08-28,91,0.09421,1
108105,2025-08-28,122,0.114748,1
108105,2025-08-28,152,0.238102,1
108105,2025-08-28,182,0.234648,1
108105,2025-08-28,273,0.207479,1
108105,2025-08-28,365,0.189293,1
108105,2025-08-28,547,0.171428,1
108105,2025-08-28,730,0.159809,1
108105,2025-08-28,1825,0.17378,1
108105,2025-08-29,10,0.109674,1
108105,2025-08-29,14,0.102552,1
108105,2025-08-29,30,0.117107,1
108105,2025-08-29,60,0.093979,1
108105,2025-08-29,91,0.095489,1
108105,2025-08-29,122,0.115432,1
108105,2025-08-29,152,0.237276,1
108105,2025-08-29,182,0.233901,1
108105,2025-08-29,273,0.207544,1
108105,2025-08-29,365,0.189423,1
108105,2025-08-29,547,0.171485,1
108105,2025-08-29,730,0.159874,1
108105,2025-08-29,1825,0.173739,1
